variant,id,street,action,hole,board,pot,call,classification,public_ev_lower,public_ev_upper,oracle_ev,decision_equity,samples,hand_chips,match_chips
0,t000000-g2-c0:86:10,river,call,"[""As"", ""2h""]","[""4h"", ""Qs"", ""6c"", ""4s"", ""7s""]",51,10,probable_bad_terminal_call,-9.50788050828497,-4.10992146039196,51.0,0.380859375,768,31,-122
1,t000000-g2-c1:86:10,river,call,"[""As"", ""2h""]","[""4h"", ""Qs"", ""6c"", ""4s"", ""7s""]",51,10,probable_bad_terminal_call,-9.629971912448985,-3.8825830133652497,51.0,0.2942708333333333,768,31,-130
0,t000001-g1-c0:85:6,preflop,fold,"[""Ac"", ""Th""]",[],403,198,probable_missed_terminal_call,4.209439781322818,51.28820430076876,-84.43212890625,0.38324652777777785,768,-2,-13
0,t000001-g2-c0:1:7,preflop,fold,"[""Ac"", ""Jh""]",[],208,195,probable_missed_terminal_call,11.835899752452343,31.866575454836834,107.9879150390625,0.5397135416666666,768,-5,-42
0,t000001-g2-c0:29:7,preflop,fold,"[""Qd"", ""Ah""]",[],205,195,probable_missed_terminal_call,22.17652324534877,43.5986269783683,58.759765625,0.630859375,768,-5,-42
0,t000001-g4-c0:35:7,preflop,fold,"[""Qd"", ""Ad""]",[],408,195,probable_missed_terminal_call,41.78837776128602,77.25928547754052,-6.513427734375,0.4713541666666666,768,-5,189
0,t000001-g4-c0:44:7,preflop,fold,"[""Qd"", ""Ad""]",[],207,195,probable_missed_terminal_call,28.824708196673384,55.05213477075121,129.95654296875,0.6204427083333334,768,-5,189
0,t000001-g4-c0:61:7,preflop,fold,"[""8h"", ""8s""]",[],605,195,probable_missed_terminal_call,15.968345902045979,44.05164683243584,91.81640625,0.2692057291666667,768,-5,189
1,t000001-g4-c1:61:7,preflop,fold,"[""8h"", ""8s""]",[],605,195,probable_missed_terminal_call,15.111208406858994,53.951249059206525,97.236328125,0.2692057291666667,768,-5,201
0,t000001-g5-c0:98:8,preflop,fold,"[""Jc"", ""Jd""]",[],230,176,probable_missed_terminal_call,85.86178718305013,98.4477433178237,154.96533203125,0.6653645833333334,768,-24,65
0,t000010-g0-c0:67:11,river,call,"[""5s"", ""7s""]","[""7h"", ""Ks"", ""Jc"", ""Th"", ""Kh""]",52,22,probable_bad_terminal_call,-18.581724021955214,-2.212368181647819,-22.0,0.3365885416666667,768,-37,48
1,t000014-g1-c1:57:16,river,fold,"[""Ah"", ""Qh""]","[""2h"", ""5d"", ""3d"", ""4h"", ""6c""]",164,70,probable_missed_terminal_call,2.6596340553171114,10.408257278352433,-70.0,0.3463541666666667,768,-44,33
1,t000025-g1-c1:83:11,river,fold,"[""Jd"", ""Jc""]","[""9c"", ""7h"", ""6h"", ""Ac"", ""4h""]",215,92,probable_missed_terminal_call,2.4232494528116315,49.146383825530215,-92.0,0.3470052083333333,768,-61,315
0,t000026-g1-c0:12:6,preflop,fold,"[""Js"", ""Ks""]",[],210,195,probable_missed_terminal_call,6.426073386957236,17.786171884313465,80.4217529296875,0.486328125,768,-5,-69
1,t000026-g1-c1:12:6,preflop,fold,"[""Js"", ""Ks""]",[],210,195,probable_missed_terminal_call,8.090765935844505,18.11830679313315,74.4891357421875,0.486328125,768,-5,-69
0,t000033-g3-c0:12:5,preflop,fold,"[""6s"", ""6d""]",[],208,195,probable_missed_terminal_call,4.491129173951964,14.78033997319794,11.6162109375,0.48046875,768,-5,-185
1,t000033-g3-c1:12:5,preflop,fold,"[""6s"", ""6d""]",[],208,195,probable_missed_terminal_call,2.6203919190563845,13.374776881332991,10.927490234375,0.48046875,768,-5,-185
0,t000036-g1-c0:58:9,preflop,fold,"[""8h"", ""8s""]",[],220,194,probable_missed_terminal_call,25.884693167539805,40.583115259784805,32.810546875,0.5442708333333334,768,-6,0
1,t000037-g3-c1:91:12,river,fold,"[""8c"", ""8d""]","[""3s"", ""7h"", ""2s"", ""Jc"", ""Kc""]",204,87,probable_missed_terminal_call,2.998545609623451,71.71272721630234,58.5,0.3424479166666667,768,-57,411
0,t000039-g0-c0:59:6,preflop,fold,"[""Qh"", ""Ad""]",[],206,195,probable_missed_terminal_call,19.727433863761004,42.36671722762882,107.0716552734375,0.5872395833333334,768,-5,-72
0,t000043-g0-c0:62:5,preflop,fold,"[""Qc"", ""Ac""]",[],203,198,probable_missed_terminal_call,41.079007856835304,60.032335008623775,-49.9256591796875,0.6595052083333334,768,-2,-300
0,t000043-g1-c0:9:6,preflop,fold,"[""8d"", ""8h""]",[],207,195,probable_missed_terminal_call,16.06041469225834,33.32098874396809,107.57958984375,0.5384114583333334,768,-5,35
0,t000043-g2-c0:12:6,preflop,fold,"[""8s"", ""8d""]",[],208,195,probable_missed_terminal_call,15.222271026501774,31.750612774279237,90.4747314453125,0.5651041666666666,768,-5,-8
0,t000043-g2-c0:77:11,river,call,"[""Ks"", ""Ah""]","[""Td"", ""3h"", ""8c"", ""5d"", ""4h""]",42,8,probable_bad_terminal_call,-7.382782159079158,-2.3806016831838788,42.0,0.2565104166666667,768,26,-8
0,t000043-g3-c0:79:5,preflop,fold,"[""Td"", ""Ac""]",[],203,198,probable_missed_terminal_call,3.104709356661745,37.949058190822385,-86.78515625,0.576171875,768,-2,-323
0,t000043-g4-c0:0:6,preflop,fold,"[""Ac"", ""Qc""]",[],208,195,probable_missed_terminal_call,32.63702617202707,55.59933504536334,90.8682861328125,0.6302083333333334,768,-5,87
1,t000045-g2-c1:75:17,river,fold,"[""As"", ""Qs""]","[""3d"", ""5d"", ""5h"", ""6s"", ""Ts""]",29,12,probable_missed_terminal_call,2.0428497657387976,8.380062572120059,-12.0,0.31640625,768,-5,-22
1,t000045-g5-c1:9:12,river,fold,"[""Tc"", ""Qh""]","[""Ts"", ""Jd"", ""8c"", ""Qs"", ""6d""]",148,74,probable_missed_terminal_call,6.812901052956833,40.414102949022585,-74.0,0.3880208333333333,768,-37,-221
1,t000046-g0-c1:81:14,river,fold,"[""Kh"", ""Kc""]","[""8s"", ""7s"", ""5d"", ""8c"", ""5h""]",260,130,probable_missed_terminal_call,2.876675490489516,94.84408716948437,260.0,0.3587239583333333,768,-56,-441
0,t000050-g2-c0:86:6,preflop,fold,"[""As"", ""Qs""]",[],208,195,probable_missed_terminal_call,30.44599126867781,55.52676241169916,49.6434326171875,0.5690104166666666,768,-5,-67
0,t000050-g3-c0:97:6,preflop,fold,"[""Ad"", ""Jc""]",[],207,195,probable_missed_terminal_call,14.774473453769641,33.80172229229679,53.109375,0.4309895833333333,768,-5,161
1,t000050-g3-c1:97:6,preflop,fold,"[""Ad"", ""Jc""]",[],207,195,probable_missed_terminal_call,9.280725839498054,33.19019060158658,51.146484375,0.4309895833333333,768,-5,161
0,t000053-g0-c0:69:7,preflop,fold,"[""As"", ""Qc""]",[],208,195,probable_missed_terminal_call,23.573869827291087,45.13642431422521,90.819091796875,0.5963541666666666,768,-5,98
0,t000059-g1-c0:20:7,preflop,fold,"[""Jc"", ""Jd""]",[],420,180,probable_missed_terminal_call,51.104794163659214,107.5853031479778,-56.3671875,0.40277777777777773,768,-20,379
0,t000062-g1-c0:92:14,river,call,"[""Ah"", ""Jd""]","[""Qd"", ""7h"", ""4c"", ""2h"", ""3c""]",204,102,probable_bad_terminal_call,-85.33683210752525,-19.740952108846386,-102.0,0.4641927083333333,768,-152,-314
1,t000062-g1-c1:92:14,river,call,"[""Ah"", ""Jd""]","[""Qd"", ""7h"", ""4c"", ""2h"", ""3c""]",204,102,probable_bad_terminal_call,-85.78495267917063,-17.130627336162846,-102.0,0.4641927083333333,768,-152,-297
0,t000063-g4-c0:51:11,river,call,"[""9h"", ""As""]","[""Js"", ""Kc"", ""6h"", ""3s"", ""5h""]",40,8,probable_bad_terminal_call,-7.594916322335003,-3.148584132916075,40.0,0.19205729166666666,768,25,-54
0,t000065-g0-c0:37:5,preflop,fold,"[""Js"", ""Jh""]",[],203,198,probable_missed_terminal_call,67.21897768997178,88.23976287013353,149.252685546875,0.6907552083333334,768,-2,327
0,t000065-g1-c0:49:6,preflop,fold,"[""As"", ""Js""]",[],405,195,probable_missed_terminal_call,33.53508841033428,55.467515577003674,-81.1328125,0.3563368055555556,768,-5,1015
0,t000065-g4-c0:59:6,preflop,fold,"[""8s"", ""8d""]",[],208,195,probable_missed_terminal_call,16.52973011707364,32.46416538191424,14.1251220703125,0.5377604166666666,768,-5,-124
0,t000069-g0-c0:2:5,preflop,fold,"[""Jc"", ""Jh""]",[],203,198,probable_missed_terminal_call,64.5556669465185,86.42493968916922,79.5965576171875,0.6569010416666666,768,-2,-138
0,t000074-g1-c0:24:7,preflop,fold,"[""Js"", ""Jd""]",[],218,185,probable_missed_terminal_call,10.965440323008906,55.915551034274706,-92.9573974609375,0.5286458333333334,768,-15,155
0,t000075-g1-c0:13:9,preflop,fold,"[""Js"", ""Jc""]",[],431,170,probable_missed_terminal_call,45.04149572886669,111.09239673120025,-93.23653157552083,0.3741319444444445,768,-30,-551
0,t000075-g1-c0:85:9,preflop,fold,"[""Td"", ""Tc""]",[],445,155,probable_missed_terminal_call,15.76134430371275,87.69319960399727,67.1435546875,0.40190972222222227,768,-45,-551
0,t000090-g4-c0:92:7,preflop,fold,"[""Jh"", ""Jd""]",[],226,176,probable_missed_terminal_call,19.126572775031658,67.69271972760399,-94.883544921875,0.4830729166666667,768,-24,-49
0,t000095-g1-c0:63:7,preflop,fold,"[""Ks"", ""Qc""]",[],208,195,probable_missed_terminal_call,6.9737123361011,16.516370857180938,80.193115234375,0.50390625,768,-5,-275
0,t000097-g4-c0:93:7,preflop,fold,"[""Jh"", ""Jd""]",[],237,164,probable_missed_terminal_call,29.981833323131458,76.08157093879034,178.6024169921875,0.5787760416666666,768,-36,217
0,t000098-g2-c0:24:13,river,call,"[""Kh"", ""5h""]","[""Ah"", ""8c"", ""5d"", ""Ad"", ""8d""]",151,50,probable_bad_terminal_call,-45.41801005842858,-7.030406331246466,-50.0,0.3098958333333333,768,-100,-302
0,t000101-g3-c0:24:5,preflop,fold,"[""Th"", ""Td""]",[],206,195,probable_missed_terminal_call,48.86673666570316,64.89252900118419,111.917724609375,0.6334635416666666,768,-5,289
0,t000103-g1-c0:30:14,river,call,"[""7s"", ""7d""]","[""5h"", ""4d"", ""Qd"", ""5c"", ""Jh""]",132,66,probable_bad_terminal_call,-59.584196319262446,-12.923685726476206,132.0,0.4993489583333333,768,100,130
1,t000103-g1-c1:30:14,river,call,"[""7s"", ""7d""]","[""5h"", ""4d"", ""Qd"", ""5c"", ""Jh""]",132,66,probable_bad_terminal_call,-59.19304681343572,-10.538765726186009,132.0,0.4375,768,100,78
0,t000105-g1-c0:35:14,river,call,"[""9h"", ""9s""]","[""6h"", ""5c"", ""Kc"", ""Qh"", ""2h""]",216,108,probable_bad_terminal_call,-95.94469686848372,-32.44824399750139,-108.0,0.466796875,768,-161,-181
1,t000105-g1-c1:35:14,river,call,"[""9h"", ""9s""]","[""6h"", ""5c"", ""Kc"", ""Qh"", ""2h""]",216,108,probable_bad_terminal_call,-93.66250331063995,-35.49731250749321,-108.0,0.466796875,768,-161,-181
0,t000105-g2-c0:7:16,river,fold,"[""3h"", ""3d""]","[""Qd"", ""2d"", ""2s"", ""8d"", ""Ad""]",239,182,probable_missed_terminal_call,5.252807236636898,33.88091715256666,-182.0,0.4544270833333333,768,-18,-296
0,t000109-g2-c0:28:12,river,call,"[""Ah"", ""8d""]","[""3s"", ""3h"", ""5c"", ""Ts"", ""7s""]",189,81,probable_bad_terminal_call,-74.35520339655531,-41.58138898698689,-81.0,0.36328125,768,-134,-48
0,t000111-g3-c0:10:6,preflop,fold,"[""Ad"", ""Ts""]",[],208,195,probable_missed_terminal_call,5.32904962784726,23.135637924168417,71.338134765625,0.5286458333333334,768,-5,-1
0,t000111-g3-c0:28:7,preflop,fold,"[""Ah"", ""9h""]",[],210,195,probable_missed_terminal_call,4.9298996322470225,18.237710470360064,89.3206787109375,0.5384114583333334,768,-5,-1
1,t000115-g0-c1:73:20,river,fold,"[""6c"", ""6h""]","[""2s"", ""3c"", ""7d"", ""Jh"", ""Th""]",70,42,probable_missed_terminal_call,3.167416726477427,15.239661550379132,-42.0,0.4244791666666667,768,-7,-225
0,t000119-g2-c0:61:6,preflop,fold,"[""As"", ""Ts""]",[],207,195,probable_missed_terminal_call,13.651742955581451,31.360835525192595,-72.7119140625,0.5703125,768,-5,211
0,t000120-g2-c0:8:7,preflop,fold,"[""As"", ""Js""]",[],238,173,probable_missed_terminal_call,44.80371695460336,65.00525462361314,-40.9501953125,0.4739583333333333,768,-27,243
0,t000122-g0-c0:33:7,preflop,fold,"[""Qs"", ""Ac""]",[],207,195,probable_missed_terminal_call,26.311012279877296,44.426942681421664,48.153076171875,0.6100260416666666,768,-5,111
0,t000125-g5-c0:0:7,preflop,fold,"[""Ac"", ""Jd""]",[],207,195,probable_missed_terminal_call,7.186451089023812,30.236955912989192,86.233154296875,0.5520833333333334,768,-5,815
0,t000125-g5-c0:4:7,preflop,fold,"[""Qd"", ""Ac""]",[],208,195,probable_missed_terminal_call,21.61152528535693,46.60306986491291,82.849609375,0.60546875,768,-5,815
0,t000126-g0-c0:3:6,preflop,fold,"[""Ad"", ""Jc""]",[],206,195,probable_missed_terminal_call,9.142971667515152,33.36148077441576,70.5548095703125,0.55078125,768,-5,-359
0,t000126-g2-c0:21:6,preflop,fold,"[""Ac"", ""Qs""]",[],206,195,probable_missed_terminal_call,21.0685288505177,46.55825139871837,58.6109619140625,0.60546875,768,-5,-246
0,t000128-g2-c0:30:8,flop,fold,"[""7d"", ""8c""]","[""Tc"", ""9d"", ""7c""]",208,193,probable_missed_terminal_call,11.48745058431478,48.62174120408042,-50.945344129554655,0.5110677083333334,768,-7,356
1,t000128-g2-c1:30:8,flop,fold,"[""7d"", ""8c""]","[""Tc"", ""9d"", ""7c""]",208,193,probable_missed_terminal_call,13.29716560387071,47.43840983387313,-50.945344129554655,0.5110677083333334,768,-7,356
0,t000130-g2-c0:54:13,river,call,"[""Ah"", ""5s""]","[""3h"", ""2s"", ""7d"", ""7s"", ""9s""]",112,67,probable_bad_terminal_call,-38.385085192988655,-11.67146690481213,112.0,0.50390625,768,92,80
1,t000130-g2-c1:54:13,river,call,"[""Ah"", ""5s""]","[""3h"", ""2s"", ""7d"", ""7s"", ""9s""]",112,67,probable_bad_terminal_call,-39.360236475827094,-11.196312038507141,112.0,0.50390625,768,92,80
0,t000132-g2-c0:88:7,preflop,fold,"[""Ac"", ""5c""]",[],212,195,probable_missed_terminal_call,2.032920044318029,13.68388907348545,-139.7032470703125,0.478515625,768,-5,-224
0,t000134-g1-c0:83:8,preflop,fold,"[""7s"", ""7d""]",[],219,191,probable_missed_terminal_call,19.720045259435746,31.371563280080967,36.12158203125,0.4700520833333333,768,-9,-30
1,t000134-g1-c1:83:8,preflop,fold,"[""7s"", ""7d""]",[],219,191,probable_missed_terminal_call,17.463514789600282,29.549030466251747,41.877197265625,0.4700520833333333,768,-9,-30
0,t000135-g1-c0:7:6,preflop,fold,"[""9h"", ""9d""]",[],207,195,probable_missed_terminal_call,29.095779052512682,46.89109318213933,16.10888671875,0.5494791666666666,768,-5,-26
0,t000135-g4-c0:60:6,preflop,fold,"[""Tc"", ""Ad""]",[],206,195,probable_missed_terminal_call,2.692194840144883,20.481587878636127,-83.099853515625,0.4654947916666667,768,-5,-144
1,t000135-g4-c1:60:6,preflop,fold,"[""Tc"", ""Ad""]",[],206,195,probable_missed_terminal_call,4.8998829305013265,21.766318394245157,-78.8411865234375,0.4654947916666667,768,-5,-144
0,t000136-g1-c0:88:6,preflop,fold,"[""Js"", ""Ad""]",[],405,195,probable_missed_terminal_call,3.5455115165851536,38.25354984869116,-6.1328125,0.32052951388888895,768,-5,-183
1,t000136-g1-c1:88:6,preflop,fold,"[""Js"", ""Ad""]",[],405,195,probable_missed_terminal_call,3.7217893095420482,37.33441910113591,-12.28515625,0.32052951388888895,768,-5,-183
0,t000155-g2-c0:91:7,preflop,fold,"[""Qc"", ""Ac""]",[],206,195,probable_missed_terminal_call,26.2955088509782,49.68131213101958,113.77783203125,0.462890625,768,-5,332
1,t000155-g2-c1:91:7,preflop,fold,"[""Qc"", ""Ac""]",[],206,195,probable_missed_terminal_call,31.329655404182287,52.65933202014029,107.610107421875,0.462890625,768,-5,332
0,t000155-g3-c0:62:8,preflop,fold,"[""Jc"", ""Jd""]",[],221,182,probable_missed_terminal_call,10.559708575642073,60.680071327875716,35.6849365234375,0.5234375,768,-18,251
0,t000161-g4-c0:96:7,preflop,fold,"[""Qh"", ""Ad""]",[],407,195,probable_missed_terminal_call,26.54964042708452,53.266667178195206,-171.68033854166669,0.3025173611111111,768,-5,-58
1,t000161-g4-c1:96:7,preflop,fold,"[""Qh"", ""Ad""]",[],407,195,probable_missed_terminal_call,25.820696983984313,60.46214033353444,-169.720703125,0.3025173611111111,768,-5,-58
0,t000164-g3-c0:45:6,preflop,fold,"[""7d"", ""7c""]",[],208,195,probable_missed_terminal_call,5.128165030611869,23.70341972736366,-108.122802734375,0.5143229166666666,768,-5,-383
0,t000169-g5-c0:13:8,preflop,fold,"[""Ac"", ""Qc""]",[],222,185,probable_missed_terminal_call,47.130437844611656,55.80324644747918,-23.43212890625,0.4967447916666667,768,-15,155
0,t000172-g1-c0:64:7,preflop,fold,"[""Ah"", ""Js""]",[],206,195,probable_missed_terminal_call,12.963590956394349,31.699776969514346,78.4847412109375,0.53125,768,-5,210
0,t000172-g1-c0:67:6,preflop,fold,"[""9c"", ""9d""]",[],203,198,probable_missed_terminal_call,25.905214992446503,57.20218025900018,33.1917724609375,0.5774739583333334,768,-2,210
0,t000172-g3-c0:78:7,preflop,fold,"[""Qd"", ""As""]",[],407,195,probable_missed_terminal_call,29.636245659490093,61.753779378120996,-88.05289713541667,0.38324652777777773,768,-5,152
0,t000172-g4-c0:96:7,preflop,fold,"[""Td"", ""Ac""]",[],207,195,probable_missed_terminal_call,2.3950908101042767,19.345580962271306,100.31689453125,0.5227864583333334,768,-5,-77
0,t000175-g0-c0:75:5,preflop,fold,"[""Kc"", ""Qc""]",[],405,195,probable_missed_terminal_call,18.79211818006479,70.76017737312858,60.76171875,0.38454861111111116,768,-5,770
1,t000177-g3-c1:16:13,river,fold,"[""2s"", ""As""]","[""6c"", ""6d"", ""4d"", ""7s"", ""5c""]",377,26,probable_missed_terminal_call,10.943051497384348,40.25363055376759,-26.0,0.150390625,768,-174,24
0,t000180-g1-c0:24:6,preflop,fold,"[""Ac"", ""Ts""]",[],206,195,probable_missed_terminal_call,2.0250999966242773,20.483226604368873,-66.1630859375,0.578125,768,-5,-66
0,t000180-g1-c0:92:6,preflop,fold,"[""Jh"", ""Js""]",[],407,195,probable_missed_terminal_call,95.74383755329886,115.71944330171087,190.068359375,0.47894965277777773,768,-5,-66
1,t000180-g1-c1:31:5,preflop,fold,"[""Qs"", ""Ks""]",[],203,198,probable_missed_terminal_call,12.581726504033476,33.65149134868219,67.70166015625,0.5221354166666666,768,-2,-215
0,t000183-g3-c0:27:4,preflop,fold,"[""Ad"", ""Qs""]",[],203,198,probable_missed_terminal_call,32.34081811694584,52.7722683320549,57.0794677734375,0.60546875,768,-2,-268
0,t000183-g3-c0:59:4,preflop,fold,"[""Th"", ""Ac""]",[],203,198,probable_missed_terminal_call,6.101731161615736,38.83629630108392,85.2747802734375,0.57421875,768,-2,-268
0,t000185-g2-c0:98:9,flop,fold,"[""Jc"", ""Qc""]","[""Kc"", ""Qh"", ""5d""]",209,196,probable_missed_terminal_call,17.263361977317427,71.36279568677186,148.1891891891892,0.5032552083333334,768,-4,-199
1,t000185-g2-c1:98:9,flop,fold,"[""Jc"", ""Qc""]","[""Kc"", ""Qh"", ""5d""]",209,196,probable_missed_terminal_call,17.78196704355149,70.68399807416853,148.1891891891892,0.5032552083333334,768,-4,-199
0,t000188-g4-c0:73:8,preflop,fold,"[""Jc"", ""Jd""]",[],416,185,probable_missed_terminal_call,58.546897545024926,102.57581574543738,-66.78572591145833,0.37651909722222227,768,-15,122
0,t000189-g3-c0:59:8,preflop,fold,"[""As"", ""Kh""]",[],234,183,probable_missed_terminal_call,9.103788964623547,59.91538957710153,-13.4410400390625,0.4602864583333333,768,-17,106
1,t000189-g3-c1:59:8,preflop,fold,"[""As"", ""Kh""]",[],234,183,probable_missed_terminal_call,8.477135237516976,62.09449350929527,-13.2374267578125,0.4602864583333333,768,-17,106
0,t000191-g0-c0:58:4,preflop,fold,"[""Qc"", ""Ac""]",[],203,198,probable_missed_terminal_call,38.84710745601777,58.22755890086564,81.4566650390625,0.6451822916666666,768,-2,-302
1,t000191-g0-c1:95:7,flop,fold,"[""9c"", ""Qc""]","[""Jc"", ""7c"", ""6h""]",221,182,probable_missed_terminal_call,7.737577917884313,41.07788910342836,-32.103658536585364,0.490234375,768,-18,92
1,t000191-g2-c1:84:10,river,fold,"[""Kd"", ""6d""]","[""3c"", ""7h"", ""Ks"", ""Ah"", ""5c""]",52,22,probable_missed_terminal_call,6.116682172883868,16.231003888189573,-22.0,0.37109375,768,-15,-212
0,t000191-g3-c0:46:5,preflop,fold,"[""Ac"", ""Td""]",[],205,195,probable_missed_terminal_call,2.886686178520189,18.112183356046373,74.091796875,0.5559895833333334,768,-5,-88
0,t000191-g3-c0:80:5,preflop,fold,"[""9c"", ""Ac""]",[],208,195,probable_missed_terminal_call,7.945741603808591,18.471754749773215,95.2957763671875,0.5540364583333334,768,-5,-88
0,t000192-g2-c0:74:8,preflop,fold,"[""Qd"", ""Ah""]",[],210,193,probable_missed_terminal_call,21.40840494485373,49.36441739103315,78.1099853515625,0.5123697916666666,768,-7,729
0,t000205-g1-c0:77:4,preflop,fold,"[""Ad"", ""Qd""]",[],402,198,probable_missed_terminal_call,63.33497716820123,95.92431718554236,112.986328125,0.49435763888888884,768,-2,1378
1,t000205-g2-c1:1:5,preflop,fold,"[""7s"", ""7h""]",[],406,195,probable_missed_terminal_call,5.723372014101265,29.624651710987905,25.777506510416664,0.3151041666666667,768,-5,597
0,t000211-g2-c0:0:6,preflop,fold,"[""Th"", ""Td""]",[],402,198,probable_missed_terminal_call,74.50540211112049,116.16165606068049,-68.361328125,0.4774305555555556,768,-2,267
0,t000214-g0-c0:52:5,preflop,fold,"[""Ad"", ""Qh""]",[],402,198,probable_missed_terminal_call,39.872899164678486,71.54204580714878,217.52734375,0.4231770833333333,768,-2,156
0,t000214-g3-c0:25:6,preflop,fold,"[""Jc"", ""Ac""]",[],208,195,probable_missed_terminal_call,19.182525030678633,41.878986711540776,67.5009765625,0.5787760416666666,768,-5,143
0,t000214-g3-c0:39:5,preflop,fold,"[""Td"", ""Tc""]",[],203,198,probable_missed_terminal_call,47.73145056620386,75.13909315590904,56.051513671875,0.6497395833333334,768,-2,143
0,t000214-g3-c0:64:5,preflop,fold,"[""6h"", ""6c""]",[],203,198,probable_missed_terminal_call,2.28707400106492,21.591950181460565,32.06591796875,0.49609375,768,-2,143
0,t000217-g0-c0:80:9,flop,fold,"[""Qh"", ""Jd""]","[""Th"", ""5h"", ""9h""]",206,195,probable_missed_terminal_call,7.184149247524404,35.375346841521754,-55.312312312312315,0.4876302083333333,768,-5,-151
1,t000217-g0-c1:80:9,flop,fold,"[""Qh"", ""Jd""]","[""Th"", ""5h"", ""9h""]",206,195,probable_missed_terminal_call,11.690006633429192,33.25201097814234,-55.312312312312315,0.4876302083333333,768,-5,-151
0,t000220-g5-c0:39:6,preflop,fold,"[""Ts"", ""Th""]",[],402,198,probable_missed_terminal_call,74.82797103329922,142.19112588192695,128.025390625,0.5360243055555555,768,-2,370
0,t000222-g2-c0:42:6,preflop,fold,"[""Ac"", ""9c""]",[],206,195,probable_missed_terminal_call,4.586714854742977,14.278633468707717,-68.70849609375,0.4544270833333333,768,-5,527
1,t000222-g2-c1:42:6,preflop,fold,"[""Ac"", ""9c""]",[],206,195,probable_missed_terminal_call,5.783654903895045,15.495342230591834,-69.589599609375,0.4544270833333333,768,-5,527
0,t000225-g0-c0:72:8,preflop,fold,"[""Qs"", ""Ah""]",[],237,170,probable_missed_terminal_call,36.93249424277697,65.00518666469151,101.6148681640625,0.505859375,768,-30,-25
0,t000227-g4-c0:52:14,river,call,"[""3c"", ""3s""]","[""7d"", ""2d"", ""Kc"", ""4c"", ""Ac""]",57,19,probable_bad_terminal_call,-18.624153982636468,-13.490469715669969,57.0,0.2838541666666667,768,39,63
0,t000228-g3-c0:71:6,preflop,fold,"[""Tc"", ""Th""]",[],403,198,probable_missed_terminal_call,74.27582075320248,146.19142610542787,170.53312174479169,0.54296875,768,-2,997
0,t000230-g2-c0:78:6,preflop,fold,"[""6s"", ""6h""]",[],211,195,probable_missed_terminal_call,2.753405105943597,13.739446641704596,80.65576171875,0.4420572916666667,768,-5,-17
1,t000230-g2-c1:78:6,preflop,fold,"[""6s"", ""6h""]",[],211,195,probable_missed_terminal_call,2.407058718414527,11.658514561749602,80.606201171875,0.4420572916666667,768,-5,-38
0,t000236-g1-c0:79:7,preflop,fold,"[""Ah"", ""Qh""]",[],416,185,probable_missed_terminal_call,26.282535974808376,76.59710812627917,0.611572265625,0.4040798611111111,768,-15,-320
0,t000236-g2-c0:25:5,preflop,fold,"[""8c"", ""8h""]",[],403,198,probable_missed_terminal_call,28.871620020477184,92.29231051180503,-67.28934733072916,0.4444444444444444,768,-2,144
0,t000238-g0-c0:69:7,preflop,fold,"[""Jh"", ""Jc""]",[],208,195,probable_missed_terminal_call,66.32156048145906,82.37972908563019,158.2645263671875,0.6901041666666666,768,-5,-166
0,t000238-g2-c0:32:7,preflop,fold,"[""Jd"", ""Ac""]",[],407,195,probable_missed_terminal_call,13.702406491735207,35.38560608322794,23.891276041666664,0.2662760416666667,768,-5,596
1,t000238-g2-c1:32:7,preflop,fold,"[""Jd"", ""Ac""]",[],407,195,probable_missed_terminal_call,7.823160885097177,39.42817496055172,23.744303385416664,0.2662760416666667,768,-5,596
0,t000238-g3-c0:10:8,preflop,fold,"[""Jh"", ""Kh""]",[],210,195,probable_missed_terminal_call,3.676487144086101,16.326122143824065,60.992431640625,0.4498697916666667,768,-5,-243
0,t000238-g3-c0:35:6,preflop,fold,"[""Qd"", ""Kh""]",[],402,198,probable_missed_terminal_call,2.5144684433831843,43.59837001884482,99.8271484375,0.3736979166666667,768,-2,-243
0,t000238-g3-c0:98:7,preflop,fold,"[""7h"", ""7s""]",[],208,195,probable_missed_terminal_call,6.092359119545749,20.354213942791603,107.2991943359375,0.51171875,768,-5,-243
1,t000238-g3-c1:10:8,preflop,fold,"[""Jh"", ""Kh""]",[],210,195,probable_missed_terminal_call,4.714260482708742,14.037008301114117,63.06884765625,0.4498697916666667,768,-5,159
1,t000238-g3-c1:98:7,preflop,fold,"[""7h"", ""7s""]",[],208,195,probable_missed_terminal_call,6.556972905149683,22.569167459602568,109.02099609375,0.51171875,768,-5,159
0,t000238-g4-c0:96:8,preflop,fold,"[""9d"", ""9h""]",[],213,195,probable_missed_terminal_call,36.9879787874659,49.31358994871877,162.1494140625,0.5208333333333334,768,-5,27
0,t000239-g3-c0:59:5,preflop,fold,"[""Qc"", ""Ks""]",[],402,198,probable_missed_terminal_call,4.308095563747852,40.22713208048732,5.6376953125,0.38433159722222215,768,-2,124
0,t000243-g0-c0:67:5,preflop,fold,"[""Td"", ""Tc""]",[],207,195,probable_missed_terminal_call,51.04708538146337,59.776490824335916,69.0087890625,0.5384114583333334,768,-5,-197
0,t000243-g1-c0:11:5,preflop,fold,"[""Tc"", ""Th""]",[],206,195,probable_missed_terminal_call,50.286820935450464,59.053613708422674,29.681396484375,0.5872395833333334,768,-5,-254
0,t000248-g1-c0:6:7,preflop,fold,"[""Jd"", ""Jc""]",[],205,195,probable_missed_terminal_call,67.85952086101861,77.58102970259786,149.53125,0.6399739583333334,768,-5,39
1,t000256-g5-c1:51:15,river,fold,"[""8s"", ""8h""]","[""9h"", ""Ah"", ""2h"", ""Ts"", ""7h""]",274,127,probable_missed_terminal_call,7.7397884922560705,97.74336209538654,-127.0,0.3984375,768,-73,23
1,t000264-g3-c1:79:7,preflop,fold,"[""Jd"", ""As""]",[],406,195,probable_missed_terminal_call,8.345381526591202,64.3776037367408,-136.94441731770831,0.3391927083333333,768,-5,-69
0,t000264-g4-c0:45:13,turn,fold,"[""Kc"", ""Ac""]","[""6d"", ""8h"", ""8c"", ""2s""]",292,112,probable_missed_terminal_call,14.81113472895383,173.80780324688956,-55.888888888888886,0.3138020833333333,768,-88,358
1,t000264-g4-c1:45:13,turn,fold,"[""Kc"", ""Ac""]","[""6d"", ""8h"", ""8c"", ""2s""]",292,112,probable_missed_terminal_call,18.041000175035304,180.34607919866087,-55.888888888888886,0.3138020833333333,768,-88,358
0,t000264-g5-c0:10:7,preflop,fold,"[""Ah"", ""Jh""]",[],408,195,probable_missed_terminal_call,34.22576752528235,78.48070026710815,108.36474609375,0.3936631944444444,768,-5,405
0,t000264-g5-c0:76:7,preflop,fold,"[""Kc"", ""Qs""]",[],606,195,probable_missed_terminal_call,6.316253203762059,47.58596722166828,103.9083251953125,0.2568359375,768,-5,405
0,t000268-g3-c0:90:6,preflop,fold,"[""8s"", ""8d""]",[],208,195,probable_missed_terminal_call,16.588126579249785,27.726030531727957,81.4229736328125,0.5123697916666666,768,-5,148
1,t000268-g3-c1:90:6,preflop,fold,"[""8s"", ""8d""]",[],208,195,probable_missed_terminal_call,17.738284846271902,32.70955553555433,86.1456298828125,0.5123697916666666,768,-5,148
0,t000268-g4-c0:99:6,preflop,fold,"[""Qd"", ""Ac""]",[],208,195,probable_missed_terminal_call,24.41382106413115,49.30576893282968,111.6282958984375,0.5950520833333334,768,-5,-44
0,t000271-g1-c0:43:11,river,call,"[""Js"", ""Ac""]","[""2d"", ""Qs"", ""3d"", ""2h"", ""Tc""]",110,47,probable_bad_terminal_call,-42.94522533585488,-17.395885046970292,-47.0,0.359375,768,-78,10
0,t000273-g4-c0:68:14,river,call,"[""9s"", ""9d""]","[""7d"", ""Ac"", ""4h"", ""6d"", ""5d""]",234,117,probable_bad_terminal_call,-105.17176285018625,-58.881137926982305,-117.0,0.4140625,768,-175,-172
1,t000273-g4-c1:68:14,river,call,"[""9s"", ""9d""]","[""7d"", ""Ac"", ""4h"", ""6d"", ""5d""]",234,117,probable_bad_terminal_call,-106.43909445126873,-57.98212378995578,-117.0,0.4140625,768,-175,-172
0,t000281-g0-c0:59:11,river,call,"[""Ad"", ""Qh""]","[""3h"", ""8d"", ""Td"", ""5d"", ""2h""]",126,63,probable_bad_terminal_call,-52.68109030604246,-2.624793734509891,-63.0,0.5188802083333334,768,-94,47
1,t000281-g0-c1:59:11,river,call,"[""Ad"", ""Qh""]","[""3h"", ""8d"", ""Td"", ""5d"", ""2h""]",126,63,probable_bad_terminal_call,-52.76687799065009,-2.7028689177409024,-63.0,0.5188802083333334,768,-94,47
1,t000283-g2-c1:99:12,river,fold,"[""Kc"", ""Qs""]","[""Jh"", ""Jc"", ""Qc"", ""Ad"", ""3c""]",150,60,probable_missed_terminal_call,2.2708693082031464,54.36214738697862,-60.0,0.291015625,768,-45,605
0,t000291-g0-c0:73:6,preflop,fold,"[""Jc"", ""Ah""]",[],208,195,probable_missed_terminal_call,9.127219938736669,35.479460886418636,2.3184814453125,0.4348958333333333,768,-5,-213
1,t000291-g0-c1:73:6,preflop,fold,"[""Jc"", ""Ah""]",[],208,195,probable_missed_terminal_call,10.748750729785332,33.71593080457989,2.662841796875,0.4348958333333333,768,-5,-153
0,t000292-g4-c0:75:7,preflop,fold,"[""Jd"", ""Jh""]",[],221,182,probable_missed_terminal_call,12.535328032065516,61.290567770728046,32.5364990234375,0.548828125,768,-18,403
0,t000295-g0-c0:30:4,preflop,fold,"[""Qd"", ""Ah""]",[],203,198,probable_missed_terminal_call,29.258925436711035,54.35105079876715,45.8209228515625,0.6165364583333334,768,-2,617
0,t000295-g1-c0:11:6,preflop,fold,"[""Kd"", ""Qh""]",[],214,194,probable_missed_terminal_call,7.240616895029291,21.710296464897073,102.8857421875,0.4739583333333333,768,-6,840
1,t000295-g1-c1:11:6,preflop,fold,"[""Kd"", ""Qh""]",[],214,194,probable_missed_terminal_call,7.482222217650017,16.647285620303276,104.927734375,0.4739583333333333,768,-6,840
0,t000295-g2-c0:12:4,preflop,fold,"[""As"", ""Qs""]",[],203,198,probable_missed_terminal_call,41.111131822780465,58.330479331663454,55.3662109375,0.6158854166666666,768,-2,1362
0,t000295-g3-c0:1:5,preflop,fold,"[""Ts"", ""Ah""]",[],207,195,probable_missed_terminal_call,3.680326312359221,22.5194828802753,49.723388671875,0.509765625,768,-5,1642
0,t000295-g3-c0:3:4,preflop,fold,"[""Jh"", ""Js""]",[],203,198,probable_missed_terminal_call,64.4332080927409,83.70855419023461,140.833251953125,0.6744791666666666,768,-2,1642
0,t000297-g0-c0:48:9,preflop,fold,"[""Kh"", ""Jh""]",[],611,191,probable_missed_terminal_call,3.73301605633738,62.5303741740546,151.8961181640625,0.2795138888888889,768,-9,-187
0,t000297-g0-c0:74:6,preflop,fold,"[""Td"", ""Tc""]",[],203,198,probable_missed_terminal_call,45.76008212373069,73.75974066628255,72.00927734375,0.6653645833333334,768,-2,-187
0,t000297-g2-c0:36:6,preflop,fold,"[""7h"", ""7d""]",[],403,198,probable_missed_terminal_call,9.316418192766193,76.2721065143878,167.10945638020831,0.4422743055555555,768,-2,363
0,t000297-g2-c0:86:7,preflop,fold,"[""9s"", ""9c""]",[],408,195,probable_missed_terminal_call,42.85683867289653,93.69226972633787,-132.040283203125,0.36762152777777785,768,-5,363
0,t000297-g3-c0:61:8,preflop,fold,"[""Js"", ""Jd""]",[],418,185,probable_missed_terminal_call,62.21794083212965,127.12900509180957,299.14697265625,0.4752604166666667,768,-15,342
0,t000297-g4-c0:64:6,preflop,fold,"[""Qc"", ""Kh""]",[],602,198,probable_missed_terminal_call,11.99792136659349,78.7434941011464,21.140625,0.30528188286808977,609,-2,356
0,t000297-g5-c0:91:8,preflop,fold,"[""Jd"", ""Jh""]",[],215,188,probable_missed_terminal_call,3.4569615372591063,55.90429767059972,-108.1575927734375,0.60546875,768,-12,-14
0,t000299-g2-c0:57:8,flop,fold,"[""Ad"", ""Ts""]","[""3d"", ""2d"", ""5c""]",206,195,probable_missed_terminal_call,4.191401889215789,17.59761544585268,-137.19819819819818,0.5201822916666666,768,-5,-34
1,t000299-g2-c1:57:8,flop,fold,"[""Ad"", ""Ts""]","[""3d"", ""2d"", ""5c""]",206,195,probable_missed_terminal_call,6.480427803684661,23.18386399106664,-137.19819819819818,0.5201822916666666,768,-5,-34
0,t000303-g2-c0:84:15,river,call,"[""2h"", ""2c""]","[""4s"", ""3c"", ""Jc"", ""7s"", ""5h""]",90,45,probable_bad_terminal_call,-20.836608793344695,-16.477556482582298,90.0,0.4036458333333333,768,70,122
0,t000309-g0-c0:12:7,preflop,fold,"[""Jc"", ""Jd""]",[],221,180,probable_missed_terminal_call,10.38477275962672,64.18069996628924,25.6397705078125,0.5885416666666666,768,-20,-8
0,t000310-g0-c0:87:7,preflop,fold,"[""Kd"", ""Jd""]",[],408,195,probable_missed_terminal_call,11.00195502528635,58.96461135670653,72.394775390625,0.39822048611111116,768,-5,-180
0,t000315-g1-c0:45:14,river,call,"[""8c"", ""8d""]","[""Th"", ""Qd"", ""Td"", ""4c"", ""6d""]",185,111,probable_bad_terminal_call,-94.51244069205339,-23.9255468572178,-111.0,0.455078125,768,-147,-65
0,t000315-g1-c0:53:8,flop,fold,"[""Ad"", ""Kc""]","[""8d"", ""2s"", ""3c""]",210,193,probable_missed_terminal_call,2.1170449054605216,37.15814077168441,-128.82456140350877,0.4524739583333333,768,-7,-65
1,t000315-g1-c1:45:14,river,call,"[""8c"", ""8d""]","[""Th"", ""Qd"", ""Td"", ""4c"", ""6d""]",185,111,probable_bad_terminal_call,-95.25991310229308,-24.272163564753896,-111.0,0.455078125,768,-147,-65
1,t000315-g1-c1:53:8,flop,fold,"[""Ad"", ""Kc""]","[""8d"", ""2s"", ""3c""]",210,193,probable_missed_terminal_call,2.926199308159136,36.198919105628256,-128.82456140350877,0.4524739583333333,768,-7,-65
0,t000316-g1-c0:44:6,preflop,fold,"[""8c"", ""8h""]",[],207,195,probable_missed_terminal_call,18.519261512149797,31.142215720201605,80.88427734375,0.5598958333333334,768,-5,243
0,t000316-g2-c0:12:6,preflop,fold,"[""Ah"", ""Jh""]",[],407,195,probable_missed_terminal_call,28.63255576114952,57.73111731194274,121.43212890625,0.3836805555555556,768,-5,-632
0,t000316-g2-c0:34:6,preflop,fold,"[""Jh"", ""Jd""]",[],205,195,probable_missed_terminal_call,67.64007275876344,79.1987928550955,74.091796875,0.6458333333333334,768,-5,-632
0,t000316-g2-c0:49:7,preflop,fold,"[""Jh"", ""Ah""]",[],210,195,probable_missed_terminal_call,23.71381837859352,46.680718589675365,59.805908203125,0.587890625,768,-5,-632
0,t000316-g4-c0:57:7,preflop,fold,"[""Th"", ""Ah""]",[],210,195,probable_missed_terminal_call,15.413410229144358,35.15516644904146,118.0938720703125,0.5266927083333334,768,-5,349
0,t000325-g2-c0:68:7,preflop,fold,"[""Ac"", ""Jd""]",[],207,195,probable_missed_terminal_call,10.436305641556743,30.252923872595787,-2.980224609375,0.53515625,768,-5,177
0,t000328-g1-c0:5:10,preflop,fold,"[""Kd"", ""Jd""]",[],221,195,probable_missed_terminal_call,11.050048522800346,21.867828329630843,35.34375,0.486328125,768,-5,-133
1,t000328-g1-c1:5:10,preflop,fold,"[""Kd"", ""Jd""]",[],221,195,probable_missed_terminal_call,11.324613424896054,22.88835463690838,29.80859375,0.486328125,768,-5,-133
0,t000335-g0-c0:29:6,preflop,fold,"[""Ac"", ""Qs""]",[],208,195,probable_missed_terminal_call,18.476359784402643,47.88801039231292,49.3482666015625,0.5598958333333334,768,-5,182
0,t000335-g0-c0:55:8,flop,fold,"[""7s"", ""7c""]","[""8s"", ""4d"", ""2d""]",214,194,probable_missed_terminal_call,11.219791916445192,38.90951180658739,92.3157894736842,0.3528645833333333,768,-6,182
0,t000335-g0-c0:80:6,preflop,fold,"[""7c"", ""7s""]",[],207,195,probable_missed_terminal_call,5.540008688330318,21.765345264202203,14.882080078125,0.56640625,768,-5,182
1,t000335-g0-c1:55:8,flop,fold,"[""7s"", ""7c""]","[""8s"", ""4d"", ""2d""]",214,194,probable_missed_terminal_call,8.05826498559901,36.05308952597194,92.3157894736842,0.3528645833333333,768,-6,-183
0,t000335-g1-c0:1:8,preflop,fold,"[""Qh"", ""Ah""]",[],231,172,probable_missed_terminal_call,6.67557554450808,47.97241895024941,4.3125,0.490234375,768,-28,374
0,t000335-g3-c0:64:5,preflop,fold,"[""Th"", ""Td""]",[],203,198,probable_missed_terminal_call,48.59259276170585,70.18467345599431,149.0079345703125,0.658203125,768,-2,-21
0,t000339-g3-c0:58:7,flop,fold,"[""Jh"", ""9h""]","[""4h"", ""9c"", ""Kc""]",215,185,probable_missed_terminal_call,10.32968330774524,62.86282692227301,-96.21951219512195,0.4348958333333333,768,-15,-23
1,t000339-g3-c1:58:7,flop,fold,"[""Jh"", ""9h""]","[""4h"", ""9c"", ""Kc""]",215,185,probable_missed_terminal_call,2.102192353325772,65.12983961005438,-96.21951219512195,0.4348958333333333,768,-15,-23
0,t000340-g2-c0:38:6,preflop,fold,"[""Ad"", ""Jh""]",[],216,193,probable_missed_terminal_call,14.56440810591479,38.14468205708596,78.80126953125,0.5403645833333334,768,-7,385
0,t000342-g0-c0:53:18,river,fold,"[""Ac"", ""Kd""]","[""Jd"", ""5d"", ""Kh"", ""Ts"", ""Ah""]",434,84,probable_missed_terminal_call,5.1488488790313856,162.29759023503112,-84.0,0.166015625,768,-116,-31
1,t000342-g0-c1:53:18,river,fold,"[""Ac"", ""Kd""]","[""Jd"", ""5d"", ""Kh"", ""Ts"", ""Ah""]",434,84,probable_missed_terminal_call,2.807440613643581,169.16661614007666,-84.0,0.166015625,768,-116,-31
0,t000343-g4-c0:66:11,river,call,"[""4s"", ""As""]","[""8c"", ""5c"", ""6c"", ""6d"", ""Qd""]",61,12,probable_bad_terminal_call,-11.496497030288069,-4.33652213667403,24.5,0.2838541666666667,768,1,-69
1,t000343-g4-c1:66:11,river,call,"[""4s"", ""As""]","[""8c"", ""5c"", ""6c"", ""6d"", ""Qd""]",61,12,probable_bad_terminal_call,-11.443445746977641,-4.41538638291642,24.5,0.2838541666666667,768,1,-69
0,t000346-g0-c0:34:15,river,call,"[""2d"", ""2h""]","[""3d"", ""7c"", ""4h"", ""5h"", ""Kd""]",72,36,probable_bad_terminal_call,-22.41138154034697,-8.040621859184832,-36.0,0.49609375,768,-52,-8
1,t000346-g0-c1:34:15,river,call,"[""2d"", ""2h""]","[""3d"", ""7c"", ""4h"", ""5h"", ""Kd""]",72,36,probable_bad_terminal_call,-22.08288456132059,-7.69375188755199,-36.0,0.49609375,768,-52,-8
0,t000346-g3-c0:84:7,preflop,fold,"[""Ac"", ""Kc""]",[],244,159,probable_missed_terminal_call,23.211355840221998,52.15103359589361,-104.197509765625,0.4173177083333333,768,-41,282
1,t000346-g3-c1:84:7,preflop,fold,"[""Ac"", ""Kc""]",[],244,159,probable_missed_terminal_call,20.84878594011403,52.399654064812175,-107.4443359375,0.4173177083333333,768,-41,282
0,t000349-g0-c0:84:6,preflop,fold,"[""Ad"", ""Jd""]",[],420,182,probable_missed_terminal_call,10.322067721765746,32.84256912538059,-111.33064778645834,0.31618923611111116,768,-18,11
1,t000349-g0-c1:84:6,preflop,fold,"[""Ad"", ""Jd""]",[],420,182,probable_missed_terminal_call,10.330945313961081,34.00026772610666,-107.82779947916667,0.31618923611111116,768,-18,11
0,t000352-g3-c0:30:6,preflop,fold,"[""Ad"", ""Ks""]",[],222,180,probable_missed_terminal_call,4.5823008615990055,50.019842774551485,83.2236328125,0.4661458333333333,768,-20,-213
1,t000352-g3-c1:30:6,preflop,fold,"[""Ad"", ""Ks""]",[],222,180,probable_missed_terminal_call,6.358244530994173,54.46594349520845,89.652099609375,0.4661458333333333,768,-20,-213
0,t000353-g3-c0:78:7,preflop,fold,"[""Qc"", ""Ac""]",[],238,164,probable_missed_terminal_call,8.99103988230846,56.79274380258342,84.845458984375,0.501953125,768,-36,-217
0,t000356-g4-c0:86:13,river,fold,"[""Ks"", ""Kd""]","[""Jc"", ""3d"", ""4s"", ""Qc"", ""Th""]",173,74,probable_missed_terminal_call,18.292766474769955,93.94783117626896,-74.0,0.3255208333333333,768,-48,-134
1,t000356-g4-c1:86:13,river,fold,"[""Ks"", ""Kd""]","[""Jc"", ""3d"", ""4s"", ""Qc"", ""Th""]",173,74,probable_missed_terminal_call,18.228695175449857,94.87544724012976,-74.0,0.3255208333333333,768,-48,-134
0,t000361-g1-c0:46:7,preflop,fold,"[""Jc"", ""Jh""]",[],225,176,probable_missed_terminal_call,19.283350988798365,66.30552138037784,139.728759765625,0.4635416666666667,768,-24,-232
1,t000361-g1-c1:46:7,preflop,fold,"[""Jc"", ""Jh""]",[],225,176,probable_missed_terminal_call,18.429266734076467,63.67063699887161,139.7777099609375,0.4635416666666667,768,-24,-232
0,t000361-g4-c0:1:7,preflop,fold,"[""Tc"", ""Ts""]",[],226,182,probable_missed_terminal_call,66.499014734549,77.79948833912609,-100.71875,0.5026041666666666,768,-18,-120
0,t000365-g0-c0:57:14,river,call,"[""6c"", ""6d""]","[""2s"", ""9h"", ""5c"", ""Tc"", ""Jc""]",94,31,probable_bad_terminal_call,-28.301120223882435,-6.843424141456173,-31.0,0.3248697916666667,768,-62,370
1,t000365-g0-c1:57:14,river,call,"[""6c"", ""6d""]","[""2s"", ""9h"", ""5c"", ""Tc"", ""Jc""]",94,31,probable_bad_terminal_call,-28.164321429673336,-8.1022096155617,-31.0,0.3248697916666667,768,-62,370
0,t000370-g1-c0:85:12,river,call,"[""9h"", ""As""]","[""4d"", ""7c"", ""7d"", ""2s"", ""5h""]",250,151,probable_bad_terminal_call,-128.11227479471157,-9.364895400724242,-151.0,0.4186197916666667,768,-200,-22
0,t000372-g0-c0:96:8,preflop,fold,"[""Jh"", ""Jc""]",[],218,185,probable_missed_terminal_call,9.573192358933506,56.993032424210966,-100.3365478515625,0.3932291666666667,768,-15,92
1,t000372-g0-c1:96:8,preflop,fold,"[""Jh"", ""Jc""]",[],218,185,probable_missed_terminal_call,9.405100574950911,56.604308718287356,-99.3526611328125,0.3932291666666667,768,-15,92
0,t000373-g4-c0:5:6,preflop,fold,"[""Kh"", ""Qd""]",[],207,195,probable_missed_terminal_call,4.1663093730829965,14.792919487604587,-44.789794921875,0.484375,768,-5,-391
0,t000373-g4-c0:15:6,preflop,fold,"[""Qh"", ""Ks""]",[],405,195,probable_missed_terminal_call,3.5940418039084925,18.7801269016119,-89.53125,0.27890625,640,-5,-391
0,t000374-g3-c0:53:6,preflop,fold,"[""As"", ""Jc""]",[],205,195,probable_missed_terminal_call,7.657604805178219,31.54434369644986,83.22265625,0.4485677083333333,768,-5,72
0,t000374-g3-c0:73:8,flop,fold,"[""6c"", ""Kc""]","[""4s"", ""3d"", ""5h""]",215,185,probable_missed_terminal_call,7.364965735460575,28.619171489819205,-11.180836707152496,0.5358072916666666,768,-15,72
1,t000374-g3-c1:53:6,preflop,fold,"[""As"", ""Jc""]",[],205,195,probable_missed_terminal_call,9.298784533224598,29.059457270153644,76.09375,0.4485677083333333,768,-5,72
1,t000374-g3-c1:73:8,flop,fold,"[""6c"", ""Kc""]","[""4s"", ""3d"", ""5h""]",215,185,probable_missed_terminal_call,4.9950273759343515,30.201268002934718,-11.180836707152496,0.5358072916666666,768,-15,72
0,t000375-g0-c0:17:5,preflop,fold,"[""Js"", ""Jc""]",[],202,198,probable_missed_terminal_call,66.38391383394298,86.85361623063935,-8.7421875,0.6549479166666666,768,-2,906
0,t000375-g3-c0:50:6,preflop,fold,"[""Jd"", ""Jh""]",[],406,195,probable_missed_terminal_call,95.68759983266811,147.82498486633182,109.11930338541667,0.5349392361111112,768,-5,86
0,t000382-g4-c0:72:7,preflop,fold,"[""Js"", ""Ks""]",[],212,194,probable_missed_terminal_call,8.161445463705409,18.967580783253368,-25.39501953125,0.45703125,768,-6,-115
1,t000382-g4-c1:72:7,preflop,fold,"[""Js"", ""Ks""]",[],212,194,probable_missed_terminal_call,6.367066106304538,18.41838163308844,-30.202392578125,0.45703125,768,-6,-115
1,t000383-g2-c1:90:5,preflop,fold,"[""Kh"", ""Qs""]",[],203,198,probable_missed_terminal_call,3.76699970662019,23.18197353937448,123.3580322265625,0.4576822916666667,768,-2,188
0,t000387-g3-c0:22:7,preflop,fold,"[""Ac"", ""Qc""]",[],218,188,probable_missed_terminal_call,40.961078006656976,60.64899438927033,40.226318359375,0.5325520833333334,768,-12,99
0,t000389-g3-c0:1:7,preflop,fold,"[""Tc"", ""Ac""]",[],207,195,probable_missed_terminal_call,16.53291833171457,30.71282853094036,53.79638671875,0.5260416666666666,768,-5,175
0,t000400-g0-c0:18:10,preflop,fold,"[""Td"", ""Tc""]",[],246,180,probable_missed_terminal_call,47.1855357262677,83.16404966304623,45.48046875,0.5690104166666666,768,-20,93
0,t000405-g0-c0:93:7,preflop,fold,"[""Qd"", ""Ah""]",[],407,195,probable_missed_terminal_call,23.552025050287032,56.6869955261084,-97.36116536458334,0.4197048611111111,768,-5,100
0,t000405-g3-c0:2:7,preflop,fold,"[""Jh"", ""As""]",[],208,195,probable_missed_terminal_call,14.994724574848165,36.1194083398048,-25.771484375,0.5364583333333334,768,-5,134
0,t000405-g4-c0:73:7,preflop,fold,"[""Qd"", ""Ah""]",[],208,195,probable_missed_terminal_call,26.10274447125707,48.35032219746161,82.25927734375,0.5983072916666666,768,-5,144
0,t000405-g4-c0:79:7,preflop,fold,"[""Jc"", ""Ac""]",[],208,195,probable_missed_terminal_call,26.943761089622473,44.08749944884847,70.6986083984375,0.615234375,768,-5,144
1,t000405-g4-c1:6:7,preflop,fold,"[""6d"", ""6c""]",[],208,195,probable_missed_terminal_call,2.692850768287899,13.526064885834703,6.204833984375,0.4342447916666667,768,-5,558
0,t000408-g4-c0:43:8,preflop,fold,"[""Jd"", ""Kd""]",[],414,194,probable_missed_terminal_call,14.6385376227286,31.13683387024335,62.89583333333333,0.25781250000000006,768,-6,186
1,t000408-g4-c1:43:8,preflop,fold,"[""Jd"", ""Kd""]",[],414,194,probable_missed_terminal_call,18.895579709695138,35.62613183312306,51.515625,0.25781250000000006,768,-6,186
0,t000411-g1-c0:39:7,preflop,fold,"[""Ac"", ""Kd""]",[],417,185,probable_missed_terminal_call,26.74415858053888,63.20771457555885,31.392740885416664,0.31271701388888895,768,-15,-170
1,t000411-g1-c1:39:7,preflop,fold,"[""Ac"", ""Kd""]",[],417,185,probable_missed_terminal_call,26.811774827936564,63.574940655718315,43.93440755208333,0.31271701388888895,768,-15,-170
0,t000413-g2-c0:74:7,preflop,fold,"[""As"", ""Tc""]",[],212,194,probable_missed_terminal_call,5.884289470886577,22.07180551044695,-100.33056640625,0.4147135416666667,768,-6,617
1,t000413-g2-c1:74:7,preflop,fold,"[""As"", ""Tc""]",[],212,194,probable_missed_terminal_call,7.100670002051851,22.64587306518886,-97.802978515625,0.4147135416666667,768,-6,617
0,t000418-g3-c0:61:10,river,call,"[""9d"", ""Ad""]","[""Kc"", ""7h"", ""Ks"", ""6h"", ""Kd""]",216,108,probable_bad_terminal_call,-99.10565849056702,-35.41924321299153,-108.0,0.626953125,768,-161,-170
1,t000418-g3-c1:61:10,river,call,"[""9d"", ""Ad""]","[""Kc"", ""7h"", ""Ks"", ""6h"", ""Kd""]",216,108,probable_bad_terminal_call,-97.49866589825159,-38.452004160304575,-108.0,0.626953125,768,-161,-170
0,t000419-g2-c0:89:9,flop,call,"[""Kc"", ""Ah""]","[""5h"", ""2c"", ""Js""]",229,179,probable_bad_terminal_call,-40.21948547821963,-2.1256459002524055,-82.09311740890688,0.4973958333333333,768,208,392
1,t000419-g2-c1:89:9,flop,call,"[""Kc"", ""Ah""]","[""5h"", ""2c"", ""Js""]",229,179,probable_bad_terminal_call,-39.77898956257502,-4.723112351318864,-82.09311740890688,0.4973958333333333,768,208,601
0,t000421-g3-c0:81:12,river,call,"[""3s"", ""3h""]","[""5h"", ""8c"", ""Ts"", ""Jh"", ""4c""]",82,35,probable_bad_terminal_call,-23.257899789571677,-3.9238580961229013,-35.0,0.3346354166666667,768,-55,-43
0,t000422-g1-c0:97:6,preflop,fold,"[""Kc"", ""Qd""]",[],407,195,probable_missed_terminal_call,7.346795895241451,23.26510435018176,-132.26717122395834,0.28559027777777773,768,-5,77
1,t000422-g1-c1:97:6,preflop,fold,"[""Kc"", ""Qd""]",[],407,195,probable_missed_terminal_call,4.542131139765171,24.271718532589723,-128.641845703125,0.28559027777777773,768,-5,77
0,t000422-g3-c0:95:6,preflop,fold,"[""Jd"", ""Jc""]",[],208,195,probable_missed_terminal_call,68.79280518365604,78.27662001868784,75.273681640625,0.7037760416666666,768,-5,394
0,t000422-g4-c0:65:6,preflop,fold,"[""Jd"", ""Js""]",[],207,195,probable_missed_terminal_call,66.9305876118458,80.42319933088464,142.273681640625,0.6549479166666666,768,-5,246
0,t000423-g0-c0:7:5,preflop,fold,"[""Ah"", ""Jd""]",[],402,198,probable_missed_terminal_call,17.923371648192237,64.8400745746535,-159.42578125,0.3880208333333333,768,-2,-11
0,t000423-g0-c0:47:5,preflop,fold,"[""7d"", ""7c""]",[],203,198,probable_missed_terminal_call,9.539915750108934,33.53770122179972,63.9814453125,0.5546875,768,-2,-11
1,t000423-g0-c1:47:5,preflop,fold,"[""7d"", ""7c""]",[],203,198,probable_missed_terminal_call,7.703001449340913,31.804083083410873,66.624755859375,0.5182291666666666,768,-2,-12
0,t000423-g1-c0:81:5,preflop,fold,"[""Qd"", ""Kh""]",[],203,198,probable_missed_terminal_call,2.6690890894545323,22.926841910884956,-27.8001708984375,0.517578125,768,-2,32
0,t000423-g2-c0:66:6,preflop,fold,"[""Qs"", ""Kh""]",[],208,195,probable_missed_terminal_call,3.3939565866039905,12.966918597983494,-43.186279296875,0.5188802083333334,768,-5,-340
0,t000423-g2-c0:81:6,preflop,fold,"[""Th"", ""Ad""]",[],406,195,probable_missed_terminal_call,2.9296606990270213,17.854863157765227,76.98575846354167,0.3079427083333333,768,-5,-340
0,t000423-g3-c0:15:6,preflop,fold,"[""As"", ""Tc""]",[],208,195,probable_missed_terminal_call,11.948441924925259,24.92611884857661,71.141357421875,0.5559895833333334,768,-5,-100
0,t000423-g4-c0:24:6,preflop,fold,"[""Qd"", ""Ac""]",[],208,195,probable_missed_terminal_call,22.96380488139325,45.01975387532993,88.0150146484375,0.6002604166666666,768,-5,3
0,t000423-g4-c0:74:6,preflop,fold,"[""Ah"", ""Qs""]",[],208,195,probable_missed_terminal_call,20.89096883669205,46.77817718021545,79.701171875,0.5963541666666666,768,-5,3
0,t000440-g3-c0:91:14,turn,fold,"[""Qc"", ""Js""]","[""Jh"", ""7c"", ""Ah"", ""3s""]",212,195,probable_missed_terminal_call,30.451778766904308,98.81734521924429,-195.0,0.453125,768,-5,-206
1,t000440-g3-c1:91:14,turn,fold,"[""Qc"", ""Js""]","[""Jh"", ""7c"", ""Ah"", ""3s""]",212,195,probable_missed_terminal_call,30.556387978645002,98.94778427614597,-195.0,0.453125,768,-5,-206
0,t000441-g1-c0:29:8,preflop,fold,"[""Js"", ""Jc""]",[],225,182,probable_missed_terminal_call,84.59405849519369,94.77371608431207,-99.328125,0.5305989583333334,768,-18,-48
0,t000444-g2-c0:38:7,preflop,fold,"[""Ah"", ""Tc""]",[],208,195,probable_missed_terminal_call,4.285943731877596,23.35643181806305,-29.4610595703125,0.47265625,768,-5,54
1,t000444-g2-c1:38:7,preflop,fold,"[""Ah"", ""Tc""]",[],208,195,probable_missed_terminal_call,2.158459811344394,22.064091706976292,-31.47802734375,0.47265625,768,-5,54
0,t000449-g2-c0:9:7,preflop,fold,"[""As"", ""Jc""]",[],210,195,probable_missed_terminal_call,9.07468086479599,33.66521499832176,-5.057373046875,0.5455729166666666,768,-5,37
0,t000452-g0-c0:87:7,preflop,fold,"[""Ad"", ""Qd""]",[],407,195,probable_missed_terminal_call,42.21311825616242,81.9678677190302,-32.154296875,0.41840277777777773,768,-5,-392
0,t000452-g2-c0:5:8,preflop,fold,"[""Ad"", ""Ts""]",[],212,194,probable_missed_terminal_call,2.8399613088575464,26.94058218617771,-77.582275390625,0.5045572916666666,768,-6,243
0,t000452-g2-c0:44:7,preflop,fold,"[""Jd"", ""Ac""]",[],208,195,probable_missed_terminal_call,12.89231058215448,34.84388304192272,130.764892578125,0.6028645833333334,768,-5,243
0,t000452-g2-c0:72:6,preflop,fold,"[""Jd"", ""Ac""]",[],203,198,probable_missed_terminal_call,15.181419239293959,44.68621824282518,42.1986083984375,0.5494791666666666,768,-2,243
0,t000452-g2-c0:97:7,preflop,fold,"[""Kd"", ""Qc""]",[],208,195,probable_missed_terminal_call,6.234902048618353,17.01289699723138,96.525634765625,0.4778645833333333,768,-5,243
1,t000452-g2-c1:5:8,preflop,fold,"[""Ad"", ""Ts""]",[],212,194,probable_missed_terminal_call,6.233990699478126,23.94294951612082,-77.6318359375,0.5045572916666666,768,-6,251
1,t000452-g2-c1:97:7,preflop,fold,"[""Kd"", ""Qc""]",[],208,195,probable_missed_terminal_call,2.9407275594647393,13.259552627519625,93.08203125,0.4778645833333333,768,-5,251
0,t000452-g4-c0:37:7,preflop,fold,"[""Th"", ""Ad""]",[],208,195,probable_missed_terminal_call,5.1500521910179105,16.547491302024394,42.90380859375,0.482421875,768,-5,-90
0,t000452-g4-c0:87:9,preflop,fold,"[""Js"", ""Jd""]",[],630,170,probable_missed_terminal_call,80.19207597663068,132.3984012617782,157.44140625,0.3372395833333333,768,-30,-90
0,t000452-g4-c0:94:6,preflop,fold,"[""Js"", ""Ad""]",[],203,198,probable_missed_terminal_call,17.092633802673944,48.9627181587032,75.239990234375,0.5859375,768,-2,-90
0,t000452-g4-c0:95:7,preflop,fold,"[""Qd"", ""Ac""]",[],208,195,probable_missed_terminal_call,22.293538876131812,46.753958617140626,44.576416015625,0.609375,384,-5,-90
0,t000452-g5-c0:57:6,preflop,fold,"[""Jd"", ""Kd""]",[],403,198,probable_missed_terminal_call,14.535148400614435,51.485352865700285,12.604329427083334,0.37695312500000006,768,-2,302
0,t000455-g0-c0:9:6,preflop,fold,"[""As"", ""Qs""]",[],230,176,probable_missed_terminal_call,55.60077722636969,65.30158115432883,-35.64453125,0.5091145833333334,768,-24,105
0,t000456-g3-c0:91:6,preflop,fold,"[""Jc"", ""As""]",[],206,195,probable_missed_terminal_call,7.6340499416019565,29.03239528674315,29.19189453125,0.4602864583333333,768,-5,17
1,t000456-g3-c1:91:6,preflop,fold,"[""Jc"", ""As""]",[],206,195,probable_missed_terminal_call,10.688265995962078,30.983210384094157,29.58349609375,0.4602864583333333,768,-5,17
0,t000457-g1-c0:66:17,river,call,"[""6c"", ""7c""]","[""6d"", ""3c"", ""4h"", ""Kd"", ""8s""]",175,75,probable_bad_terminal_call,-65.61108675073635,-4.743796211726027,-75.0,0.46484375,768,-120,-10
1,t000457-g1-c1:66:17,river,call,"[""6c"", ""7c""]","[""6d"", ""3c"", ""4h"", ""Kd"", ""8s""]",175,75,probable_bad_terminal_call,-65.31014374387485,-6.362113118719028,-75.0,0.46484375,768,-120,-10
0,t000470-g0-c0:47:7,preflop,fold,"[""As"", ""Kd""]",[],221,180,probable_missed_terminal_call,8.017637369144747,52.450880741842305,-18.0238037109375,0.4720052083333333,768,-20,103
0,t000470-g0-c0:59:6,preflop,fold,"[""Kc"", ""Qd""]",[],207,195,probable_missed_terminal_call,2.3961687888960173,13.983868025125773,98.0595703125,0.4127604166666667,768,-5,103
1,t000470-g0-c1:47:7,preflop,fold,"[""As"", ""Kd""]",[],221,180,probable_missed_terminal_call,4.984963871514388,49.34722721858415,-17.7301025390625,0.4720052083333333,768,-20,103
1,t000470-g0-c1:59:6,preflop,fold,"[""Kc"", ""Qd""]",[],207,195,probable_missed_terminal_call,2.955441564523051,12.50347907571473,98.74658203125,0.4127604166666667,768,-5,103
1,t000470-g3-c1:12:6,preflop,fold,"[""9h"", ""Ah""]",[],206,195,probable_missed_terminal_call,7.283049471588592,19.097347594299414,88.7642822265625,0.435546875,768,-5,-264
0,t000471-g0-c0:3:6,preflop,fold,"[""7h"", ""7c""]",[],208,195,probable_missed_terminal_call,9.804306038017904,19.079069227368812,70.1082763671875,0.52734375,768,-5,-460
0,t000471-g0-c0:77:5,preflop,fold,"[""9c"", ""Ac""]",[],403,198,probable_missed_terminal_call,3.3923995508073395,67.23129275578579,70.85555013020833,0.41558159722222215,768,-2,-460
0,t000471-g2-c0:13:7,preflop,fold,"[""Ad"", ""Js""]",[],214,194,probable_missed_terminal_call,15.205424491971595,37.0283430587654,90.583984375,0.564453125,768,-6,815
0,t000471-g4-c0:0:7,preflop,fold,"[""Th"", ""Tc""]",[],409,194,probable_missed_terminal_call,33.993155676417835,78.56985797127597,91.69873046875,0.388671875,768,-6,115
0,t000471-g4-c0:2:7,preflop,fold,"[""Ad"", ""Qh""]",[],424,176,probable_missed_terminal_call,12.518772972713169,37.84636662486092,43.53125,0.3409288194444445,768,-24,115
1,t000471-g4-c1:86:12,river,fold,"[""Qh"", ""Ks""]","[""9c"", ""Tc"", ""3h"", ""Kc"", ""As""]",120,51,probable_missed_terminal_call,3.5235020312799907,36.328265863191625,120.0,0.3157552083333333,768,-34,-677
0,t000474-g0-c0:98:6,preflop,fold,"[""As"", ""Tc""]",[],207,195,probable_missed_terminal_call,2.766132951500232,23.328855318988317,80.3935546875,0.5071614583333334,768,-5,835
1,t000474-g0-c1:98:6,preflop,fold,"[""As"", ""Tc""]",[],207,195,probable_missed_terminal_call,2.501334703567249,19.13583652809867,80.197265625,0.5071614583333334,768,-5,835
0,t000481-g5-c0:43:8,preflop,fold,"[""Qd"", ""Ad""]",[],225,182,probable_missed_terminal_call,49.31753154861909,60.045718606828196,89.0186767578125,0.5403645833333334,768,-18,228
0,t000481-g5-c0:94:13,river,call,"[""Ad"", ""Qd""]","[""2s"", ""7h"", ""3d"", ""8d"", ""6h""]",91,18,probable_bad_terminal_call,-15.10084789596533,-5.454198111423982,91.0,0.4407552083333333,768,57,228
0,t000483-g1-c0:97:4,preflop,fold,"[""Jc"", ""Ad""]",[],203,198,probable_missed_terminal_call,20.753583847643988,44.74580549267113,-110.4281005859375,0.5546875,768,-2,695
0,t000485-g0-c0:98:12,river,call,"[""Jc"", ""Kh""]","[""8c"", ""3d"", ""Tc"", ""8s"", ""2s""]",115,49,probable_bad_terminal_call,-45.696925071713565,-7.309757125550033,-49.0,0.5611979166666666,768,-81,120
1,t000485-g0-c1:98:12,river,call,"[""Jc"", ""Kh""]","[""8c"", ""3d"", ""Tc"", ""8s"", ""2s""]",115,49,probable_bad_terminal_call,-46.38723399249716,-6.433604795700326,-49.0,0.5611979166666666,768,-81,120
0,t000488-g0-c0:59:9,preflop,fold,"[""Th"", ""Td""]",[],218,193,probable_missed_terminal_call,60.26984016236877,69.2349733978214,141.639892578125,0.5690104166666666,768,-7,383
0,t000488-g5-c0:57:6,preflop,fold,"[""Ks"", ""Qs""]",[],403,198,probable_missed_terminal_call,27.80252526441481,60.1200069772237,30.065022786458336,0.3917100694444445,768,-2,495
0,t000489-g1-c0:90:7,preflop,fold,"[""Ad"", ""Qd""]",[],230,176,probable_missed_terminal_call,59.59451949751737,68.64202234689063,79.732421875,0.5182291666666666,768,-24,-358
0,t000490-g1-c0:17:4,preflop,fold,"[""Jh"", ""Ah""]",[],203,198,probable_missed_terminal_call,26.53620268139731,51.816282240979625,-93.1976318359375,0.5182291666666666,768,-2,37
1,t000490-g1-c1:17:4,preflop,fold,"[""Jh"", ""Ah""]",[],203,198,probable_missed_terminal_call,29.45871582626986,56.323376020387414,-93.1976318359375,0.5182291666666666,768,-2,37
0,t000493-g2-c0:21:13,river,call,"[""Ad"", ""Kc""]","[""7h"", ""Js"", ""2h"", ""7s"", ""Td""]",230,115,probable_bad_terminal_call,-91.16778231505388,-17.24303782135984,-115.0,0.6165364583333334,768,-172,-10
1,t000493-g2-c1:21:13,river,call,"[""Ad"", ""Kc""]","[""7h"", ""Js"", ""2h"", ""7s"", ""Td""]",230,115,probable_bad_terminal_call,-91.84093135433336,-17.415414293436925,-115.0,0.6165364583333334,768,-172,-10
0,t000496-g0-c0:64:12,river,call,"[""6c"", ""6d""]","[""7c"", ""2h"", ""Th"", ""8s"", ""Qd""]",216,108,probable_bad_terminal_call,-75.49813825705702,-16.4608487224088,216.0,0.3977864583333333,768,163,151
0,t000498-g1-c0:97:6,preflop,fold,"[""Jh"", ""Jd""]",[],221,180,probable_missed_terminal_call,17.774532006691075,61.64660282481536,-97.274169921875,0.46875,768,-20,-215
1,t000498-g1-c1:97:6,preflop,fold,"[""Jh"", ""Jd""]",[],221,180,probable_missed_terminal_call,12.024511738549503,63.39653534895863,-96.882568359375,0.46875,768,-20,-215
0,t000504-g0-c0:47:5,preflop,fold,"[""Ah"", ""Th""]",[],203,198,probable_missed_terminal_call,13.824388547032072,46.310881091064054,-57.904541015625,0.572265625,768,-2,101
0,t000504-g0-c0:78:6,preflop,fold,"[""Th"", ""Ad""]",[],208,195,probable_missed_terminal_call,2.523363054751293,19.893776143100727,-85.7393798828125,0.5436197916666666,768,-5,101
0,t000504-g2-c0:16:6,preflop,fold,"[""Js"", ""Jd""]",[],208,195,probable_missed_terminal_call,70.65326367368682,85.10718903699592,124.8123779296875,0.6451822916666666,768,-5,541
0,t000504-g2-c0:73:6,preflop,fold,"[""Qd"", ""Ad""]",[],206,195,probable_missed_terminal_call,33.243127526457286,48.26752156136662,96.8900146484375,0.6243489583333334,768,-5,541
1,t000504-g2-c1:86:6,preflop,fold,"[""Qd"", ""Kh""]",[],208,195,probable_missed_terminal_call,4.187533175944305,16.39373488367012,60.4661865234375,0.4993489583333333,768,-5,-56
0,t000504-g4-c0:25:6,preflop,fold,"[""Qs"", ""Ad""]",[],207,195,probable_missed_terminal_call,22.29753534531008,45.95690996295295,82.111083984375,0.5970052083333334,768,-5,180
1,t000505-g0-c1:12:5,preflop,fold,"[""Kd"", ""Qs""]",[],203,198,probable_missed_terminal_call,5.140173232904505,25.913479556060402,52.3802490234375,0.50390625,768,-2,353
0,t000505-g1-c0:6:5,preflop,fold,"[""Th"", ""Ts""]",[],403,198,probable_missed_terminal_call,68.20901093439645,113.86874793362695,-78.26953125,0.458984375,768,-2,730
0,t000505-g2-c0:47:6,preflop,fold,"[""Jc"", ""Ah""]",[],208,195,probable_missed_terminal_call,11.614566164829519,32.951202133849186,67.402587890625,0.5677083333333334,768,-5,-12
0,t000505-g3-c0:9:5,preflop,fold,"[""Ad"", ""Jh""]",[],203,198,probable_missed_terminal_call,13.78409448134527,45.306575312213745,70.932373046875,0.5631510416666666,768,-2,647
0,t000505-g4-c0:58:5,preflop,fold,"[""Kd"", ""Qc""]",[],402,198,probable_missed_terminal_call,5.250997844811236,59.92379171725189,101.169921875,0.4166666666666667,768,-2,1271
0,t000507-g2-c0:71:15,river,call,"[""Qh"", ""Th""]","[""Kc"", ""7c"", ""Ks"", ""Ah"", ""8h""]",220,73,probable_bad_terminal_call,-70.3764708819428,-44.12081398265006,-73.0,0.5013020833333334,768,-143,12
1,t000507-g2-c1:71:15,river,call,"[""Qh"", ""Th""]","[""Kc"", ""7c"", ""Ks"", ""Ah"", ""8h""]",220,73,probable_bad_terminal_call,-69.95078398041446,-42.46035483441665,-73.0,0.5013020833333334,768,-143,12
0,t000509-g4-c0:3:7,preflop,fold,"[""Js"", ""Jc""]",[],221,180,probable_missed_terminal_call,15.276912902762303,60.13467055265995,-134.77001953125,0.5520833333333334,768,-20,-399
1,t000512-g4-c1:54:7,preflop,fold,"[""9c"", ""Ac""]",[],206,195,probable_missed_terminal_call,5.276589712878094,18.357859757138836,83.037109375,0.4967447916666667,768,-5,-177
0,t000519-g2-c0:35:6,preflop,fold,"[""Th"", ""Ad""]",[],212,194,probable_missed_terminal_call,6.452421637949553,24.291866087793444,-84.917236328125,0.5006510416666666,768,-6,-152
1,t000519-g2-c1:35:6,preflop,fold,"[""Th"", ""Ad""]",[],212,194,probable_missed_terminal_call,9.478328565366446,19.17347078172194,-79.366455078125,0.5006510416666666,768,-6,-152
0,t000522-g0-c0:19:6,preflop,fold,"[""Qh"", ""Ac""]",[],208,195,probable_missed_terminal_call,21.854742651275643,41.15524452860915,76.1099853515625,0.630859375,768,-5,-467
0,t000522-g0-c0:21:7,preflop,fold,"[""Qs"", ""Ac""]",[],436,164,probable_missed_terminal_call,22.774532227230527,54.505796501465575,137.26953125,0.29991319444444453,768,-36,-467
0,t000522-g0-c0:82:5,preflop,fold,"[""9h"", ""9c""]",[],402,198,probable_missed_terminal_call,43.539302481609,119.69917894740065,204.490234375,0.5392795138888888,768,-2,-467
1,t000522-g0-c1:21:7,preflop,fold,"[""Qs"", ""Ac""]",[],436,164,probable_missed_terminal_call,28.443586583073476,54.2522550096092,132.9482421875,0.29991319444444453,768,-36,502
0,t000522-g2-c0:1:6,preflop,fold,"[""Td"", ""Ah""]",[],208,195,probable_missed_terminal_call,2.453629000130487,22.479934558482835,58.8427734375,0.5240885416666666,768,-5,-286
0,t000522-g4-c0:11:7,preflop,fold,"[""Jc"", ""Ah""]",[],211,193,probable_missed_terminal_call,10.600633597333182,34.38418935979886,78.1416015625,0.5598958333333334,768,-7,1076
0,t000525-g4-c0:64:8,preflop,fold,"[""Ac"", ""Kc""]",[],237,166,probable_missed_terminal_call,16.405100368879708,46.69365259369161,43.96142578125,0.412109375,768,-34,-569
1,t000525-g4-c1:64:8,preflop,fold,"[""Ac"", ""Kc""]",[],237,166,probable_missed_terminal_call,16.651761340912234,45.34600163830353,44.5517578125,0.412109375,768,-34,-569
0,t000533-g0-c0:56:7,preflop,fold,"[""Kc"", ""Jc""]",[],212,194,probable_missed_terminal_call,8.19253801202955,19.349120910438987,-52.05859375,0.4388020833333333,768,-6,11
1,t000533-g0-c1:56:7,preflop,fold,"[""Kc"", ""Jc""]",[],212,194,probable_missed_terminal_call,7.478228613438986,17.858113867060695,-53.54541015625,0.4388020833333333,768,-6,11
0,t000536-g4-c0:76:7,preflop,fold,"[""Th"", ""Tc""]",[],226,182,probable_missed_terminal_call,65.56352301692834,79.13421533383719,54.2236328125,0.4609375,768,-18,-11
1,t000536-g4-c1:76:7,preflop,fold,"[""Th"", ""Tc""]",[],226,182,probable_missed_terminal_call,67.84714595099949,77.51673969552994,53.0283203125,0.4609375,768,-18,-11
0,t000546-g2-c0:47:8,preflop,fold,"[""Td"", ""Ah""]",[],209,193,probable_missed_terminal_call,3.6686926891722864,25.703190709325412,-78.219970703125,0.41015625,768,-7,991
1,t000546-g2-c1:47:8,preflop,fold,"[""Td"", ""Ah""]",[],209,193,probable_missed_terminal_call,8.57883299377853,21.578133656247395,-79.05419921875,0.41015625,768,-7,991
0,t000549-g0-c0:51:7,preflop,fold,"[""Qs"", ""Ks""]",[],208,195,probable_missed_terminal_call,13.325914387964584,23.634974220438217,-132.129638671875,0.4576822916666667,768,-5,800
1,t000549-g0-c1:51:7,preflop,fold,"[""Qs"", ""Ks""]",[],208,195,probable_missed_terminal_call,10.699510584958224,21.00111128466365,-134.687744140625,0.4576822916666667,768,-5,800
0,t000549-g4-c0:15:14,turn,call,"[""2c"", ""2d""]","[""5c"", ""3d"", ""3s"", ""4d""]",224,188,probable_bad_terminal_call,-29.004656458835264,-5.029562172267517,-107.88888888888889,0.5377604166666666,768,-200,-178
0,t000549-g5-c0:68:8,preflop,fold,"[""Jd"", ""As""]",[],212,194,probable_missed_terminal_call,12.765261836752423,35.18038000450546,76.551025390625,0.52734375,768,-6,170
0,t000550-g0-c0:9:7,preflop,fold,"[""Td"", ""Ad""]",[],208,195,probable_missed_terminal_call,14.809535005480267,28.12199988302322,83.3907470703125,0.572265625,768,-5,975
0,t000553-g1-c0:15:5,preflop,fold,"[""Td"", ""Ac""]",[],206,195,probable_missed_terminal_call,4.217563704277485,21.891524866428536,69.9674072265625,0.4928385416666667,768,-5,575
0,t000554-g4-c0:10:6,preflop,fold,"[""7d"", ""7s""]",[],407,195,probable_missed_terminal_call,9.022003113384466,31.114374345972163,2.6292317708333326,0.30425347222222227,768,-5,393
0,t000554-g4-c0:92:7,preflop,fold,"[""Jh"", ""Jc""]",[],230,176,probable_missed_terminal_call,87.6347516861682,100.73171388186265,-86.146728515625,0.548828125,768,-24,393
1,t000554-g4-c1:10:6,preflop,fold,"[""7d"", ""7s""]",[],407,195,probable_missed_terminal_call,4.692748916553916,34.96646195693717,8.655110677083332,0.30425347222222227,768,-5,217
0,t000557-g0-c0:70:7,preflop,fold,"[""Ah"", ""Kd""]",[],218,185,probable_missed_terminal_call,2.476072339394861,45.18208692023626,63.037841796875,0.4635416666666667,768,-15,15
0,t000559-g1-c0:5:7,preflop,fold,"[""8s"", ""8d""]",[],405,195,probable_missed_terminal_call,18.289734111523142,46.69824045364365,-104.423828125,0.333984375,768,-5,534
1,t000559-g1-c1:5:7,preflop,fold,"[""8s"", ""8d""]",[],405,195,probable_missed_terminal_call,18.255127468623712,39.058318100283884,-103.740234375,0.333984375,768,-5,534
0,t000559-g3-c0:44:8,preflop,fold,"[""Js"", ""Jd""]",[],223,185,probable_missed_terminal_call,82.1164271005365,91.56427918119961,98.986328125,0.6360677083333334,768,-15,-16
0,t000559-g3-c0:67:8,preflop,fold,"[""Ts"", ""Th""]",[],411,195,probable_missed_terminal_call,71.8593205384083,86.09476688877193,208.1123046875,0.4029947916666667,768,-5,-16
0,t000559-g3-c0:76:8,preflop,fold,"[""Ac"", ""Th""]",[],210,195,probable_missed_terminal_call,3.0809496812707806,26.659230402294007,100.4937744140625,0.5462239583333334,768,-5,-16
0,t000559-g4-c0:0:7,preflop,fold,"[""7d"", ""7c""]",[],208,195,probable_missed_terminal_call,8.59786078281892,21.295933940342394,8.762939453125,0.4694010416666667,768,-5,-267
1,t000559-g4-c1:0:7,preflop,fold,"[""7d"", ""7c""]",[],208,195,probable_missed_terminal_call,10.837762715551854,19.621316165786492,6.401611328125,0.4694010416666667,768,-5,-697
0,t000559-g5-c0:28:7,preflop,fold,"[""Qh"", ""Ac""]",[],406,195,probable_missed_terminal_call,22.718964059855907,71.25253118776702,-61.47705078125,0.4385850694444444,768,-5,358
0,t000559-g5-c0:74:8,preflop,fold,"[""Qd"", ""Kd""]",[],420,180,probable_missed_terminal_call,13.836856299639793,51.22738250468533,47.5390625,0.337890625,768,-20,358
0,t000559-g5-c0:88:7,preflop,fold,"[""Tc"", ""Ts""]",[],407,195,probable_missed_terminal_call,72.73796811591743,126.1894968179496,183.35660807291669,0.40972222222222227,768,-5,358
0,t000560-g4-c0:89:6,preflop,fold,"[""Jh"", ""Jc""]",[],207,195,probable_missed_terminal_call,67.47216213619117,80.79023395774462,70.775390625,0.6751302083333334,768,-5,643
0,t000561-g0-c0:8:6,preflop,fold,"[""Ad"", ""Td""]",[],407,195,probable_missed_terminal_call,11.596695957522558,67.32755668369587,96.47127278645834,0.38845486111111116,768,-5,-431
0,t000561-g0-c0:43:6,preflop,fold,"[""Js"", ""Jh""]",[],407,195,probable_missed_terminal_call,93.53254048336406,146.1977434065581,200.50341796875,0.49414062499999994,768,-5,-431
0,t000561-g4-c0:6:7,preflop,fold,"[""Jd"", ""As""]",[],212,195,probable_missed_terminal_call,15.858267351503152,41.01536661503644,66.8770751953125,0.5833333333333334,768,-5,-92
1,t000561-g4-c1:4:6,preflop,fold,"[""6s"", ""6h""]",[],208,195,probable_missed_terminal_call,4.517605189375771,14.580432916140392,-111.3204345703125,0.48046875,768,-5,1158
0,t000571-g3-c0:96:8,preflop,fold,"[""Kc"", ""Ac""]",[],237,166,probable_missed_terminal_call,12.235665850857085,47.145584147428835,39.533935546875,0.4251302083333333,768,-34,450
1,t000571-g3-c1:96:8,preflop,fold,"[""Kc"", ""Ac""]",[],237,166,probable_missed_terminal_call,15.10229972046642,43.14816127419995,32.5975341796875,0.4251302083333333,768,-34,480
0,t000571-g4-c0:67:14,river,call,"[""7s"", ""7d""]","[""2c"", ""6s"", ""Jd"", ""3c"", ""5h""]",132,66,probable_bad_terminal_call,-54.13082454480842,-4.1186186815927295,-66.0,0.5885416666666666,768,-98,-116
0,t000571-g4-c0:83:13,river,call,"[""6d"", ""6c""]","[""8d"", ""2s"", ""9c"", ""Kh"", ""Jh""]",42,21,probable_bad_terminal_call,-14.534134828951974,-3.045597220239763,42.0,0.40234375,768,32,-116
1,t000571-g4-c1:67:14,river,call,"[""7s"", ""7d""]","[""2c"", ""6s"", ""Jd"", ""3c"", ""5h""]",132,66,probable_bad_terminal_call,-54.36801583952384,-3.2889829618215938,-66.0,0.5885416666666666,768,-98,-158
0,t000572-g0-c0:83:6,preflop,fold,"[""7s"", ""7c""]",[],207,195,probable_missed_terminal_call,11.337983381508657,25.484114003854142,-24.0322265625,0.5071614583333334,768,-5,170
1,t000572-g0-c1:83:6,preflop,fold,"[""7s"", ""7c""]",[],207,195,probable_missed_terminal_call,4.756690409263077,20.412355679636633,-19.959228515625,0.5071614583333334,768,-5,170
0,t000572-g1-c0:42:6,preflop,fold,"[""8s"", ""8d""]",[],207,195,probable_missed_terminal_call,15.788760781955348,31.77385391731452,112.09423828125,0.5891927083333334,768,-5,321
1,t000572-g1-c1:42:6,preflop,fold,"[""8s"", ""8d""]",[],405,195,probable_missed_terminal_call,15.992795773289181,36.58261659852832,130.634765625,0.34223090277777785,768,-5,11
0,t000572-g3-c0:95:6,preflop,fold,"[""9c"", ""9d""]",[],207,195,probable_missed_terminal_call,29.017366534359585,45.010585154865645,-5.5810546875,0.62109375,768,-5,-227
0,t000574-g3-c0:15:12,river,call,"[""Ac"", ""Qh""]","[""Tc"", ""Ts"", ""3h"", ""8d"", ""3d""]",64,32,probable_bad_terminal_call,-27.798952327274478,-5.9615277151411075,64.0,0.4479166666666667,768,49,55
1,t000574-g3-c1:15:12,river,call,"[""Ac"", ""Qh""]","[""Tc"", ""Ts"", ""3h"", ""8d"", ""3d""]",64,32,probable_bad_terminal_call,-28.063407520472808,-5.866849981323087,64.0,0.4479166666666667,768,49,55
0,t000575-g2-c0:76:6,preflop,fold,"[""Ad"", ""9d""]",[],208,195,probable_missed_terminal_call,5.337178839668923,19.66062918422575,57.85888671875,0.5221354166666666,768,-5,374
0,t000575-g2-c0:96:6,preflop,fold,"[""Qh"", ""As""]",[],208,195,probable_missed_terminal_call,19.32020965407906,46.569665540241374,80.8326416015625,0.62109375,768,-5,374
0,t000575-g3-c0:90:6,preflop,fold,"[""Js"", ""Jd""]",[],208,195,probable_missed_terminal_call,66.3922128481772,78.32429360664943,86.1456298828125,0.6998697916666666,768,-5,79
0,t000575-g4-c0:32:6,preflop,fold,"[""Ac"", ""Jh""]",[],205,195,probable_missed_terminal_call,10.737722284370157,30.8520227831317,45.673828125,0.5514322916666666,768,-5,-377
0,t000575-g4-c0:51:6,preflop,fold,"[""6d"", ""6h""]",[],207,195,probable_missed_terminal_call,4.977325317849452,13.720211850048694,50.214111328125,0.484375,768,-5,-377
0,t000578-g2-c0:14:9,flop,fold,"[""Qh"", ""Kh""]","[""Js"", ""5c"", ""4h""]",284,122,probable_missed_terminal_call,3.586984898204636,29.16885887627455,-55.70310391363023,0.251953125,768,-78,-112
1,t000578-g2-c1:14:9,flop,fold,"[""Qh"", ""Kh""]","[""Js"", ""5c"", ""4h""]",284,122,probable_missed_terminal_call,4.27267190212197,27.32223487949424,-55.70310391363023,0.251953125,768,-78,-112
0,t000580-g3-c0:34:7,preflop,fold,"[""Ac"", ""Ts""]",[],205,195,probable_missed_terminal_call,3.301564176846724,19.993541716478266,82.05078125,0.4915364583333333,768,-5,147
1,t000580-g4-c1:63:18,river,fold,"[""Jh"", ""Js""]","[""3h"", ""6s"", ""8s"", ""Ks"", ""4d""]",301,100,probable_missed_terminal_call,10.612261607023681,82.12895997541273,-100.0,0.31640625,768,-93,162
0,t000581-g2-c0:37:7,preflop,fold,"[""Jd"", ""Kd""]",[],408,195,probable_missed_terminal_call,11.206459068309245,27.92367450835985,-9.6295166015625,0.3053385416666667,768,-5,10
1,t000581-g2-c1:37:7,preflop,fold,"[""Jd"", ""Kd""]",[],408,195,probable_missed_terminal_call,9.13171709905112,27.025626629577598,-16.131591796875,0.3053385416666667,768,-5,10
0,t000585-g3-c0:52:7,preflop,fold,"[""Qc"", ""Ac""]",[],226,182,probable_missed_terminal_call,49.365829303819986,57.985733196180014,-64.560546875,0.51171875,768,-18,566
0,t000596-g0-c0:16:7,preflop,fold,"[""Jd"", ""Ad""]",[],230,176,probable_missed_terminal_call,41.78807191039385,58.920925108813734,-35.94189453125,0.4837239583333333,768,-24,185
0,t000598-g0-c0:27:7,preflop,fold,"[""6d"", ""6c""]",[],208,195,probable_missed_terminal_call,2.4506116955047963,11.168862191027475,13.092041015625,0.427734375,768,-5,-123
0,t000601-g3-c0:37:7,preflop,fold,"[""7d"", ""7s""]",[],206,195,probable_missed_terminal_call,3.9928667916596057,21.119817405471885,147.5045166015625,0.53125,768,-5,79
0,t000602-g0-c0:89:6,preflop,fold,"[""7s"", ""7h""]",[],207,195,probable_missed_terminal_call,8.341926399473632,20.873475376934476,85.8896484375,0.3893229166666667,768,-5,-108
1,t000602-g0-c1:89:6,preflop,fold,"[""7s"", ""7h""]",[],207,195,probable_missed_terminal_call,9.323065119991302,18.204114947408353,86.87109375,0.3893229166666667,768,-5,-108
0,t000604-g1-c0:35:7,preflop,fold,"[""As"", ""Qd""]",[],210,195,probable_missed_terminal_call,23.032786145876386,43.929210396786964,79.68017578125,0.5377604166666666,768,-5,-206
1,t000604-g2-c1:61:6,preflop,fold,"[""Th"", ""Ac""]",[],208,195,probable_missed_terminal_call,4.239439081917173,22.51577011432025,-82.4925537109375,0.4264322916666667,768,-5,66
0,t000604-g4-c0:81:9,flop,fold,"[""Jd"", ""Js""]","[""Tc"", ""9h"", ""4h""]",229,175,probable_missed_terminal_call,18.12909483538034,88.77219455231538,-117.20782726045884,0.4381510416666667,768,-25,35
1,t000604-g4-c1:81:9,flop,fold,"[""Jd"", ""Js""]","[""Tc"", ""9h"", ""4h""]",229,175,probable_missed_terminal_call,24.088376689127298,89.92326008238445,-117.20782726045884,0.4381510416666667,768,-25,35
0,t000605-g0-c0:48:6,preflop,fold,"[""Qs"", ""Ks""]",[],206,195,probable_missed_terminal_call,9.741653716311413,21.121302160952137,-134.10595703125,0.4791666666666667,768,-5,-196
1,t000605-g0-c1:48:6,preflop,fold,"[""Qs"", ""Ks""]",[],206,195,probable_missed_terminal_call,13.275434871867123,28.277078873921305,-135.574462890625,0.4791666666666667,768,-5,-196
0,t000608-g0-c0:20:7,preflop,fold,"[""Qh"", ""Kh""]",[],226,182,probable_missed_terminal_call,27.50566617641869,48.590421180440394,50.0400390625,0.4283854166666667,768,-18,-644
1,t000608-g0-c1:20:7,preflop,fold,"[""Qh"", ""Kh""]",[],226,182,probable_missed_terminal_call,26.734278866964043,48.08972182688305,45.4580078125,0.4283854166666667,768,-18,-644
0,t000608-g2-c0:96:16,river,call,"[""Jc"", ""Ad""]","[""Th"", ""Kh"", ""9d"", ""Ks"", ""2d""]",343,63,probable_bad_terminal_call,-58.62412017652019,-9.76636043109737,-63.0,0.3509114583333333,768,-200,180
1,t000608-g2-c1:96:16,river,call,"[""Jc"", ""Ad""]","[""Th"", ""Kh"", ""9d"", ""Ks"", ""2d""]",343,63,probable_bad_terminal_call,-59.21793058245012,-9.622179861426421,-63.0,0.3509114583333333,768,-200,180
1,t000610-g2-c1:20:12,river,fold,"[""7s"", ""7d""]","[""4d"", ""5s"", ""Ah"", ""Jd"", ""3s""]",220,181,probable_missed_terminal_call,4.082880570633426,94.0749482475418,-181.0,0.4322916666666667,768,-19,-179
0,t000610-g4-c0:94:6,preflop,fold,"[""Ts"", ""Ac""]",[],207,195,probable_missed_terminal_call,2.6922467165879658,23.866754328117395,74.01416015625,0.4186197916666667,768,-5,361
1,t000610-g4-c1:94:6,preflop,fold,"[""Ts"", ""Ac""]",[],207,195,probable_missed_terminal_call,5.663807555355541,20.727600481743803,72.885498046875,0.4186197916666667,768,-5,361
0,t000622-g1-c0:69:7,preflop,fold,"[""9d"", ""9c""]",[],208,195,probable_missed_terminal_call,29.750833401579836,45.01898569092424,24.80029296875,0.4798177083333333,768,-5,196
1,t000622-g1-c1:69:7,preflop,fold,"[""9d"", ""9c""]",[],208,195,probable_missed_terminal_call,36.344509685247104,45.58556751675906,26.7188720703125,0.4798177083333333,768,-5,196
0,t000622-g2-c0:62:8,preflop,fold,"[""8d"", ""8c""]",[],213,195,probable_missed_terminal_call,19.256648478814377,36.224861894191406,1.728515625,0.4563802083333333,768,-5,-163
1,t000622-g2-c1:62:8,preflop,fold,"[""8d"", ""8c""]",[],213,195,probable_missed_terminal_call,19.657892151497354,32.103022608425164,-7.4853515625,0.4563802083333333,768,-5,-163
0,t000630-g4-c0:90:7,preflop,fold,"[""Tc"", ""Th""]",[],208,195,probable_missed_terminal_call,50.101963077852815,62.66421826792644,-104.187255859375,0.5384114583333334,768,-5,13
0,t000630-g5-c0:56:8,preflop,fold,"[""7s"", ""7c""]",[],210,195,probable_missed_terminal_call,9.781697341153862,22.14417845179546,-142.9412841796875,0.4557291666666667,768,-5,-52
0,t000630-g5-c0:90:8,preflop,fold,"[""Jh"", ""Js""]",[],221,182,probable_missed_terminal_call,15.855855375546776,64.54537680240891,132.9913330078125,0.4869791666666667,768,-18,-52
1,t000630-g5-c1:56:8,preflop,fold,"[""7s"", ""7c""]",[],210,195,probable_missed_terminal_call,8.37314507499223,24.117703397304634,-146.451416015625,0.4557291666666667,768,-5,169
0,t000636-g1-c0:10:5,preflop,fold,"[""As"", ""Js""]",[],206,195,probable_missed_terminal_call,19.91439034368095,39.34188924100602,68.8905029296875,0.572265625,768,-5,11
0,t000636-g2-c0:8:4,preflop,fold,"[""Js"", ""Jc""]",[],202,198,probable_missed_terminal_call,64.49189691251624,84.96333102814468,25.388671875,0.689453125,768,-2,219
1,t000636-g2-c1:20:6,flop,fold,"[""6h"", ""8s""]","[""7d"", ""3c"", ""6s""]",202,198,probable_missed_terminal_call,16.702538598706287,26.895068652878393,-74.58536585365853,0.4453125,768,-2,272
0,t000637-g1-c0:95:12,river,call,"[""2c"", ""2s""]","[""5c"", ""6c"", ""9h"", ""5h"", ""8h""]",58,19,probable_bad_terminal_call,-15.231203747316462,-4.748820326753802,-19.0,0.3736979166666667,768,-37,251
0,t000637-g2-c0:48:17,river,fold,"[""4s"", ""Ks""]","[""4c"", ""5d"", ""2h"", ""5s"", ""7d""]",52,22,probable_missed_terminal_call,9.496935064547083,19.596278483354407,52.0,0.21940104166666666,768,-14,133
1,t000637-g2-c1:48:17,river,fold,"[""4s"", ""Ks""]","[""4c"", ""5d"", ""2h"", ""5s"", ""7d""]",52,22,probable_missed_terminal_call,10.347868371707309,19.281093459805707,52.0,0.21940104166666666,768,-14,133
0,t000641-g2-c0:76:6,preflop,fold,"[""As"", ""Kd""]",[],218,182,probable_missed_terminal_call,4.857064880435273,50.61475305514854,131.4765625,0.4759114583333333,768,-18,-167
1,t000641-g2-c1:76:6,preflop,fold,"[""As"", ""Kd""]",[],218,182,probable_missed_terminal_call,2.6968080091921154,51.389462182169254,134.796875,0.4759114583333333,768,-18,-167
0,t000642-g4-c0:57:8,preflop,fold,"[""Jh"", ""Js""]",[],222,180,probable_missed_terminal_call,11.679798181023685,58.89786212986146,68.747314453125,0.4407552083333333,768,-20,401
1,t000642-g4-c1:57:8,preflop,fold,"[""Jh"", ""Js""]",[],222,180,probable_missed_terminal_call,11.841496235432016,63.985897508472895,68.89453125,0.4407552083333333,768,-20,401
0,t000644-g2-c0:73:7,preflop,fold,"[""Kd"", ""Jd""]",[],212,195,probable_missed_terminal_call,5.015708480089142,18.022709756186806,94.3018798828125,0.46484375,768,-5,-411
1,t000644-g2-c1:73:7,preflop,fold,"[""Kd"", ""Jd""]",[],212,195,probable_missed_terminal_call,3.575978714094396,14.384203814701701,94.0037841796875,0.46916299559471364,681,-5,-411
0,t000647-g2-c0:42:6,preflop,fold,"[""Jd"", ""Ah""]",[],406,195,probable_missed_terminal_call,12.291761549152032,41.039591951921665,-68.39774576822916,0.3361545138888889,768,-5,-82
1,t000647-g2-c1:42:6,preflop,fold,"[""Jd"", ""Ah""]",[],406,195,probable_missed_terminal_call,4.794546068663775,35.72276962759851,-64.06925455729167,0.3361545138888889,768,-5,-82
0,t000647-g3-c0:9:5,preflop,fold,"[""9d"", ""9s""]",[],402,198,probable_missed_terminal_call,46.39919929797002,117.08733783552056,-30.958984375,0.49956597222222215,768,-2,587
0,t000647-g4-c0:48:5,preflop,fold,"[""Ah"", ""Js""]",[],203,198,probable_missed_terminal_call,16.921224221614217,45.29132432396472,73.673583984375,0.5631510416666666,768,-2,58
0,t000647-g4-c0:76:7,preflop,fold,"[""Jc"", ""Jh""]",[],225,182,probable_missed_terminal_call,83.80924893439072,98.27083189599632,-130.9759521484375,0.537109375,768,-18,58
0,t000647-g4-c0:84:6,preflop,fold,"[""Ts"", ""Tc""]",[],407,195,probable_missed_terminal_call,64.82272082435921,83.95274801106788,115.94514973958334,,,-5,58
0,t000647-g4-c0:94:6,preflop,fold,"[""Ts"", ""Th""]",[],407,195,probable_missed_terminal_call,64.98793284414552,86.74037461991725,98.45540364583333,0.36950904392764855,645,-5,58
0,t000652-g1-c0:71:11,river,fold,"[""Kd"", ""Kc""]","[""Tc"", ""7d"", ""6c"", ""4s"", ""9c""]",173,74,probable_missed_terminal_call,16.128002700789946,52.0380745703451,-74.0,0.30859375,768,-49,-127
1,t000652-g1-c1:71:11,river,fold,"[""Kd"", ""Kc""]","[""Tc"", ""7d"", ""6c"", ""4s"", ""9c""]",173,74,probable_missed_terminal_call,13.999985174338576,53.01842295241969,-74.0,0.30859375,768,-49,-40
0,t000658-g0-c0:83:6,preflop,fold,"[""Qh"", ""Kh""]",[],207,195,probable_missed_terminal_call,10.240510153105912,20.309019451499328,-16.524169921875,0.42578125,768,-5,-17
1,t000658-g0-c1:83:6,preflop,fold,"[""Qh"", ""Kh""]",[],207,195,probable_missed_terminal_call,10.475154774638991,23.355586318730005,-14.021484375,0.42578125,768,-5,-17
0,t000667-g3-c0:55:7,preflop,fold,"[""Kd"", ""Qd""]",[],207,195,probable_missed_terminal_call,11.782153052237009,21.101389326320792,-134.64111328125,0.4088541666666667,768,-5,-78
1,t000667-g3-c1:55:7,preflop,fold,"[""Kd"", ""Qd""]",[],207,195,probable_missed_terminal_call,11.199728102471795,20.564378640894645,-133.9541015625,0.4088541666666667,768,-5,-78
0,t000673-g4-c0:93:13,turn,call,"[""Jd"", ""9d""]","[""Qc"", ""Qd"", ""5d"", ""As""]",271,131,probable_bad_terminal_call,-62.870559540311866,-12.51923618249584,-67.52631578947368,0.4108072916666667,768,202,792
1,t000673-g4-c1:93:13,turn,call,"[""Jd"", ""9d""]","[""Qc"", ""Qd"", ""5d"", ""As""]",271,131,probable_bad_terminal_call,-60.34892431784037,-11.665605784833133,-67.52631578947368,0.4108072916666667,768,202,792
0,t000676-g1-c0:2:7,preflop,fold,"[""As"", ""Qh""]",[],208,195,probable_missed_terminal_call,23.48674602298996,46.902056311875754,-20.9996337890625,0.58984375,768,-5,363
0,t000676-g4-c0:8:8,preflop,fold,"[""7c"", ""7s""]",[],210,193,probable_missed_terminal_call,11.75614121600941,25.553361460248816,163.75732421875,0.4713541666666667,768,-7,503
1,t000676-g4-c1:8:8,preflop,fold,"[""7c"", ""7s""]",[],210,193,probable_missed_terminal_call,10.6719713008208,23.116713746011563,163.068603515625,0.4713541666666667,768,-7,503
0,t000676-g5-c0:7:9,preflop,fold,"[""8d"", ""8h""]",[],412,191,probable_missed_terminal_call,3.9889356125897875,42.40586537478292,107.65380859375,0.3298611111111111,768,-9,1227
1,t000676-g5-c1:7:9,preflop,fold,"[""8d"", ""8h""]",[],412,191,probable_missed_terminal_call,7.964650461447882,44.00109854413657,117.46826171875,0.3298611111111111,768,-9,1227
0,t000685-g0-c0:34:4,preflop,fold,"[""Jc"", ""Js""]",[],203,198,probable_missed_terminal_call,67.88537333403227,88.02366690159823,161.0986328125,0.7057291666666666,768,-2,-621
0,t000685-g0-c0:59:5,preflop,fold,"[""Jd"", ""As""]",[],207,195,probable_missed_terminal_call,11.31454353446828,36.624032177882114,77.694580078125,0.55859375,768,-5,-621
0,t000685-g2-c0:9:5,preflop,fold,"[""Th"", ""Td""]",[],405,195,probable_missed_terminal_call,63.7713905220165,120.00437497479285,100.41015625,0.482421875,768,-5,-548
0,t000685-g3-c0:11:4,preflop,fold,"[""Ts"", ""Td""]",[],203,198,probable_missed_terminal_call,47.13806741294453,76.98764917775412,83.2188720703125,0.6171875,768,-2,862
0,t000685-g3-c0:64:5,preflop,fold,"[""9c"", ""9d""]",[],405,195,probable_missed_terminal_call,34.964021041794986,89.42042610468556,31.025390625,0.40277777777777773,768,-5,862
0,t000690-g0-c0:93:6,preflop,fold,"[""Tc"", ""Th""]",[],208,195,probable_missed_terminal_call,46.867871755766586,65.06481946083312,6.0572509765625,0.6360677083333334,768,-5,-275
0,t000690-g1-c0:40:6,preflop,fold,"[""Tc"", ""Ts""]",[],205,195,probable_missed_terminal_call,51.273924316321,60.58144242571392,80.732421875,0.6529947916666666,768,-5,-176
0,t000690-g2-c0:16:6,preflop,fold,"[""7c"", ""7d""]",[],407,195,probable_missed_terminal_call,2.1024455166520264,26.296936570689557,58.33186848958333,0.30121527777777785,768,-5,97
1,t000690-g2-c1:16:6,preflop,fold,"[""7c"", ""7d""]",[],407,195,probable_missed_terminal_call,7.991449307065634,26.885513319464494,63.206461588541664,0.30121527777777785,768,-5,97
0,t000690-g3-c0:29:5,preflop,fold,"[""Ts"", ""Ac""]",[],203,198,probable_missed_terminal_call,6.419917293484632,37.454116713998474,53.60400390625,0.5442708333333334,768,-2,309
0,t000692-g2-c0:85:8,preflop,fold,"[""Jc"", ""Jd""]",[],230,175,probable_missed_terminal_call,20.769619650662484,69.47691491490497,145.7073974609375,0.53515625,768,-25,-126
0,t000695-g0-c0:40:11,river,call,"[""4h"", ""Ah""]","[""9d"", ""4s"", ""9c"", ""Qs"", ""5h""]",169,72,probable_bad_terminal_call,-61.492390582196045,-3.043910249558706,-72.0,0.4016927083333333,768,-119,-451
1,t000695-g0-c1:40:11,river,call,"[""4h"", ""Ah""]","[""9d"", ""4s"", ""9c"", ""Qs"", ""5h""]",169,72,probable_bad_terminal_call,-61.64485816471451,-5.794992919290264,-72.0,0.4016927083333333,768,-119,-451
0,t000697-g1-c0:14:5,preflop,fold,"[""8c"", ""8s""]",[],206,195,probable_missed_terminal_call,20.06960404932342,30.65587418232512,39.0308837890625,0.4739583333333333,768,-5,183
1,t000697-g1-c1:14:5,preflop,fold,"[""8c"", ""8s""]",[],206,195,probable_missed_terminal_call,15.976104795138147,30.774492543868774,39.4224853515625,0.4739583333333333,768,-5,183
0,t000698-g4-c0:21:15,river,call,"[""7h"", ""7d""]","[""Qh"", ""2c"", ""2s"", ""4c"", ""9d""]",180,108,probable_bad_terminal_call,-92.53318183036546,-18.270859658331766,-108.0,0.513671875,768,-143,-263
1,t000698-g4-c1:21:15,river,call,"[""7h"", ""7d""]","[""Qh"", ""2c"", ""2s"", ""4c"", ""9d""]",180,108,probable_bad_terminal_call,-88.76560522429833,-19.78152304448689,-108.0,0.513671875,768,-143,-263
0,t000699-g1-c0:14:9,flop,fold,"[""8d"", ""8s""]","[""Td"", ""3d"", ""5c""]",221,182,probable_missed_terminal_call,4.7943216383079434,64.55393974797678,-145.08858858858858,0.5201822916666666,768,-18,-173
1,t000699-g1-c1:14:9,flop,fold,"[""8d"", ""8s""]","[""Td"", ""3d"", ""5c""]",221,182,probable_missed_terminal_call,5.235518529785269,62.59421261932451,-145.08858858858858,0.5201822916666666,768,-18,-173
0,t000700-g0-c0:83:6,preflop,fold,"[""As"", ""Js""]",[],206,195,probable_missed_terminal_call,20.1375699554834,41.1775548840904,75.40087890625,0.5846354166666666,768,-5,129
0,t000706-g0-c0:88:21,river,call,"[""Kc"", ""Jh""]","[""Jd"", ""5d"", ""9d"", ""4d"", ""4s""]",130,65,probable_bad_terminal_call,-48.99778630730092,-13.051460926543115,-65.0,0.5065104166666666,768,-85,207
1,t000706-g0-c1:88:21,river,call,"[""Kc"", ""Jh""]","[""Jd"", ""5d"", ""9d"", ""4d"", ""4s""]",130,65,probable_bad_terminal_call,-49.36472242885244,-12.930417855728296,-65.0,0.5065104166666666,768,-85,207
0,t000708-g1-c0:20:6,preflop,fold,"[""Qd"", ""Ad""]",[],230,176,probable_missed_terminal_call,53.128700002224136,64.49337838822957,66.797119140625,0.5052083333333334,768,-24,18
0,t000713-g0-c0:12:5,preflop,fold,"[""Ac"", ""Qc""]",[],203,198,probable_missed_terminal_call,38.4592844675723,62.19955381696807,152.5323486328125,0.6236979166666666,768,-2,376
0,t000713-g0-c0:29:6,preflop,fold,"[""8h"", ""8s""]",[],208,195,probable_missed_terminal_call,19.095926264399726,32.001939777091565,147.097412109375,0.5377604166666666,768,-5,376
0,t000713-g2-c0:39:6,preflop,fold,"[""Qs"", ""Ad""]",[],205,195,probable_missed_terminal_call,19.997402862462078,44.27400747005904,89.47265625,0.62890625,768,-5,114
0,t000714-g4-c0:63:11,river,call,"[""Jh"", ""4d""]","[""4h"", ""8h"", ""5c"", ""2c"", ""Ad""]",72,36,probable_bad_terminal_call,-32.27722777231235,-23.64530408419889,72.0,0.4205729166666667,768,54,246
1,t000714-g4-c1:63:11,river,call,"[""Jh"", ""4d""]","[""4h"", ""8h"", ""5c"", ""2c"", ""Ad""]",72,36,probable_bad_terminal_call,-32.64635300271309,-23.054796800371097,72.0,0.4205729166666667,768,54,246
0,t000716-g4-c0:71:7,preflop,fold,"[""Qs"", ""Ah""]",[],222,185,probable_missed_terminal_call,36.027269648791176,46.697116139600794,-89.80810546875,0.5052083333333334,768,-15,-111
0,t000717-g0-c0:70:7,preflop,fold,"[""Ac"", ""Th""]",[],210,193,probable_missed_terminal_call,7.01324410187029,22.995350076210265,41.2142333984375,0.5598958333333334,768,-7,-162
0,t000717-g3-c0:24:5,preflop,fold,"[""Jc"", ""Js""]",[],203,198,probable_missed_terminal_call,66.48118804805301,87.78186592082145,111.7568359375,0.6842447916666666,768,-2,514
1,t000717-g3-c1:87:11,river,call,"[""As"", ""6d""]","[""Kd"", ""Ts"", ""5d"", ""Jc"", ""Jd""]",30,15,probable_bad_terminal_call,-12.785516588556135,-5.329290281832876,7.5,0.654296875,512,0,749
0,t000717-g4-c0:34:6,preflop,fold,"[""Ah"", ""Qd""]",[],208,195,probable_missed_terminal_call,20.269609710363863,45.70635114663287,108.3814697265625,0.615234375,768,-5,353
0,t000718-g4-c0:52:17,river,call,"[""6c"", ""6h""]","[""Js"", ""3d"", ""4d"", ""9d"", ""2h""]",132,79,probable_bad_terminal_call,-70.45200605069564,-26.375792633874543,-79.0,0.49609375,768,-103,-355
1,t000718-g4-c1:52:17,river,call,"[""6c"", ""6h""]","[""Js"", ""3d"", ""4d"", ""9d"", ""2h""]",132,79,probable_bad_terminal_call,-71.11421793166699,-28.123125894885284,-79.0,0.49609375,768,-103,-355
0,t000719-g0-c0:38:6,preflop,fold,"[""Jc"", ""Ah""]",[],208,195,probable_missed_terminal_call,5.338260659109379,34.15367557632978,23.4720458984375,0.509765625,768,-5,-59
1,t000719-g0-c1:38:6,preflop,fold,"[""Jc"", ""Ah""]",[],208,195,probable_missed_terminal_call,8.533748825969537,36.47929918717227,23.81640625,0.509765625,768,-5,-59
0,t000722-g2-c0:18:9,preflop,fold,"[""Th"", ""Tc""]",[],230,175,probable_missed_terminal_call,39.79859720551202,77.42598107063509,12.27294921875,0.5390625,768,-25,58
0,t000723-g1-c0:2:7,flop,fold,"[""Qh"", ""Ac""]","[""3h"", ""2s"", ""6h""]",206,195,probable_missed_terminal_call,4.754084382050047,19.528940134313814,116.7085020242915,0.5221354166666666,768,-5,16
1,t000723-g1-c1:2:7,flop,fold,"[""Qh"", ""Ac""]","[""3h"", ""2s"", ""6h""]",206,195,probable_missed_terminal_call,3.875361865589107,18.888388369248226,116.7085020242915,0.5221354166666666,768,-5,16
0,t000731-g3-c0:63:8,preflop,fold,"[""Ts"", ""Th""]",[],237,172,probable_missed_terminal_call,42.999271091067236,81.97687817635101,141.639892578125,0.5807291666666666,768,-28,-195
0,t000733-g3-c0:57:8,preflop,fold,"[""Th"", ""Tc""]",[],222,185,probable_missed_terminal_call,63.034220951102775,74.48018267788784,176.2423095703125,0.5084635416666666,768,-15,150
0,t000737-g2-c0:67:8,preflop,fold,"[""Kd"", ""Ad""]",[],236,166,probable_missed_terminal_call,10.863553814499538,48.318570204582734,-118.448974609375,0.4212239583333333,768,-34,69
1,t000737-g2-c1:67:8,preflop,fold,"[""Kd"", ""Ad""]",[],236,166,probable_missed_terminal_call,13.118393229732487,43.65248640676379,-120.313720703125,0.4212239583333333,768,-34,69
0,t000741-g3-c0:87:11,river,call,"[""Ac"", ""Tc""]","[""Js"", ""Qd"", ""7c"", ""5h"", ""5d""]",286,115,probable_bad_terminal_call,-111.30969459276523,-79.66407040753745,-115.0,0.3528645833333333,768,-200,248
0,t000743-g2-c0:73:19,river,call,"[""Tc"", ""Ks""]","[""4c"", ""7d"", ""3d"", ""5s"", ""2s""]",215,195,probable_bad_terminal_call,-73.20478553684627,-14.61900384857957,-195.0,0.5240885416666666,768,-200,-95
0,t000746-g0-c0:43:5,preflop,fold,"[""Td"", ""Tc""]",[],207,195,probable_missed_terminal_call,52.65445347328976,63.296536670634005,47.564208984375,0.6315104166666666,768,-5,-40
0,t000750-g1-c0:22:6,preflop,fold,"[""9c"", ""Ac""]",[],206,195,probable_missed_terminal_call,3.0784891628523976,20.1950834145377,-60.3380126953125,0.5169270833333334,768,-5,-370
0,t000751-g3-c0:3:8,flop,fold,"[""Th"", ""Kc""]","[""Tc"", ""7d"", ""Jh""]",215,185,probable_missed_terminal_call,2.4839925300263728,67.40037716420342,39.02159244264507,0.529296875,768,-15,68
1,t000751-g3-c1:3:8,flop,fold,"[""Th"", ""Kc""]","[""Tc"", ""7d"", ""Jh""]",215,185,probable_missed_terminal_call,2.6260250955642412,67.49528123527851,39.02159244264507,0.529296875,768,-15,68
0,t000752-g1-c0:67:11,turn,fold,"[""Kc"", ""Jh""]","[""Js"", ""8d"", ""Qh"", ""Qc""]",220,181,probable_missed_terminal_call,54.78126857354265,109.96551939047332,175.44444444444446,0.47265625,768,-19,257
1,t000752-g1-c1:67:11,turn,fold,"[""Kc"", ""Jh""]","[""Js"", ""8d"", ""Qh"", ""Qc""]",220,181,probable_missed_terminal_call,54.73706835879795,108.72527964827376,175.44444444444446,0.47265625,768,-19,257
0,t000753-g1-c0:73:7,preflop,fold,"[""Ah"", ""Qh""]",[],227,182,probable_missed_terminal_call,52.696800485316594,62.45506253115601,-35.714599609375,0.525390625,768,-18,-267
0,t000753-g3-c0:12:7,preflop,fold,"[""Jh"", ""Jc""]",[],222,185,probable_missed_terminal_call,79.41007413859236,93.74336716548068,27.244140625,0.5436197916666666,768,-15,-188
0,t000753-g3-c0:33:14,river,call,"[""8c"", ""8d""]","[""6s"", ""6d"", ""Tc"", ""Js"", ""4h""]",156,78,probable_bad_terminal_call,-66.1303836397063,-8.010190259825812,156.0,0.4427083333333333,768,118,-188
1,t000753-g3-c1:33:14,river,call,"[""8c"", ""8d""]","[""6s"", ""6d"", ""Tc"", ""Js"", ""4h""]",156,78,probable_bad_terminal_call,-65.27075647221757,-7.331357492763802,156.0,0.4427083333333333,768,118,-373
0,t000767-g0-c0:63:7,preflop,fold,"[""Ac"", ""Js""]",[],407,195,probable_missed_terminal_call,10.996545088676527,70.49318903035267,155.43180338541669,0.37087673611111116,768,-5,1234
0,t000767-g0-c0:74:6,preflop,fold,"[""Jd"", ""Ah""]",[],403,198,probable_missed_terminal_call,22.838582767856003,82.85800589244904,-48.5570068359375,0.429470486111111,768,-2,1234
0,t000767-g1-c0:48:8,preflop,fold,"[""Jh"", ""Js""]",[],420,180,probable_missed_terminal_call,64.82112087700305,134.18145437980343,124.58984375,0.5052083333333334,768,-20,738
0,t000767-g2-c0:37:7,preflop,fold,"[""Th"", ""Tc""]",[],208,195,probable_missed_terminal_call,50.8199344020171,64.31164290894719,72.81396484375,0.6399739583333334,768,-5,530
0,t000767-g3-c0:30:7,preflop,fold,"[""8d"", ""8h""]",[],407,195,probable_missed_terminal_call,22.80162843713481,76.79688903804208,33.9833984375,0.3936631944444445,768,-5,-87
0,t000770-g0-c0:93:11,river,fold,"[""Qd"", ""Qs""]","[""7c"", ""8d"", ""Jc"", ""8c"", ""2s""]",135,81,probable_missed_terminal_call,5.783017238082904,48.17976225141284,-81.0,0.404296875,768,-26,8
1,t000770-g0-c1:93:11,river,fold,"[""Qd"", ""Qs""]","[""7c"", ""8d"", ""Jc"", ""8c"", ""2s""]",135,81,probable_missed_terminal_call,5.875673364890529,49.479590450405496,-81.0,0.404296875,768,-26,8
0,t000773-g5-c0:95:7,preflop,fold,"[""Jh"", ""Ac""]",[],207,195,probable_missed_terminal_call,14.42341932383394,31.508253617806407,32.646240234375,0.5911458333333334,768,-5,568
0,t000774-g0-c0:44:6,preflop,fold,"[""Td"", ""Tc""]",[],206,195,probable_missed_terminal_call,49.81788354077653,60.242045489066854,76.3798828125,0.5774739583333334,768,-5,-161
0,t000775-g0-c0:11:8,preflop,fold,"[""Jc"", ""Jd""]",[],221,185,probable_missed_terminal_call,79.00833645259972,93.18398249556843,-97.376953125,0.591796875,768,-15,-77
0,t000775-g4-c0:20:8,preflop,fold,"[""Ad"", ""Ks""]",[],221,182,probable_missed_terminal_call,6.791384098459761,49.41463125920762,7.398193359375,0.4798177083333333,768,-18,56
1,t000775-g4-c1:20:8,preflop,fold,"[""Ad"", ""Ks""]",[],221,182,probable_missed_terminal_call,2.179370408205596,55.55099901511994,6.217529296875,0.4798177083333333,768,-18,56
0,t000776-g1-c0:21:5,preflop,fold,"[""Ad"", ""Jd""]",[],203,198,probable_missed_terminal_call,25.58723591934188,53.497633252248846,72.6456298828125,0.6256510416666666,768,-2,574
0,t000776-g1-c0:47:6,preflop,fold,"[""Ac"", ""Qh""]",[],406,195,probable_missed_terminal_call,18.556542812248573,68.42992549476278,123.93888346354167,0.3914930555555556,768,-5,574
0,t000776-g1-c0:92:6,preflop,fold,"[""7h"", ""7s""]",[],406,195,probable_missed_terminal_call,3.078119580605561,63.001577587635325,121.39558919270834,0.3331163194444445,768,-5,574
0,t000776-g4-c0:99:6,preflop,fold,"[""8h"", ""8c""]",[],406,195,probable_missed_terminal_call,20.480822724093358,81.23068155657634,-82.11686197916667,0.37348090277777785,768,-5,-70
1,t000777-g3-c1:30:12,river,fold,"[""As"", ""Ah""]","[""4c"", ""7d"", ""Ks"", ""5d"", ""6c""]",54,27,probable_missed_terminal_call,7.750533992594823,11.907351235522642,-27.0,0.3782552083333333,768,-13,133
0,t000779-g2-c0:6:5,preflop,fold,"[""8c"", ""8s""]",[],207,195,probable_missed_terminal_call,14.905220244601017,30.627305381078127,155.130615234375,0.521484375,768,-5,1093
0,t000781-g1-c0:54:5,preflop,fold,"[""Jh"", ""Ad""]",[],206,195,probable_missed_terminal_call,8.002254079560924,29.030749875728525,-72.135009765625,0.5970052083333334,768,-5,405
0,t000784-g0-c0:80:6,preflop,fold,"[""Ah"", ""Jd""]",[],206,195,probable_missed_terminal_call,15.665138383011449,31.193896401972516,59.638916015625,0.4459635416666667,768,-5,-103
1,t000784-g0-c1:80:6,preflop,fold,"[""Ah"", ""Jd""]",[],206,195,probable_missed_terminal_call,14.734194606777061,28.40013486499938,57.0445556640625,0.4459635416666667,768,-5,-103
0,t000790-g0-c0:79:10,river,call,"[""As"", ""Qh""]","[""8d"", ""7s"", ""3d"", ""6c"", ""2c""]",51,10,probable_bad_terminal_call,-8.719991503976422,-2.6388643039249167,51.0,0.2779947916666667,768,31,-5
1,t000790-g0-c1:79:10,river,call,"[""As"", ""Qh""]","[""8d"", ""7s"", ""3d"", ""6c"", ""2c""]",51,10,probable_bad_terminal_call,-8.649967313922861,-3.4010577667172255,51.0,0.2779947916666667,768,31,-5
1,t000792-g5-c1:98:16,river,fold,"[""Kd"", ""Kh""]","[""8c"", ""7d"", ""Td"", ""9h"", ""Qd""]",382,22,probable_missed_terminal_call,14.199521503606254,90.79261095038748,-22.0,0.08268229166666667,768,-178,175
0,t000793-g0-c0:22:13,river,call,"[""Js"", ""9s""]","[""Td"", ""Qh"", ""7s"", ""9d"", ""4c""]",117,50,probable_bad_terminal_call,-46.28069796531831,-14.192495851289884,-50.0,0.3723958333333333,768,-83,296
0,t000795-g0-c0:54:6,preflop,fold,"[""Kh"", ""Qs""]",[],405,195,probable_missed_terminal_call,7.134658465664037,23.083479907840502,-0.615234375,0.2717013888888889,768,-5,-307
0,t000809-g4-c0:93:13,river,call,"[""Ac"", ""9h""]","[""3d"", ""Kh"", ""Jh"", ""6c"", ""9d""]",172,103,probable_bad_terminal_call,-82.33000199098987,-10.850025734329009,-103.0,0.4427083333333333,384,-137,116
0,t000811-g2-c0:13:11,river,call,"[""Jc"", ""Ad""]","[""Ah"", ""Td"", ""Qh"", ""7h"", ""6h""]",251,155,probable_bad_terminal_call,-91.89885521782782,-23.65829340653093,-155.0,0.54296875,768,-200,-156
1,t000811-g2-c1:13:11,river,call,"[""Jc"", ""Ad""]","[""Ah"", ""Td"", ""Qh"", ""7h"", ""6h""]",251,155,probable_bad_terminal_call,-93.61265778659593,-22.88778366622403,-155.0,0.54296875,768,-200,-156
0,t000813-g3-c0:23:10,river,call,"[""Ah"", ""9c""]","[""Td"", ""5h"", ""8h"", ""Js"", ""3s""]",32,6,probable_bad_terminal_call,-5.77413853805105,-2.3657821971477504,32.0,0.19661458333333334,768,19,144
0,t000814-g1-c0:90:13,river,call,"[""Kc"", ""Ad""]","[""5s"", ""2s"", ""7s"", ""Th"", ""Ts""]",305,95,probable_bad_terminal_call,-46.58932488233668,-2.4152266109164886,-95.0,0.345703125,768,-200,-64
1,t000814-g1-c1:90:13,river,call,"[""Kc"", ""Ad""]","[""5s"", ""2s"", ""7s"", ""Th"", ""Ts""]",305,95,probable_bad_terminal_call,-49.902304407018754,-5.537492073662932,-95.0,0.345703125,768,-200,-64
0,t000816-g0-c0:16:7,preflop,fold,"[""Qh"", ""Ac""]",[],225,180,probable_missed_terminal_call,38.07147187778595,53.92939612403207,24.4775390625,0.498046875,768,-20,68
0,t000816-g3-c0:59:5,preflop,fold,"[""Qs"", ""Kd""]",[],402,198,probable_missed_terminal_call,3.307952222143233,34.543133128408996,-15.333984375,0.3661024305555556,768,-2,-14
0,t000816-g4-c0:78:5,preflop,fold,"[""Ah"", ""Qd""]",[],203,198,probable_missed_terminal_call,31.99741250469856,56.454836250369354,68.974365234375,0.607421875,768,-2,240
0,t000821-g1-c0:15:5,preflop,fold,"[""Js"", ""Jh""]",[],207,195,probable_missed_terminal_call,66.85049805437389,82.58967908262903,169.80322265625,0.634765625,768,-5,-180
0,t000821-g1-c0:80:5,preflop,fold,"[""8d"", ""Ad""]",[],205,195,probable_missed_terminal_call,2.678452788752617,12.68515524350762,63.544921875,0.513671875,768,-5,-180
1,t000821-g1-c1:59:5,preflop,fold,"[""Qc"", ""Kd""]",[],207,195,probable_missed_terminal_call,3.7914376680267834,14.07435329171618,131.0361328125,0.5110677083333334,768,-5,-28
0,t000821-g3-c0:58:9,turn,fold,"[""Ah"", ""As""]","[""6d"", ""4d"", ""5s"", ""3h""]",215,185,probable_missed_terminal_call,9.40364805566433,29.188965794276463,-175.0,0.39453125,768,-15,460
1,t000821-g3-c1:58:9,turn,fold,"[""Ah"", ""As""]","[""6d"", ""4d"", ""5s"", ""3h""]",215,185,probable_missed_terminal_call,9.568560647613491,30.366787335721497,-175.0,0.359375,768,-15,-400
0,t000822-g4-c0:55:7,preflop,fold,"[""Ad"", ""Qd""]",[],221,185,probable_missed_terminal_call,43.56215571160996,54.07794454869006,119.896484375,0.57421875,768,-15,16
0,t000826-g0-c0:83:7,preflop,fold,"[""Ac"", ""Jh""]",[],207,195,probable_missed_terminal_call,10.777981979215333,31.381741687794424,-82.968017578125,0.505859375,768,-5,41
1,t000826-g0-c1:83:7,preflop,fold,"[""Ac"", ""Jh""]",[],207,195,probable_missed_terminal_call,9.722212094970944,31.226616876514214,-82.72265625,0.505859375,768,-5,41
0,t000833-g1-c0:94:13,river,call,"[""Kc"", ""Ac""]","[""5s"", ""4d"", ""7d"", ""9c"", ""Ts""]",134,22,probable_bad_terminal_call,-21.775286144302434,-14.57948513160181,-22.0,0.2250434027777778,768,-52,97
1,t000833-g1-c1:94:13,river,call,"[""Kc"", ""Ac""]","[""5s"", ""4d"", ""7d"", ""9c"", ""Ts""]",134,22,probable_bad_terminal_call,-21.758311220632983,-14.630211831991584,-22.0,0.2250434027777778,768,-52,97
0,t000835-g0-c0:13:6,preflop,fold,"[""Ad"", ""Td""]",[],206,195,probable_missed_terminal_call,15.189380612597954,28.71901080839402,74.0302734375,0.537109375,768,-5,54
0,t000835-g2-c0:91:6,preflop,fold,"[""Ad"", ""Qc""]",[],208,195,probable_missed_terminal_call,21.04487235285645,43.428889177108246,106.3153076171875,0.5384114583333334,768,-5,-156
0,t000836-g3-c0:41:16,river,call,"[""Kc"", ""7c""]","[""5c"", ""8h"", ""6c"", ""2h"", ""Td""]",371,35,probable_bad_terminal_call,-34.04429132193516,-20.20651629330372,-35.0,0.14973958333333334,768,-200,-157
1,t000836-g3-c1:41:16,river,call,"[""Kc"", ""7c""]","[""5c"", ""8h"", ""6c"", ""2h"", ""Td""]",371,35,probable_bad_terminal_call,-33.87602096197254,-20.68021796012789,-35.0,0.14973958333333334,768,-200,-109
1,t000837-g0-c1:60:14,river,fold,"[""Ah"", ""Ks""]","[""Jh"", ""Th"", ""8h"", ""8s"", ""4d""]",402,1,probable_missed_terminal_call,2.389546464996353,71.15347291495036,-1.0,0.014322916666666666,768,-199,-133
1,t000840-g2-c1:59:8,flop,fold,"[""6h"", ""6s""]","[""8s"", ""7d"", ""2h""]",215,185,probable_missed_terminal_call,4.9880693760822705,31.838456559140575,49.27800269905533,0.525390625,768,-15,56
0,t000846-g1-c0:84:7,preflop,fold,"[""Ac"", ""Qc""]",[],429,173,probable_missed_terminal_call,38.9414250578077,62.19553476389329,65.07120768229166,0.326171875,768,-27,274
0,t000850-g4-c0:50:11,river,call,"[""Qc"", ""Ac""]","[""7d"", ""Tc"", ""7s"", ""6c"", ""4h""]",66,22,probable_bad_terminal_call,-19.123189196961988,-4.5980536897553295,66.0,0.3489583333333333,768,45,-413
1,t000850-g4-c1:50:11,river,call,"[""Qc"", ""Ac""]","[""7d"", ""Tc"", ""7s"", ""6c"", ""4h""]",66,22,probable_bad_terminal_call,-19.155869273471627,-4.914266449402849,66.0,0.3489583333333333,768,45,-413
0,t000854-g1-c0:10:7,preflop,fold,"[""Js"", ""Jc""]",[],222,180,probable_missed_terminal_call,15.208508484884483,61.05258587931135,60.2578125,0.51953125,768,-20,12
0,t000856-g3-c0:45:9,flop,fold,"[""Jc"", ""Jd""]","[""2h"", ""Qd"", ""6c""]",218,185,probable_missed_terminal_call,2.9622775429894252,40.43388661169801,-144.21052631578948,0.4908854166666667,768,-15,139
0,t000857-g0-c0:83:5,preflop,fold,"[""Js"", ""Jd""]",[],208,195,probable_missed_terminal_call,66.86553472948358,78.32543189360393,71.731689453125,0.6438802083333334,768,-5,-97
0,t000857-g0-c0:86:4,preflop,fold,"[""Ts"", ""As""]",[],403,198,probable_missed_terminal_call,30.32263174659441,62.08608245930117,6.930826822916667,0.4112413194444445,768,-2,-97
0,t000857-g2-c0:56:4,preflop,fold,"[""Ah"", ""Th""]",[],203,198,probable_missed_terminal_call,12.724720609142452,51.21224230815308,74.2120361328125,0.587890625,768,-2,114
0,t000859-g1-c0:9:7,preflop,fold,"[""Tc"", ""Th""]",[],207,195,probable_missed_terminal_call,45.28091001917317,63.88242392268768,23.2734375,0.5716145833333334,768,-5,-244
0,t000863-g2-c0:6:6,preflop,fold,"[""Ah"", ""Td""]",[],208,195,probable_missed_terminal_call,4.243763827794463,22.050942728534523,109.3653564453125,0.490234375,768,-5,1018
1,t000863-g2-c1:6:6,preflop,fold,"[""Ah"", ""Td""]",[],208,195,probable_missed_terminal_call,2.6925761545068356,24.23680747503137,110.3492431640625,0.490234375,768,-5,1018
1,t000863-g2-c1:46:6,preflop,fold,"[""Jh"", ""Qh""]",[],408,195,probable_missed_terminal_call,2.2519419470458244,45.5421157401545,-89.00390625,0.3174913194444445,768,-5,1018
0,t000868-g2-c0:98:5,preflop,fold,"[""9h"", ""9s""]",[],206,195,probable_missed_terminal_call,30.35832885312498,43.021789427290514,141.287841796875,0.55078125,768,-5,-34
0,t000874-g0-c0:38:6,preflop,fold,"[""7h"", ""7c""]",[],403,198,probable_missed_terminal_call,12.986865922717577,74.14440024240747,-183.62060546875,0.3776041666666667,768,-2,807
0,t000874-g2-c0:16:7,preflop,fold,"[""As"", ""Ts""]",[],206,195,probable_missed_terminal_call,10.48362682597014,34.19139238487474,59.9815673828125,0.5651041666666666,768,-5,120
0,t000874-g4-c0:86:8,preflop,fold,"[""Js"", ""Jc""]",[],416,185,probable_missed_terminal_call,61.19688873489653,133.20399250667614,217.37849934895831,0.40668402777777773,768,-15,249
0,t000875-g4-c0:80:7,flop,fold,"[""8c"", ""Ac""]","[""2s"", ""Js"", ""As""]",207,195,probable_missed_terminal_call,8.754297326949953,51.78358312960353,-179.8097165991903,0.4622395833333333,768,-5,72
1,t000875-g4-c1:80:7,flop,fold,"[""8c"", ""Ac""]","[""2s"", ""Js"", ""As""]",207,195,probable_missed_terminal_call,6.71728070502372,54.71951455706292,-179.8097165991903,0.4622395833333333,768,-5,72
1,t000877-g1-c1:11:7,preflop,fold,"[""Ah"", ""8h""]",[],206,195,probable_missed_terminal_call,4.1712986671921035,14.738268986805574,81.3238525390625,0.505859375,768,-5,476
0,t000877-g3-c0:2:7,preflop,fold,"[""Qs"", ""Ks""]",[],207,195,probable_missed_terminal_call,8.962308679359051,25.113472579988983,97.37255859375,0.5423177083333334,768,-5,-243
0,t000878-g3-c0:85:13,river,call,"[""Qc"", ""As""]","[""8h"", ""5c"", ""9h"", ""Ts"", ""3c""]",144,72,probable_bad_terminal_call,-58.36895436325653,-12.721090960872093,-72.0,0.38671875,768,-107,-66
0,t000878-g4-c0:88:6,preflop,fold,"[""7d"", ""7h""]",[],402,198,probable_missed_terminal_call,17.637543303622518,50.53872929625335,-68.3125,0.3600260416666667,768,-2,429
0,t000879-g0-c0:69:9,flop,call,"[""Ah"", ""Kc""]","[""4c"", ""6h"", ""9s""]",210,192,probable_bad_terminal_call,-63.87575212712239,-4.485789010944876,94.71171171171171,0.5859375,768,202,130
0,t000879-g2-c0:24:6,preflop,fold,"[""6s"", ""6h""]",[],203,198,probable_missed_terminal_call,3.1670161401634633,19.636883195390652,162.2734375,0.5065104166666666,768,-2,70
0,t000879-g3-c0:71:6,preflop,fold,"[""7h"", ""7c""]",[],203,198,probable_missed_terminal_call,11.573813757968129,31.976815944036268,19.2899169921875,0.517578125,768,-2,153
1,t000879-g3-c1:68:14,river,fold,"[""Qs"", ""Qh""]","[""Tc"", ""7h"", ""6h"", ""9s"", ""8c""]",320,83,probable_missed_terminal_call,10.823281005339243,28.80297599841522,118.5,0.255859375,768,-117,34
1,t000879-g3-c1:71:6,preflop,fold,"[""7h"", ""7c""]",[],203,198,probable_missed_terminal_call,9.32177057296681,32.32119874938536,19.436767578125,0.517578125,768,-2,34
0,t000879-g5-c0:77:8,flop,fold,"[""Jd"", ""Jc""]","[""8d"", ""Ks"", ""3c""]",206,195,probable_missed_terminal_call,3.5136207041233023,55.078943491970705,118.6951951951952,0.4609375,768,-5,172
1,t000879-g5-c1:77:8,flop,fold,"[""Jd"", ""Jc""]","[""8d"", ""Ks"", ""3c""]",206,195,probable_missed_terminal_call,4.810956161918333,55.34708278678357,118.6951951951952,0.4609375,768,-5,172
1,t000884-g0-c1:71:5,preflop,fold,"[""8c"", ""Ac""]",[],208,195,probable_missed_terminal_call,2.329938042981559,11.39293621885987,-80.377197265625,0.455078125,768,-5,-192
0,t000886-g4-c0:69:6,preflop,fold,"[""Tc"", ""Ts""]",[],605,195,probable_missed_terminal_call,71.5194579722825,89.6412499247903,-59.794921875,0.3151041666666667,768,-5,-333
0,t000887-g0-c0:31:5,preflop,fold,"[""Td"", ""Kd""]",[],605,195,probable_missed_terminal_call,4.650588652064032,45.18516906818335,-121.171875,0.21712239583333334,768,-5,341
1,t000887-g0-c1:31:5,preflop,fold,"[""Td"", ""Kd""]",[],605,195,probable_missed_terminal_call,9.656201644240246,46.3193380890381,-124.833984375,0.21712239583333334,768,-5,341
0,t000892-g2-c0:67:16,river,call,"[""Qs"", ""Kd""]","[""3s"", ""6d"", ""4d"", ""Ad"", ""Jc""]",87,37,probable_bad_terminal_call,-33.03350446152062,-11.151893302766052,-37.0,0.388671875,768,-57,-28
1,t000892-g2-c1:67:16,river,call,"[""Qs"", ""Kd""]","[""3s"", ""6d"", ""4d"", ""Ad"", ""Jc""]",87,37,probable_bad_terminal_call,-32.71841064103976,-11.737632570323704,-37.0,0.388671875,768,-57,-28
0,t000896-g0-c0:98:8,preflop,fold,"[""Jh"", ""Jc""]",[],221,180,probable_missed_terminal_call,13.862976274327087,61.42532316520988,129.7568359375,0.5227864583333334,768,-20,-232
0,t000896-g3-c0:3:8,preflop,fold,"[""As"", ""Tc""]",[],211,195,probable_missed_terminal_call,3.125098745716163,24.219458736911946,-71.941162109375,0.5286458333333334,768,-5,352
0,t000903-g3-c0:24:5,preflop,fold,"[""Qh"", ""Ac""]",[],203,198,probable_missed_terminal_call,29.43002143152127,53.06164428353495,99.323486328125,0.6028645833333334,768,-2,10
0,t000904-g2-c0:54:6,preflop,fold,"[""Jd"", ""Js""]",[],203,198,probable_missed_terminal_call,65.96120619326858,88.36648847697352,-5.821533203125,0.6471354166666666,768,-2,548
0,t000907-g1-c0:97:6,preflop,fold,"[""Ah"", ""Jc""]",[],403,198,probable_missed_terminal_call,24.42060682585571,81.92082270211563,47.476806640625,0.4435763888888889,768,-2,639
1,t000910-g3-c1:89:14,river,fold,"[""Qh"", ""Qs""]","[""7d"", ""4c"", ""Ac"", ""6h"", ""8h""]",324,77,probable_missed_terminal_call,14.414381402155232,79.73498031189469,-77.0,0.23502604166666666,768,-123,205
0,t000914-g3-c0:5:6,preflop,fold,"[""As"", ""Qc""]",[],208,195,probable_missed_terminal_call,19.95058163901117,48.41346791126375,93.0328369140625,0.5865885416666666,768,-5,123
0,t000915-g3-c0:82:15,river,call,"[""Kd"", ""Ah""]","[""6s"", ""7c"", ""6h"", ""Qd"", ""8h""]",99,33,probable_bad_terminal_call,-21.531856407938545,-5.31091142054036,-33.0,0.2858072916666667,768,-62,-96
0,t000915-g4-c0:76:7,preflop,fold,"[""Jd"", ""Jc""]",[],230,173,probable_missed_terminal_call,20.89385106640017,68.23380028701969,-94.2890625,0.4264322916666667,768,-27,-263
1,t000915-g4-c1:76:7,preflop,fold,"[""Jd"", ""Jc""]",[],230,173,probable_missed_terminal_call,23.00007287570442,70.9516452948334,-95.8140869140625,0.4264322916666667,768,-27,-263
0,t000916-g0-c0:2:5,preflop,fold,"[""8h"", ""8s""]",[],203,198,probable_missed_terminal_call,18.221035272700046,42.17393844829675,106.86181640625,0.552734375,768,-2,510
0,t000916-g1-c0:3:6,preflop,fold,"[""Jc"", ""Kc""]",[],208,195,probable_missed_terminal_call,3.1672922451298584,20.18565074153397,-2.8961181640625,0.4544270833333333,768,-5,623
1,t000916-g1-c1:3:6,preflop,fold,"[""Jc"", ""Kc""]",[],208,195,probable_missed_terminal_call,5.299367764019872,14.401743643826055,-3.634033203125,0.4544270833333333,768,-5,623
0,t000916-g4-c0:99:6,preflop,fold,"[""Ts"", ""Tc""]",[],407,195,probable_missed_terminal_call,67.60411641326964,124.07226775707719,-92.80501302083334,0.40603298611111116,768,-5,205
0,t000922-g0-c0:50:7,preflop,fold,"[""7c"", ""7s""]",[],410,195,probable_missed_terminal_call,7.568661351770794,53.168700535653336,75.152587890625,0.3094618055555555,768,-5,184
1,t000922-g0-c1:50:7,preflop,fold,"[""7c"", ""7s""]",[],410,195,probable_missed_terminal_call,9.799760172938647,57.907255019540806,71.70613606770833,0.3094618055555555,768,-5,-7
0,t000922-g1-c0:27:6,preflop,fold,"[""Qh"", ""As""]",[],406,195,probable_missed_terminal_call,23.682015540653587,72.01065178141323,80.55615234375,0.3899739583333333,256,-5,345
0,t000922-g1-c0:32:6,preflop,fold,"[""7d"", ""7c""]",[],406,195,probable_missed_terminal_call,8.393330378871529,52.93695492030176,140.9349365234375,0.3246527777777778,768,-5,345
0,t000922-g1-c0:67:6,preflop,fold,"[""Kh"", ""Jh""]",[],406,195,probable_missed_terminal_call,9.797906443162727,46.152635636628126,56.297037760416664,0.345703125,768,-5,345
1,t000922-g1-c1:32:6,preflop,fold,"[""7d"", ""7c""]",[],406,195,probable_missed_terminal_call,4.058638153611468,60.274395861766365,146.60843912760416,0.3246527777777778,768,-5,350
1,t000922-g1-c1:67:6,preflop,fold,"[""Kh"", ""Jh""]",[],406,195,probable_missed_terminal_call,14.904130478404557,56.28444717667942,58.35123697916667,0.345703125,768,-5,350
0,t000922-g2-c0:99:7,preflop,fold,"[""8c"", ""8d""]",[],407,193,probable_missed_terminal_call,6.6512993855767855,78.76785037067857,14.861328125,0.3543836805555555,768,-7,563
1,t000922-g2-c1:27:7,preflop,fold,"[""Jd"", ""Qd""]",[],608,193,probable_missed_terminal_call,8.781965339579367,43.48812216778006,-1.66412353515625,0.22981770833333334,768,-7,370
0,t000922-g4-c0:26:7,preflop,fold,"[""8s"", ""8h""]",[],409,193,probable_missed_terminal_call,5.760115874316472,79.35914188451999,127.25341796875,0.34006076388888884,768,-7,-383
0,t000922-g4-c0:34:6,preflop,fold,"[""Tc"", ""Td""]",[],407,195,probable_missed_terminal_call,66.88378303087731,127.084753893681,122.21598307291666,0.4581163194444444,768,-5,-383
0,t000922-g4-c0:99:6,preflop,fold,"[""Ah"", ""Qc""]",[],407,195,probable_missed_terminal_call,24.143822807449084,74.51679188202417,70.67757161458334,0.3912760416666667,768,-5,-383
1,t000923-g4-c1:16:8,preflop,fold,"[""Kc"", ""As""]",[],221,180,probable_missed_terminal_call,4.172024427937386,52.878871278674204,52.80712890625,0.4602864583333333,768,-20,-155
0,t000923-g5-c0:81:12,turn,call,"[""8h"", ""6h""]","[""2d"", ""8d"", ""Td"", ""Tc""]",226,175,probable_bad_terminal_call,-103.64334037856598,-26.66658588445666,-175.0,0.4954427083333333,768,-200,-221
1,t000923-g5-c1:81:12,turn,call,"[""8h"", ""6h""]","[""2d"", ""8d"", ""Td"", ""Tc""]",226,175,probable_bad_terminal_call,-105.08496705178322,-28.144112150264483,-175.0,0.4954427083333333,768,-200,-221
0,t000924-g4-c0:24:6,preflop,fold,"[""Ks"", ""Qs""]",[],208,195,probable_missed_terminal_call,13.194307823345143,25.148860559550023,69.1243896484375,0.498046875,768,-5,94
1,t000924-g4-c1:24:6,preflop,fold,"[""Ks"", ""Qs""]",[],208,195,probable_missed_terminal_call,9.760746344209997,28.82581899601299,68.5340576171875,0.498046875,768,-5,94
0,t000929-g0-c0:66:8,preflop,fold,"[""Ac"", ""Qd""]",[],221,185,probable_missed_terminal_call,34.522451941110376,47.12025512399647,81.93310546875,0.4817708333333333,768,-15,179
1,t000929-g0-c1:66:8,preflop,fold,"[""Ac"", ""Qd""]",[],221,185,probable_missed_terminal_call,35.08122936728475,47.342400164793965,77.819580078125,0.4817708333333333,768,-15,179
0,t000933-g2-c0:88:8,preflop,fold,"[""As"", ""Qs""]",[],221,185,probable_missed_terminal_call,47.93171118210211,57.26759082771862,-62.18896484375,0.48828125,768,-15,26
0,t000935-g5-c0:14:9,preflop,fold,"[""Jc"", ""Jd""]",[],232,175,probable_missed_terminal_call,22.702543735374263,68.40630339827419,122.6982421875,0.5559895833333334,768,-25,237
0,t000939-g4-c0:19:8,preflop,fold,"[""6h"", ""6c""]",[],213,194,probable_missed_terminal_call,5.584045402898053,18.47976148156474,-143.919921875,0.4264322916666667,768,-6,-181
0,t000939-g4-c0:31:7,preflop,fold,"[""7h"", ""7c""]",[],405,195,probable_missed_terminal_call,4.265771155441931,30.59766899550114,27.16796875,0.34223090277777785,768,-5,-181
1,t000939-g4-c1:19:8,preflop,fold,"[""6h"", ""6c""]",[],213,194,probable_missed_terminal_call,6.153551026752584,17.490328362508542,-146.404052734375,0.4264322916666667,768,-6,-181
1,t000939-g4-c1:31:7,preflop,fold,"[""7h"", ""7c""]",[],405,195,probable_missed_terminal_call,7.173824042489077,25.406491363575945,35.859375,0.34223090277777785,768,-5,-181
0,t000940-g2-c0:7:6,preflop,fold,"[""Ad"", ""9d""]",[],206,195,probable_missed_terminal_call,2.8019617167267006,15.662336423819651,78.7784423828125,0.5358072916666666,768,-5,615
0,t000941-g2-c0:69:7,preflop,fold,"[""Ad"", ""Qs""]",[],220,184,probable_missed_terminal_call,35.65023043553988,52.04181119614915,-56.9609375,0.470703125,768,-16,-71
1,t000941-g2-c1:69:7,preflop,fold,"[""Ad"", ""Qs""]",[],220,184,probable_missed_terminal_call,34.28663262982299,43.819792485136425,-61.64599609375,0.470703125,768,-16,-71
0,t000947-g2-c0:76:11,river,call,"[""6c"", ""Ac""]","[""6h"", ""9h"", ""2h"", ""7s"", ""8c""]",161,32,probable_bad_terminal_call,-27.954820447709004,-7.534962165428052,-32.0,0.21028645833333334,768,-96,202
0,t000954-g1-c0:89:9,flop,fold,"[""Kh"", ""Ac""]","[""Jd"", ""6h"", ""3s""]",302,104,probable_missed_terminal_call,11.823836039134536,75.84960638465733,-10.917073170731708,0.3098958333333333,768,-96,-104
1,t000954-g1-c1:89:9,flop,fold,"[""Kh"", ""Ac""]","[""Jd"", ""6h"", ""3s""]",302,104,probable_missed_terminal_call,15.03809533749469,80.29118570418164,-10.917073170731708,0.3098958333333333,768,-96,-104
0,t000962-g2-c0:65:10,flop,fold,"[""Th"", ""Ts""]","[""4c"", ""8d"", ""Qs""]",270,135,probable_missed_terminal_call,51.0006148073966,88.69464565805477,-82.0945945945946,0.365234375,768,-65,-10
1,t000962-g2-c1:65:10,flop,fold,"[""Th"", ""Ts""]","[""4c"", ""8d"", ""Qs""]",270,135,probable_missed_terminal_call,45.61880489627092,91.30922988827759,-82.0945945945946,0.365234375,768,-65,-10
0,t000971-g1-c0:57:4,preflop,fold,"[""Ac"", ""Td""]",[],202,198,probable_missed_terminal_call,4.763616884078256,37.17252942880847,43.30859375,0.5768229166666666,768,-2,-45
0,t000971-g2-c0:28:4,preflop,fold,"[""Jd"", ""Ad""]",[],202,198,probable_missed_terminal_call,25.00434887675285,52.87657045816607,85.30078125,0.6061197916666666,768,-2,-168
1,t000974-g1-c1:56:14,river,call,"[""Kh"", ""Td""]","[""9h"", ""Ts"", ""Qs"", ""Ks"", ""9d""]",126,63,probable_bad_terminal_call,-48.29915043824165,-2.2909415669826245,-63.0,0.6223958333333334,768,-94,-89
0,t000974-g3-c0:66:11,river,call,"[""3d"", ""3c""]","[""7h"", ""Kc"", ""8h"", ""6c"", ""4d""]",35,7,probable_bad_terminal_call,-6.229537223205287,-3.0010706140198784,35.0,0.4270833333333333,768,22,452
1,t000974-g3-c1:66:11,river,call,"[""3d"", ""3c""]","[""7h"", ""Kc"", ""8h"", ""6c"", ""4d""]",35,7,probable_bad_terminal_call,-6.253325718159474,-3.1066490257118056,35.0,0.4270833333333333,768,22,452
0,t000979-g1-c0:3:7,preflop,fold,"[""Tc"", ""Th""]",[],407,195,probable_missed_terminal_call,72.46297397380644,85.80849193799382,16.444661458333336,0.4134881149806523,603,-5,206
0,t000979-g1-c0:58:7,preflop,fold,"[""Th"", ""Tc""]",[],406,195,probable_missed_terminal_call,64.22796281313609,121.81040884677292,54.389567057291664,0.40625,768,-5,206
0,t000979-g2-c0:96:6,preflop,fold,"[""Ad"", ""9d""]",[],603,198,probable_missed_terminal_call,7.840729158873145,80.43032360541204,13.005615234375,0.2795138888888889,768,-2,12
0,t000979-g3-c0:0:7,preflop,fold,"[""Jc"", ""As""]",[],208,195,probable_missed_terminal_call,12.42307355712156,32.565773395408335,12.895263671875,0.5390625,768,-5,577
0,t000979-g3-c0:2:7,preflop,fold,"[""Kh"", ""Jh""]",[],208,195,probable_missed_terminal_call,7.236051187052915,18.6134711202968,83.735107421875,0.4772135416666667,768,-5,577
1,t000979-g3-c1:2:7,preflop,fold,"[""Kh"", ""Jh""]",[],208,195,probable_missed_terminal_call,3.9794770562935637,15.092865091400313,85.0633544921875,0.4772135416666667,768,-5,1215
1,t000979-g5-c1:7:7,preflop,fold,"[""Qd"", ""Kh""]",[],405,195,probable_missed_terminal_call,3.557266067486724,18.2498267334108,157.001953125,0.2734375,768,-5,86
0,t000980-g2-c0:21:6,preflop,fold,"[""Qh"", ""As""]",[],207,195,probable_missed_terminal_call,21.275656364242582,48.19180402531131,-26.7802734375,0.5319010416666666,768,-5,504
0,t000984-g1-c0:11:14,river,fold,"[""As"", ""Jd""]","[""Ad"", ""Td"", ""Jc"", ""3d"", ""Qc""]",78,33,probable_missed_terminal_call,6.43642686104017,21.21994396022255,78.0,0.2838541666666667,768,-19,156
1,t000984-g1-c1:11:14,river,fold,"[""As"", ""Jd""]","[""Ad"", ""Td"", ""Jc"", ""3d"", ""Qc""]",78,33,probable_missed_terminal_call,4.625700910354633,19.30714760019572,78.0,0.2838541666666667,768,-19,156
0,t001000-g0-c0:96:7,preflop,fold,"[""Ac"", ""Tc""]",[],212,194,probable_missed_terminal_call,17.26940322700611,36.080806437910894,14.402099609375,0.5436197916666666,768,-6,19
0,t001006-g5-c0:59:7,preflop,fold,"[""Ts"", ""As""]",[],207,195,probable_missed_terminal_call,15.71570991845579,34.844871567051584,-95.039794921875,0.5188802083333334,768,-5,161
0,t001007-g3-c0:59:9,flop,fold,"[""7s"", ""8s""]","[""2d"", ""3s"", ""7c""]",211,195,probable_missed_terminal_call,14.258006919889716,69.41520440434158,-138.5654520917679,0.5240885416666666,768,-5,93
1,t001007-g3-c1:59:9,flop,fold,"[""7s"", ""8s""]","[""2d"", ""3s"", ""7c""]",211,195,probable_missed_terminal_call,16.957402420211253,72.46547809081419,-138.5654520917679,0.5240885416666666,768,-5,93
0,t001010-g0-c0:63:5,preflop,fold,"[""7h"", ""7c""]",[],206,195,probable_missed_terminal_call,5.8516001764972785,19.317637983356263,139.2808837890625,0.5234375,768,-5,305
0,t001010-g3-c0:88:5,preflop,fold,"[""9s"", ""9c""]",[],206,195,probable_missed_terminal_call,30.181336064468198,44.485877387442876,88.8621826171875,0.5794270833333334,768,-5,-54
0,t001012-g2-c0:6:6,preflop,fold,"[""Ah"", ""Js""]",[],207,195,probable_missed_terminal_call,11.148290811918281,35.42054702409065,111.750732421875,0.5598591549295775,710,-5,646
0,t001016-g0-c0:33:6,preflop,fold,"[""Tc"", ""Ac""]",[],208,195,probable_missed_terminal_call,15.397445184466626,34.20439653720821,80.6358642578125,0.560546875,768,-5,402
0,t001016-g1-c0:36:5,preflop,fold,"[""Qh"", ""Kh""]",[],203,198,probable_missed_terminal_call,7.195164700062184,31.795655413799153,-30.98193359375,0.5423177083333334,768,-2,-169
0,t001016-g1-c0:94:7,preflop,fold,"[""Ah"", ""Qd""]",[],225,182,probable_missed_terminal_call,40.3199820395859,52.35033594206451,104.8177490234375,0.5546875,768,-18,-169
0,t001016-g3-c0:52:6,preflop,fold,"[""Tc"", ""Ts""]",[],206,195,probable_missed_terminal_call,49.94944452189261,60.80092992131736,162.9727783203125,0.6569010416666666,768,-5,-406
0,t001016-g3-c0:81:6,preflop,fold,"[""6h"", ""6d""]",[],207,195,probable_missed_terminal_call,2.4999540055189877,12.934776252598493,11.937744140625,0.490234375,768,-5,-406
1,t001016-g3-c1:81:6,preflop,fold,"[""6h"", ""6d""]",[],207,195,probable_missed_terminal_call,5.122462303986143,14.478119652952898,10.1220703125,0.490234375,768,-5,-27
0,t001022-g2-c0:63:7,preflop,fold,"[""Jd"", ""Jh""]",[],208,195,probable_missed_terminal_call,71.51497755087593,79.7873584791864,117.580810546875,0.666015625,768,-5,76
0,t001022-g4-c0:11:7,preflop,fold,"[""8d"", ""8c""]",[],408,195,probable_missed_terminal_call,23.64203540174223,44.480046414412854,-1.2381591796875,0.3133680555555556,768,-5,-584
1,t001022-g4-c1:11:7,preflop,fold,"[""8d"", ""8c""]",[],408,195,probable_missed_terminal_call,17.68746794365966,50.09809635009955,1.2645263671875,0.3133680555555556,768,-5,-584
0,t001028-g4-c0:84:6,preflop,fold,"[""Ad"", ""Jh""]",[],207,195,probable_missed_terminal_call,9.604565739774426,32.55331537984797,69.254150390625,0.462890625,768,-5,254
1,t001028-g4-c1:84:6,preflop,fold,"[""Ad"", ""Jh""]",[],207,195,probable_missed_terminal_call,13.439029734035408,35.73888758197279,79.068603515625,0.462890625,768,-5,254
0,t001030-g1-c0:66:8,preflop,fold,"[""As"", ""Js""]",[],225,180,probable_missed_terminal_call,39.37999818494616,55.62211678658045,-61.4959716796875,0.453125,768,-20,227
1,t001030-g1-c1:66:8,preflop,fold,"[""As"", ""Js""]",[],225,180,probable_missed_terminal_call,33.763191323955546,53.96798172035017,-52.7947998046875,0.453125,768,-20,227
0,t001033-g2-c0:36:4,preflop,fold,"[""Ac"", ""Td""]",[],203,198,probable_missed_terminal_call,5.639850030298046,42.35389105794849,-90.11376953125,0.552734375,768,-2,73
0,t001033-g3-c0:86:5,preflop,fold,"[""Qc"", ""Ah""]",[],205,195,probable_missed_terminal_call,22.740762727007944,42.04482115804629,119.16015625,0.6263020833333334,768,-5,852
0,t001037-g1-c0:84:7,preflop,fold,"[""Kh"", ""Ad""]",[],218,185,probable_missed_terminal_call,3.033208472442479,44.4823138411292,-4.9979248046875,0.4720052083333333,768,-15,188
0,t001040-g2-c0:73:7,preflop,fold,"[""Qd"", ""Kh""]",[],208,195,probable_missed_terminal_call,2.218676368264833,11.266985008790755,97.6571044921875,0.421875,768,-5,22
1,t001040-g2-c1:73:7,preflop,fold,"[""Qd"", ""Kh""]",[],208,195,probable_missed_terminal_call,3.075522043635524,12.333459764113321,98.0506591796875,0.421875,768,-5,22
0,t001044-g2-c0:7:7,preflop,fold,"[""Qs"", ""Ks""]",[],408,195,probable_missed_terminal_call,23.511916244083736,66.13038896118312,-8.5499267578125,0.31781376518218624,494,-5,780
0,t001044-g2-c0:23:8,preflop,fold,"[""As"", ""Qs""]",[],424,176,probable_missed_terminal_call,31.526975684861323,90.01498241483255,0.5625,0.3444010416666666,768,-24,780
1,t001044-g2-c1:7:7,preflop,fold,"[""Qs"", ""Ks""]",[],408,195,probable_missed_terminal_call,26.318908015084688,70.32081543645059,-6.7587890625,0.32964409722222227,768,-5,604
0,t001044-g3-c0:71:6,preflop,fold,"[""Td"", ""Ah""]",[],403,198,probable_missed_terminal_call,6.834695607173308,68.53821651542835,-27.819376627604164,0.3804253472222223,768,-2,941
0,t001044-g4-c0:29:7,preflop,fold,"[""Qd"", ""As""]",[],408,195,probable_missed_terminal_call,21.615572709147692,78.14768256475307,81.816650390625,0.3702256944444445,768,-5,560
0,t001053-g2-c0:12:7,preflop,fold,"[""Jh"", ""Jc""]",[],218,185,probable_missed_terminal_call,10.515746928290493,59.46243763666348,-140.33154296875,0.5169270833333334,768,-15,-68
0,t001055-g0-c0:60:6,preflop,fold,"[""Ad"", ""Jd""]",[],226,182,probable_missed_terminal_call,36.49133347249436,53.775288392739284,-7.384765625,0.4596354166666667,768,-18,-85
1,t001055-g0-c1:60:6,preflop,fold,"[""Ad"", ""Jd""]",[],226,182,probable_missed_terminal_call,35.63573401413668,55.66589961289327,-10.0244140625,0.4596354166666667,768,-18,-265
0,t001056-g4-c0:89:6,preflop,fold,"[""Th"", ""Td""]",[],207,195,probable_missed_terminal_call,47.69521281544635,62.66293210153253,81.08056640625,0.5651041666666666,768,-5,-145
0,t001059-g3-c0:27:15,river,call,"[""6c"", ""6h""]","[""5c"", ""5s"", ""8c"", ""3d"", ""Js""]",412,189,probable_bad_terminal_call,-128.1727481664096,-2.7869051476161797,-189.0,0.3825,400,-200,-45
0,t001063-g0-c0:55:13,river,call,"[""Kd"", ""Jc""]","[""4h"", ""Ad"", ""8s"", ""2s"", ""9d""]",316,85,probable_bad_terminal_call,-78.46437550825996,-29.01265164240335,-85.0,0.2643229166666667,768,-200,-77
0,t001069-g2-c0:67:11,river,call,"[""Ks"", ""Ad""]","[""6d"", ""4s"", ""4c"", ""2s"", ""2d""]",198,99,probable_bad_terminal_call,-81.38065176255239,-24.336048961175344,-99.0,0.3958333333333333,768,-148,-315
0,t001070-g3-c0:55:11,river,call,"[""6d"", ""6c""]","[""3c"", ""Jd"", ""7c"", ""4c"", ""7h""]",132,66,probable_bad_terminal_call,-58.18509043591408,-4.506107583503257,-66.0,0.501953125,768,-98,-412
1,t001070-g3-c1:55:11,river,call,"[""6d"", ""6c""]","[""3c"", ""Jd"", ""7c"", ""4c"", ""7h""]",132,66,probable_bad_terminal_call,-58.48521910707768,-3.6046406886491553,-66.0,0.501953125,768,-98,-412
0,t001076-g4-c0:5:7,preflop,fold,"[""7c"", ""7h""]",[],212,195,probable_missed_terminal_call,8.210141489869287,24.950594547762627,141.0035400390625,0.4661458333333333,768,-5,461
1,t001076-g4-c1:5:7,preflop,fold,"[""7c"", ""7h""]",[],212,195,probable_missed_terminal_call,12.485694528077893,23.292288891089214,138.966552734375,0.4661458333333333,768,-5,461
0,t001080-g2-c0:80:13,river,call,"[""Ks"", ""Jh""]","[""Qh"", ""Kh"", ""Ad"", ""As"", ""Qs""]",187,112,probable_bad_terminal_call,-92.61648663727135,-41.328201158764905,-112.0,0.431640625,768,-149,-105
1,t001081-g2-c1:11:6,preflop,fold,"[""7s"", ""7d""]",[],406,195,probable_missed_terminal_call,7.273618244120957,57.09165066687094,23.136393229166664,0.3318142361111111,768,-5,1095
0,t001089-g4-c0:25:7,preflop,fold,"[""Ks"", ""Js""]",[],206,195,probable_missed_terminal_call,4.739525128343851,15.644658032263209,86.2188720703125,0.431640625,768,-5,-32
1,t001089-g4-c1:25:7,preflop,fold,"[""Ks"", ""Js""]",[],206,195,probable_missed_terminal_call,2.499101422385187,13.805426829389049,91.65234375,0.431640625,768,-5,5
0,t001089-g5-c0:76:7,preflop,fold,"[""8d"", ""8h""]",[],406,195,probable_missed_terminal_call,14.636681699203107,38.945350590442345,-99.72428385416666,0.2686631944444444,768,-5,-14
1,t001089-g5-c1:76:7,preflop,fold,"[""8d"", ""8h""]",[],406,195,probable_missed_terminal_call,15.874860578280044,41.36897024421354,-100.80029296875,0.2686631944444444,768,-5,-14
0,t001092-g4-c0:95:7,preflop,fold,"[""Qd"", ""Qc""]",[],221,182,probable_missed_terminal_call,50.89558745825539,87.14439315994909,139.140625,0.4459635416666667,768,-18,-71
1,t001092-g4-c1:95:7,preflop,fold,"[""Qd"", ""Qc""]",[],221,182,probable_missed_terminal_call,51.76403170252906,89.94379704383718,135.9921875,0.4459635416666667,768,-18,-71
0,t001096-g0-c0:44:6,preflop,fold,"[""Js"", ""Qs""]",[],409,193,probable_missed_terminal_call,2.7783988148450858,42.048268619112704,45.63460286458333,0.345703125,768,-7,-54
0,t001096-g1-c0:3:6,preflop,fold,"[""6d"", ""6s""]",[],210,196,probable_missed_terminal_call,4.084980492402847,15.266862120451629,110.829345703125,0.5143229166666666,768,-4,-409
0,t001102-g4-c0:6:7,preflop,fold,"[""Qc"", ""Kc""]",[],206,195,probable_missed_terminal_call,12.755132287580599,24.129347518311185,54.548095703125,0.5338541666666666,768,-5,83
0,t001102-g5-c0:27:6,preflop,fold,"[""6c"", ""6s""]",[],203,198,probable_missed_terminal_call,3.116443787375675,19.9328381642373,24.1849365234375,0.5221354166666666,768,-2,42
0,t001102-g5-c0:76:7,preflop,fold,"[""Qc"", ""Kc""]",[],206,195,probable_missed_terminal_call,10.35062551467869,20.808673410657555,58.464111328125,0.5240885416666666,768,-5,42
0,t001103-g3-c0:45:6,preflop,fold,"[""6h"", ""6d""]",[],208,195,probable_missed_terminal_call,3.311312492381857,13.282835225816385,67.9437255859375,0.427734375,768,-5,-58
0,t001111-g1-c0:42:6,preflop,fold,"[""6c"", ""6d""]",[],208,195,probable_missed_terminal_call,3.534590262730881,14.926788929543736,78.028564453125,0.4407552083333333,768,-5,-33
1,t001111-g1-c1:42:6,preflop,fold,"[""6c"", ""6d""]",[],208,195,probable_missed_terminal_call,3.6303186348575665,12.84126108541123,75.6180419921875,0.4407552083333333,768,-5,-33
0,t001111-g4-c0:29:6,preflop,fold,"[""Kh"", ""Jh""]",[],208,195,probable_missed_terminal_call,3.9740327355168104,12.92475377998251,-0.682373046875,0.44921875,768,-5,-249
1,t001111-g4-c1:29:6,preflop,fold,"[""Kh"", ""Jh""]",[],208,195,probable_missed_terminal_call,5.656248395569614,16.25713878572715,-3.043701171875,0.44921875,768,-5,-249
0,t001112-g0-c0:2:8,preflop,fold,"[""Kh"", ""Qh""]",[],255,155,probable_missed_terminal_call,6.781771324028428,33.36941805458191,101.4501953125,0.4186197916666667,768,-45,329
0,t001112-g1-c0:66:5,preflop,fold,"[""Ad"", ""Jh""]",[],602,198,probable_missed_terminal_call,16.866559752193897,83.96877847444311,-39.40625,0.2927517361111111,768,-2,258
0,t001112-g3-c0:54:5,preflop,fold,"[""Qh"", ""Ah""]",[],403,198,probable_missed_terminal_call,57.55355777857244,105.7686634711205,17.93546549479167,0.49848090277777773,768,-2,-156
0,t001112-g4-c0:59:6,preflop,fold,"[""Jd"", ""Ac""]",[],406,195,probable_missed_terminal_call,3.098757188640379,64.65795135908266,-34.08772786458333,0.3504774305555556,768,-5,-262
0,t001113-g1-c0:88:6,preflop,fold,"[""Jc"", ""Ah""]",[],208,195,probable_missed_terminal_call,8.410407720130273,32.59003566506358,76.35595703125,0.5364583333333334,768,-5,-7
0,t001113-g3-c0:29:5,preflop,fold,"[""8d"", ""8h""]",[],403,198,probable_missed_terminal_call,25.81567264367139,70.99750529853691,120.93888346354166,0.38888888888888884,768,-2,45
0,t001116-g1-c0:59:8,preflop,fold,"[""Js"", ""Jc""]",[],218,185,probable_missed_terminal_call,8.077350633786267,61.44852837892271,128.5155029296875,0.55859375,768,-15,-98
0,t001126-g1-c0:67:6,preflop,fold,"[""As"", ""Qd""]",[],207,195,probable_missed_terminal_call,20.285044448107435,48.137379493999006,-109.71240234375,0.56640625,768,-5,-354
0,t001129-g1-c0:30:5,preflop,fold,"[""9d"", ""9h""]",[],208,195,probable_missed_terminal_call,33.67195284064999,46.27109161761906,22.6849365234375,0.5865885416666666,768,-5,563
0,t001129-g3-c0:59:7,preflop,fold,"[""Qs"", ""Ah""]",[],212,191,probable_missed_terminal_call,11.361518624970717,48.059938012423885,65.7452392578125,0.634765625,768,-9,383
0,t001137-g0-c0:74:13,river,call,"[""3d"", ""Ad""]","[""4d"", ""7c"", ""3c"", ""Qc"", ""5h""]",58,29,probable_bad_terminal_call,-11.256293823483324,-3.3350016368832742,-29.0,0.44140625,768,-41,152
0,t001139-g1-c0:71:10,river,call,"[""8d"", ""8s""]","[""Ah"", ""6c"", ""2c"", ""Js"", ""Qd""]",130,65,probable_bad_terminal_call,-60.91069556493369,-22.763076436837956,130.0,0.4010416666666667,768,98,432
0,t001139-g1-c0:73:15,river,call,"[""9c"", ""9d""]","[""7d"", ""5s"", ""Jh"", ""Tc"", ""3c""]",257,149,probable_bad_terminal_call,-133.7981459122709,-24.912562480509862,-149.0,0.6165364583333334,768,-200,432
1,t001139-g1-c1:73:15,river,call,"[""9c"", ""9d""]","[""7d"", ""5s"", ""Jh"", ""Tc"", ""3c""]",257,149,probable_bad_terminal_call,-132.16808012409308,-25.813967174406418,-149.0,0.4791666666666667,768,-200,-59
0,t001140-g0-c0:92:5,preflop,fold,"[""Jc"", ""Ac""]",[],402,198,probable_missed_terminal_call,39.25703969104409,78.05212189387518,-59.767578125,0.43424479166666674,768,-2,120
0,t001141-g3-c0:3:8,preflop,fold,"[""Ac"", ""Td""]",[],218,194,probable_missed_terminal_call,12.910631996599967,28.978956690984095,-93.615234375,0.4889322916666667,768,-6,-232
1,t001141-g3-c1:3:8,preflop,fold,"[""Ac"", ""Td""]",[],218,194,probable_missed_terminal_call,13.417177948329194,28.530853967699265,-90.24560546875,0.4889322916666667,768,-6,-232
0,t001141-g4-c0:55:6,preflop,fold,"[""Ad"", ""Jh""]",[],206,195,probable_missed_terminal_call,11.96184399326133,33.9670487046421,-108.0155029296875,0.4563802083333333,768,-5,-198
0,t001141-g4-c0:69:6,preflop,fold,"[""7d"", ""7h""]",[],208,195,probable_missed_terminal_call,10.444382528709669,21.75925905074231,4.92578125,0.4654947916666667,768,-5,-198
1,t001141-g4-c1:55:6,preflop,fold,"[""Ad"", ""Jh""]",[],206,195,probable_missed_terminal_call,7.792802274515544,32.4053113053767,-104.5400390625,0.4563802083333333,768,-5,-198
1,t001141-g4-c1:69:6,preflop,fold,"[""7d"", ""7h""]",[],208,195,probable_missed_terminal_call,9.585694438850773,22.616154431796883,4.040283203125,0.4654947916666667,768,-5,-198
0,t001148-g0-c0:34:6,preflop,fold,"[""Jd"", ""Jh""]",[],218,182,probable_missed_terminal_call,13.695083347842798,58.897563879728466,142.12109375,0.564453125,768,-18,386
0,t001150-g0-c0:80:12,river,call,"[""Ah"", ""7s""]","[""3h"", ""5h"", ""Qs"", ""8s"", ""5d""]",297,99,probable_bad_terminal_call,-85.51086359788644,-7.002647091817243,-99.0,0.5013020833333334,768,-197,-198
1,t001150-g0-c1:80:12,river,call,"[""Ah"", ""7s""]","[""3h"", ""5h"", ""Qs"", ""8s"", ""5d""]",297,99,probable_bad_terminal_call,-85.7159170052674,-10.190630149046314,-99.0,0.5013020833333334,768,-197,-198
0,t001152-g0-c0:57:5,preflop,fold,"[""9h"", ""Ah""]",[],203,198,probable_missed_terminal_call,5.815173102940718,34.73671056601849,-71.7574462890625,0.5520833333333334,768,-2,16
0,t001158-g0-c0:88:10,river,call,"[""Ah"", ""6h""]","[""9d"", ""6c"", ""7s"", ""4h"", ""Qh""]",198,99,probable_bad_terminal_call,-89.99527182095362,-46.29326224878688,-99.0,0.4563802083333333,768,-148,-167
1,t001158-g0-c1:88:10,river,call,"[""Ah"", ""6h""]","[""9d"", ""6c"", ""7s"", ""4h"", ""Qh""]",198,99,probable_bad_terminal_call,-89.32431265349811,-46.181342224443696,-99.0,0.4563802083333333,768,-148,-167
0,t001162-g0-c0:54:12,river,call,"[""Qc"", ""Qh""]","[""Kc"", ""5c"", ""Td"", ""Tc"", ""Ah""]",262,87,probable_bad_terminal_call,-48.224089721732014,-22.288948977627584,-87.0,0.3092447916666667,768,-173,-97
0,t001162-g0-c0:55:7,preflop,fold,"[""Qc"", ""Kc""]",[],225,182,probable_missed_terminal_call,23.569842142664193,48.64722947041883,-70.810302734375,0.43929173693086004,593,-18,-97
1,t001162-g0-c1:55:7,preflop,fold,"[""Qc"", ""Kc""]",[],225,182,probable_missed_terminal_call,24.232537052608432,49.65687170073393,-63.3082275390625,0.4401041666666667,768,-18,-10
0,t001170-g0-c0:94:6,preflop,fold,"[""Kd"", ""Qh""]",[],206,195,probable_missed_terminal_call,2.1262352754361142,14.31617354667759,81.7154541015625,0.4440104166666667,768,-5,116
0,t001175-g0-c0:8:6,preflop,fold,"[""As"", ""Qd""]",[],208,195,probable_missed_terminal_call,23.655222485917754,46.270122294097796,1.285400390625,0.5852864583333334,768,-5,936
0,t001183-g3-c0:50:6,preflop,fold,"[""Ad"", ""Qs""]",[],208,195,probable_missed_terminal_call,22.076325350823474,45.46245445354247,-54.7469482421875,0.4850260416666667,768,-5,136
1,t001183-g3-c1:50:6,preflop,fold,"[""Ad"", ""Qs""]",[],208,195,probable_missed_terminal_call,24.031913053467015,47.27312529499052,-60.7978515625,0.4850260416666667,768,-5,136
0,t001188-g2-c0:83:7,preflop,fold,"[""6h"", ""6s""]",[],212,195,probable_missed_terminal_call,5.054175243640389,14.853989719663625,114.1749267578125,0.4264322916666667,768,-5,137
1,t001188-g2-c1:83:7,preflop,fold,"[""6h"", ""6s""]",[],212,195,probable_missed_terminal_call,7.361965213884983,17.083568902367734,120.5343017578125,0.4264322916666667,768,-5,137
0,t001189-g2-c0:25:5,preflop,fold,"[""Th"", ""Td""]",[],402,198,probable_missed_terminal_call,70.00877631135404,142.05313118466142,-73.390625,0.4908854166666667,768,-2,-1085
0,t001207-g3-c0:79:8,preflop,fold,"[""Td"", ""Tc""]",[],236,170,probable_missed_terminal_call,47.38775613209731,81.13256588326553,86.277587890625,0.5553385416666666,768,-30,92
0,t001207-g4-c0:86:7,preflop,fold,"[""Th"", ""Td""]",[],225,182,probable_missed_terminal_call,63.790105523975875,77.89473089506251,171.14404296875,0.5234375,768,-18,-140
0,t001212-g5-c0:77:7,preflop,fold,"[""Ac"", ""Th""]",[],207,195,probable_missed_terminal_call,6.943566343537871,23.379497580240873,-78.69873046875,0.5651041666666666,768,-5,284
0,t001215-g2-c0:21:9,flop,fold,"[""Qh"", ""Qd""]","[""Kd"", ""2c"", ""3d""]",218,185,probable_missed_terminal_call,15.00754691137864,54.14435751233398,-119.73684210526316,0.4928385416666667,768,-15,44
1,t001215-g2-c1:21:9,flop,fold,"[""Qh"", ""Qd""]","[""Kd"", ""2c"", ""3d""]",218,185,probable_missed_terminal_call,20.69539554895588,55.177406161027264,-119.73684210526316,0.4928385416666667,768,-15,44
0,t001221-g1-c0:11:9,flop,fold,"[""Ks"", ""Kh""]","[""8h"", ""7s"", ""Ac""]",274,127,probable_missed_terminal_call,14.859009404903352,52.29417104495807,-85.87179487179488,0.388671875,768,-73,78
1,t001221-g1-c1:11:9,flop,fold,"[""Ks"", ""Kh""]","[""8h"", ""7s"", ""Ac""]",274,127,probable_missed_terminal_call,13.10837238353737,56.048240796409395,-85.87179487179488,0.388671875,768,-73,78
0,t001222-g0-c0:76:7,preflop,fold,"[""Ah"", ""Qh""]",[],225,180,probable_missed_terminal_call,49.116187191848695,64.43802467373136,-23.7249755859375,0.4993489583333333,768,-20,100
0,t001224-g4-c0:30:7,preflop,fold,"[""Kh"", ""Qs""]",[],206,195,probable_missed_terminal_call,4.378445606685669,13.68500371737182,100.952880859375,0.39453125,768,-5,105
0,t001234-g1-c0:1:6,preflop,fold,"[""Qh"", ""Kc""]",[],402,198,probable_missed_terminal_call,2.657446185763442,41.72685839009817,68.064453125,0.3415798611111111,768,-2,123
1,t001234-g1-c1:1:6,preflop,fold,"[""Qh"", ""Kc""]",[],402,198,probable_missed_terminal_call,8.515977911569493,40.16353335987188,73.044921875,0.3415798611111111,768,-2,123
0,t001234-g3-c0:6:7,preflop,fold,"[""Ad"", ""Qd""]",[],208,195,probable_missed_terminal_call,35.822179604179645,55.36247299904885,116.2525634765625,0.6087239583333334,768,-5,-449
0,t001234-g5-c0:87:6,preflop,fold,"[""Ah"", ""Jh""]",[],402,198,probable_missed_terminal_call,42.92955628087756,91.61416770167511,-59.5234375,0.4835069444444445,768,-2,502
0,t001235-g1-c0:98:5,preflop,fold,"[""Qc"", ""Ad""]",[],406,195,probable_missed_terminal_call,22.664116724043115,81.38002969072576,34.972493489583336,0.3825954861111111,768,-5,-443
0,t001235-g2-c0:35:5,preflop,fold,"[""Js"", ""Jh""]",[],205,195,probable_missed_terminal_call,68.09196952407183,80.94205543090244,72.1875,0.6692708333333334,768,-5,156
0,t001235-g3-c0:29:6,preflop,fold,"[""Tc"", ""Td""]",[],417,185,probable_missed_terminal_call,15.355471177816668,99.84256634346856,12.97216796875,0.36762152777777785,768,-15,-528
0,t001235-g3-c0:73:6,flop,fold,"[""Ad"", ""2c""]","[""3h"", ""2s"", ""5s""]",207,195,probable_missed_terminal_call,15.814441431479548,25.281003086268907,-61.65365853658537,0.5716145833333334,768,-5,-528
1,t001235-g3-c1:73:6,flop,fold,"[""Ad"", ""2c""]","[""3h"", ""2s"", ""5s""]",207,195,probable_missed_terminal_call,12.01745283154489,22.59224494409697,-61.65365853658537,0.5716145833333334,768,-5,-713
0,t001236-g1-c0:79:11,river,fold,"[""Kd"", ""As""]","[""4c"", ""2c"", ""Ks"", ""3c"", ""8d""]",262,131,probable_missed_terminal_call,16.96375318703065,115.58604098237444,-131.0,0.3587239583333333,768,-65,278
1,t001236-g1-c1:79:11,river,fold,"[""Kd"", ""As""]","[""4c"", ""2c"", ""Ks"", ""3c"", ""8d""]",262,131,probable_missed_terminal_call,18.402239429724723,120.06970392307755,-131.0,0.3587239583333333,768,-65,278
1,t001241-g3-c1:69:12,river,fold,"[""6c"", ""6s""]","[""2c"", ""Ac"", ""9s"", ""Tc"", ""9d""]",26,11,probable_missed_terminal_call,2.0226958649608395,8.663070340230838,-11.0,0.3684895833333333,768,-6,218
0,t001244-g1-c0:55:7,preflop,fold,"[""Ad"", ""Th""]",[],210,195,probable_missed_terminal_call,2.9435191134388905,22.263160653230422,-101.46240234375,0.43654114365411434,717,-5,-127
1,t001244-g1-c1:55:7,preflop,fold,"[""Ad"", ""Th""]",[],210,195,probable_missed_terminal_call,2.1020366025636825,24.397449855597173,-102.8466796875,0.4361979166666667,768,-5,-127
0,t001251-g1-c0:87:12,river,call,"[""Ac"", ""7c""]","[""2h"", ""6d"", ""6c"", ""4d"", ""8h""]",114,57,probable_bad_terminal_call,-49.697767046132746,-25.665351388282698,-57.0,0.3763020833333333,768,-85,0
0,t001253-g4-c0:71:7,preflop,fold,"[""Qh"", ""Ks""]",[],405,195,probable_missed_terminal_call,3.4500529837878746,47.80163901938579,-113.359375,0.31835937500000006,768,-5,-61
1,t001253-g4-c1:71:7,preflop,fold,"[""Qh"", ""Ks""]",[],405,195,probable_missed_terminal_call,4.553075883603187,46.961232518596226,-105.888671875,0.31835937500000006,768,-5,-61
0,t001254-g2-c0:27:11,river,call,"[""Qh"", ""Ad""]","[""7c"", ""3c"", ""3s"", ""Kd"", ""Js""]",159,68,probable_bad_terminal_call,-60.98533216783895,-30.033682762142433,-68.0,0.537109375,768,-112,-769
1,t001254-g2-c1:27:11,river,call,"[""Qh"", ""Ad""]","[""7c"", ""3c"", ""3s"", ""Kd"", ""Js""]",159,68,probable_bad_terminal_call,-61.143430231901064,-27.180165519066257,-68.0,0.537109375,768,-112,-769
0,t001258-g3-c0:89:6,preflop,fold,"[""Qc"", ""Ad""]",[],203,198,probable_missed_terminal_call,30.755888147072,52.747643036480156,111.365234375,0.640625,768,-2,-19
0,t001263-g0-c0:2:6,preflop,fold,"[""Qd"", ""Ad""]",[],203,198,probable_missed_terminal_call,45.24002801816166,62.75352240803712,71.3729248046875,0.6477864583333334,768,-2,1226
0,t001263-g1-c0:24:9,preflop,fold,"[""9d"", ""9c""]",[],411,191,probable_missed_terminal_call,24.675723245886402,100.32886233099899,39.55110677083333,0.4231770833333333,768,-9,63
0,t001263-g3-c0:0:7,preflop,fold,"[""7d"", ""7c""]",[],208,195,probable_missed_terminal_call,5.499119930474057,20.801855743538404,63.0242919921875,0.470703125,768,-5,196
0,t001263-g3-c0:49:7,preflop,fold,"[""Ac"", ""Qd""]",[],408,195,probable_missed_terminal_call,23.506809156692693,81.91078699963809,41.9208984375,0.3791232638888889,768,-5,196
1,t001263-g3-c1:0:7,preflop,fold,"[""7d"", ""7c""]",[],208,195,probable_missed_terminal_call,9.586229751228187,24.21627959398619,65.8775634765625,0.470703125,768,-5,-64
0,t001263-g4-c0:12:7,preflop,fold,"[""Ah"", ""Td""]",[],208,195,probable_missed_terminal_call,2.5179560411802413,24.639091296660617,76.1591796875,0.533203125,768,-5,1491
0,t001264-g1-c0:44:7,preflop,fold,"[""Jh"", ""Ac""]",[],406,195,probable_missed_terminal_call,10.813124439430148,37.7987980448393,105.54890950520833,0.31987847222222227,768,-5,71
1,t001264-g1-c1:44:7,preflop,fold,"[""Jh"", ""Ac""]",[],406,195,probable_missed_terminal_call,6.35598135699963,32.97187923179828,106.06245930989584,0.31987847222222227,768,-5,71
0,t001264-g5-c0:22:7,preflop,fold,"[""8h"", ""8s""]",[],208,195,probable_missed_terminal_call,15.892986425812836,32.29588522221943,-178.2247314453125,0.4856770833333333,768,-5,10
1,t001264-g5-c1:22:7,preflop,fold,"[""8h"", ""8s""]",[],208,195,probable_missed_terminal_call,17.5476217456964,31.189105124255903,-180.2908935546875,0.4856770833333333,768,-5,10
0,t001275-g1-c0:94:7,preflop,fold,"[""9c"", ""9h""]",[],210,193,probable_missed_terminal_call,33.056602592944444,45.45107640053929,-107.303466796875,0.5240885416666666,768,-7,606
0,t001284-g2-c0:9:7,preflop,fold,"[""Jd"", ""Ac""]",[],206,195,probable_missed_terminal_call,11.378633520897662,32.92427782406166,54.9886474609375,0.4921875,768,-5,3
1,t001284-g2-c1:9:7,preflop,fold,"[""Jd"", ""Ac""]",[],206,195,probable_missed_terminal_call,10.252132261677211,34.77276854730745,57.680908203125,0.4921875,768,-5,9
0,t001287-g4-c0:74:6,preflop,fold,"[""Qd"", ""Kh""]",[],206,195,probable_missed_terminal_call,2.347342485958251,11.89214074548428,-52.946533203125,0.5325520833333334,768,-5,-63
1,t001287-g4-c1:36:7,preflop,call,"[""2d"", ""Ad""]",[],210,193,probable_bad_terminal_call,-30.905294754778225,-4.33171052534018,47.4127197265625,0.525390625,768,-200,157
1,t001287-g4-c1:48:12,river,fold,"[""2c"", ""2h""]","[""9s"", ""Ac"", ""5c"", ""8c"", ""Jc""]",220,181,probable_missed_terminal_call,14.47260099162417,84.48244869853731,-181.0,0.5299479166666666,768,-19,157
0,t001295-g3-c0:30:11,river,call,"[""Qh"", ""As""]","[""7c"", ""5d"", ""5h"", ""5s"", ""9s""]",234,167,probable_bad_terminal_call,-113.50951631294646,-31.32617927718823,-167.0,0.4889322916666667,768,-200,-4
0,t001295-g4-c0:45:7,flop,fold,"[""As"", ""Th""]","[""3s"", ""4s"", ""2c""]",206,195,probable_missed_terminal_call,4.363060202396567,17.240888115558242,-173.3535762483131,0.53515625,768,-5,134
1,t001295-g4-c1:45:7,flop,fold,"[""As"", ""Th""]","[""3s"", ""4s"", ""2c""]",206,195,probable_missed_terminal_call,2.566305723097825,20.698043957772292,-173.3535762483131,0.53515625,768,-5,134
0,t001299-g4-c0:99:8,preflop,fold,"[""6h"", ""6d""]",[],212,194,probable_missed_terminal_call,4.299075161162815,13.454743452973172,127.598388671875,0.431640625,768,-6,24
1,t001299-g4-c1:99:8,preflop,fold,"[""6h"", ""6d""]",[],212,194,probable_missed_terminal_call,3.5551834366679893,19.075162016729493,126.85498046875,0.431640625,768,-6,24
1,t001301-g2-c1:87:6,preflop,fold,"[""Td"", ""As""]",[],206,195,probable_missed_terminal_call,3.306614021130284,22.05526112040478,64.5828857421875,0.4361979166666667,768,-5,110
0,t001303-g0-c0:21:7,preflop,fold,"[""As"", ""Jh""]",[],208,195,probable_missed_terminal_call,10.01071865395414,31.719338758641438,61.8436279296875,0.482421875,768,-5,62
1,t001303-g0-c1:21:7,preflop,fold,"[""As"", ""Jh""]",[],208,195,probable_missed_terminal_call,12.304021778871672,31.518603873027658,65.3856201171875,0.482421875,768,-5,62
0,t001305-g1-c0:31:6,preflop,fold,"[""Jh"", ""Jd""]",[],402,198,probable_missed_terminal_call,100.57246187240233,138.6010098616776,141.6484375,0.5275607638888887,768,-2,-239
0,t001305-g2-c0:82:8,preflop,fold,"[""Js"", ""Jc""]",[],218,185,probable_missed_terminal_call,9.630991826627781,59.5190785553752,53.7401123046875,0.5227864583333334,768,-15,-274
1,t001305-g3-c1:66:7,preflop,fold,"[""Qd"", ""Kc""]",[],206,195,probable_missed_terminal_call,3.519678896329852,13.09729582688637,88.3726806640625,0.4876302083333333,768,-5,-328
0,t001305-g4-c0:82:6,preflop,fold,"[""Qc"", ""Ad""]",[],403,198,probable_missed_terminal_call,41.77302470003416,89.13814992501374,-57.11617024739583,0.4444444444444445,768,-2,867
0,t001305-g5-c0:4:7,preflop,fold,"[""As"", ""Qc""]",[],407,195,probable_missed_terminal_call,28.601492846492317,56.81004659316032,45.98616536458333,0.4105902777777777,768,-5,-90
0,t001312-g3-c0:0:7,preflop,fold,"[""8d"", ""8h""]",[],206,195,probable_missed_terminal_call,16.389388095102685,27.944639745301977,153.2806396484375,0.4973958333333333,768,-5,210
1,t001312-g3-c1:0:7,preflop,fold,"[""8d"", ""8h""]",[],206,195,probable_missed_terminal_call,16.56447164392652,31.74906052642225,153.035888671875,0.4973958333333333,768,-5,210
0,t001313-g1-c0:4:6,preflop,fold,"[""Qh"", ""As""]",[],206,195,probable_missed_terminal_call,23.06785028479262,44.697388362453424,85.4356689453125,0.6009114583333334,768,-5,79
0,t001313-g2-c0:36:6,preflop,fold,"[""8h"", ""8c""]",[],208,195,probable_missed_terminal_call,17.420940283354703,32.24142448836107,79.9471435546875,0.5540364583333334,768,-5,291
0,t001313-g2-c0:42:14,river,call,"[""Tc"", ""Th""]","[""Qc"", ""Ac"", ""Jc"", ""3h"", ""5s""]",66,33,probable_bad_terminal_call,-24.30807120038236,-2.5204474180948555,66.0,0.6041666666666666,768,55,291
1,t001313-g2-c1:42:14,river,call,"[""Tc"", ""Th""]","[""Qc"", ""Ac"", ""Jc"", ""3h"", ""5s""]",66,33,probable_bad_terminal_call,-24.75873776459764,-2.14255355366453,66.0,0.6041666666666666,768,55,85
0,t001313-g4-c0:28:5,preflop,fold,"[""9s"", ""9d""]",[],203,198,probable_missed_terminal_call,28.769602753866685,55.15381681346508,108.5750732421875,0.59375,768,-2,96
1,t001313-g4-c1:81:6,preflop,fold,"[""Ks"", ""Js""]",[],206,195,probable_missed_terminal_call,2.5206524905077865,14.53089192027753,68.449951171875,0.49609375,768,-5,298
0,t001321-g2-c0:16:8,flop,fold,"[""Ac"", ""Ah""]","[""Jh"", ""Ts"", ""9s""]",221,182,probable_missed_terminal_call,22.738590773222654,68.29940369919629,-166.2280701754386,0.5006510416666666,768,-18,386
1,t001321-g2-c1:16:8,flop,fold,"[""Ac"", ""Ah""]","[""Jh"", ""Ts"", ""9s""]",221,182,probable_missed_terminal_call,20.084072247740625,64.30659164120802,-166.2280701754386,0.5006510416666666,768,-18,386
0,t001325-g0-c0:10:8,preflop,fold,"[""9h"", ""9c""]",[],220,194,probable_missed_terminal_call,39.86993024120213,50.097995011185766,21.89453125,0.4908854166666667,768,-6,255
1,t001325-g0-c1:10:8,preflop,fold,"[""9h"", ""9c""]",[],220,194,probable_missed_terminal_call,37.59848160403158,52.36674813037435,23.41064453125,0.4908854166666667,768,-6,255
0,t001327-g1-c0:77:6,preflop,fold,"[""Ac"", ""Jh""]",[],207,195,probable_missed_terminal_call,9.870100129534105,35.46948085042648,108.95361328125,0.6165364583333334,768,-5,13
0,t001328-g1-c0:64:7,flop,fold,"[""Qs"", ""5h""]","[""2d"", ""5d"", ""3c""]",215,185,probable_missed_terminal_call,19.38522245670182,50.874507283488626,9.878048780487806,0.525390625,768,-15,-582
0,t001328-g1-c0:66:5,preflop,fold,"[""Jd"", ""Js""]",[],207,195,probable_missed_terminal_call,68.63610391565726,82.58795957532743,16.844970703125,0.62890625,768,-5,-582
1,t001328-g1-c1:51:6,preflop,fold,"[""8c"", ""Ac""]",[],211,195,probable_missed_terminal_call,3.225395980977363,14.57385164341404,-110.301025390625,0.4466145833333333,768,-5,-787
1,t001328-g1-c1:64:7,flop,fold,"[""Qs"", ""5h""]","[""2d"", ""5d"", ""3c""]",215,185,probable_missed_terminal_call,18.356225484255702,47.81136093976097,9.878048780487806,0.525390625,768,-15,-787
1,t001328-g2-c1:78:11,river,fold,"[""Jh"", ""Jd""]","[""2s"", ""3c"", ""3s"", ""Qh"", ""3d""]",167,100,probable_missed_terminal_call,12.0833886011449,78.10792523163143,167.0,0.4466145833333333,768,-31,26
0,t001332-g3-c0:56:7,preflop,fold,"[""Ad"", ""Qd""]",[],222,185,probable_missed_terminal_call,47.858813187697066,58.980851923991196,-135.9632568359375,0.4817708333333333,768,-15,365
0,t001332-g3-c0:59:5,preflop,fold,"[""Jd"", ""Jc""]",[],402,198,probable_missed_terminal_call,102.14584323479602,164.9737533564698,93.455078125,0.5980902777777778,768,-2,365
1,t001332-g3-c1:56:7,preflop,fold,"[""Ad"", ""Qd""]",[],222,185,probable_missed_terminal_call,49.74735448770831,58.57997743386272,-131.243408203125,0.4817708333333333,768,-15,423
0,t001332-g4-c0:60:7,preflop,fold,"[""Qh"", ""Ah""]",[],416,185,probable_missed_terminal_call,23.118907127107086,55.451305650054294,-128.77852376302081,0.4229600694444444,768,-15,206
0,t001334-g2-c0:52:4,preflop,fold,"[""7d"", ""7c""]",[],203,198,probable_missed_terminal_call,6.866828862653102,35.36535265507233,-5.625732421875,0.5364583333333334,768,-2,444
0,t001334-g3-c0:31:4,preflop,fold,"[""As"", ""Qd""]",[],203,198,probable_missed_terminal_call,30.06090197400408,55.26031559949374,37.646240234375,0.5944010416666666,768,-2,-181
0,t001334-g3-c0:51:4,preflop,fold,"[""Qd"", ""Kd""]",[],402,198,probable_missed_terminal_call,20.235429082597854,80.85567889819846,73.533203125,0.46918402777777773,768,-2,-181
0,t001337-g3-c0:9:7,preflop,fold,"[""Ad"", ""Ks""]",[],221,180,probable_missed_terminal_call,5.673274704382823,57.98792392958396,70.722900390625,0.474609375,768,-20,70
1,t001337-g3-c1:9:7,preflop,fold,"[""Ad"", ""Ks""]",[],221,180,probable_missed_terminal_call,2.7847263312011563,53.09138011953369,73.3172607421875,0.474609375,768,-20,70
1,t001341-g3-c1:99:15,river,fold,"[""Qd"", ""Jc""]","[""6s"", ""3d"", ""Qc"", ""Kh"", ""3h""]",222,111,probable_missed_terminal_call,2.0388774000890373,93.01255131326714,55.5,0.4069010416666667,768,-52,-132
0,t001346-g2-c0:26:6,preflop,fold,"[""Js"", ""Ac""]",[],208,195,probable_missed_terminal_call,10.829938813657908,34.08421268371198,64.7952880859375,0.5677083333333334,768,-5,-562
0,t001349-g0-c0:65:6,preflop,fold,"[""Qd"", ""Ad""]",[],225,180,probable_missed_terminal_call,46.2086982146777,61.03006462784596,-47.603759765625,0.5475260416666666,768,-20,-27
0,t001353-g2-c0:16:6,preflop,fold,"[""Kh"", ""Qc""]",[],208,195,probable_missed_terminal_call,2.171429248128785,12.313309194059944,85.80126953125,0.5006510416666666,768,-5,955
0,t001355-g0-c0:99:11,turn,call,"[""Ks"", ""Jd""]","[""3s"", ""2h"", ""8c"", ""5s""]",239,162,probable_bad_terminal_call,-63.82565540092523,-25.351904533800806,-109.23684210526316,0.4830729166666667,768,-200,-388
1,t001355-g0-c1:99:11,turn,call,"[""Ks"", ""Jd""]","[""3s"", ""2h"", ""8c"", ""5s""]",239,162,probable_bad_terminal_call,-62.13394871700604,-22.51657894805256,-109.23684210526316,0.4830729166666667,768,-200,-388
0,t001360-g0-c0:21:14,river,call,"[""Js"", ""8h""]","[""6d"", ""Th"", ""8s"", ""4c"", ""5d""]",290,110,probable_bad_terminal_call,-90.29032699834356,-15.56241381065328,290.0,0.3548177083333333,768,200,149
1,t001360-g0-c1:21:14,river,call,"[""Js"", ""8h""]","[""6d"", ""Th"", ""8s"", ""4c"", ""5d""]",290,110,probable_bad_terminal_call,-89.59139418941905,-15.625350720445816,290.0,0.3548177083333333,768,200,149
0,t001360-g3-c0:73:6,preflop,fold,"[""As"", ""Tc""]",[],205,195,probable_missed_terminal_call,3.689084920225767,20.363389496548862,84.00390625,0.5052083333333334,768,-5,125
0,t001362-g1-c0:40:16,turn,fold,"[""9c"", ""Tc""]","[""7c"", ""4c"", ""8d"", ""5s""]",311,146,probable_missed_terminal_call,24.67149517677235,41.08517878579158,-82.52777777777777,0.3658854166666667,768,-54,562
1,t001362-g1-c1:40:16,turn,fold,"[""9c"", ""Tc""]","[""7c"", ""4c"", ""8d"", ""5s""]",311,146,probable_missed_terminal_call,22.621433607497433,36.32341413497565,-82.52777777777777,0.3658854166666667,768,-54,562
0,t001362-g5-c0:76:7,preflop,fold,"[""Ah"", ""Jh""]",[],206,195,probable_missed_terminal_call,22.925840624043495,39.23990546256084,109.176513671875,0.4583333333333333,768,-5,397
1,t001362-g5-c1:76:7,preflop,fold,"[""Ah"", ""Jh""]",[],206,195,probable_missed_terminal_call,22.113817393972788,41.792479760498196,110.0576171875,0.4583333333333333,768,-5,397
1,t001363-g0-c1:14:14,river,fold,"[""2s"", ""As""]","[""Kd"", ""Jc"", ""7s"", ""8c"", ""Ad""]",89,38,probable_missed_terminal_call,6.265275083038129,31.753977709548177,-38.0,0.3697916666666667,768,-24,-209
0,t001363-g2-c0:87:7,preflop,fold,"[""6c"", ""6h""]",[],207,195,probable_missed_terminal_call,2.4482099864862477,13.670623741732634,-25.70068359375,0.435546875,768,-5,26
0,t001364-g1-c0:60:7,preflop,fold,"[""Th"", ""Ts""]",[],225,180,probable_missed_terminal_call,66.6958353201739,79.01025831455486,134.725341796875,0.5208333333333334,768,-20,-199
0,t001366-g2-c0:17:11,river,fold,"[""Ks"", ""As""]","[""4s"", ""Js"", ""5d"", ""4d"", ""6s""]",198,99,probable_missed_terminal_call,150.73868571723864,177.39813238039838,198.0,,87,-49,-272
1,t001367-g4-c1:3:9,flop,fold,"[""Jh"", ""Th""]","[""2c"", ""Kh"", ""8h""]",215,185,probable_missed_terminal_call,2.5670800005060945,34.40275401184226,-20.435435435435437,0.4765625,640,-15,148
0,t001372-g4-c0:74:6,preflop,fold,"[""Qh"", ""Ah""]",[],208,195,probable_missed_terminal_call,32.34362557281295,57.78350949854856,-67.29150390625,0.5729166666666666,768,-5,450
0,t001377-g1-c0:66:9,preflop,fold,"[""Jc"", ""Jh""]",[],427,175,probable_missed_terminal_call,38.08010073154062,105.75975528210468,-110.23404947916667,0.29459635416666663,512,-25,-112
1,t001377-g1-c1:66:9,preflop,fold,"[""Jc"", ""Jh""]",[],427,175,probable_missed_terminal_call,39.27036668849492,105.64123980024951,-115.42708333333334,0.28754340277777773,768,-25,-112
0,t001379-g4-c0:4:9,preflop,fold,"[""Jh"", ""Jc""]",[],231,175,probable_missed_terminal_call,20.237601293821736,71.99695504654244,12.091064453125,0.504180602006689,598,-25,-36
0,t001382-g0-c0:55:5,preflop,fold,"[""Td"", ""Ac""]",[],206,195,probable_missed_terminal_call,3.9641173905158293,19.21031832046213,85.2398681640625,0.5208333333333334,768,-5,416
0,t001384-g0-c0:19:7,preflop,fold,"[""6d"", ""6c""]",[],214,194,probable_missed_terminal_call,4.204944445026447,17.36705703277353,20.2099609375,0.5196211096075778,739,-6,1
0,t001384-g0-c0:65:7,preflop,fold,"[""Kc"", ""Qd""]",[],213,194,probable_missed_terminal_call,3.136472948386702,16.909126655265013,110.4053955078125,0.52734375,768,-6,1
0,t001384-g1-c0:8:6,preflop,fold,"[""Ad"", ""Td""]",[],207,195,probable_missed_terminal_call,12.788378575936775,31.24859248752449,4.380615234375,0.5865885416666666,768,-5,358
0,t001384-g1-c0:82:6,preflop,fold,"[""8s"", ""8c""]",[],208,195,probable_missed_terminal_call,16.340699306008574,35.261218369799295,-149.5936279296875,0.5625,768,-5,358
0,t001384-g2-c0:56:6,preflop,fold,"[""Jh"", ""Js""]",[],208,195,probable_missed_terminal_call,66.51185697017063,81.83733737960442,150.442626953125,0.6165364583333334,768,-5,-71
0,t001385-g1-c0:28:6,preflop,fold,"[""Qc"", ""Ah""]",[],206,195,probable_missed_terminal_call,22.71292614013432,44.96748510768774,86.3167724609375,0.6328125,768,-5,-285
0,t001385-g3-c0:60:12,river,call,"[""Kd"", ""Qd""]","[""9h"", ""Ah"", ""2h"", ""Jd"", ""7d""]",219,183,probable_bad_terminal_call,-97.04362153698312,-9.228984596737824,-183.0,0.5709635416666666,768,-200,239
1,t001385-g3-c1:60:12,river,call,"[""Kd"", ""Qd""]","[""9h"", ""Ah"", ""2h"", ""Jd"", ""7d""]",219,183,probable_bad_terminal_call,-98.05465899350745,-10.361619032288909,-183.0,0.5709635416666666,768,-200,282
0,t001393-g5-c0:61:7,preflop,fold,"[""Tc"", ""Th""]",[],206,195,probable_missed_terminal_call,47.88312517720801,59.24227762462277,171.0006103515625,0.572265625,768,-5,105
0,t001394-g3-c0:70:6,preflop,fold,"[""Ah"", ""Tc""]",[],206,195,probable_missed_terminal_call,5.828204105240538,17.53651711007649,142.1689453125,0.5833333333333334,768,-5,347
0,t001397-g1-c0:46:10,turn,call,"[""8h"", ""Kc""]","[""6d"", ""Td"", ""5s"", ""6s""]",203,198,probable_bad_terminal_call,-87.79357755348204,-23.69675043278627,-176.89473684210526,0.5807291666666666,768,-200,-106
0,t001397-g1-c0:66:5,preflop,fold,"[""6s"", ""6d""]",[],203,198,probable_missed_terminal_call,2.801560681506129,23.180400410572904,76.5616455078125,0.4947916666666667,768,-2,-106
0,t001397-g1-c0:97:6,preflop,fold,"[""Th"", ""As""]",[],208,195,probable_missed_terminal_call,2.3519901251957256,18.7805555887761,104.8394775390625,0.5631510416666666,768,-5,-106
0,t001397-g4-c0:14:6,preflop,fold,"[""Ts"", ""Td""]",[],208,195,probable_missed_terminal_call,52.57789249327902,63.23745477294374,114.1864013671875,0.6458333333333334,768,-5,-16
0,t001398-g2-c0:31:7,preflop,fold,"[""Qh"", ""Ah""]",[],405,195,probable_missed_terminal_call,41.928560936467456,90.84327996706884,113.9111328125,0.3865017361111111,768,-5,406
0,t001399-g0-c0:22:15,river,call,"[""7c"", ""Ac""]","[""8c"", ""Td"", ""7s"", ""Jh"", ""Jc""]",114,57,probable_bad_terminal_call,-42.48191683536204,-20.52797631665946,114.0,0.4713541666666667,768,89,-1
1,t001399-g0-c1:22:15,river,call,"[""7c"", ""Ac""]","[""8c"", ""Td"", ""7s"", ""Jh"", ""Jc""]",114,57,probable_bad_terminal_call,-43.209041244949724,-19.574450639951042,114.0,0.4713541666666667,768,89,-1
1,t001401-g1-c1:19:11,river,fold,"[""Ac"", ""7c""]","[""3c"", ""Kc"", ""4d"", ""As"", ""2d""]",172,103,probable_missed_terminal_call,27.961044841632805,34.73397274101887,172.0,0.453125,768,-34,-137
0,t001402-g3-c0:33:7,preflop,fold,"[""Kh"", ""Qh""]",[],225,180,probable_missed_terminal_call,26.183675414285645,48.35236697840699,-112.56591796875,0.4759114583333333,768,-20,33
0,t001404-g1-c0:21:5,preflop,fold,"[""Th"", ""Tc""]",[],203,198,probable_missed_terminal_call,44.85166720975533,72.83569383960129,55.4151611328125,0.6536458333333334,768,-2,380
0,t001404-g4-c0:14:13,river,fold,"[""As"", ""Jh""]","[""Js"", ""8d"", ""5d"", ""7s"", ""Tc""]",270,90,probable_missed_terminal_call,25.475625877741663,101.62148796390261,-90.0,0.2779947916666667,768,-89,21
0,t001404-g4-c0:17:6,preflop,fold,"[""Jh"", ""Ad""]",[],205,195,probable_missed_terminal_call,9.590955956405647,29.18808758834616,77.705078125,0.5078125,768,-5,21
1,t001404-g4-c1:14:13,river,fold,"[""As"", ""Jh""]","[""Js"", ""8d"", ""5d"", ""7s"", ""Tc""]",270,90,probable_missed_terminal_call,26.877996122861916,107.83658913048905,-90.0,0.2779947916666667,768,-89,21
1,t001404-g4-c1:17:6,preflop,fold,"[""Jh"", ""Ad""]",[],205,195,probable_missed_terminal_call,11.609559041812268,32.342191933368085,73.994140625,0.5078125,768,-5,21
0,t001416-g2-c0:23:7,preflop,fold,"[""Td"", ""Ah""]",[],212,195,probable_missed_terminal_call,9.107331422961773,24.333499037648192,103.4434814453125,0.5423177083333334,768,-5,91
0,t001416-g2-c0:89:7,preflop,fold,"[""Jd"", ""As""]",[],210,195,probable_missed_terminal_call,12.374039897977443,31.963838809831206,125.0152587890625,0.6126302083333334,768,-5,91
0,t001418-g0-c0:7:5,preflop,fold,"[""7h"", ""7c""]",[],203,198,probable_missed_terminal_call,6.307916425851391,30.63402180948119,93.4005126953125,0.5182291666666666,768,-2,-228
1,t001418-g0-c1:7:5,preflop,fold,"[""7h"", ""7c""]",[],203,198,probable_missed_terminal_call,8.630866342577459,36.8575673229034,95.2606201171875,0.5182291666666666,768,-2,-228
0,t001421-g4-c0:76:6,preflop,fold,"[""Ad"", ""Js""]",[],403,198,probable_missed_terminal_call,24.361111846691838,64.8562590676134,44.34659830729167,0.3821614583333333,768,-2,145
0,t001422-g2-c0:57:11,river,call,"[""Ah"", ""9c""]","[""2s"", ""Kc"", ""Qs"", ""6d"", ""Ks""]",54,18,probable_bad_terminal_call,-17.405823966185572,-9.173955113496435,-18.0,0.4915364583333333,768,-35,-490
0,t001422-g2-c0:67:12,river,call,"[""3c"", ""3h""]","[""4c"", ""8d"", ""7s"", ""9d"", ""4h""]",216,108,probable_bad_terminal_call,-71.6904645946347,-15.200661201820612,-108.0,0.6966145833333334,768,-161,-490
1,t001422-g2-c1:57:11,river,call,"[""Ah"", ""9c""]","[""2s"", ""Kc"", ""Qs"", ""6d"", ""Ks""]",54,18,probable_bad_terminal_call,-17.421543117109305,-9.435001494074365,-18.0,0.4915364583333333,768,-35,-490
1,t001422-g2-c1:67:12,river,call,"[""3c"", ""3h""]","[""4c"", ""8d"", ""7s"", ""9d"", ""4h""]",216,108,probable_bad_terminal_call,-70.45669163366364,-13.381705273474743,-108.0,0.6966145833333334,768,-161,-490
0,t001426-g1-c0:0:7,preflop,fold,"[""Qs"", ""Ks""]",[],420,180,probable_missed_terminal_call,13.990272963253432,32.082546615719664,24.345703125,0.2688802083333333,768,-20,-45
1,t001426-g1-c1:0:7,preflop,fold,"[""Qs"", ""Ks""]",[],420,180,probable_missed_terminal_call,13.654760102283255,28.48844263263984,34.16015625,0.2688802083333333,768,-20,-45
1,t001427-g0-c1:20:15,river,fold,"[""As"", ""Ah""]","[""Td"", ""Jh"", ""Kc"", ""2h"", ""9d""]",74,37,probable_missed_terminal_call,2.1821674853854267,23.621522953051887,-37.0,0.4049479166666667,768,-16,274
0,t001428-g2-c0:79:11,river,fold,"[""Kh"", ""Jh""]","[""6c"", ""5h"", ""Js"", ""3c"", ""As""]",156,78,probable_missed_terminal_call,3.1235590307669647,8.454533580237017,-78.0,0.27734375,768,-38,349
1,t001428-g2-c1:41:10,river,fold,"[""Kh"", ""Qh""]","[""Qd"", ""6d"", ""2h"", ""8s"", ""7d""]",212,127,probable_missed_terminal_call,11.860890377862892,81.92599925426904,212.0,0.4427083333333333,768,-42,137
0,t001430-g2-c0:90:8,preflop,fold,"[""Qd"", ""Qs""]",[],225,176,probable_missed_terminal_call,54.54812095582095,91.41485214970966,-126.6092529296875,0.390625,512,-24,-21
1,t001430-g2-c1:90:8,preflop,fold,"[""Qd"", ""Qs""]",[],225,176,probable_missed_terminal_call,54.79217072558366,91.3495495727061,-125.67919921875,0.400390625,768,-24,-21
1,t001431-g3-c1:96:14,river,fold,"[""7h"", ""7s""]","[""2d"", ""4c"", ""Ah"", ""Ad"", ""3d""]",32,16,probable_missed_terminal_call,7.038362920220663,13.223466057161433,-16.0,0.3919270833333333,768,-5,-276
1,t001433-g2-c1:39:15,river,fold,"[""7d"", ""8d""]","[""4c"", ""4s"", ""8c"", ""Ks"", ""5s""]",131,56,probable_missed_terminal_call,10.972215480124271,40.05384986391914,-56.0,0.3873697916666667,768,-35,168
0,t001436-g3-c0:42:7,preflop,fold,"[""6s"", ""6c""]",[],211,193,probable_missed_terminal_call,7.430650871991607,17.964473757210413,-140.724609375,0.419921875,768,-7,-127
0,t001436-g3-c0:82:7,preflop,fold,"[""Ts"", ""As""]",[],210,196,probable_missed_terminal_call,13.690179657692768,35.143339067488355,47.193603515625,0.4889322916666667,768,-4,-127
1,t001436-g3-c1:42:7,preflop,fold,"[""6s"", ""6c""]",[],211,193,probable_missed_terminal_call,3.012001039409175,14.239772998107409,-138.80126953125,0.419921875,768,-7,-127
1,t001436-g3-c1:82:7,preflop,fold,"[""Ts"", ""As""]",[],210,196,probable_missed_terminal_call,18.691660045948296,31.702027878655198,50.11767578125,0.4889322916666667,768,-4,-127
0,t001438-g0-c0:98:4,preflop,fold,"[""Jh"", ""Ac""]",[],202,198,probable_missed_terminal_call,16.756338598384993,45.31273867590991,51.462890625,0.595703125,768,-2,377
0,t001438-g3-c0:80:5,preflop,fold,"[""Ad"", ""Th""]",[],206,195,probable_missed_terminal_call,3.1360586858130457,22.583128332972393,124.5958251953125,0.5514322916666666,768,-5,138
0,t001439-g1-c0:3:6,preflop,fold,"[""Qh"", ""Ad""]",[],207,195,probable_missed_terminal_call,21.511720562430526,45.864163294572016,92.46533203125,0.6009114583333334,768,-5,474
0,t001441-g0-c0:5:7,preflop,fold,"[""8d"", ""8c""]",[],210,193,probable_missed_terminal_call,16.11738480585442,32.79426047002811,16.7646484375,0.4524739583333333,768,-7,236
1,t001441-g0-c1:5:7,preflop,fold,"[""8d"", ""8c""]",[],210,193,probable_missed_terminal_call,19.29480011560877,32.475453735710786,20.6510009765625,0.4506008010680908,749,-7,236
0,t001449-g3-c0:39:5,preflop,fold,"[""Jd"", ""Ad""]",[],203,198,probable_missed_terminal_call,24.05811975985725,53.69573388043966,67.4569091796875,0.5358072916666666,768,-2,760
0,t001449-g3-c0:79:5,preflop,fold,"[""Js"", ""As""]",[],202,198,probable_missed_terminal_call,23.316163053174428,53.39734594247409,61.423828125,0.6080729166666666,768,-2,760
0,t001450-g2-c0:15:5,preflop,fold,"[""Js"", ""Qs""]",[],602,198,probable_missed_terminal_call,9.472085464140267,79.3528472275668,-84.11653645833333,0.3234592013888889,768,-2,71
0,t001450-g3-c0:77:6,preflop,fold,"[""Qc"", ""Ks""]",[],206,195,probable_missed_terminal_call,2.4097638357941333,14.536063741019316,-84.9110107421875,0.4908854166666667,768,-5,411
1,t001450-g3-c1:77:6,preflop,fold,"[""Qc"", ""Ks""]",[],206,195,probable_missed_terminal_call,3.7811883466439786,14.636082892566513,-84.470458984375,0.4908854166666667,768,-5,411
0,t001451-g0-c0:8:6,preflop,fold,"[""Js"", ""Ac""]",[],208,195,probable_missed_terminal_call,13.980261067515935,33.10282841781551,-91.9378662109375,0.5442708333333334,768,-5,991
0,t001451-g0-c0:67:5,preflop,fold,"[""Kc"", ""Qh""]",[],602,198,probable_missed_terminal_call,3.2912335759420923,72.1145192538113,34.861328125,0.3106553819444445,768,-2,991
0,t001451-g0-c0:92:5,preflop,fold,"[""Ad"", ""Qh""]",[],403,198,probable_missed_terminal_call,41.876940044267975,86.86425614162968,-79.39444986979166,0.4210069444444445,768,-2,991
0,t001451-g1-c0:51:5,preflop,fold,"[""7h"", ""7c""]",[],403,198,probable_missed_terminal_call,10.443800862042107,78.18291017046259,-119.69588216145834,0.4045584045584045,585,-2,1265
0,t001451-g3-c0:26:7,preflop,fold,"[""8h"", ""8c""]",[],217,193,probable_missed_terminal_call,25.436302374923777,39.01759596948379,102.438232421875,0.5110677083333334,768,-7,930
0,t001451-g3-c0:40:6,preflop,fold,"[""6h"", ""6s""]",[],208,195,probable_missed_terminal_call,3.505442188596784,15.372007247843158,70.1082763671875,0.4856770833333333,768,-5,930
0,t001451-g3-c0:85:6,preflop,fold,"[""Qh"", ""Kh""]",[],406,195,probable_missed_terminal_call,23.3726445401732,68.2716695257428,27.929524739583336,0.431423611111111,768,-5,930
0,t001452-g1-c0:31:6,preflop,fold,"[""Ac"", ""Qd""]",[],402,198,probable_missed_terminal_call,44.67049057218844,73.78034053870441,61.47265625,0.4396701388888889,768,-2,107
0,t001452-g1-c0:90:7,preflop,fold,"[""Qc"", ""Ad""]",[],205,195,probable_missed_terminal_call,20.08496113915854,44.5238040561058,79.853515625,0.572265625,768,-5,107
0,t001452-g2-c0:21:7,preflop,fold,"[""As"", ""Jh""]",[],208,195,probable_missed_terminal_call,10.480374098657869,33.36748218879349,70.6986083984375,0.5572916666666666,768,-5,-312
0,t001452-g5-c0:46:7,preflop,fold,"[""Td"", ""Tc""]",[],208,195,probable_missed_terminal_call,50.2286389865813,64.01435953893953,73.0107421875,0.6458333333333334,768,-5,211
0,t001453-g1-c0:14:7,preflop,fold,"[""Kh"", ""Ac""]",[],224,179,probable_missed_terminal_call,3.2096387932209165,54.60130251428248,22.795166015625,0.470703125,768,-21,-96
1,t001453-g1-c1:14:7,preflop,fold,"[""Kh"", ""Ac""]",[],224,179,probable_missed_terminal_call,9.692535817534615,52.99307792716275,22.9427490234375,0.470703125,768,-21,-90
0,t001457-g2-c0:5:5,preflop,fold,"[""Ac"", ""Jh""]",[],203,198,probable_missed_terminal_call,17.36872947973506,48.96549330195921,81.897216796875,0.5670572916666666,768,-2,922
0,t001457-g2-c0:55:5,preflop,fold,"[""As"", ""Qd""]",[],402,198,probable_missed_terminal_call,34.59650663796362,84.05660304013264,-148.390625,0.46093749999999994,768,-2,922
0,t001457-g4-c0:6:7,preflop,fold,"[""Jd"", ""Jc""]",[],225,182,probable_missed_terminal_call,84.0089048022051,94.67340503146708,96.918212890625,0.6126302083333334,768,-18,650
0,t001459-g0-c0:79:9,preflop,fold,"[""Jc"", ""Jd""]",[],237,172,probable_missed_terminal_call,96.25280312116517,106.57435190177759,191.167236328125,0.5390625,768,-28,158
0,t001462-g2-c0:19:7,preflop,fold,"[""As"", ""Jd""]",[],207,195,probable_missed_terminal_call,11.47870656220238,34.54024208601076,52.569580078125,0.5517578125,512,-5,358
0,t001462-g5-c0:4:7,preflop,fold,"[""Kc"", ""Jc""]",[],405,195,probable_missed_terminal_call,7.111470714892211,27.84405419165489,30.146484375,0.32356770833333337,768,-5,148
0,t001462-g5-c0:64:7,preflop,fold,"[""7d"", ""7s""]",[],207,195,probable_missed_terminal_call,6.280699881397087,19.528374544547034,111.70166015625,0.5221354166666666,768,-5,148
1,t001462-g5-c1:4:7,preflop,fold,"[""Kc"", ""Jc""]",[],405,195,probable_missed_terminal_call,8.819702199705105,27.61088025505844,35.76171875,0.3220628415300547,488,-5,399
0,t001467-g0-c0:41:6,preflop,fold,"[""Qh"", ""Kd""]",[],212,194,probable_missed_terminal_call,7.516334752454068,20.52221583762841,-28.319091796875,0.4856770833333333,768,-6,202
1,t001467-g0-c1:41:6,preflop,fold,"[""Qh"", ""Kd""]",[],212,194,probable_missed_terminal_call,7.6771822694375915,17.32912778928762,-28.616455078125,0.4856770833333333,768,-6,202
0,t001468-g0-c0:39:10,flop,call,"[""9s"", ""Ah""]","[""8c"", ""4h"", ""2h""]",211,195,probable_bad_terminal_call,-24.153193031630202,-2.024066431638503,-71.72064777327935,0.583984375,768,-200,-512
0,t001468-g0-c0:51:13,river,call,"[""8d"", ""8c""]","[""Jh"", ""7h"", ""As"", ""Qc"", ""3d""]",217,183,probable_bad_terminal_call,-167.53875442668075,-67.64444375088578,-183.0,0.5052083333333334,768,-200,-512
0,t001468-g0-c0:71:6,preflop,fold,"[""Ac"", ""Tc""]",[],205,195,probable_missed_terminal_call,13.34116255091474,30.969154224226564,56.025390625,0.576171875,768,-5,-512
1,t001468-g0-c1:39:10,flop,call,"[""9s"", ""Ah""]","[""8c"", ""4h"", ""2h""]",211,195,probable_bad_terminal_call,-22.623543917234564,-4.055623551168327,-71.72064777327935,0.583984375,768,-200,-524
0,t001468-g1-c0:43:6,preflop,fold,"[""As"", ""Qc""]",[],406,195,probable_missed_terminal_call,21.813894443776498,56.795414337534154,33.60302734375,0.35503472222222227,768,-5,-5
0,t001468-g2-c0:29:6,preflop,fold,"[""8c"", ""8s""]",[],205,195,probable_missed_terminal_call,18.89775489589444,33.812006804242195,93.76953125,0.5553385416666666,768,-5,-145
0,t001468-g2-c0:44:7,preflop,fold,"[""Qs"", ""Ac""]",[],420,180,probable_missed_terminal_call,4.193685856658389,43.23771660903102,140.5078125,0.3289930555555556,768,-20,-145
0,t001468-g3-c0:66:6,preflop,fold,"[""Ad"", ""Tc""]",[],208,195,probable_missed_terminal_call,7.051600683303993,24.535369725609705,90.7698974609375,0.5768229166666666,768,-5,179
0,t001468-g4-c0:98:5,preflop,fold,"[""Ah"", ""Qh""]",[],203,198,probable_missed_terminal_call,36.188188438462184,61.167402308218975,70.638671875,0.6451822916666666,768,-2,-16
0,t001473-g1-c0:45:7,preflop,fold,"[""Ad"", ""Qh""]",[],206,195,probable_missed_terminal_call,19.400181577702142,47.87595686358122,75.40087890625,0.5768229166666666,768,-5,158
0,t001474-g0-c0:52:5,preflop,fold,"[""9s"", ""As""]",[],206,195,probable_missed_terminal_call,4.841225362009047,18.64802012311052,-95.8758544921875,0.4264322916666667,768,-5,-110
1,t001477-g1-c1:64:12,river,fold,"[""Ah"", ""Ad""]","[""6h"", ""Qc"", ""8d"", ""Th"", ""9c""]",138,27,probable_missed_terminal_call,15.163516004406619,33.63150873009822,138.0,0.19205729166666666,768,-54,-251
0,t001482-g1-c0:95:6,flop,fold,"[""Kh"", ""As""]","[""3d"", ""6c"", ""3s""]",207,195,probable_missed_terminal_call,26.04532699071421,35.42275067488892,-109.69756097560976,0.4856770833333333,768,-5,164
1,t001482-g1-c1:95:6,flop,fold,"[""Kh"", ""As""]","[""3d"", ""6c"", ""3s""]",207,195,probable_missed_terminal_call,21.59668883788361,36.76419650810529,-109.69756097560976,0.4856770833333333,768,-5,164
0,t001482-g2-c0:2:5,preflop,fold,"[""9h"", ""9d""]",[],207,195,probable_missed_terminal_call,30.36693855108001,40.77643184385681,77.2529296875,0.5279947916666666,768,-5,264
0,t001482-g2-c0:44:4,preflop,fold,"[""Qs"", ""Ks""]",[],203,198,probable_missed_terminal_call,9.418089078043073,37.08959114562761,85.71533203125,0.5377604166666666,768,-2,264
0,t001482-g3-c0:10:5,preflop,fold,"[""Jd"", ""Jc""]",[],205,195,probable_missed_terminal_call,65.3798063710251,76.27301706590002,102.8515625,0.62109375,768,-5,173
0,t001482-g3-c0:30:5,preflop,fold,"[""Qs"", ""Kd""]",[],205,195,probable_missed_terminal_call,3.8329341817582367,13.726124158550775,3.828125,0.5078125,768,-5,173
1,t001482-g3-c1:88:12,turn,call,"[""3c"", ""Ac""]","[""4s"", ""Js"", ""4c"", ""7c""]",227,179,probable_bad_terminal_call,-55.69719324415297,-9.678567441015659,176.25,0.6139322916666666,768,-200,207
0,t001489-g2-c0:82:6,preflop,fold,"[""Th"", ""Ts""]",[],225,182,probable_missed_terminal_call,64.06170477679407,73.45300406328894,-108.072265625,0.548828125,768,-18,-23
0,t001491-g1-c0:41:7,preflop,fold,"[""Th"", ""As""]",[],207,195,probable_missed_terminal_call,7.332058815580062,20.649422956084898,-97.002685546875,0.48565965583174,523,-5,-171
1,t001491-g1-c1:41:7,preflop,fold,"[""Th"", ""As""]",[],207,195,probable_missed_terminal_call,2.644787410919739,20.19170054783396,-99.89794921875,0.4713541666666667,768,-5,-171
0,t001492-g1-c0:16:5,preflop,fold,"[""Qs"", ""Kh""]",[],402,198,probable_missed_terminal_call,7.384906326507362,46.40891544780856,-142.1162109375,0.3645833333333333,768,-2,-16
0,t001493-g3-c0:87:6,preflop,fold,"[""Jc"", ""Ah""]",[],206,195,probable_missed_terminal_call,12.450315773007063,31.67014891028144,65.0234375,0.5006510416666666,768,-5,153
1,t001493-g3-c1:87:6,preflop,fold,"[""Jc"", ""Ah""]",[],206,195,probable_missed_terminal_call,15.19694847123137,32.97584162300045,57.7298583984375,0.5006510416666666,768,-5,153
0,t001493-g4-c0:55:6,preflop,fold,"[""7d"", ""7s""]",[],405,195,probable_missed_terminal_call,5.246183310664176,31.443687300683553,6.416015625,0.3138020833333333,768,-5,-273
1,t001493-g4-c1:55:6,preflop,fold,"[""7d"", ""7s""]",[],405,195,probable_missed_terminal_call,4.296398068127512,27.940153367264237,10.46875,0.3138020833333333,768,-5,-273
0,t001494-g1-c0:46:5,preflop,fold,"[""Ad"", ""Jc""]",[],403,198,probable_missed_terminal_call,21.142984881312515,68.89847368370204,-87.806884765625,0.4443419434194342,542,-2,381
0,t001495-g0-c0:48:12,river,call,"[""Kh"", ""Ac""]","[""2d"", ""Js"", ""Ts"", ""2h"", ""5h""]",269,132,probable_bad_terminal_call,-123.47603126623409,-63.864577393987915,269.0,0.517578125,768,201,579
1,t001495-g0-c1:48:12,river,call,"[""Kh"", ""Ac""]","[""2d"", ""Js"", ""Ts"", ""2h"", ""5h""]",269,132,probable_bad_terminal_call,-122.67754097051663,-63.907123901504505,269.0,0.517578125,768,201,579
0,t001498-g1-c0:41:10,turn,fold,"[""Js"", ""8s""]","[""7h"", ""5c"", ""6s"", ""Qs""]",277,124,probable_missed_terminal_call,13.457710969320853,33.56570183230679,16.35,0.3515625,512,-76,-75
1,t001498-g1-c1:41:10,turn,fold,"[""Js"", ""8s""]","[""7h"", ""5c"", ""6s"", ""Qs""]",277,124,probable_missed_terminal_call,10.300822167482355,38.90402723349944,16.35,0.3515625,768,-76,-75
0,t001500-g0-c0:5:8,preflop,fold,"[""8s"", ""8h""]",[],213,195,probable_missed_terminal_call,19.35967506354528,34.070235426972395,61.693359375,0.5436197916666666,768,-5,437
0,t001500-g1-c0:4:7,preflop,fold,"[""Ks"", ""Js""]",[],208,195,probable_missed_terminal_call,7.061889263977622,15.8826790106043,85.2109375,0.51171875,768,-5,-23
1,t001500-g1-c1:4:7,preflop,fold,"[""Ks"", ""Js""]",[],208,195,probable_missed_terminal_call,6.384714611958192,15.11538505836599,89.5892333984375,0.51171875,768,-5,-23
0,t001500-g2-c0:59:8,preflop,fold,"[""Td"", ""Tc""]",[],406,194,probable_missed_terminal_call,29.531456573647787,100.7715985284543,217.865234375,0.46440972222222215,768,-6,113
0,t001500-g3-c0:18:7,preflop,fold,"[""7c"", ""7d""]",[],208,195,probable_missed_terminal_call,10.048879474097886,25.641276010051367,55.49755859375,0.4752604166666667,768,-5,-921
0,t001500-g3-c0:29:6,preflop,fold,"[""Qc"", ""Kc""]",[],203,198,probable_missed_terminal_call,8.539196864748861,33.652579683133354,46.16357421875,0.5462239583333334,768,-2,-921
1,t001500-g3-c1:18:7,preflop,fold,"[""7c"", ""7d""]",[],208,195,probable_missed_terminal_call,3.359978110102775,21.807859292279687,62.483154296875,0.4752604166666667,768,-5,-113
0,t001500-g4-c0:5:7,preflop,fold,"[""Ah"", ""Qd""]",[],208,195,probable_missed_terminal_call,18.83337216387544,47.41842799434374,75.076904296875,0.5718270571827058,717,-5,755
0,t001500-g4-c0:59:7,preflop,fold,"[""9s"", ""9h""]",[],407,195,probable_missed_terminal_call,39.9128723603193,97.75242910629022,-81.92903645833334,0.40581597222222227,768,-5,755
0,t001500-g5-c0:21:6,preflop,fold,"[""Qh"", ""Kc""]",[],403,198,probable_missed_terminal_call,4.5806427546847255,64.81538271136152,33.63541666666667,0.41579861111111116,768,-2,1303
0,t001505-g2-c0:60:6,preflop,fold,"[""7c"", ""7h""]",[],203,198,probable_missed_terminal_call,10.323052227285991,32.72886118204527,-5.1851806640625,0.5787760416666666,768,-2,445
0,t001505-g4-c0:17:7,preflop,fold,"[""8d"", ""8h""]",[],208,195,probable_missed_terminal_call,14.70796285817923,31.8973207216384,3.056396484375,0.5013020833333334,768,-5,-259
1,t001505-g4-c1:17:7,preflop,fold,"[""8d"", ""8h""]",[],208,195,probable_missed_terminal_call,17.790783283189004,31.65083217617105,5.4669189453125,0.5013020833333334,768,-5,-432
0,t001508-g0-c0:27:5,preflop,fold,"[""Qs"", ""Ad""]",[],202,198,probable_missed_terminal_call,31.413921192979934,54.2860479800015,57.908203125,0.5930989583333334,768,-2,132
0,t001508-g0-c0:33:6,preflop,fold,"[""Kd"", ""Qc""]",[],206,195,probable_missed_terminal_call,3.611157932140581,14.610806923583926,81.568603515625,0.501953125,768,-5,132
0,t001508-g2-c0:21:6,preflop,fold,"[""Qc"", ""Kc""]",[],206,195,probable_missed_terminal_call,11.970433369643896,23.833393394915692,67.5198974609375,0.5325520833333334,768,-5,604
1,t001510-g3-c1:79:11,river,call,"[""4d"", ""Kc""]","[""Jd"", ""2s"", ""Ah"", ""2c"", ""2h""]",36,12,probable_bad_terminal_call,-11.408665674858296,-4.322414086319715,12.0,0.5846354166666666,768,0,390
0,t001515-g1-c0:36:5,preflop,fold,"[""8s"", ""8d""]",[],402,198,probable_missed_terminal_call,24.290485108806056,94.59690946031938,106.638671875,0.4696180555555555,768,-2,456
0,t001515-g3-c0:85:6,preflop,fold,"[""8h"", ""8c""]",[],406,195,probable_missed_terminal_call,21.334924520910747,76.6778617320992,115.72208658854167,0.3736979166666667,768,-5,-12
0,t001517-g2-c0:77:12,flop,fold,"[""Ad"", ""Qs""]","[""7h"", ""6d"", ""6c""]",216,195,probable_missed_terminal_call,5.820432517586478,22.581158959907853,-97.38056680161944,0.384765625,768,-5,318
0,t001517-g2-c0:81:6,preflop,fold,"[""Jh"", ""Kh""]",[],208,195,probable_missed_terminal_call,7.286892353150455,16.131776906022246,90.1795654296875,0.5071614583333334,768,-5,318
0,t001517-g2-c0:98:8,flop,fold,"[""7d"", ""7h""]","[""5h"", ""8c"", ""5c""]",210,195,probable_missed_terminal_call,11.835892001729992,26.839298230826664,-160.29352226720647,0.41015625,768,-5,318
1,t001517-g2-c1:77:12,flop,fold,"[""Ad"", ""Qs""]","[""7h"", ""6d"", ""6c""]",216,195,probable_missed_terminal_call,8.72570273984149,21.27604309860924,-97.38056680161944,0.384765625,768,-5,318
1,t001517-g2-c1:81:6,preflop,fold,"[""Jh"", ""Kh""]",[],208,195,probable_missed_terminal_call,5.819632918525677,15.979525123944377,94.164306640625,0.5071614583333334,768,-5,318
1,t001517-g2-c1:98:8,flop,fold,"[""7d"", ""7h""]","[""5h"", ""8c"", ""5c""]",210,195,probable_missed_terminal_call,18.024615014797966,27.061140872073466,-160.29352226720647,0.41015625,768,-5,318
0,t001517-g3-c0:10:6,preflop,fold,"[""Ts"", ""Ad""]",[],208,195,probable_missed_terminal_call,5.124096388347939,21.141118618533078,112.661376953125,0.4921875,768,-5,420
0,t001517-g3-c0:33:6,preflop,fold,"[""9d"", ""9s""]",[],205,195,probable_missed_terminal_call,29.69353054480898,49.86891882364205,144.84375,0.5572916666666666,768,-5,420
0,t001517-g3-c0:97:6,preflop,fold,"[""Js"", ""Ac""]",[],207,195,probable_missed_terminal_call,11.594741139992188,30.05432163140713,-95.824951171875,0.6022135416666666,768,-5,420
1,t001517-g3-c1:10:6,preflop,fold,"[""Ts"", ""Ad""]",[],208,195,probable_missed_terminal_call,6.760615955171825,19.05882706298956,112.0218505859375,0.4921875,768,-5,-127
0,t001517-g4-c0:72:6,preflop,fold,"[""7s"", ""7c""]",[],205,195,probable_missed_terminal_call,6.670908331807351,18.957352753925697,71.015625,0.5266927083333334,768,-5,671
0,t001517-g4-c0:97:11,flop,fold,"[""Qd"", ""Qc""]","[""As"", ""Th"", ""6c""]",465,135,probable_missed_terminal_call,26.189907000085185,65.83408042444286,-71.03238866396761,0.2688802083333333,768,-65,671
1,t001518-g0-c1:82:13,river,fold,"[""Ah"", ""Th""]","[""5c"", ""8c"", ""Ac"", ""9c"", ""Ts""]",173,74,probable_missed_terminal_call,18.002464522280437,69.56737394010466,-74.0,0.3977864583333333,768,-49,168
0,t001518-g1-c0:16:5,preflop,fold,"[""9s"", ""9h""]",[],203,198,probable_missed_terminal_call,34.103602917464784,59.295960990592924,-117.7216796875,0.5592447916666666,768,-2,232
0,t001518-g4-c0:62:7,preflop,fold,"[""Qh"", ""Ad""]",[],220,184,probable_missed_terminal_call,37.32623851639469,48.925601063711916,-50.056640625,0.4661458333333333,768,-16,-192
1,t001518-g4-c1:62:7,preflop,fold,"[""Qh"", ""Ad""]",[],220,184,probable_missed_terminal_call,34.34386188013255,48.52077360680832,-50.451171875,0.4661458333333333,768,-16,-192
0,t001520-g3-c0:39:14,river,call,"[""Ad"", ""Ks""]","[""7h"", ""Qd"", ""8d"", ""9s"", ""9d""]",203,40,probable_bad_terminal_call,-38.58027885258062,-10.639265526429977,203.0,0.19596354166666666,768,125,-36
0,t001522-g0-c0:13:6,preflop,fold,"[""Jc"", ""Jh""]",[],206,195,probable_missed_terminal_call,65.36589664166829,78.04593330699319,165.46923828125,0.6549479166666666,768,-5,430
0,t001524-g0-c0:74:6,preflop,fold,"[""Jh"", ""As""]",[],206,195,probable_missed_terminal_call,9.706136036846022,33.08939529774282,-77.030029296875,0.5533854166666666,768,-5,-223
0,t001525-g4-c0:46:7,preflop,fold,"[""Jc"", ""Jh""]",[],222,185,probable_missed_terminal_call,81.23903995248105,93.84481506709437,174.6524658203125,0.59375,768,-15,121
0,t001537-g3-c0:51:6,preflop,fold,"[""Th"", ""Ts""]",[],206,195,probable_missed_terminal_call,46.72660680774512,59.46600436295352,114.95263671875,0.6328125,768,-5,11
0,t001537-g4-c0:73:5,preflop,fold,"[""Th"", ""Ah""]",[],203,198,probable_missed_terminal_call,17.81424234851342,51.82976435527823,-132.994140625,0.5833333333333334,768,-2,321
0,t001539-g0-c0:67:5,preflop,fold,"[""Ah"", ""Jd""]",[],402,198,probable_missed_terminal_call,23.12717862665105,57.928521481646506,-151.515625,0.41210937500000006,768,-2,57
1,t001544-g4-c1:73:13,river,fold,"[""As"", ""Qs""]","[""Qh"", ""8h"", ""7h"", ""8s"", ""Td""]",281,120,probable_missed_terminal_call,10.238901272193976,130.28596140752634,-120.0,0.36328125,768,-79,-192
0,t001545-g3-c0:43:8,preflop,fold,"[""7s"", ""7d""]",[],215,194,probable_missed_terminal_call,11.784131334369533,24.010746907074815,-98.2904052734375,0.4641927083333333,768,-6,-118
1,t001545-g3-c1:43:8,preflop,fold,"[""7s"", ""7d""]",[],215,194,probable_missed_terminal_call,11.882959530807236,28.299291325290053,-100.5870361328125,0.4641927083333333,768,-6,-75
0,t001550-g0-c0:6:9,preflop,fold,"[""Jh"", ""Js""]",[],231,179,probable_missed_terminal_call,88.36628993792799,104.57445530038832,186.606689453125,0.5442708333333334,768,-21,205
0,t001550-g3-c0:3:8,preflop,fold,"[""Tc"", ""Ts""]",[],407,194,probable_missed_terminal_call,37.064990449403716,73.12785451375554,81.55615234375,0.42534722222222227,768,-6,343
0,t001550-g3-c0:49:8,preflop,fold,"[""Qc"", ""Ah""]",[],411,193,probable_missed_terminal_call,30.211538890040746,80.27443574140352,204.5546875,0.3780381944444445,768,-7,343
0,t001550-g4-c0:29:7,preflop,fold,"[""Jd"", ""Ah""]",[],208,195,probable_missed_terminal_call,10.161141102265852,33.09124331153721,75.0277099609375,0.55859375,768,-5,401
1,t001550-g4-c1:96:7,preflop,fold,"[""Ks"", ""Qc""]",[],406,195,probable_missed_terminal_call,2.7412021339370085,51.245832514468226,-24.8682861328125,0.3244357638888889,768,-5,206
0,t001550-g5-c0:17:7,preflop,fold,"[""9c"", ""9d""]",[],407,195,probable_missed_terminal_call,40.21504497949722,97.63794870986122,119.76643880208331,0.4192708333333333,768,-5,89
0,t001555-g1-c0:61:10,flop,fold,"[""8d"", ""Ah""]","[""Th"", ""6h"", ""Qh""]",225,190,probable_missed_terminal_call,16.61551079116161,57.05919447765437,-9.829268292682928,0.5319010416666666,768,-10,-133
1,t001555-g1-c1:61:10,flop,fold,"[""8d"", ""Ah""]","[""Th"", ""6h"", ""Qh""]",225,190,probable_missed_terminal_call,15.811932588270107,57.18847606112539,-9.829268292682928,0.5319010416666666,768,-10,-133
0,t001558-g0-c0:94:7,preflop,fold,"[""As"", ""Tc""]",[],206,195,probable_missed_terminal_call,3.526135136141203,19.683299653503195,59.1494140625,0.42578125,768,-5,207
0,t001558-g2-c0:92:8,preflop,fold,"[""Qc"", ""Ad""]",[],211,195,probable_missed_terminal_call,25.41623841540702,48.900809803626075,76.09619140625,0.5579427083333334,768,-5,270
0,t001561-g5-c0:87:6,preflop,fold,"[""8h"", ""8c""]",[],203,198,probable_missed_terminal_call,16.57643365244928,39.62999265449529,101.18359375,0.521875,640,-2,491
1,t001561-g5-c1:87:6,preflop,fold,"[""8h"", ""8c""]",[],203,198,probable_missed_terminal_call,20.308612705550107,42.28961528206101,99.519287109375,0.5130208333333334,768,-2,491
0,t001564-g0-c0:88:6,preflop,fold,"[""Ac"", ""Jc""]",[],407,195,probable_missed_terminal_call,29.56249618292622,59.19653502241663,58.478841145833336,0.36306423611111116,768,-5,-36
0,t001564-g3-c0:16:6,preflop,fold,"[""7d"", ""7s""]",[],208,195,probable_missed_terminal_call,6.139434157406525,22.177711487503373,10.927490234375,0.5130208333333334,768,-5,182
0,t001564-g4-c0:9:6,preflop,fold,"[""Qs"", ""Ks""]",[],207,195,probable_missed_terminal_call,13.865017233120962,26.627174577826544,129.613037109375,0.453125,768,-5,225
0,t001564-g4-c0:59:6,preflop,fold,"[""Kc"", ""Qs""]",[],407,195,probable_missed_terminal_call,8.257019402406153,20.67627865234654,-30.6845703125,0.36671270718232046,724,-5,225
1,t001564-g4-c1:9:6,preflop,fold,"[""Qs"", ""Ks""]",[],207,195,probable_missed_terminal_call,12.246323033242309,24.281120714666248,123.28271484375,0.453125,768,-5,30
0,t001570-g1-c0:23:5,preflop,fold,"[""Jd"", ""Jh""]",[],206,195,probable_missed_terminal_call,67.14236389347525,76.57928055336693,8.143310546875,0.6119791666666666,768,-5,-316
0,t001570-g1-c0:65:4,preflop,fold,"[""9h"", ""Ah""]",[],203,198,probable_missed_terminal_call,4.5442042097661375,32.832892224886635,72.205078125,0.5520833333333334,768,-2,-316
0,t001570-g1-c0:76:7,preflop,fold,"[""Jd"", ""Js""]",[],232,175,probable_missed_terminal_call,21.407821660006544,76.12447009877083,158.5194091796875,0.6321614583333334,768,-25,-316
0,t001570-g2-c0:1:5,preflop,fold,"[""Jh"", ""Ac""]",[],207,195,probable_missed_terminal_call,10.421227180942095,30.02846429578518,-13.236328125,0.530949105914718,727,-5,-512
0,t001570-g2-c0:53:5,preflop,fold,"[""Ts"", ""Ad""]",[],207,195,probable_missed_terminal_call,5.734481258624183,20.385035608775446,94.9189453125,0.53515625,768,-5,-512
0,t001573-g0-c0:42:5,preflop,fold,"[""As"", ""Ts""]",[],203,198,probable_missed_terminal_call,14.413917331464358,45.99550276722317,77.4427490234375,0.5501302083333334,768,-2,387
0,t001573-g0-c0:74:7,preflop,fold,"[""Td"", ""Ad""]",[],213,194,probable_missed_terminal_call,14.583882472508606,33.22071379522782,91.1285400390625,0.599609375,768,-6,387
0,t001573-g0-c0:77:5,preflop,fold,"[""Ah"", ""9h""]",[],203,198,probable_missed_terminal_call,4.481690384058868,31.46399293042204,28.4925537109375,0.5625,768,-2,387
0,t001577-g3-c0:25:6,preflop,fold,"[""Jc"", ""Js""]",[],221,182,probable_missed_terminal_call,10.643978356534973,60.46204833633428,142.4366455078125,0.4850260416666667,768,-18,-377
1,t001578-g4-c1:94:16,river,fold,"[""Qh"", ""As""]","[""8h"", ""2d"", ""Kc"", ""7d"", ""Kd""]",32,16,probable_missed_terminal_call,2.3852546463444746,11.557676965031073,-16.0,0.4016927083333333,768,-5,-173
0,t001584-g1-c0:58:5,preflop,fold,"[""7d"", ""7h""]",[],206,195,probable_missed_terminal_call,7.788180639274383,17.92149283731391,71.7296142578125,0.5065104166666666,768,-5,583
1,t001584-g1-c1:58:5,preflop,fold,"[""7d"", ""7h""]",[],206,195,probable_missed_terminal_call,8.301741664416138,18.48257558909265,71.87646484375,0.5065104166666666,768,-5,583
0,t001588-g2-c0:25:7,preflop,fold,"[""As"", ""Qc""]",[],208,195,probable_missed_terminal_call,22.603049951975542,47.27033885321409,18.3558349609375,0.59765625,768,-5,-380
0,t001588-g5-c0:89:8,preflop,fold,"[""9d"", ""9h""]",[],408,195,probable_missed_terminal_call,7.249935441967074,52.05746226475339,-33.650390625,0.3585069444444445,768,-5,84
0,t001598-g3-c0:95:14,river,call,"[""Qc"", ""As""]","[""8d"", ""4h"", ""3s"", ""6h"", ""Ks""]",175,58,probable_bad_terminal_call,-53.915889914947265,-16.62895801990048,-58.0,0.294921875,768,-116,102
1,t001600-g4-c1:95:13,river,fold,"[""9d"", ""9h""]","[""3d"", ""7s"", ""4c"", ""5h"", ""7d""]",288,57,probable_missed_terminal_call,15.864691887337612,86.57014333485301,-57.0,0.2109375,768,-115,-181
0,t001604-g2-c0:67:6,preflop,fold,"[""Ts"", ""Tc""]",[],424,176,probable_missed_terminal_call,24.767486067436906,106.32059642839788,122.53515625,0.4032118055555556,768,-24,677
0,t001604-g3-c0:1:6,preflop,fold,"[""Ad"", ""Qd""]",[],226,182,probable_missed_terminal_call,52.98754577729558,61.95326651653586,98.69921875,0.51171875,768,-18,172
0,t001611-g4-c0:73:19,river,call,"[""Ad"", ""Qc""]","[""5s"", ""4s"", ""3d"", ""8d"", ""Kc""]",76,38,probable_bad_terminal_call,-24.79840246072471,-3.444664932247756,-38.0,0.4654947916666667,768,-49,-31
1,t001611-g4-c1:73:19,river,call,"[""Ad"", ""Qc""]","[""5s"", ""4s"", ""3d"", ""8d"", ""Kc""]",76,38,probable_bad_terminal_call,-24.976328091554734,-2.3339834560517287,-38.0,0.4654947916666667,768,-49,-31
0,t001612-g0-c0:54:7,preflop,fold,"[""Qh"", ""Ah""]",[],230,173,probable_missed_terminal_call,3.3900062301515907,46.78150986464837,81.531494140625,0.587890625,768,-27,328
0,t001612-g1-c0:51:12,river,call,"[""8s"", ""Ad""]","[""5h"", ""Tc"", ""2h"", ""6h"", ""6d""]",245,155,probable_bad_terminal_call,-139.69137408211378,-28.121369958861294,245.0,0.5364583333333334,768,200,-55
1,t001612-g1-c1:51:12,river,call,"[""8s"", ""Ad""]","[""5h"", ""Tc"", ""2h"", ""6h"", ""6d""]",245,155,probable_bad_terminal_call,-139.6940158743215,-27.75153090004363,245.0,0.5364583333333334,768,200,-55
0,t001614-g0-c0:4:7,preflop,fold,"[""Ad"", ""Js""]",[],208,195,probable_missed_terminal_call,12.38414442158686,37.10542464597282,1.678955078125,0.5397135416666666,768,-5,391
0,t001614-g1-c0:30:8,preflop,fold,"[""Ts"", ""Tc""]",[],405,195,probable_missed_terminal_call,28.602395762316643,100.81764841060257,70.4052734375,0.40863715277777773,768,-5,226
0,t001614-g4-c0:0:7,preflop,fold,"[""Ah"", ""Th""]",[],208,195,probable_missed_terminal_call,8.895655864199949,33.23073824164392,49.20068359375,0.54296875,768,-5,769
1,t001614-g4-c1:47:7,preflop,fold,"[""Qc"", ""Ks""]",[],408,195,probable_missed_terminal_call,4.321476048407645,50.366605533623385,87.7789306640625,0.322265625,768,-5,171
1,t001614-g4-c1:53:7,preflop,fold,"[""Jc"", ""As""]",[],407,195,probable_missed_terminal_call,11.523056286011158,65.04705627404427,-114.06705729166666,0.3179253472222222,768,-5,171
1,t001614-g4-c1:59:12,river,call,"[""Qs"", ""Qc""]","[""4h"", ""As"", ""7c"", ""7d"", ""9h""]",240,120,probable_bad_terminal_call,-95.69999613527929,-7.0391558525639795,-120.0,0.4140625,768,-179,171
0,t001616-g1-c0:97:15,river,call,"[""8h"", ""8c""]","[""Jc"", ""9c"", ""3c"", ""4d"", ""4h""]",50,25,probable_bad_terminal_call,-21.130823315729305,-3.8808665815805403,50.0,0.4329427083333333,768,38,137
1,t001616-g1-c1:97:15,river,call,"[""8h"", ""8c""]","[""Jc"", ""9c"", ""3c"", ""4d"", ""4h""]",50,25,probable_bad_terminal_call,-21.07389035347797,-4.209593258183676,50.0,0.4329427083333333,768,38,137
0,t001619-g0-c0:40:13,river,call,"[""Ac"", ""4c""]","[""3s"", ""Qc"", ""Td"", ""Kc"", ""Qs""]",130,43,probable_bad_terminal_call,-40.600576799525264,-4.531450029571836,130.0,0.4583333333333333,768,88,323
1,t001619-g0-c1:40:13,river,call,"[""Ac"", ""4c""]","[""3s"", ""Qc"", ""Td"", ""Kc"", ""Qs""]",130,43,probable_bad_terminal_call,-40.78764733792613,-3.567530955983334,130.0,0.4583333333333333,768,88,323
0,t001626-g0-c0:79:9,preflop,fold,"[""Jd"", ""Js""]",[],424,180,probable_missed_terminal_call,93.32529683460027,156.7626543070896,133.3544921875,0.5141059027777778,768,-20,-435
0,t001626-g1-c0:59:8,preflop,fold,"[""Ts"", ""Th""]",[],407,195,probable_missed_terminal_call,35.57342518651747,107.05003085319551,-61.98974609375,0.4166666666666667,768,-5,-376
0,t001626-g2-c0:31:7,preflop,fold,"[""Jd"", ""Ah""]",[],408,195,probable_missed_terminal_call,5.505112993378177,66.94639490057723,55.121337890625,0.34418402777777785,768,-5,620
0,t001626-g2-c0:79:7,preflop,fold,"[""Ac"", ""Jh""]",[],407,195,probable_missed_terminal_call,9.783999715552671,63.811504919530094,-56.67423502604167,0.3604600694444444,768,-5,620
1,t001626-g2-c1:31:7,preflop,fold,"[""Jd"", ""Ah""]",[],408,195,probable_missed_terminal_call,7.597890458548595,69.38710577462271,58.163818359375,0.34418402777777785,768,-5,425
0,t001626-g3-c0:1:7,preflop,fold,"[""Ad"", ""Qh""]",[],406,195,probable_missed_terminal_call,22.745749749516882,52.239141978517665,103.12788899739584,0.36306423611111116,768,-5,187
0,t001626-g3-c0:96:7,preflop,fold,"[""9h"", ""9s""]",[],408,195,probable_missed_terminal_call,40.40906936115331,96.45655853548331,95.3115234375,0.3912760416666667,768,-5,187
0,t001626-g5-c0:32:9,preflop,fold,"[""Td"", ""Ts""]",[],409,193,probable_missed_terminal_call,35.513251099099605,109.13495439558925,-78.01839192708334,0.4546440972222223,768,-7,-41
0,t001626-g5-c0:65:7,preflop,fold,"[""Jc"", ""As""]",[],408,195,probable_missed_terminal_call,13.530104678105932,67.30572384440045,-66.626953125,0.3700086805555556,768,-5,-41
0,t001633-g0-c0:29:9,preflop,fold,"[""Jd"", ""Jc""]",[],421,182,probable_missed_terminal_call,2.3829562150985835,82.2342048331096,-64.962646484375,0.3548177083333333,768,-18,607
0,t001633-g3-c0:84:7,preflop,fold,"[""Ac"", ""Qd""]",[],406,195,probable_missed_terminal_call,27.697668864438853,82.85218946029133,123.15633138020834,0.3489583333333333,768,-5,-66
1,t001633-g3-c1:84:7,preflop,fold,"[""Ac"", ""Qd""]",[],406,195,probable_missed_terminal_call,26.823720618970334,75.71031871440073,122.76505533854166,0.3489583333333333,768,-5,-66
0,t001634-g2-c0:57:6,preflop,fold,"[""7h"", ""7d""]",[],207,195,probable_missed_terminal_call,7.061478496249015,21.022127413683574,9.778564453125,0.490234375,768,-5,91
1,t001634-g2-c1:57:6,preflop,fold,"[""7h"", ""7d""]",[],207,195,probable_missed_terminal_call,11.510719306521336,21.395348157547126,10.02392578125,0.490234375,768,-5,91
0,t001637-g0-c0:93:7,preflop,fold,"[""Kc"", ""Qc""]",[],207,195,probable_missed_terminal_call,10.74450523257137,28.70899269126469,-21.97119140625,0.5240885416666666,768,-5,-142
0,t001637-g5-c0:35:7,preflop,fold,"[""Qd"", ""Ks""]",[],206,195,probable_missed_terminal_call,4.403736109371529,14.219950553607124,86.7083740234375,0.505859375,768,-5,11
0,t001637-g5-c0:76:7,preflop,fold,"[""Jc"", ""Jh""]",[],405,195,probable_missed_terminal_call,99.47210891881264,114.73340058303333,244.6240234375,0.4822048611111111,768,-5,11
1,t001638-g0-c1:83:5,preflop,fold,"[""6c"", ""6d""]",[],206,195,probable_missed_terminal_call,2.865672315595787,12.247044979388878,25.080078125,0.4420572916666667,768,-5,-6
1,t001639-g3-c1:34:13,river,fold,"[""As"", ""9h""]","[""Qh"", ""Jd"", ""Th"", ""Ac"", ""8c""]",187,112,probable_missed_terminal_call,14.72636794014699,54.271092204764194,37.5,0.4752604166666667,768,-37,54
0,t001641-g3-c0:32:7,preflop,fold,"[""As"", ""Qh""]",[],214,194,probable_missed_terminal_call,26.54854187201243,50.85935958336954,34.005859375,0.513671875,768,-6,1
0,t001646-g1-c0:89:4,preflop,fold,"[""Td"", ""Ah""]",[],402,198,probable_missed_terminal_call,4.09914899204128,67.03425425953786,248.97265625,0.4147135416666667,768,-2,730
0,t001654-g0-c0:22:16,river,call,"[""Js"", ""9s""]","[""7h"", ""Jh"", ""Ad"", ""8d"", ""8c""]",115,49,probable_bad_terminal_call,-37.93293235985243,-2.687136419126044,115.0,0.333984375,768,84,294
0,t001654-g2-c0:35:16,river,call,"[""6c"", ""8c""]","[""3s"", ""9s"", ""5d"", ""8s"", ""4d""]",162,81,probable_bad_terminal_call,-67.68390855009233,-14.699697389080985,-81.0,0.6106770833333334,768,-119,-95
1,t001654-g2-c1:35:16,river,call,"[""6c"", ""8c""]","[""3s"", ""9s"", ""5d"", ""8s"", ""4d""]",162,81,probable_bad_terminal_call,-66.75816157219614,-14.325156079943323,-81.0,0.6106770833333334,768,-119,-95
0,t001656-g5-c0:58:14,river,call,"[""Jd"", ""As""]","[""Ks"", ""2s"", ""2d"", ""Qs"", ""4c""]",92,18,probable_bad_terminal_call,-15.474524858940862,-3.048235441100169,-18.0,0.326171875,768,-50,-126
0,t001656-g5-c0:61:13,river,call,"[""9h"", ""Js""]","[""Qd"", ""3d"", ""9c"", ""5c"", ""Ac""]",150,75,probable_bad_terminal_call,-61.34967524751552,-15.912813461856283,-75.0,0.5670572916666666,768,-111,-126
0,t001656-g5-c0:81:16,river,call,"[""Jc"", ""Ah""]","[""Tc"", ""4s"", ""3d"", ""Th"", ""8s""]",236,101,probable_bad_terminal_call,-93.8531393679186,-2.328641191110926,-101.0,0.521484375,768,-166,-126
1,t001656-g5-c1:58:14,river,call,"[""Jd"", ""As""]","[""Ks"", ""2s"", ""2d"", ""Qs"", ""4c""]",92,18,probable_bad_terminal_call,-15.781034172153346,-3.6188666509759604,-18.0,0.326171875,768,-50,-86
1,t001656-g5-c1:61:13,river,call,"[""9h"", ""Js""]","[""Qd"", ""3d"", ""9c"", ""5c"", ""Ac""]",150,75,probable_bad_terminal_call,-60.76044745472802,-15.816004509416782,-75.0,0.5670572916666666,768,-111,-86
1,t001656-g5-c1:81:16,river,call,"[""Jc"", ""Ah""]","[""Tc"", ""4s"", ""3d"", ""Th"", ""8s""]",236,101,probable_bad_terminal_call,-93.89742727566214,-2.206435734477339,-101.0,0.521484375,768,-166,-86
0,t001658-g0-c0:65:11,river,call,"[""Ad"", ""Tc""]","[""5h"", ""7c"", ""8d"", ""Kd"", ""5d""]",67,22,probable_bad_terminal_call,-21.359253896620036,-12.343619821655125,67.0,0.3098958333333333,768,46,58
0,t001659-g3-c0:85:11,river,call,"[""Ks"", ""Ad""]","[""2s"", ""7d"", ""9c"", ""Qs"", ""4h""]",61,12,probable_bad_terminal_call,-11.061633700204283,-4.070098454922339,-12.0,0.259765625,768,-36,56
1,t001659-g3-c1:85:11,river,call,"[""Ks"", ""Ad""]","[""2s"", ""7d"", ""9c"", ""Qs"", ""4h""]",61,12,probable_bad_terminal_call,-11.119389052093837,-3.9594814597250156,-12.0,0.259765625,768,-36,56
0,t001660-g4-c0:29:6,preflop,fold,"[""8d"", ""8s""]",[],207,195,probable_missed_terminal_call,20.13853510771309,30.01121272221712,100.169677734375,0.5611979166666666,768,-5,0
0,t001661-g3-c0:37:7,preflop,fold,"[""7c"", ""7d""]",[],212,195,probable_missed_terminal_call,11.863315807571084,27.432806169316958,116.112548828125,0.45703125,768,-5,-119
1,t001661-g3-c1:37:7,preflop,fold,"[""7c"", ""7d""]",[],212,195,probable_missed_terminal_call,8.70611809114449,22.349322553296318,114.4730224609375,0.45703125,768,-5,-109
0,t001665-g4-c0:3:5,preflop,fold,"[""As"", ""Js""]",[],203,198,probable_missed_terminal_call,24.18772165513421,57.39914639159732,80.918212890625,0.6223958333333334,768,-2,1089
0,t001667-g3-c0:34:5,preflop,fold,"[""Jc"", ""Ah""]",[],402,198,probable_missed_terminal_call,20.89298859378242,62.89935579923831,94.0166015625,0.3882378472222223,768,-2,320
0,t001670-g3-c0:93:15,river,fold,"[""9c"", ""9s""]","[""3h"", ""4d"", ""Qs"", ""6h"", ""5c""]",45,27,probable_missed_terminal_call,3.043046943419565,10.11773930644253,-27.0,0.3671875,768,-6,-89
1,t001670-g3-c1:93:15,river,fold,"[""9c"", ""9s""]","[""3h"", ""4d"", ""Qs"", ""6h"", ""5c""]",45,27,probable_missed_terminal_call,2.648834700267473,10.064824405475871,-27.0,0.3671875,768,-6,-89
0,t001671-g3-c0:24:5,preflop,fold,"[""Qc"", ""Ah""]",[],207,195,probable_missed_terminal_call,26.553761367978293,48.64065633626497,-7.789306640625,0.521484375,768,-5,80
0,t001671-g3-c0:69:5,preflop,fold,"[""7h"", ""7s""]",[],206,195,probable_missed_terminal_call,6.023812986971884,20.388038545152323,138.0081787109375,0.4296875,768,-5,80
1,t001671-g3-c1:69:5,preflop,fold,"[""7h"", ""7s""]",[],206,195,probable_missed_terminal_call,7.809211848269259,20.756602420059348,133.7984619140625,0.4296875,768,-5,286
0,t001673-g0-c0:48:8,preflop,fold,"[""9c"", ""9h""]",[],214,194,probable_missed_terminal_call,31.66812079169274,47.657107139716636,96.2119140625,0.58984375,768,-6,108
0,t001673-g2-c0:39:12,river,call,"[""Qs"", ""Ac""]","[""4c"", ""3s"", ""4d"", ""6d"", ""9c""]",129,55,probable_bad_terminal_call,-44.67963206162883,-10.165105837538354,-55.0,0.3430989583333333,768,-91,363
0,t001673-g5-c0:35:7,preflop,fold,"[""Ac"", ""Jd""]",[],208,195,probable_missed_terminal_call,10.931681564999385,29.491730646468664,-158.5469970703125,0.6015625,768,-5,134
0,t001679-g0-c0:63:6,preflop,fold,"[""7c"", ""7d""]",[],406,195,probable_missed_terminal_call,2.226653778005562,66.92285694148143,150.59456380208334,0.3658854166666666,768,-5,532
0,t001679-g1-c0:5:6,preflop,fold,"[""Ac"", ""Jd""]",[],205,195,probable_missed_terminal_call,7.122795776016031,31.399320767076297,64.08203125,0.5989583333333334,768,-5,1135
0,t001679-g1-c0:86:5,preflop,fold,"[""7h"", ""7d""]",[],402,198,probable_missed_terminal_call,12.358510229289998,77.1249868827046,52.341796875,0.4500868055555556,768,-2,1135
0,t001679-g1-c0:89:7,preflop,fold,"[""Ad"", ""Qc""]",[],420,182,probable_missed_terminal_call,3.3884325190007223,59.75537701386079,-13.030436197916668,0.3489583333333333,768,-18,1135
0,t001679-g2-c0:89:8,preflop,fold,"[""As"", ""Js""]",[],450,152,probable_missed_terminal_call,41.22617086976795,92.27842454293062,-27.195719401041668,0.3409288194444445,768,-48,-73
0,t001679-g3-c0:39:5,preflop,fold,"[""8c"", ""8s""]",[],403,198,probable_missed_terminal_call,26.169083995198136,95.12301967914125,118.88468424479166,0.45724826388888884,768,-2,-88
0,t001679-g4-c0:64:6,preflop,fold,"[""Jc"", ""Ad""]",[],407,195,probable_missed_terminal_call,11.820419498856616,64.0167844064506,81.21061197916667,0.35894097222222227,768,-5,862
0,t001680-g0-c0:91:13,turn,call,"[""6c"", ""6d""]","[""5d"", ""3h"", ""8h"", ""Jd""]",224,188,probable_bad_terminal_call,-83.41393110619677,-11.27570821278881,-166.31578947368422,0.5182291666666666,768,-200,796
1,t001680-g0-c1:91:13,turn,call,"[""6c"", ""6d""]","[""5d"", ""3h"", ""8h"", ""Jd""]",224,188,probable_bad_terminal_call,-79.98203708234237,-12.334056936249691,-166.31578947368422,0.5182291666666666,768,-200,801
0,t001680-g4-c0:16:7,preflop,fold,"[""Jh"", ""Js""]",[],221,185,probable_missed_terminal_call,77.691940675903,93.49973843058193,159.3466796875,0.59765625,768,-15,39
0,t001682-g2-c0:64:7,preflop,fold,"[""7s"", ""7d""]",[],208,196,probable_missed_terminal_call,3.319960753016419,15.752037258316385,60.98779296875,0.443359375,768,-4,252
1,t001682-g2-c1:64:7,preflop,fold,"[""7s"", ""7d""]",[],208,196,probable_missed_terminal_call,8.472935938303976,19.15226420598481,60.4453125,0.443359375,768,-4,252
1,t001683-g1-c1:37:13,river,fold,"[""7h"", ""7d""]","[""4s"", ""Js"", ""9d"", ""Ks"", ""Kh""]",66,33,probable_missed_terminal_call,9.310361092000829,23.165764327351848,-33.0,0.435546875,768,-16,108
0,t001687-g1-c0:74:9,preflop,fold,"[""As"", ""Ks""]",[],244,159,probable_missed_terminal_call,20.80945984912694,55.67716474035993,11.901123046875,0.38513513513513514,444,-41,-184
1,t001687-g1-c1:74:9,preflop,fold,"[""As"", ""Ks""]",[],244,159,probable_missed_terminal_call,23.248137579805388,54.74788873380435,17.6568603515625,0.38671875,768,-41,218
0,t001689-g2-c0:41:8,preflop,fold,"[""Jh"", ""Jc""]",[],226,176,probable_missed_terminal_call,18.27418149144171,66.6127475110146,197.63623046875,0.5045572916666666,768,-24,28
0,t001689-g2-c0:73:7,preflop,fold,"[""8h"", ""8s""]",[],207,195,probable_missed_terminal_call,17.067218757562266,35.741767614376975,65.37744140625,0.46875,768,-5,28
1,t001689-g2-c1:73:7,preflop,fold,"[""8h"", ""8s""]",[],207,195,probable_missed_terminal_call,15.395589696634298,29.133517939814816,73.62158203125,0.46875,768,-5,254
1,t001690-g2-c1:62:9,flop,fold,"[""8c"", ""8d""]","[""6h"", ""Kc"", ""6s""]",221,182,probable_missed_terminal_call,2.6658357100988974,47.6071818194049,-161.42642642642642,0.5169270833333334,768,-18,112
0,t001692-g3-c0:64:8,preflop,fold,"[""Ah"", ""Ts""]",[],210,195,probable_missed_terminal_call,7.410232436297697,22.065082021638638,78.790283203125,0.4713541666666667,768,-5,0
1,t001692-g3-c1:64:8,preflop,fold,"[""Ah"", ""Ts""]",[],210,195,probable_missed_terminal_call,5.304295871154229,21.38196532227544,82.547607421875,0.4713541666666667,768,-5,0
0,t001693-g1-c0:33:6,preflop,fold,"[""Kd"", ""Qh""]",[],405,195,probable_missed_terminal_call,3.6407183321411685,52.799839617654165,42.7685546875,0.3621961805555556,768,-5,495
0,t001693-g2-c0:50:5,preflop,fold,"[""9h"", ""9d""]",[],403,198,probable_missed_terminal_call,41.13920921753682,114.63577212382421,41.4609375,0.4911024305555555,768,-2,708
0,t001693-g3-c0:6:6,preflop,fold,"[""Ac"", ""Jh""]",[],207,195,probable_missed_terminal_call,7.667178107524851,33.07961212021699,53.60009765625,0.5540364583333334,768,-5,306
0,t001696-g1-c0:38:6,preflop,fold,"[""Ah"", ""Qh""]",[],208,195,probable_missed_terminal_call,32.003638188082306,53.94741130995779,87.9166259765625,0.587890625,768,-5,6
0,t001696-g2-c0:88:6,preflop,fold,"[""Ac"", ""Th""]",[],207,195,probable_missed_terminal_call,3.5055685859244132,24.1827705452489,112.68310546875,0.5592447916666666,768,-5,280
0,t001696-g4-c0:43:5,preflop,fold,"[""7c"", ""7s""]",[],403,198,probable_missed_terminal_call,9.653137366300594,44.32983038618865,48.650634765625,0.35785590277777785,768,-2,-10
1,t001696-g4-c1:43:5,preflop,fold,"[""7c"", ""7s""]",[],403,198,probable_missed_terminal_call,12.320207478043832,47.017276075416966,44.34659830729167,0.35785590277777785,768,-2,-10
0,t001699-g0-c0:50:6,preflop,fold,"[""Ts"", ""Ac""]",[],402,198,probable_missed_terminal_call,10.749578159389511,67.80927741721979,-64.89453125,0.4006076388888889,768,-2,72
0,t001699-g3-c0:96:7,preflop,fold,"[""Js"", ""As""]",[],405,195,probable_missed_terminal_call,28.979890808289753,82.91450858776726,14.2041015625,0.39431423611111116,768,-5,-75
1,t001700-g0-c1:63:7,preflop,fold,"[""Qc"", ""Kd""]",[],406,195,probable_missed_terminal_call,5.653160949294802,47.12355306592066,-19.928426106770832,0.31835937500000006,768,-5,756
0,t001700-g3-c0:72:10,flop,fold,"[""Jd"", ""Jc""]","[""7d"", ""7s"", ""Qd""]",218,185,probable_missed_terminal_call,6.774243849329473,38.8812506530705,121.48573573573573,0.4967447916666667,768,-15,30
1,t001700-g3-c1:72:10,flop,fold,"[""Jd"", ""Jc""]","[""7d"", ""7s"", ""Qd""]",218,185,probable_missed_terminal_call,7.682514968048055,37.75085117664285,121.48573573573573,0.4967447916666667,768,-15,30
0,t001700-g5-c0:58:7,preflop,fold,"[""8s"", ""8d""]",[],605,195,probable_missed_terminal_call,16.435664643447627,73.14424965444988,61.103515625,0.2581380208333333,768,-5,535
1,t001700-g5-c1:58:7,preflop,fold,"[""8s"", ""8d""]",[],605,195,probable_missed_terminal_call,15.513051839274123,67.29734460668968,77.607421875,0.2581380208333333,768,-5,535
0,t001706-g1-c0:89:4,preflop,fold,"[""As"", ""9s""]",[],402,198,probable_missed_terminal_call,5.549922482212446,48.023853677129374,-54.640625,0.3419270833333333,640,-2,190
0,t001706-g1-c0:90:10,turn,call,"[""Tc"", ""Td""]","[""Kd"", ""Qh"", ""Ah"", ""2h""]",237,165,probable_bad_terminal_call,-100.55824755831365,-37.25933228559915,196.8,0.4674479166666667,768,202,190
1,t001706-g1-c1:89:4,preflop,fold,"[""As"", ""9s""]",[],402,198,probable_missed_terminal_call,11.374950949292622,50.31206497238998,-51.173828125,0.3420138888888889,768,-2,190
1,t001706-g1-c1:90:10,turn,call,"[""Tc"", ""Td""]","[""Kd"", ""Qh"", ""Ah"", ""2h""]",237,165,probable_bad_terminal_call,-102.23922823668015,-33.572714093040695,196.8,0.4674479166666667,768,202,190
0,t001706-g2-c0:76:4,preflop,fold,"[""As"", ""Ts""]",[],203,198,probable_missed_terminal_call,10.808982349636294,45.456103231166054,87.9180908203125,0.59375,768,-2,455
0,t001707-g2-c0:32:7,flop,fold,"[""6h"", ""Ad""]","[""8c"", ""6s"", ""3s""]",207,194,probable_missed_terminal_call,6.444114552522972,45.213620643651986,139.51463414634145,0.669921875,768,-6,25
1,t001707-g2-c1:32:7,flop,fold,"[""6h"", ""Ad""]","[""8c"", ""6s"", ""3s""]",207,194,probable_missed_terminal_call,8.403237296582777,45.724817067850225,139.51463414634145,0.669921875,768,-6,25
0,t001707-g3-c0:89:6,preflop,fold,"[""7s"", ""7h""]",[],211,195,probable_missed_terminal_call,12.296991161335711,23.497955206000242,67.57177734375,0.521484375,768,-5,517
0,t001711-g1-c0:36:11,river,fold,"[""6d"", ""Ad""]","[""Td"", ""8s"", ""8h"", ""9c"", ""7h""]",63,27,probable_missed_terminal_call,10.755146624687889,25.40130195254068,-27.0,0.3255208333333333,768,-17,-194
1,t001711-g1-c1:36:11,river,fold,"[""6d"", ""Ad""]","[""Td"", ""8s"", ""8h"", ""9c"", ""7h""]",63,27,probable_missed_terminal_call,12.018537851350375,25.929237039351403,-27.0,0.3255208333333333,768,-17,-194
0,t001713-g0-c0:92:5,preflop,fold,"[""Ks"", ""Js""]",[],405,195,probable_missed_terminal_call,11.244593599927473,23.727722769030255,19.55078125,0.3029640427599611,686,-5,-60
1,t001713-g0-c1:92:5,preflop,fold,"[""Ks"", ""Js""]",[],405,195,probable_missed_terminal_call,12.614640805070298,25.300552198610532,22.9931640625,0.3005642361111111,768,-5,-255
0,t001713-g1-c0:25:4,preflop,fold,"[""Js"", ""Ad""]",[],203,198,probable_missed_terminal_call,16.949857884214907,47.31175395929916,-87.9110107421875,0.5670572916666666,768,-2,-57
0,t001713-g1-c0:86:5,preflop,fold,"[""Jh"", ""Jc""]",[],208,195,probable_missed_terminal_call,69.1614537667793,78.01468414550143,81.07861328125,0.69140625,768,-5,-57
0,t001713-g2-c0:84:4,preflop,fold,"[""7s"", ""7c""]",[],203,198,probable_missed_terminal_call,6.893191346604176,30.09588374027246,20.3668212890625,0.5169270833333334,768,-2,191
1,t001713-g2-c1:84:4,preflop,fold,"[""7s"", ""7c""]",[],203,198,probable_missed_terminal_call,7.879039216890962,31.631346551513854,28.54150390625,0.5169270833333334,768,-2,191
0,t001713-g3-c0:34:5,preflop,fold,"[""Qc"", ""Ad""]",[],205,195,probable_missed_terminal_call,23.837524690153153,44.734633859445275,76.630859375,0.6204427083333334,768,-5,435
0,t001713-g3-c0:90:6,preflop,fold,"[""7s"", ""7c""]",[],212,194,probable_missed_terminal_call,9.105364962845691,29.24454230117308,58.65966796875,0.51953125,768,-6,435
0,t001713-g3-c0:91:4,preflop,fold,"[""8s"", ""8h""]",[],203,198,probable_missed_terminal_call,20.4278005164945,42.14550352158265,124.2391357421875,0.5729166666666666,768,-2,435
0,t001715-g5-c0:12:8,preflop,fold,"[""Jd"", ""Jh""]",[],221,182,probable_missed_terminal_call,12.487767051708811,61.73365939856928,87.683349609375,0.560546875,768,-18,-116
0,t001717-g3-c0:38:7,preflop,fold,"[""Jh"", ""Jd""]",[],238,164,probable_missed_terminal_call,27.08211764913417,80.88952681014526,84.354736328125,0.5325520833333334,768,-36,167
0,t001725-g4-c0:62:9,preflop,fold,"[""Jc"", ""Js""]",[],226,184,probable_missed_terminal_call,76.51277345994426,98.16621228720697,-83.852294921875,0.546875,768,-16,84
0,t001727-g0-c0:65:7,preflop,fold,"[""Jd"", ""Ah""]",[],213,194,probable_missed_terminal_call,17.4781867263443,37.99325323415073,79.7015380859375,0.5592447916666666,768,-6,805
0,t001727-g1-c0:81:5,preflop,fold,"[""Th"", ""Ah""]",[],203,198,probable_missed_terminal_call,13.530184574601513,46.94768555394428,95.2606201171875,0.5859375,768,-2,-103
0,t001727-g3-c0:64:5,preflop,fold,"[""As"", ""Tc""]",[],203,198,probable_missed_terminal_call,8.085881664879519,38.98812357445982,95.2606201171875,0.58203125,256,-2,119
0,t001727-g3-c0:86:6,preflop,fold,"[""Kc"", ""Qd""]",[],207,195,probable_missed_terminal_call,3.6404196952925636,12.410258201174882,-38.312255859375,0.5345052083333334,768,-5,119
0,t001730-g3-c0:39:14,river,call,"[""As"", ""Th""]","[""6c"", ""8d"", ""2c"", ""4d"", ""7c""]",89,38,probable_bad_terminal_call,-15.515347725849969,-6.953329218262095,-38.0,0.3671875,768,-62,-266
0,t001731-g0-c0:5:6,preflop,fold,"[""Ac"", ""Jc""]",[],206,195,probable_missed_terminal_call,21.66683539458213,44.92870038090286,-51.673828125,0.5872395833333334,768,-5,315
0,t001731-g2-c0:5:5,preflop,fold,"[""Jh"", ""Jd""]",[],403,198,probable_missed_terminal_call,105.57222363032389,134.64725146501132,127.90848795572919,0.5482209737827715,356,-2,-7
0,t001731-g3-c0:90:6,preflop,fold,"[""Kc"", ""Qc""]",[],406,195,probable_missed_terminal_call,23.294821904544396,36.43515334271773,50.085530598958336,0.33940972222222227,768,-5,-94
1,t001731-g3-c1:90:6,preflop,fold,"[""Kc"", ""Qc""]",[],406,195,probable_missed_terminal_call,23.320500152978667,40.40325078086585,57.617594401041664,0.34739583333333335,640,-5,-94
0,t001735-g2-c0:29:8,preflop,fold,"[""Js"", ""Ks""]",[],218,191,probable_missed_terminal_call,13.2199937412087,24.743438522322762,-24.4942626953125,0.4674479166666667,768,-9,70
1,t001735-g2-c1:29:8,preflop,fold,"[""Js"", ""Ks""]",[],218,191,probable_missed_terminal_call,11.77214195336731,22.328736794451434,-29.63671875,0.4674479166666667,768,-9,70
0,t001735-g5-c0:44:14,river,call,"[""6s"", ""6d""]","[""7d"", ""Tc"", ""Kh"", ""9s"", ""Th""]",64,32,probable_bad_terminal_call,-23.957713631711886,-2.01931633140229,64.0,0.375,768,49,221
0,t001739-g5-c0:17:7,preflop,fold,"[""As"", ""Qh""]",[],206,195,probable_missed_terminal_call,22.770713286616903,47.269199450564955,78.631591796875,0.5885416666666666,384,-5,192
0,t001741-g2-c0:84:6,preflop,fold,"[""Qc"", ""Ad""]",[],205,195,probable_missed_terminal_call,19.364018869512087,44.8050895513406,62.8125,0.490234375,768,-5,-478
1,t001741-g2-c1:84:6,preflop,fold,"[""Qc"", ""Ad""]",[],205,195,probable_missed_terminal_call,22.110456032042755,45.78263112797063,62.03125,0.48359375,640,-5,-263
0,t001747-g1-c0:89:7,preflop,fold,"[""Kd"", ""Qd""]",[],211,195,probable_missed_terminal_call,15.97109210275169,26.187280974652236,89.4775390625,0.4557291666666667,768,-5,131
1,t001747-g1-c1:89:7,preflop,fold,"[""Kd"", ""Qd""]",[],211,195,probable_missed_terminal_call,15.137843359007666,25.327573957429315,89.57666015625,0.4557291666666667,768,-5,131
0,t001753-g1-c0:5:7,preflop,fold,"[""8s"", ""8c""]",[],212,194,probable_missed_terminal_call,21.042623089370753,33.9962508260379,109.70703125,0.5475260416666666,768,-6,665
0,t001753-g1-c0:97:6,preflop,fold,"[""Ks"", ""Qs""]",[],407,195,probable_missed_terminal_call,23.805372156115013,64.63689561801075,-98.92887369791667,0.37104622871046233,685,-5,665
0,t001753-g2-c0:75:5,preflop,fold,"[""7h"", ""7d""]",[],403,198,probable_missed_terminal_call,15.507987841785884,77.08100843619424,-132.705810546875,0.42621527777777785,768,-2,508
0,t001753-g2-c0:97:7,preflop,fold,"[""7d"", ""7s""]",[],414,194,probable_missed_terminal_call,9.429704434603124,56.92372990599391,-79.703125,0.2893880208333333,512,-6,508
0,t001753-g3-c0:40:6,preflop,fold,"[""Qs"", ""Ah""]",[],407,195,probable_missed_terminal_call,27.57967534644211,77.60253293286618,65.77848307291666,0.3897569444444445,768,-5,-399
0,t001755-g1-c0:97:6,preflop,fold,"[""7h"", ""7c""]",[],208,195,probable_missed_terminal_call,9.460202715549336,23.72235393451978,74.19140625,0.505859375,768,-5,102
1,t001755-g1-c1:27:6,preflop,fold,"[""7c"", ""7h""]",[],407,195,probable_missed_terminal_call,7.467029938411791,31.20649982749323,242.04768880208334,0.3155381944444445,768,-5,-93
1,t001755-g1-c1:97:6,preflop,fold,"[""7h"", ""7c""]",[],208,195,probable_missed_terminal_call,11.138563575273885,20.06417005700769,76.651123046875,0.505859375,768,-5,-93
1,t001755-g2-c1:3:6,preflop,fold,"[""Qh"", ""Kc""]",[],206,195,probable_missed_terminal_call,5.347776429000098,14.233575447487315,30.9051513671875,0.5078125,768,-5,326
0,t001759-g3-c0:13:6,preflop,fold,"[""Jh"", ""Js""]",[],416,185,probable_missed_terminal_call,57.08409679473194,98.91468491622166,-72.459228515625,0.3756510416666666,768,-15,153
0,t001765-g2-c0:97:7,preflop,fold,"[""6h"", ""6c""]",[],212,195,probable_missed_terminal_call,6.774230450516055,17.632518855794064,60.76611328125,0.45703125,512,-5,121
1,t001765-g2-c1:97:7,preflop,fold,"[""6h"", ""6c""]",[],212,195,probable_missed_terminal_call,2.517749493409129,12.090563580685904,54.903564453125,0.45098039215686275,561,-5,104
0,t001767-g2-c0:74:7,preflop,fold,"[""Ah"", ""Ts""]",[],207,195,probable_missed_terminal_call,4.267179150590816,23.033750428585353,124.06787109375,0.5514322916666666,768,-5,117
0,t001767-g3-c0:61:7,preflop,fold,"[""Qh"", ""Ah""]",[],207,195,probable_missed_terminal_call,28.28934504405058,53.12037603708703,93.3486328125,0.6100260416666666,768,-5,155
0,t001767-g3-c0:98:8,preflop,fold,"[""9s"", ""9c""]",[],211,193,probable_missed_terminal_call,32.135674189414,43.7620665508098,26.80322265625,0.4973958333333333,768,-7,155
1,t001767-g3-c1:98:8,preflop,fold,"[""9s"", ""9c""]",[],211,193,probable_missed_terminal_call,36.794083574226306,45.65126689831882,35.97607421875,0.4778645833333333,768,-7,367
0,t001771-g0-c0:12:5,preflop,fold,"[""Qh"", ""Ac""]",[],402,198,probable_missed_terminal_call,40.970863176336245,71.3696862949394,70.1396484375,0.434375,640,-2,238
0,t001771-g2-c0:21:6,preflop,fold,"[""Qc"", ""As""]",[],208,195,probable_missed_terminal_call,23.67686663191486,46.50061349019748,107.741943359375,0.6243489583333334,768,-5,206
0,t001771-g4-c0:79:6,preflop,fold,"[""As"", ""Jh""]",[],208,195,probable_missed_terminal_call,14.669352239400435,32.146149085783996,80.2423095703125,0.578125,768,-5,300
0,t001773-g3-c0:66:6,preflop,fold,"[""Qs"", ""Ks""]",[],225,180,probable_missed_terminal_call,25.180016205807988,47.28996065415191,-17.3968505859375,0.4720052083333333,768,-20,-36
1,t001773-g3-c1:66:6,preflop,fold,"[""Qs"", ""Ks""]",[],225,180,probable_missed_terminal_call,26.290288364212945,47.784320490689716,-15.9136962890625,0.4720052083333333,768,-20,-36
0,t001783-g3-c0:87:7,preflop,fold,"[""Jh"", ""Ah""]",[],221,185,probable_missed_terminal_call,35.51891563772764,51.744048387651155,-38.20166015625,0.478515625,768,-15,117
1,t001783-g3-c1:87:7,preflop,fold,"[""Jh"", ""Ah""]",[],221,185,probable_missed_terminal_call,32.63797479965452,48.90163776510757,-40.531005859375,0.478515625,768,-15,117
0,t001785-g4-c0:22:7,preflop,fold,"[""Qc"", ""Ac""]",[],230,176,probable_missed_terminal_call,54.49156431846693,65.00772831144825,19.86328125,0.5305989583333334,768,-24,433
0,t001789-g3-c0:80:13,river,call,"[""Jh"", ""Kc""]","[""4c"", ""7h"", ""6h"", ""5h"", ""2c""]",317,86,probable_bad_terminal_call,-27.57470588270916,-15.180578558547918,-86.0,0.314453125,768,-200,-284
1,t001789-g3-c1:80:13,river,call,"[""Jh"", ""Kc""]","[""4c"", ""7h"", ""6h"", ""5h"", ""2c""]",317,86,probable_bad_terminal_call,-29.25722183856974,-17.840270016019304,-86.0,0.314453125,768,-200,-284
0,t001790-g4-c0:5:7,preflop,fold,"[""Ts"", ""Tc""]",[],213,194,probable_missed_terminal_call,55.264503140617975,65.23095040332181,89.687744140625,0.6184895833333334,768,-6,167
0,t001792-g3-c0:72:12,river,call,"[""2s"", ""2h""]","[""Jd"", ""7h"", ""4c"", ""Ac"", ""9d""]",136,45,probable_bad_terminal_call,-32.731753602286446,-4.470444353444103,-45.0,0.51171875,768,-89,12
1,t001792-g3-c1:72:12,river,call,"[""2s"", ""2h""]","[""Jd"", ""7h"", ""4c"", ""Ac"", ""9d""]",136,45,probable_bad_terminal_call,-32.29537175278784,-3.640796798885124,-45.0,0.51171875,768,-89,12
1,t001793-g1-c1:51:7,preflop,fold,"[""Td"", ""Ac""]",[],206,195,probable_missed_terminal_call,2.764825026436135,24.933980591948107,-55.100341796875,0.443359375,768,-5,179
0,t001794-g4-c0:63:8,preflop,fold,"[""Jh"", ""Jd""]",[],220,184,probable_missed_terminal_call,78.83569417129698,87.93967020011226,130.3427734375,0.5852864583333334,768,-16,455
0,t001803-g0-c0:27:16,river,call,"[""Tc"", ""As""]","[""4d"", ""3c"", ""6h"", ""4s"", ""2d""]",275,131,probable_bad_terminal_call,-121.98708780117101,-66.88686704480884,-131.0,0.474609375,768,-200,303
1,t001803-g0-c1:27:16,river,call,"[""Tc"", ""As""]","[""4d"", ""3c"", ""6h"", ""4s"", ""2d""]",275,131,probable_bad_terminal_call,-121.87047332627547,-64.81190080854549,-131.0,0.474609375,768,-200,303
0,t001805-g0-c0:55:8,preflop,fold,"[""Qs"", ""Ah""]",[],230,176,probable_missed_terminal_call,46.64524354037619,58.61569519432156,-57.35205078125,0.4856770833333333,768,-24,479
1,t001805-g4-c1:10:6,preflop,fold,"[""Qc"", ""Ks""]",[],202,198,probable_missed_terminal_call,2.092410361870386,24.864588061147693,-65.236328125,0.494140625,768,-2,-445
0,t001806-g2-c0:1:7,preflop,fold,"[""Ac"", ""Jc""]",[],207,195,probable_missed_terminal_call,19.089734238502693,44.747172392275985,84.22119140625,0.51875,640,-5,-361
1,t001806-g2-c1:1:7,preflop,fold,"[""Ac"", ""Jc""]",[],207,195,probable_missed_terminal_call,18.448426208162147,42.29665398200469,84.123046875,0.513671875,768,-5,-257
0,t001808-g3-c0:33:13,river,fold,"[""9c"", ""9h""]","[""7s"", ""Ts"", ""6d"", ""9d"", ""Qh""]",216,108,probable_missed_terminal_call,14.902972698641097,58.53659728856265,-108.0,0.3385416666666667,768,-53,-474
1,t001808-g3-c1:33:13,river,fold,"[""9c"", ""9h""]","[""7s"", ""Ts"", ""6d"", ""9d"", ""Qh""]",216,108,probable_missed_terminal_call,12.463247631481867,60.51360305955634,-108.0,0.3385416666666667,768,-53,-474
0,t001809-g0-c0:29:7,preflop,fold,"[""Jc"", ""Js""]",[],218,185,probable_missed_terminal_call,9.208384777417674,54.321952140553236,-138.462158203125,0.5572916666666666,768,-15,-26
0,t001809-g4-c0:81:7,preflop,fold,"[""Jc"", ""Jd""]",[],218,185,probable_missed_terminal_call,10.26874515705633,61.965743442128094,74.7952880859375,0.5553385416666666,768,-15,227
1,t001810-g1-c1:66:5,preflop,fold,"[""Qs"", ""Kh""]",[],203,198,probable_missed_terminal_call,3.296253131562625,19.43923027018306,58.6458740234375,0.509765625,768,-2,-135
0,t001812-g2-c0:88:6,preflop,fold,"[""Jc"", ""Ah""]",[],206,195,probable_missed_terminal_call,14.90009626171069,33.77781844056097,57.2403564453125,0.5006510416666666,768,-5,171
1,t001812-g2-c1:88:6,preflop,fold,"[""Jc"", ""Ah""]",[],206,195,probable_missed_terminal_call,11.381339465381538,32.82114453364876,51.7579345703125,0.5006510416666666,768,-5,171
0,t001812-g4-c0:28:7,preflop,fold,"[""Js"", ""Jc""]",[],221,180,probable_missed_terminal_call,12.92677164414966,60.403110684415914,-90.5679931640625,0.560546875,768,-20,247
0,t001817-g2-c0:0:4,preflop,fold,"[""Tc"", ""Ah""]",[],203,198,probable_missed_terminal_call,6.52498548246988,40.8144269623947,73.1351318359375,0.5416666666666666,768,-2,70
1,t001818-g2-c1:21:9,flop,fold,"[""Td"", ""Ts""]","[""6d"", ""Ad"", ""5d""]",225,177,probable_missed_terminal_call,13.990246966394919,43.91256215762348,-171.56756756756758,0.4811197916666667,768,-23,239
0,t001818-g4-c0:95:7,preflop,fold,"[""Qc"", ""As""]",[],208,195,probable_missed_terminal_call,19.323492439257485,46.37812095624653,25.6365966796875,0.6080729166666666,768,-5,23
0,t001818-g5-c0:21:6,preflop,fold,"[""Th"", ""Ah""]",[],203,198,probable_missed_terminal_call,15.31598111959641,43.9243579146705,30.793212890625,0.5755208333333334,768,-2,425
0,t001821-g1-c0:22:13,river,fold,"[""Qs"", ""Ks""]","[""Qd"", ""2s"", ""7h"", ""5h"", ""Ah""]",174,87,probable_missed_terminal_call,4.384442295752002,21.066152115782373,-87.0,0.3209635416666667,768,-41,58
1,t001821-g1-c1:22:13,river,fold,"[""Qs"", ""Ks""]","[""Qd"", ""2s"", ""7h"", ""5h"", ""Ah""]",174,87,probable_missed_terminal_call,6.463250837615468,20.411069521336486,-87.0,0.3209635416666667,768,-41,58
0,t001825-g0-c0:37:8,preflop,fold,"[""Th"", ""Tc""]",[],230,175,probable_missed_terminal_call,40.244354658033615,76.32495337096097,80.69580078125,0.5364583333333334,768,-25,105
1,t001830-g2-c1:1:16,river,fold,"[""2d"", ""Ad""]","[""3d"", ""3c"", ""6d"", ""8h"", ""4h""]",407,7,probable_missed_terminal_call,6.585897422101727,52.557501511621744,-7.0,0.059895833333333336,768,-193,-371
0,t001832-g2-c0:89:8,preflop,fold,"[""Jc"", ""Js""]",[],225,180,probable_missed_terminal_call,82.63623631935414,98.04104956480073,-162.9931640625,0.5703125,768,-20,125
0,t001834-g1-c0:23:6,preflop,fold,"[""8s"", ""8h""]",[],407,195,probable_missed_terminal_call,19.87363167146745,79.26711581875016,-137.55818684895834,0.39822048611111116,768,-5,-194
0,t001847-g2-c0:93:6,preflop,fold,"[""As"", ""Ts""]",[],206,195,probable_missed_terminal_call,9.826197113761607,30.9683952772718,64.8765869140625,0.56640625,768,-5,587
0,t001851-g0-c0:59:6,preflop,fold,"[""As"", ""Ts""]",[],207,195,probable_missed_terminal_call,14.118822352433448,30.64901310601613,89.2265625,0.5932080924855492,692,-5,-195
0,t001851-g3-c0:71:6,preflop,fold,"[""Jd"", ""Ah""]",[],207,195,probable_missed_terminal_call,10.292739131650709,32.0203516839472,95.753173828125,0.5755208333333334,768,-5,314
0,t001864-g1-c0:53:9,preflop,fold,"[""Qc"", ""Ac""]",[],423,180,probable_missed_terminal_call,9.26792367291651,56.80971235058951,88.278076171875,0.3467881944444445,768,-20,-9
0,t001864-g4-c0:79:8,preflop,fold,"[""Qc"", ""As""]",[],213,194,probable_missed_terminal_call,30.081069834592732,48.06236656948857,-75.556640625,0.5032552083333334,768,-6,-120
1,t001864-g4-c1:79:8,preflop,fold,"[""Qc"", ""As""]",[],213,194,probable_missed_terminal_call,22.394920532650595,52.437780572914626,-69.892822265625,0.5032552083333334,768,-6,-120
0,t001864-g5-c0:21:6,preflop,fold,"[""Tc"", ""Th""]",[],203,198,probable_missed_terminal_call,51.7397998724294,70.92029128035266,54.19140625,0.6165364583333334,768,-2,4
0,t001872-g0-c0:66:7,preflop,fold,"[""Jh"", ""Jc""]",[],424,176,probable_missed_terminal_call,67.2059581640456,109.1123204173059,-61.05859375,0.38823784722222215,768,-24,-271
0,t001872-g3-c0:65:6,preflop,fold,"[""Js"", ""Jc""]",[],208,195,probable_missed_terminal_call,68.20424913136549,80.28278661677959,65.0904541015625,0.6041666666666666,768,-5,-282
1,t001872-g3-c1:38:7,preflop,fold,"[""6d"", ""6h""]",[],212,194,probable_missed_terminal_call,8.018883904058605,19.102352743693384,15.591552734375,0.4453125,768,-6,-74
0,t001872-g4-c0:7:7,preflop,fold,"[""Ks"", ""Qh""]",[],212,194,probable_missed_terminal_call,6.225820076487477,20.024236601771022,-113.61279296875,0.458984375,768,-6,12
1,t001872-g4-c1:7:7,preflop,fold,"[""Ks"", ""Qh""]",[],212,194,probable_missed_terminal_call,4.85394650263929,16.620850150259933,-105.633544921875,0.458984375,768,-6,12
0,t001873-g1-c0:59:12,river,call,"[""9h"", ""Ah""]","[""Kc"", ""7h"", ""Ks"", ""2d"", ""6c""]",162,81,probable_bad_terminal_call,-79.17832096755919,-42.02639666945808,-81.0,0.40234375,768,-120,94
1,t001873-g3-c1:91:13,river,fold,"[""Jd"", ""Jc""]","[""Qd"", ""5h"", ""6c"", ""6s"", ""7h""]",162,81,probable_missed_terminal_call,9.307663703881314,53.423726102847496,-81.0,0.365234375,768,-39,-405
0,t001873-g5-c0:3:6,preflop,fold,"[""Jh"", ""Jc""]",[],203,198,probable_missed_terminal_call,64.40826484971222,84.70140856603683,2.30419921875,0.7037037037037037,513,-2,587
0,t001874-g2-c0:35:14,river,call,"[""7h"", ""7c""]","[""9c"", ""Jd"", ""9h"", ""6h"", ""3s""]",227,136,probable_bad_terminal_call,-114.91042085674329,-21.922066263927245,-136.0,0.4720052083333333,768,-181,-240
1,t001874-g2-c1:35:14,river,call,"[""7h"", ""7c""]","[""9c"", ""Jd"", ""9h"", ""6h"", ""3s""]",227,136,probable_bad_terminal_call,-115.8675544792674,-22.4813579857445,-136.0,0.4720052083333333,768,-181,-240
0,t001875-g4-c0:98:12,river,call,"[""Kc"", ""Ah""]","[""7h"", ""Qs"", ""5h"", ""Tc"", ""7d""]",66,33,probable_bad_terminal_call,-31.449974225715245,-17.545932595080163,-33.0,0.3893229166666667,768,-49,-15
0,t001885-g0-c0:24:5,preflop,fold,"[""As"", ""Qd""]",[],206,195,probable_missed_terminal_call,21.31218879751335,48.65851372432194,-78.792236328125,0.5703125,768,-5,203
0,t001885-g1-c0:30:5,preflop,fold,"[""Qc"", ""Ad""]",[],207,195,probable_missed_terminal_call,19.81110227984545,45.27875385603329,-162.90673828125,0.6256510416666666,768,-5,57
0,t001889-g0-c0:92:6,preflop,fold,"[""8d"", ""Ad""]",[],403,198,probable_missed_terminal_call,4.562930220123579,41.85705945404175,-36.79427083333333,0.3834635416666667,768,-2,763
0,t001889-g4-c0:65:7,preflop,fold,"[""Td"", ""Th""]",[],406,195,probable_missed_terminal_call,69.260565801673,84.28982844229965,-77.22591145833333,0.40473090277777773,768,-5,414
0,t001890-g0-c0:65:9,preflop,fold,"[""Jc"", ""Js""]",[],238,172,probable_missed_terminal_call,23.852751097203402,77.00880129539772,-85.21533203125,0.57421875,768,-28,130
1,t001891-g4-c1:35:12,river,fold,"[""Qh"", ""Qs""]","[""As"", ""7c"", ""8c"", ""Ad"", ""2s""]",200,120,probable_missed_terminal_call,6.547594752312774,43.527048696103954,200.0,0.4166666666666667,768,-39,-118
0,t001896-g3-c0:47:7,preflop,fold,"[""Qs"", ""Ks""]",[],210,193,probable_missed_terminal_call,12.11136150753602,27.342594284461374,71.5179443359375,0.474609375,768,-7,-168
1,t001896-g3-c1:47:7,preflop,fold,"[""Qs"", ""Ks""]",[],210,193,probable_missed_terminal_call,16.238429134641216,28.71880941817953,73.63330078125,0.474609375,768,-7,-168
0,t001896-g4-c0:54:6,preflop,fold,"[""Kd"", ""Qc""]",[],207,195,probable_missed_terminal_call,3.1247973365608495,17.142004892626378,74.357666015625,0.529296875,768,-5,-12
0,t001898-g1-c0:51:5,preflop,fold,"[""Ac"", ""Th""]",[],203,198,probable_missed_terminal_call,5.371224652639444,38.841253501589875,23.3038330078125,0.5631510416666666,768,-2,-11
0,t001898-g2-c0:99:7,preflop,fold,"[""Ks"", ""Qd""]",[],210,195,probable_missed_terminal_call,3.347703003821189,14.75327214198688,-31.85302734375,0.4244791666666667,768,-5,94
1,t001898-g2-c1:99:7,preflop,fold,"[""Ks"", ""Qd""]",[],210,195,probable_missed_terminal_call,2.4040621483014943,16.000017707750864,-29.87548828125,0.4244791666666667,768,-5,94
0,t001899-g3-c0:87:12,river,call,"[""Ac"", ""4c""]","[""Js"", ""5d"", ""3c"", ""Kd"", ""7c""]",223,178,probable_bad_terminal_call,-167.0839108872871,-98.60790097103707,-178.0,0.5338541666666666,768,-200,282
1,t001899-g3-c1:87:12,river,call,"[""Ac"", ""4c""]","[""Js"", ""5d"", ""3c"", ""Kd"", ""7c""]",223,178,probable_bad_terminal_call,-165.9718654557823,-97.59535112014859,-178.0,0.5338541666666666,768,-200,282
0,t001903-g0-c0:92:5,preflop,fold,"[""Jc"", ""Ah""]",[],402,198,probable_missed_terminal_call,20.239761914567353,78.70371117685153,87.25390625,0.4188368055555556,768,-2,-212
0,t001907-g2-c0:84:15,river,call,"[""5h"", ""5s""]","[""6s"", ""2s"", ""7d"", ""Qs"", ""3d""]",115,38,probable_bad_terminal_call,-34.98492931566582,-8.745065020675522,115.0,0.41015625,768,77,304
1,t001907-g2-c1:84:15,river,call,"[""5h"", ""5s""]","[""6s"", ""2s"", ""7d"", ""Qs"", ""3d""]",115,38,probable_bad_terminal_call,-35.19331417024783,-7.821668138493098,115.0,0.41015625,768,77,304
1,t001907-g4-c1:87:14,turn,fold,"[""Qc"", ""Qh""]","[""Js"", ""9c"", ""8s"", ""As""]",292,110,probable_missed_terminal_call,2.052226661983955,25.806879412061548,-43.0,0.3053385416666667,768,-90,-47
0,t001908-g4-c0:61:11,river,call,"[""Kc"", ""Ad""]","[""8c"", ""2h"", ""2d"", ""4c"", ""9h""]",198,99,probable_bad_terminal_call,-82.3755496695237,-38.35158522701122,-99.0,0.5260416666666666,768,-148,-95
1,t001908-g4-c1:61:11,river,call,"[""Kc"", ""Ad""]","[""8c"", ""2h"", ""2d"", ""4c"", ""9h""]",198,99,probable_bad_terminal_call,-81.280567477274,-36.304619399363304,-99.0,0.5260416666666666,768,-148,0
0,t001909-g3-c0:48:7,preflop,fold,"[""Ac"", ""Ks""]",[],406,195,probable_missed_terminal_call,54.48518448190142,73.30059482163357,71.605712890625,0.33159722222222227,768,-5,77
1,t001909-g3-c1:48:7,preflop,fold,"[""Ac"", ""Ks""]",[],406,195,probable_missed_terminal_call,47.92813748855862,74.91859300063645,59.94079589843749,0.33159722222222227,768,-5,77
0,t001909-g4-c0:38:8,preflop,fold,"[""Jd"", ""Jc""]",[],217,188,probable_missed_terminal_call,75.18177047140922,86.04015724253676,138.1456298828125,0.5598958333333334,768,-12,-158
0,t001909-g4-c0:51:8,preflop,fold,"[""Jh"", ""Jc""]",[],222,180,probable_missed_terminal_call,12.653216235715439,63.8832645134497,-100.355712890625,0.5625,768,-20,-158
0,t001909-g5-c0:4:7,preflop,fold,"[""Ad"", ""Jc""]",[],208,195,probable_missed_terminal_call,10.803960610291753,33.87856415877962,80.8326416015625,0.5305989583333334,768,-5,-43
0,t001912-g3-c0:24:7,preflop,fold,"[""Jh"", ""Jd""]",[],208,195,probable_missed_terminal_call,68.32674331858624,83.10975718094241,36.2625732421875,0.6204427083333334,768,-5,487
1,t001913-g4-c1:33:15,river,fold,"[""Qc"", ""Qh""]","[""4d"", ""Kc"", ""7s"", ""5c"", ""Ah""]",320,107,probable_missed_terminal_call,2.3861643635862375,51.5084015357505,-107.0,0.263671875,768,-93,44
0,t001923-g4-c0:70:14,river,call,"[""8h"", ""4d""]","[""3c"", ""6s"", ""7d"", ""4s"", ""Qd""]",45,27,probable_bad_terminal_call,-14.932633373133601,-10.414531823601324,-27.0,0.4270833333333333,768,-35,-124
0,t001924-g2-c0:72:7,preflop,fold,"[""Jc"", ""Jd""]",[],218,185,probable_missed_terminal_call,10.313081099213626,58.31533627768677,133.1397705078125,0.5390625,768,-15,169
0,t001927-g3-c0:55:16,river,call,"[""Kh"", ""Js""]","[""5c"", ""2s"", ""Qc"", ""6d"", ""9c""]",32,16,probable_bad_terminal_call,-9.493802642476078,-3.063170941953844,-16.0,0.5110677083333334,768,-21,198
1,t001927-g3-c1:55:16,river,call,"[""Kh"", ""Js""]","[""5c"", ""2s"", ""Qc"", ""6d"", ""9c""]",32,16,probable_bad_terminal_call,-9.409365185471126,-2.817402884399583,-16.0,0.5110677083333334,768,-21,198
0,t001928-g0-c0:59:7,preflop,fold,"[""6s"", ""6c""]",[],206,195,probable_missed_terminal_call,2.398177008518376,12.09969952570356,66.3450927734375,0.4752604166666667,768,-5,224
0,t001928-g0-c0:64:7,preflop,fold,"[""Ah"", ""Jd""]",[],405,195,probable_missed_terminal_call,8.11655229511874,32.03996460310155,-87.48046875,0.3122829861111111,768,-5,224
1,t001928-g0-c1:59:7,preflop,fold,"[""6s"", ""6c""]",[],206,195,probable_missed_terminal_call,3.6942904776541683,12.490663706578026,59.541015625,0.4752604166666667,768,-5,224
1,t001928-g0-c1:64:7,preflop,fold,"[""Ah"", ""Jd""]",[],405,195,probable_missed_terminal_call,2.2607637457031373,47.720662450324426,-90.3369140625,0.3122829861111111,768,-5,224
0,t001928-g2-c0:45:7,preflop,fold,"[""Jc"", ""Ad""]",[],206,195,probable_missed_terminal_call,11.132530613469328,35.62942223555067,88.1279296875,0.5494791666666666,768,-5,263
0,t001928-g5-c0:89:7,preflop,fold,"[""Jh"", ""Js""]",[],207,195,probable_missed_terminal_call,66.01462373179294,80.03323714532246,106.352783203125,0.6796875,768,-5,-48
0,t001931-g3-c0:55:8,preflop,fold,"[""9h"", ""9s""]",[],211,195,probable_missed_terminal_call,36.07376752223405,44.77238959470331,88.040283203125,0.6009114583333334,768,-5,272
0,t001933-g0-c0:32:6,preflop,fold,"[""Ah"", ""Jh""]",[],402,198,probable_missed_terminal_call,41.140000483191294,97.11661175855001,127.68359375,0.45941840277777785,768,-2,-298
0,t001933-g0-c0:89:18,river,fold,"[""Kc"", ""Kd""]","[""As"", ""5c"", ""4c"", ""3s"", ""2h""]",232,58,probable_missed_terminal_call,6.0839143794717305,29.320823425634515,38.66666666666667,0.2196180555555561,768,-38,-298
1,t001933-g0-c1:89:18,river,fold,"[""Kc"", ""Kd""]","[""As"", ""5c"", ""4c"", ""3s"", ""2h""]",232,58,probable_missed_terminal_call,5.370383797201039,29.309356312737428,38.66666666666667,0.2196180555555561,768,-38,-496
0,t001933-g1-c0:96:9,flop,fold,"[""Tc"", ""6c""]","[""7c"", ""4c"", ""5d""]",215,185,probable_missed_terminal_call,43.67576742780048,58.536727535446325,64.84984984984985,0.630859375,768,-15,1294
1,t001933-g1-c1:96:9,flop,fold,"[""Tc"", ""6c""]","[""7c"", ""4c"", ""5d""]",215,185,probable_missed_terminal_call,48.4008707579152,59.31079192446612,64.84984984984985,0.630859375,768,-15,1294
0,t001933-g2-c0:2:7,preflop,fold,"[""6s"", ""6d""]",[],208,195,probable_missed_terminal_call,2.4230720265257153,13.942748560037883,84.522216796875,0.4674479166666667,768,-5,127
0,t001933-g2-c0:90:6,preflop,fold,"[""8h"", ""8c""]",[],403,198,probable_missed_terminal_call,28.90252884848836,97.24222159055834,111.64607747395834,0.4552951388888889,768,-2,127
0,t001933-g3-c0:1:7,preflop,fold,"[""Ad"", ""Qs""]",[],208,195,probable_missed_terminal_call,22.16891595724762,47.22246164232422,96.03369140625,0.5690104166666666,768,-5,151
0,t001933-g3-c0:4:7,preflop,fold,"[""Th"", ""Ts""]",[],205,195,probable_missed_terminal_call,44.67481758728724,60.1194234431936,132.5390625,0.6100260416666666,768,-5,151
0,t001933-g3-c0:53:6,preflop,fold,"[""Jc"", ""Jh""]",[],402,198,probable_missed_terminal_call,100.3649123027211,162.10335082461785,248.728515625,0.546875,768,-2,151
0,t001933-g3-c0:73:8,preflop,fold,"[""Th"", ""Tc""]",[],408,195,probable_missed_terminal_call,27.02179618431336,101.14090725370001,-130.2000732421875,0.4440104166666667,768,-5,151
0,t001933-g3-c0:89:6,preflop,fold,"[""Ah"", ""Jd""]",[],402,198,probable_missed_terminal_call,25.84826074478829,74.55955457813646,-67.091796875,0.4168836805555555,768,-2,151
0,t001933-g4-c0:3:7,preflop,fold,"[""9h"", ""Ah""]",[],205,195,probable_missed_terminal_call,5.070250546750931,17.87511785203604,80.341796875,0.53515625,768,-5,-139
0,t001933-g4-c0:76:6,preflop,fold,"[""Qd"", ""As""]",[],402,198,probable_missed_terminal_call,45.51742055051127,81.48427797095579,43.6015625,0.4403211805555555,768,-2,-139
0,t001933-g5-c0:63:6,preflop,fold,"[""Ts"", ""Tc""]",[],403,198,probable_missed_terminal_call,66.75916047399446,142.14671766169292,50.166829427083336,0.47265625,768,-2,389
0,t001935-g0-c0:93:6,preflop,fold,"[""8d"", ""8h""]",[],406,195,probable_missed_terminal_call,22.48644157656922,79.11468814973442,-88.621826171875,0.4029947916666667,768,-5,1370
0,t001935-g2-c0:6:6,preflop,fold,"[""Qs"", ""Ah""]",[],208,195,probable_missed_terminal_call,20.571920192827747,47.81201969698144,78.028564453125,0.5826822916666666,768,-5,709
0,t001935-g3-c0:40:6,preflop,fold,"[""Qs"", ""Ac""]",[],406,195,probable_missed_terminal_call,22.38473408028128,61.92006663781763,-116.2801513671875,0.3565538194444445,768,-5,515
0,t001941-g0-c0:71:5,preflop,fold,"[""Ac"", ""Qh""]",[],206,195,probable_missed_terminal_call,21.881009559613123,44.66137012568559,98.211669921875,0.61328125,768,-5,-96
1,t001941-g0-c1:90:7,flop,fold,"[""Ac"", ""4c""]","[""Kc"", ""2d"", ""2c""]",207,193,probable_missed_terminal_call,31.35556422807592,63.25073545493427,-73.2439024390244,0.5221354166666666,768,-7,457
0,t001941-g1-c0:13:4,preflop,fold,"[""8d"", ""8c""]",[],202,198,probable_missed_terminal_call,17.85230304249881,44.85552953688805,9.080078125,0.5266927083333334,768,-2,457
0,t001941-g3-c0:32:5,preflop,fold,"[""As"", ""Td""]",[],206,195,probable_missed_terminal_call,5.237293860086898,19.16905897822153,57.8277587890625,0.5690104166666666,768,-5,76
0,t001941-g3-c0:88:5,preflop,fold,"[""9c"", ""9s""]",[],206,195,probable_missed_terminal_call,29.029847227011228,44.632705527753934,150.882080078125,0.576171875,768,-5,76
1,t001941-g3-c1:77:10,river,call,"[""5c"", ""5h""]","[""Th"", ""4h"", ""3d"", ""Ks"", ""6c""]",184,61,probable_bad_terminal_call,-55.58599368715835,-15.918697869112812,-61.0,0.591796875,768,-121,-172
0,t001942-g0-c0:60:11,river,call,"[""Ac"", ""Ts""]","[""Qh"", ""3c"", ""7s"", ""2c"", ""Qd""]",113,48,probable_bad_terminal_call,-45.587883274845915,-26.548072361073277,-48.0,0.3470052083333333,768,-80,583
0,t001943-g2-c0:72:9,preflop,fold,"[""Js"", ""Jh""]",[],237,170,probable_missed_terminal_call,29.006169884743294,79.31976373967262,-84.0987548828125,0.462890625,768,-30,-188
0,t001950-g0-c0:83:5,preflop,fold,"[""9d"", ""Ad""]",[],206,195,probable_missed_terminal_call,7.997355260174976,18.14239928202076,76.086181640625,0.5520833333333334,768,-5,218
0,t001950-g1-c0:78:5,preflop,fold,"[""Qc"", ""Ad""]",[],206,195,probable_missed_terminal_call,20.49074472735376,43.018729334793676,43.4853515625,0.6223958333333334,768,-5,133
0,t001950-g3-c0:4:5,preflop,fold,"[""Ad"", ""9d""]",[],206,195,probable_missed_terminal_call,6.209252804012935,19.273639057742287,-22.205810546875,0.4973958333333333,768,-5,33
0,t001951-g1-c0:78:10,flop,fold,"[""Ac"", ""2c""]","[""6s"", ""2s"", ""3h""]",211,195,probable_missed_terminal_call,6.779488436317211,17.30947626758511,-102.67746288798921,0.5208333333333334,768,-5,631
1,t001951-g1-c1:78:10,flop,fold,"[""Ac"", ""2c""]","[""6s"", ""2s"", ""3h""]",211,195,probable_missed_terminal_call,7.1957466642339885,16.329671427626476,-102.67746288798921,0.5208333333333334,768,-5,631
0,t001960-g2-c0:34:13,river,fold,"[""Qc"", ""Ac""]","[""4c"", ""3d"", ""5c"", ""2s"", ""7s""]",227,136,probable_missed_terminal_call,2.266398170452337,42.05017397010334,227.0,0.36328125,768,-43,-28
0,t001962-g0-c0:79:6,preflop,fold,"[""As"", ""Qd""]",[],406,195,probable_missed_terminal_call,24.87829270615934,81.87469083995008,68.91569010416667,0.3838975694444445,768,-5,-1030
0,t001962-g1-c0:16:5,preflop,fold,"[""Ad"", ""Td""]",[],402,198,probable_missed_terminal_call,21.518040773160685,87.59773441557303,48.97265625,0.45073784722222227,768,-2,280
0,t001962-g1-c0:54:7,preflop,fold,"[""9s"", ""9h""]",[],407,195,probable_missed_terminal_call,6.165247864921798,76.2436312009306,27.22265625,0.38888888888888884,768,-5,280
0,t001962-g1-c0:70:8,preflop,fold,"[""Qc"", ""Ah""]",[],430,175,probable_missed_terminal_call,15.611516808999106,71.35428101031786,66.497802734375,0.37717013888888884,768,-25,280
0,t001962-g1-c0:72:6,preflop,fold,"[""Ac"", ""Tc""]",[],406,195,probable_missed_terminal_call,14.925522080577105,70.64663958126204,-8.703694661458332,0.3439670138888889,768,-5,280
1,t001962-g1-c1:72:6,preflop,fold,"[""Ac"", ""Tc""]",[],406,195,probable_missed_terminal_call,21.03741091082217,66.55220414254443,-12.861002604166666,0.3439670138888889,768,-5,-484
0,t001962-g4-c0:4:6,preflop,fold,"[""Qs"", ""Ad""]",[],208,195,probable_missed_terminal_call,22.24751636637455,45.14698765174013,73.9454345703125,0.6022135416666666,768,-5,548
0,t001966-g4-c0:76:6,preflop,fold,"[""As"", ""Tc""]",[],402,198,probable_missed_terminal_call,12.58084175099614,68.22023362811248,49.314453125,0.4680989583333333,768,-2,354
0,t001967-g3-c0:62:9,flop,fold,"[""Jh"", ""Jc""]","[""6h"", ""4h"", ""Qd""]",232,185,probable_missed_terminal_call,29.054058108070713,56.69801869395963,-185.0,0.48046875,768,-15,25
1,t001967-g3-c1:62:9,flop,fold,"[""Jh"", ""Jc""]","[""6h"", ""4h"", ""Qd""]",232,185,probable_missed_terminal_call,32.01055396249399,55.27747791964185,-185.0,0.48046875,768,-15,25
0,t001973-g5-c0:71:8,preflop,fold,"[""Js"", ""Jc""]",[],226,182,probable_missed_terminal_call,86.27016082962948,96.22046737122045,164.541015625,0.619140625,768,-18,-148
0,t001978-g2-c0:58:11,river,call,"[""Ad"", ""2d""]","[""Ts"", ""Jd"", ""2h"", ""Js"", ""3d""]",172,103,probable_bad_terminal_call,-93.76850397745804,-33.6018322901833,-103.0,0.42578125,768,-137,-260
0,t001979-g0-c0:64:6,preflop,fold,"[""Js"", ""Jd""]",[],409,193,probable_missed_terminal_call,83.76614942155892,119.87534770171561,110.939453125,0.45160590277777773,768,-7,287
0,t001979-g3-c0:95:4,preflop,fold,"[""Th"", ""Ts""]",[],402,198,probable_missed_terminal_call,76.06542268344135,110.74841745856352,57.37109375,0.46332465277777785,768,-2,-10
0,t001981-g1-c0:96:5,preflop,fold,"[""Jh"", ""Ad""]",[],203,198,probable_missed_terminal_call,16.51662525864031,43.65818395438628,62.21923828125,0.5651041666666666,768,-2,295
1,t001981-g4-c1:55:6,preflop,fold,"[""9h"", ""Ah""]",[],407,195,probable_missed_terminal_call,4.0525167636363095,26.196068241844646,1.4044596354166656,0.32552083333333337,768,-5,244
0,t001983-g0-c0:79:6,preflop,fold,"[""Ac"", ""Jc""]",[],206,195,probable_missed_terminal_call,20.783246475831803,43.388063415996314,116.8616943359375,0.61892797319933,597,-5,-203
0,t001984-g0-c0:80:7,preflop,fold,"[""Qs"", ""Kh""]",[],215,193,probable_missed_terminal_call,4.251489620883295,17.25972639173981,25.8916015625,0.43359375,768,-7,-121
0,t001986-g1-c0:80:7,preflop,fold,"[""Ac"", ""Qs""]",[],208,195,probable_missed_terminal_call,22.57812327253858,46.41377435098255,67.69775390625,0.6067415730337079,356,-5,-87
0,t001989-g0-c0:68:5,preflop,fold,"[""Qc"", ""Kc""]",[],207,195,probable_missed_terminal_call,12.267915965389152,23.081450229315955,-68.050048828125,0.52734375,768,-5,-82
0,t001989-g1-c0:27:5,preflop,fold,"[""Ad"", ""Qs""]",[],207,195,probable_missed_terminal_call,24.044548070673365,45.623670565654685,59.734130859375,0.6002604166666666,768,-5,-14
