match,kind,hands,chips,folds,flags,bad_calls,missed_calls,terminal_call_fold_saving,allin_count,allin_luck,allin_expected,allin_actual,flagged_actions,loss_categories,worst_hands
j97ezzf8me25j31ymxdvq6pakd8fk0w0,ladder,100,-846,87,5,0,5,0,13,-1753.7979736328125,963.7979736328125,-790,"[""j97ezzf8me25j31ymxdvq6pakd8fk0w0:1:9"",""j97ezzf8me25j31ymxdvq6pakd8fk0w0:15:8"",""j97ezzf8me25j31ymxdvq6pakd8fk0w0:16:9"",""j97ezzf8me25j31ymxdvq6pakd8fk0w0:55:8"",""j97ezzf8me25j31ymxdvq6pakd8fk0w0:69:10""]","{""preflop_invest_then_fold"":{""hands"":2,""chips"":-11},""probable_missed_terminal_call"":{""hands"":5,""chips"":-19},""non_losing_hand"":{""hands"":67,""chips"":810},""profitable_allin_lost_runout"":{""hands"":7,""chips"":-1400},""blind_only_fold"":{""hands"":18,""chips"":-26},""other_losing_allin"":{""hands"":1,""chips"":-200}}","[{""hand"":3,""chips"":-200,""hole"":[""Qs"",""Qc""],""board"":[""7c"",""8s"",""As"",""Js"",""4c""],""loss_category"":""profitable_allin_lost_runout""},{""hand"":24,""chips"":-200,""hole"":[""Ad"",""Kc""],""board"":[""9h"",""7h"",""3h"",""7d"",""4c""],""loss_category"":""profitable_allin_lost_runout""},{""hand"":37,""chips"":-200,""hole"":[""Qs"",""Kd""],""board"":[""Jc"",""Tc"",""Ts"",""6s"",""2d""],""loss_category"":""other_losing_allin""},{""hand"":38,""chips"":-200,""hole"":[""Qh"",""Qs""],""board"":[""5h"",""2d"",""Ks"",""7h"",""Ah""],""loss_category"":""profitable_allin_lost_runout""},{""hand"":51,""chips"":-200,""hole"":[""Ad"",""Kd""],""board"":[""Qh"",""8s"",""7s"",""Ts"",""8d""],""loss_category"":""profitable_allin_lost_runout""}]"
j9711athmk9nrrsvqpyp0yjnfn8fkk0v,ladder,100,-693,83,0,0,0,0,4,-322.70501893939394,-477.29498106060606,-800,[],"{""non_losing_hand"":{""hands"":72,""chips"":169},""profitable_allin_lost_runout"":{""hands"":1,""chips"":-200},""blind_only_fold"":{""hands"":17,""chips"":-24},""preflop_invest_then_fold"":{""hands"":3,""chips"":-15},""postflop_invest_then_fold"":{""hands"":3,""chips"":-18},""other_showdown_loss"":{""hands"":1,""chips"":-5},""other_losing_allin"":{""hands"":3,""chips"":-600}}","[{""hand"":2,""chips"":-200,""hole"":[""Ks"",""Kh""],""board"":[""4s"",""7s"",""Ts"",""2h"",""2s""],""loss_category"":""profitable_allin_lost_runout""},{""hand"":54,""chips"":-200,""hole"":[""Js"",""Ah""],""board"":[""5h"",""Qc"",""Qs"",""Jc"",""6s""],""loss_category"":""other_losing_allin""},{""hand"":62,""chips"":-200,""hole"":[""Ah"",""Tc""],""board"":[""As"",""Ks"",""6c"",""Jd"",""7d""],""loss_category"":""other_losing_allin""},{""hand"":75,""chips"":-200,""hole"":[""Kh"",""Ks""],""board"":[""2c"",""7c"",""9c"",""Th"",""5c""],""loss_category"":""other_losing_allin""},{""hand"":77,""chips"":-8,""hole"":[""Qc"",""Jc""],""board"":[""4c"",""3s"",""Td"",""7s"",""6s""],""loss_category"":""postflop_invest_then_fold""}]"
j971kadp8metddwct3kzpec8v98fje85,ladder,100,-685,78,1,1,0,118,4,-441.52663352272725,-358.47336647727275,-800,"[""j971kadp8metddwct3kzpec8v98fje85:47:18""]","{""non_losing_hand"":{""hands"":77,""chips"":342},""blind_only_fold"":{""hands"":18,""chips"":-27},""other_losing_allin"":{""hands"":3,""chips"":-600},""probable_bad_terminal_call"":{""hands"":1,""chips"":-200},""profitable_allin_lost_runout"":{""hands"":1,""chips"":-200}}","[{""hand"":11,""chips"":-200,""hole"":[""8h"",""8d""],""board"":[""8s"",""7d"",""Th"",""Ks"",""Ad""],""loss_category"":""other_losing_allin""},{""hand"":14,""chips"":-200,""hole"":[""Ah"",""Ks""],""board"":[""Ts"",""Kc"",""4s"",""Qd"",""4c""],""loss_category"":""other_losing_allin""},{""hand"":22,""chips"":-200,""hole"":[""Qh"",""Qd""],""board"":[""Qs"",""5s"",""Ad"",""Kc"",""4d""],""loss_category"":""other_losing_allin""},{""hand"":47,""chips"":-200,""hole"":[""Js"",""Ad""],""board"":[""Qh"",""Qd"",""7s"",""2d"",""6d""],""loss_category"":""probable_bad_terminal_call""},{""hand"":67,""chips"":-200,""hole"":[""4h"",""4d""],""board"":[""Jh"",""4s"",""3d"",""Jd"",""3h""],""loss_category"":""profitable_allin_lost_runout""}]"
j973m8xrhq5vvtyfd8c7mxyvyh8fjkvr,ladder,100,-656,97,2,0,2,0,3,-853.1921793619791,253.19217936197913,-600,"[""j973m8xrhq5vvtyfd8c7mxyvyh8fjkvr:16:10"",""j973m8xrhq5vvtyfd8c7mxyvyh8fjkvr:46:9""]","{""non_losing_hand"":{""hands"":70,""chips"":0},""blind_only_fold"":{""hands"":23,""chips"":-34},""probable_missed_terminal_call"":{""hands"":2,""chips"":-11},""profitable_allin_lost_runout"":{""hands"":3,""chips"":-600},""preflop_invest_then_fold"":{""hands"":2,""chips"":-11}}","[{""hand"":39,""chips"":-200,""hole"":[""Ad"",""Js""],""board"":[""7s"",""7d"",""Qc"",""7h"",""4s""],""loss_category"":""profitable_allin_lost_runout""},{""hand"":40,""chips"":-200,""hole"":[""Ad"",""Ac""],""board"":[""5s"",""2s"",""9c"",""3h"",""Ah""],""loss_category"":""profitable_allin_lost_runout""},{""hand"":61,""chips"":-200,""hole"":[""Kh"",""Ah""],""board"":[""Ad"",""8s"",""Jh"",""9d"",""3d""],""loss_category"":""profitable_allin_lost_runout""},{""hand"":16,""chips"":-6,""hole"":[""9d"",""9h""],""board"":[""Jh"",""7h"",""Js"",""3h"",""Kd""],""loss_category"":""probable_missed_terminal_call""},{""hand"":80,""chips"":-6,""hole"":[""9d"",""Td""],""board"":[""2d"",""Ad"",""4c"",""4h"",""Qs""],""loss_category"":""preflop_invest_then_fold""}]"
j97fr9gpkeexf47trcw1z88re58fjfjd,ladder,100,-537,88,0,0,0,0,1,0.0,-200.0,-200,[],"{""non_losing_hand"":{""hands"":73,""chips"":82},""blind_only_fold"":{""hands"":21,""chips"":-30},""other_showdown_loss"":{""hands"":2,""chips"":-357},""postflop_invest_then_fold"":{""hands"":3,""chips"":-32},""other_losing_allin"":{""hands"":1,""chips"":-200}}","[{""hand"":47,""chips"":-200,""hole"":[""Kc"",""Kd""],""board"":[""7d"",""4s"",""2c"",""5d"",""7s""],""loss_category"":""other_showdown_loss""},{""hand"":62,""chips"":-200,""hole"":[""Ad"",""Qd""],""board"":[""As"",""2c"",""6c"",""8h"",""Ks""],""loss_category"":""other_losing_allin""},{""hand"":25,""chips"":-157,""hole"":[""Jh"",""Qc""],""board"":[""Ks"",""3h"",""Qs"",""9c"",""9s""],""loss_category"":""other_showdown_loss""},{""hand"":29,""chips"":-24,""hole"":[""Td"",""As""],""board"":[""Qs"",""3s"",""Ts"",""Jh"",""2h""],""loss_category"":""postflop_invest_then_fold""},{""hand"":99,""chips"":-6,""hole"":[""Ah"",""Jh""],""board"":[""9d"",""Ks"",""7d"",""Th""],""loss_category"":""postflop_invest_then_fold""}]"
j97bmsfrarq8fgfmqjqk4dach58fk9t0,ladder,100,-534,88,1,1,0,115,1,-151.125,-48.875,-200,"[""j97bmsfrarq8fgfmqjqk4dach58fk9t0:16:17""]","{""blind_only_fold"":{""hands"":19,""chips"":-27},""non_losing_hand"":{""hands"":72,""chips"":79},""postflop_invest_then_fold"":{""hands"":2,""chips"":-27},""probable_bad_terminal_call"":{""hands"":1,""chips"":-200},""preflop_invest_then_fold"":{""hands"":3,""chips"":-15},""other_showdown_loss"":{""hands"":1,""chips"":-126},""failed_air_bet_hand"":{""hands"":1,""chips"":-18},""other_losing_allin"":{""hands"":1,""chips"":-200}}","[{""hand"":16,""chips"":-200,""hole"":[""3s"",""As""],""board"":[""3c"",""Qh"",""7c"",""Ks"",""Js""],""loss_category"":""probable_bad_terminal_call""},{""hand"":43,""chips"":-200,""hole"":[""Kh"",""Ks""],""board"":[""4d"",""2s"",""9s"",""Qs"",""Td""],""loss_category"":""other_losing_allin""},{""hand"":32,""chips"":-126,""hole"":[""Td"",""Qc""],""board"":[""4c"",""Th"",""8s"",""Js"",""7s""],""loss_category"":""other_showdown_loss""},{""hand"":6,""chips"":-18,""hole"":[""As"",""Js""],""board"":[""Kc"",""6c"",""Th""],""loss_category"":""postflop_invest_then_fold""},{""hand"":33,""chips"":-18,""hole"":[""As"",""Kh""],""board"":[""2h"",""8h"",""5d"",""3h"",""Jd""],""loss_category"":""failed_air_bet_hand""}]"
j970pdtxxpjdqbj57pm0hssxb58fk4cq,ladder,100,-503,86,0,0,0,0,2,-25.0625,-374.9375,-400,[],"{""non_losing_hand"":{""hands"":73,""chips"":245},""other_showdown_loss"":{""hands"":4,""chips"":-260},""postflop_invest_then_fold"":{""hands"":2,""chips"":-55},""blind_only_fold"":{""hands"":17,""chips"":-23},""other_losing_allin"":{""hands"":2,""chips"":-400},""preflop_invest_then_fold"":{""hands"":2,""chips"":-10}}","[{""hand"":2,""chips"":-200,""hole"":[""3c"",""3s""],""board"":[""Ts"",""8s"",""7d"",""8d"",""3h""],""loss_category"":""other_showdown_loss""},{""hand"":55,""chips"":-200,""hole"":[""As"",""Ad""],""board"":[""Ts"",""6h"",""4d"",""Jd"",""2s""],""loss_category"":""other_losing_allin""},{""hand"":91,""chips"":-200,""hole"":[""5c"",""5s""],""board"":[""Qs"",""2s"",""8s"",""Jc"",""Th""],""loss_category"":""other_losing_allin""},{""hand"":3,""chips"":-46,""hole"":[""Ad"",""Kd""],""board"":[""5c"",""Qs"",""Qh"",""4d"",""8d""],""loss_category"":""postflop_invest_then_fold""},{""hand"":61,""chips"":-45,""hole"":[""4h"",""4s""],""board"":[""7h"",""2s"",""Ks"",""Ts"",""2c""],""loss_category"":""other_showdown_loss""}]"
j974pfs1yezgpyq5811ad2cr8s8fjzv0,ladder,100,-493,88,2,2,0,162,1,0.0,-200.0,-200,"[""j974pfs1yezgpyq5811ad2cr8s8fjzv0:36:14"",""j974pfs1yezgpyq5811ad2cr8s8fjzv0:84:21""]","{""blind_only_fold"":{""hands"":26,""chips"":-39},""non_losing_hand"":{""hands"":68,""chips"":67},""other_showdown_loss"":{""hands"":1,""chips"":-55},""postflop_invest_then_fold"":{""hands"":2,""chips"":-26},""probable_bad_terminal_call"":{""hands"":2,""chips"":-240},""other_losing_allin"":{""hands"":1,""chips"":-200}}","[{""hand"":60,""chips"":-200,""hole"":[""Kh"",""Kc""],""board"":[""4d"",""Td"",""Jh"",""Jc"",""2d""],""loss_category"":""other_losing_allin""},{""hand"":84,""chips"":-185,""hole"":[""Ah"",""Jh""],""board"":[""Ts"",""2c"",""7h"",""Qd"",""5h""],""loss_category"":""probable_bad_terminal_call""},{""hand"":3,""chips"":-55,""hole"":[""6h"",""6c""],""board"":[""2h"",""9h"",""2d"",""7h"",""4s""],""loss_category"":""other_showdown_loss""},{""hand"":36,""chips"":-55,""hole"":[""Th"",""Ah""],""board"":[""8c"",""8s"",""5c"",""6s"",""4h""],""loss_category"":""probable_bad_terminal_call""},{""hand"":15,""chips"":-20,""hole"":[""Qh"",""Ad""],""board"":[""Td"",""5h"",""6s"",""Kh""],""loss_category"":""postflop_invest_then_fold""}]"
j97418jfme7vwm9t84ban33djs8fjs84,ladder,100,-470,90,0,0,0,0,1,0.0,-200.0,-200,[],"{""non_losing_hand"":{""hands"":78,""chips"":22},""blind_only_fold"":{""hands"":17,""chips"":-22},""other_losing_allin"":{""hands"":1,""chips"":-200},""postflop_invest_then_fold"":{""hands"":3,""chips"":-70},""other_showdown_loss"":{""hands"":1,""chips"":-200}}","[{""hand"":22,""chips"":-200,""hole"":[""Js"",""Kc""],""board"":[""4d"",""Jc"",""6h"",""9c"",""8s""],""loss_category"":""other_losing_allin""},{""hand"":42,""chips"":-200,""hole"":[""8c"",""Ac""],""board"":[""8h"",""3d"",""Jd"",""4s"",""7h""],""loss_category"":""other_showdown_loss""},{""hand"":38,""chips"":-48,""hole"":[""Td"",""9d""],""board"":[""Tc"",""Qc"",""Ac"",""3s"",""3c""],""loss_category"":""postflop_invest_then_fold""},{""hand"":70,""chips"":-14,""hole"":[""Kh"",""6h""],""board"":[""7h"",""6d"",""Qd"",""4d"",""5h""],""loss_category"":""postflop_invest_then_fold""},{""hand"":54,""chips"":-8,""hole"":[""9h"",""As""],""board"":[""6d"",""7c"",""Js"",""5d"",""7d""],""loss_category"":""postflop_invest_then_fold""}]"
j977vnk0vrtb95pjnceye3ftys8fkdqd,ladder,100,-466,86,1,1,0,29,3,-643.083251953125,43.083251953125,-600,"[""j977vnk0vrtb95pjnceye3ftys8fkdqd:91:16""]","{""non_losing_hand"":{""hands"":75,""chips"":252},""blind_only_fold"":{""hands"":20,""chips"":-29},""postflop_invest_then_fold"":{""hands"":1,""chips"":-19},""profitable_allin_lost_runout"":{""hands"":2,""chips"":-400},""other_losing_allin"":{""hands"":1,""chips"":-200},""probable_bad_terminal_call"":{""hands"":1,""chips"":-70}}","[{""hand"":25,""chips"":-200,""hole"":[""Ac"",""Ad""],""board"":[""3s"",""6h"",""5h"",""Qh"",""8h""],""loss_category"":""profitable_allin_lost_runout""},{""hand"":44,""chips"":-200,""hole"":[""8d"",""8h""],""board"":[""Qh"",""Qs"",""4s"",""2h"",""3c""],""loss_category"":""other_losing_allin""},{""hand"":69,""chips"":-200,""hole"":[""Kd"",""Ad""],""board"":[""7h"",""7c"",""5c"",""5d"",""Jd""],""loss_category"":""profitable_allin_lost_runout""},{""hand"":91,""chips"":-70,""hole"":[""Ts"",""Th""],""board"":[""Kd"",""Ac"",""3d"",""6s"",""7d""],""loss_category"":""probable_bad_terminal_call""},{""hand"":14,""chips"":-19,""hole"":[""8s"",""6s""],""board"":[""Js"",""Kc"",""9s"",""Ad""],""loss_category"":""postflop_invest_then_fold""}]"
j976fxh6jsgha7b4z7asd5d3vn8fkcpv,ladder,100,-407,87,0,0,0,0,0,0,0,0,[],"{""non_losing_hand"":{""hands"":72,""chips"":117},""blind_only_fold"":{""hands"":20,""chips"":-29},""postflop_invest_then_fold"":{""hands"":5,""chips"":-84},""other_showdown_loss"":{""hands"":2,""chips"":-387},""failed_air_bet_hand"":{""hands"":1,""chips"":-24}}","[{""hand"":20,""chips"":-200,""hole"":[""Kh"",""Ks""],""board"":[""Ac"",""9d"",""Qd"",""3h"",""4s""],""loss_category"":""other_showdown_loss""},{""hand"":67,""chips"":-187,""hole"":[""Qs"",""Qh""],""board"":[""7c"",""6s"",""Jd"",""2s"",""5d""],""loss_category"":""other_showdown_loss""},{""hand"":77,""chips"":-39,""hole"":[""9h"",""9s""],""board"":[""Qd"",""2c"",""Ac"",""7c"",""Th""],""loss_category"":""postflop_invest_then_fold""},{""hand"":23,""chips"":-24,""hole"":[""Ah"",""3h""],""board"":[""6h"",""Tc"",""8d"",""9s""],""loss_category"":""failed_air_bet_hand""},{""hand"":25,""chips"":-21,""hole"":[""Js"",""Qs""],""board"":[""2s"",""Jh"",""Ah"",""6s""],""loss_category"":""postflop_invest_then_fold""}]"
j975x29dfv8g5c916v07m5bw758fk6mk,ladder,100,-394,87,0,0,0,0,3,-13.25,-383.75,-397,[],"{""blind_only_fold"":{""hands"":20,""chips"":-30},""non_losing_hand"":{""hands"":74,""chips"":62},""postflop_invest_then_fold"":{""hands"":3,""chips"":-20},""other_losing_allin"":{""hands"":2,""chips"":-400},""other_showdown_loss"":{""hands"":1,""chips"":-6}}","[{""hand"":45,""chips"":-200,""hole"":[""9s"",""9c""],""board"":[""Jh"",""Jc"",""Ks"",""4c"",""Qh""],""loss_category"":""other_losing_allin""},{""hand"":60,""chips"":-200,""hole"":[""Kd"",""Ad""],""board"":[""2d"",""5c"",""Js"",""8c"",""Th""],""loss_category"":""other_losing_allin""},{""hand"":24,""chips"":-10,""hole"":[""8h"",""7h""],""board"":[""4d"",""Kd"",""Td"",""3h""],""loss_category"":""postflop_invest_then_fold""},{""hand"":81,""chips"":-6,""hole"":[""9h"",""Qh""],""board"":[""5h"",""Ks"",""Kh"",""Jc"",""Kc""],""loss_category"":""other_showdown_loss""},{""hand"":27,""chips"":-5,""hole"":[""Qh"",""As""],""board"":[""8h"",""4h"",""Jd"",""8d"",""2h""],""loss_category"":""postflop_invest_then_fold""}]"
j97c22vg42mqkf2amq3hgan5pn8fkd9z,ladder,100,-350,88,2,2,0,199,1,0.0,-200.0,-200,"[""j97c22vg42mqkf2amq3hgan5pn8fkd9z:6:12"",""j97c22vg42mqkf2amq3hgan5pn8fkd9z:8:17""]","{""non_losing_hand"":{""hands"":69,""chips"":47},""probable_bad_terminal_call"":{""hands"":2,""chips"":-288},""blind_only_fold"":{""hands"":20,""chips"":-29},""other_showdown_loss"":{""hands"":2,""chips"":-24},""postflop_invest_then_fold"":{""hands"":4,""chips"":-38},""preflop_invest_then_fold"":{""hands"":3,""chips"":-18}}","[{""hand"":6,""chips"":-200,""hole"":[""9h"",""Th""],""board"":[""As"",""Tc"",""6d"",""Kh"",""3h""],""loss_category"":""probable_bad_terminal_call""},{""hand"":8,""chips"":-88,""hole"":[""Ts"",""Ah""],""board"":[""4c"",""7h"",""2d"",""4s"",""9c""],""loss_category"":""probable_bad_terminal_call""},{""hand"":16,""chips"":-19,""hole"":[""6c"",""6s""],""board"":[""4d"",""Th"",""9d"",""As"",""Ks""],""loss_category"":""other_showdown_loss""},{""hand"":48,""chips"":-19,""hole"":[""8h"",""Ah""],""board"":[""5d"",""3c"",""6c"",""2h""],""loss_category"":""postflop_invest_then_fold""},{""hand"":28,""chips"":-9,""hole"":[""Jh"",""Kc""],""board"":[""3s"",""4c"",""7c"",""As""],""loss_category"":""postflop_invest_then_fold""}]"
j977j6f97yt9zc2e4yeym1956h8fjg1e,ladder,100,-350,95,1,0,1,0,1,-26.0625,-173.9375,-200,"[""j977j6f97yt9zc2e4yeym1956h8fjg1e:70:18""]","{""failed_semibluff_hand"":{""hands"":1,""chips"":-30},""non_losing_hand"":{""hands"":66,""chips"":56},""blind_only_fold"":{""hands"":21,""chips"":-32},""preflop_invest_then_fold"":{""hands"":5,""chips"":-33},""postflop_invest_then_fold"":{""hands"":5,""chips"":-68},""other_losing_allin"":{""hands"":1,""chips"":-200},""probable_missed_terminal_call"":{""hands"":1,""chips"":-43}}","[{""hand"":45,""chips"":-200,""hole"":[""Ah"",""Jh""],""board"":[""Jc"",""Kh"",""6s"",""6d"",""5d""],""loss_category"":""other_losing_allin""},{""hand"":70,""chips"":-43,""hole"":[""6s"",""6c""],""board"":[""3h"",""3s"",""4h"",""4s""],""loss_category"":""probable_missed_terminal_call""},{""hand"":0,""chips"":-30,""hole"":[""Ad"",""Ks""],""board"":[""9d"",""8d"",""Qh"",""Js""],""loss_category"":""failed_semibluff_hand""},{""hand"":29,""chips"":-30,""hole"":[""Qs"",""Qh""],""board"":[""5d"",""2c"",""Ah"",""Kh"",""3s""],""loss_category"":""postflop_invest_then_fold""},{""hand"":28,""chips"":-20,""hole"":[""Th"",""Tc""],""board"":[""Jc"",""7c"",""Qh""],""loss_category"":""postflop_invest_then_fold""}]"
j97840xbm6ydsxq68j8kex19ch8fjyta,ladder,100,-340,92,0,0,0,0,1,-51.0,-149.0,-200,[],"{""non_losing_hand"":{""hands"":68,""chips"":135},""postflop_invest_then_fold"":{""hands"":7,""chips"":-61},""blind_only_fold"":{""hands"":21,""chips"":-30},""preflop_invest_then_fold"":{""hands"":1,""chips"":-5},""other_showdown_loss"":{""hands"":2,""chips"":-179},""other_losing_allin"":{""hands"":1,""chips"":-200}}","[{""hand"":85,""chips"":-200,""hole"":[""Jh"",""Ad""],""board"":[""3s"",""Jc"",""4d"",""2d"",""6c""],""loss_category"":""other_losing_allin""},{""hand"":95,""chips"":-174,""hole"":[""Ts"",""As""],""board"":[""Ks"",""Tc"",""Kd"",""7c"",""7d""],""loss_category"":""other_showdown_loss""},{""hand"":17,""chips"":-21,""hole"":[""Qh"",""Qd""],""board"":[""6s"",""Ac"",""9s"",""Kd""],""loss_category"":""postflop_invest_then_fold""},{""hand"":84,""chips"":-14,""hole"":[""Td"",""Tc""],""board"":[""Kh"",""Ad"",""6c"",""9c""],""loss_category"":""postflop_invest_then_fold""},{""hand"":87,""chips"":-6,""hole"":[""4s"",""4d""],""board"":[""5h"",""3s"",""3h""],""loss_category"":""postflop_invest_then_fold""}]"
j973kra8fwxpw24evsxateqbx18fjpyk,ladder,100,-334,94,0,0,0,0,1,-314.3671875,114.3671875,-200,[],"{""blind_only_fold"":{""hands"":21,""chips"":-31},""non_losing_hand"":{""hands"":74,""chips"":108},""postflop_invest_then_fold"":{""hands"":3,""chips"":-76},""other_showdown_loss"":{""hands"":1,""chips"":-135},""profitable_allin_lost_runout"":{""hands"":1,""chips"":-200}}","[{""hand"":51,""chips"":-200,""hole"":[""Ac"",""Ad""],""board"":[""4d"",""5c"",""Qc"",""Kc"",""5s""],""loss_category"":""profitable_allin_lost_runout""},{""hand"":7,""chips"":-135,""hole"":[""7h"",""7s""],""board"":[""5d"",""Kd"",""5h"",""2h"",""Jd""],""loss_category"":""other_showdown_loss""},{""hand"":6,""chips"":-55,""hole"":[""9s"",""9d""],""board"":[""3d"",""Js"",""3s"",""7d"",""Qd""],""loss_category"":""postflop_invest_then_fold""},{""hand"":86,""chips"":-15,""hole"":[""Kh"",""Qh""],""board"":[""8d"",""8c"",""9c""],""loss_category"":""postflop_invest_then_fold""},{""hand"":8,""chips"":-6,""hole"":[""Qd"",""Td""],""board"":[""9s"",""9h"",""8h"",""2h"",""4s""],""loss_category"":""postflop_invest_then_fold""}]"
j977nzda3se2wvzg1s9cqbj4dn8fkpwd,ladder,100,-332,85,0,0,0,0,0,0,0,0,[],"{""non_losing_hand"":{""hands"":72,""chips"":62},""blind_only_fold"":{""hands"":20,""chips"":-27},""other_showdown_loss"":{""hands"":4,""chips"":-345},""postflop_invest_then_fold"":{""hands"":2,""chips"":-12},""preflop_invest_then_fold"":{""hands"":2,""chips"":-10}}","[{""hand"":75,""chips"":-200,""hole"":[""Jd"",""Kd""],""board"":[""9c"",""Qh"",""Kc"",""Qs"",""4s""],""loss_category"":""other_showdown_loss""},{""hand"":94,""chips"":-83,""hole"":[""Jh"",""Kh""],""board"":[""8d"",""7s"",""Ks"",""2s"",""Ah""],""loss_category"":""other_showdown_loss""},{""hand"":31,""chips"":-53,""hole"":[""Th"",""Ts""],""board"":[""9c"",""Kh"",""8s"",""7c"",""8h""],""loss_category"":""other_showdown_loss""},{""hand"":51,""chips"":-9,""hole"":[""4d"",""4c""],""board"":[""Kh"",""5s"",""5h"",""Js"",""9h""],""loss_category"":""other_showdown_loss""},{""hand"":43,""chips"":-6,""hole"":[""7d"",""6d""],""board"":[""Jd"",""9s"",""Qs"",""3c"",""Ad""],""loss_category"":""postflop_invest_then_fold""}]"
j979vjkbbsane1yx9v9bg0df2x8fk24s,ladder,100,-329,82,1,1,0,19,0,0,0,0,"[""j979vjkbbsane1yx9v9bg0df2x8fk24s:91:14""]","{""non_losing_hand"":{""hands"":76,""chips"":124},""blind_only_fold"":{""hands"":16,""chips"":-23},""postflop_invest_then_fold"":{""hands"":4,""chips"":-28},""preflop_invest_then_fold"":{""hands"":1,""chips"":-24},""other_showdown_loss"":{""hands"":2,""chips"":-339},""probable_bad_terminal_call"":{""hands"":1,""chips"":-39}}","[{""hand"":93,""chips"":-200,""hole"":[""8s"",""8c""],""board"":[""Qc"",""7h"",""2d"",""7s"",""4s""],""loss_category"":""other_showdown_loss""},{""hand"":70,""chips"":-139,""hole"":[""7c"",""9c""],""board"":[""Qs"",""9d"",""8s"",""5s"",""2h""],""loss_category"":""other_showdown_loss""},{""hand"":91,""chips"":-39,""hole"":[""Ah"",""2h""],""board"":[""6d"",""Js"",""Tc"",""7d"",""6h""],""loss_category"":""probable_bad_terminal_call""},{""hand"":13,""chips"":-24,""hole"":[""Jh"",""Js""],""board"":[],""loss_category"":""preflop_invest_then_fold""},{""hand"":6,""chips"":-12,""hole"":[""Qc"",""Ts""],""board"":[""5s"",""6s"",""2s""],""loss_category"":""postflop_invest_then_fold""}]"
j972mgxmbp8t8nn506w6hfmx518fjytc,ladder,100,-326,98,0,0,0,0,0,0,0,0,[],"{""non_losing_hand"":{""hands"":70,""chips"":12},""blind_only_fold"":{""hands"":21,""chips"":-31},""postflop_invest_then_fold"":{""hands"":6,""chips"":-97},""preflop_invest_then_fold"":{""hands"":2,""chips"":-10},""other_showdown_loss"":{""hands"":1,""chips"":-200}}","[{""hand"":76,""chips"":-200,""hole"":[""3d"",""Ad""],""board"":[""5h"",""As"",""4d"",""Kh"",""Jc""],""loss_category"":""other_showdown_loss""},{""hand"":37,""chips"":-37,""hole"":[""Tc"",""Kc""],""board"":[""Qc"",""2c"",""Js"",""2h"",""6d""],""loss_category"":""postflop_invest_then_fold""},{""hand"":86,""chips"":-36,""hole"":[""5h"",""5s""],""board"":[""3c"",""8s"",""7d"",""Ks"",""Jd""],""loss_category"":""postflop_invest_then_fold""},{""hand"":39,""chips"":-8,""hole"":[""Ah"",""Jc""],""board"":[""4d"",""6s"",""3s"",""Ks""],""loss_category"":""postflop_invest_then_fold""},{""hand"":52,""chips"":-6,""hole"":[""Ks"",""9s""],""board"":[""2d"",""Qh"",""3d""],""loss_category"":""postflop_invest_then_fold""}]"
j9718a9xgzxnhwxa1mmwfnvne58fkn3j,ladder,100,-307,92,0,0,0,0,0,0,0,0,[],"{""non_losing_hand"":{""hands"":69,""chips"":91},""blind_only_fold"":{""hands"":20,""chips"":-28},""postflop_invest_then_fold"":{""hands"":6,""chips"":-150},""other_showdown_loss"":{""hands"":1,""chips"":-200},""preflop_invest_then_fold"":{""hands"":4,""chips"":-20}}","[{""hand"":24,""chips"":-200,""hole"":[""Qc"",""Qs""],""board"":[""6d"",""9s"",""4h"",""9d"",""4s""],""loss_category"":""other_showdown_loss""},{""hand"":49,""chips"":-78,""hole"":[""Kh"",""As""],""board"":[""7h"",""2s"",""8c"",""9d""],""loss_category"":""postflop_invest_then_fold""},{""hand"":17,""chips"":-52,""hole"":[""9d"",""9h""],""board"":[""Qd"",""Jh"",""5s"",""Jc"",""5h""],""loss_category"":""postflop_invest_then_fold""},{""hand"":34,""chips"":-5,""hole"":[""Ad"",""7d""],""board"":[],""loss_category"":""preflop_invest_then_fold""},{""hand"":53,""chips"":-5,""hole"":[""Qh"",""Td""],""board"":[""2c"",""Ah"",""4h"",""Tc"",""Qc""],""loss_category"":""postflop_invest_then_fold""}]"
j97fb258vkgcfw7pyjkh52fvxd8fkmxs,ladder,100,-306,88,0,0,0,0,2,65.15151515151516,-59.151515151515156,6,[],"{""non_losing_hand"":{""hands"":70,""chips"":230},""blind_only_fold"":{""hands"":19,""chips"":-28},""postflop_invest_then_fold"":{""hands"":8,""chips"":-103},""other_losing_allin"":{""hands"":1,""chips"":-200},""other_showdown_loss"":{""hands"":1,""chips"":-200},""preflop_invest_then_fold"":{""hands"":1,""chips"":-5}}","[{""hand"":10,""chips"":-200,""hole"":[""Kc"",""Kd""],""board"":[""6s"",""4s"",""Qc"",""3d"",""Js""],""loss_category"":""other_losing_allin""},{""hand"":11,""chips"":-200,""hole"":[""Js"",""Qs""],""board"":[""4s"",""Jc"",""Tc"",""Jh"",""9c""],""loss_category"":""other_showdown_loss""},{""hand"":6,""chips"":-31,""hole"":[""8h"",""8d""],""board"":[""Kc"",""7d"",""Kh"",""2d"",""6s""],""loss_category"":""postflop_invest_then_fold""},{""hand"":92,""chips"":-21,""hole"":[""Th"",""Td""],""board"":[""9s"",""4s"",""9d"",""Jh"",""2d""],""loss_category"":""postflop_invest_then_fold""},{""hand"":57,""chips"":-18,""hole"":[""7s"",""7c""],""board"":[""8h"",""Ah"",""Js"",""2s""],""loss_category"":""postflop_invest_then_fold""}]"
j977q0ets2e8j4dvxcj1p4yyrs8fk6fd,ladder,100,-305,85,1,1,0,98,0,0,0,0,"[""j977q0ets2e8j4dvxcj1p4yyrs8fk6fd:90:15""]","{""non_losing_hand"":{""hands"":74,""chips"":123},""other_showdown_loss"":{""hands"":5,""chips"":-199},""blind_only_fold"":{""hands"":20,""chips"":-29},""probable_bad_terminal_call"":{""hands"":1,""chips"":-200}}","[{""hand"":90,""chips"":-200,""hole"":[""Jd"",""Jh""],""board"":[""Qh"",""Kc"",""3s"",""4h"",""2c""],""loss_category"":""probable_bad_terminal_call""},{""hand"":39,""chips"":-141,""hole"":[""Th"",""Td""],""board"":[""3c"",""5h"",""9d"",""Qs"",""5d""],""loss_category"":""other_showdown_loss""},{""hand"":25,""chips"":-34,""hole"":[""Ac"",""Ts""],""board"":[""2h"",""2c"",""8d"",""4c"",""3d""],""loss_category"":""other_showdown_loss""},{""hand"":20,""chips"":-10,""hole"":[""Kh"",""Tc""],""board"":[""9c"",""2d"",""7s"",""6d"",""4d""],""loss_category"":""other_showdown_loss""},{""hand"":2,""chips"":-7,""hole"":[""Ks"",""9d""],""board"":[""Th"",""3s"",""5h"",""Kh"",""6c""],""loss_category"":""other_showdown_loss""}]"
j9721qvs31v9ebbaeespea40w98fjx68,ladder,100,-303,90,1,1,0,77,1,-194.37594696969697,-5.624053030303031,-200,"[""j9721qvs31v9ebbaeespea40w98fjx68:36:18""]","{""non_losing_hand"":{""hands"":75,""chips"":50},""blind_only_fold"":{""hands"":22,""chips"":-31},""probable_bad_terminal_call"":{""hands"":1,""chips"":-117},""other_losing_allin"":{""hands"":1,""chips"":-200},""other_showdown_loss"":{""hands"":1,""chips"":-5}}","[{""hand"":76,""chips"":-200,""hole"":[""As"",""8h""],""board"":[""Th"",""Ah"",""Qh"",""5d"",""3d""],""loss_category"":""other_losing_allin""},{""hand"":36,""chips"":-117,""hole"":[""Qh"",""9h""],""board"":[""4h"",""9c"",""6c"",""Th"",""Kd""],""loss_category"":""probable_bad_terminal_call""},{""hand"":80,""chips"":-5,""hole"":[""4c"",""4s""],""board"":[""Jh"",""9s"",""6h"",""9d"",""Js""],""loss_category"":""other_showdown_loss""},{""hand"":4,""chips"":-2,""hole"":[""Qs"",""6s""],""board"":[],""loss_category"":""blind_only_fold""},{""hand"":12,""chips"":-2,""hole"":[""Jc"",""3h""],""board"":[],""loss_category"":""blind_only_fold""}]"
j97bbz0e77dg4b7zk6n6n0y43d8fje5b,ladder,100,-292,91,2,2,0,58,0,0,0,0,"[""j97bbz0e77dg4b7zk6n6n0y43d8fje5b:22:16"",""j97bbz0e77dg4b7zk6n6n0y43d8fje5b:80:14""]","{""non_losing_hand"":{""hands"":70,""chips"":45},""failed_semibluff_hand"":{""hands"":1,""chips"":-23},""blind_only_fold"":{""hands"":23,""chips"":-36},""probable_bad_terminal_call"":{""hands"":2,""chips"":-117},""other_showdown_loss"":{""hands"":1,""chips"":-101},""postflop_invest_then_fold"":{""hands"":1,""chips"":-32},""preflop_invest_then_fold"":{""hands"":1,""chips"":-5},""failed_air_bet_hand"":{""hands"":1,""chips"":-23}}","[{""hand"":28,""chips"":-101,""hole"":[""Jd"",""Td""],""board"":[""4h"",""Jh"",""Qh"",""2d"",""Ah""],""loss_category"":""other_showdown_loss""},{""hand"":80,""chips"":-65,""hole"":[""As"",""Jh""],""board"":[""3d"",""9c"",""9s"",""7s"",""Qs""],""loss_category"":""probable_bad_terminal_call""},{""hand"":22,""chips"":-52,""hole"":[""Kd"",""Qh""],""board"":[""2s"",""As"",""3s"",""Ks"",""3d""],""loss_category"":""probable_bad_terminal_call""},{""hand"":64,""chips"":-32,""hole"":[""4d"",""4c""],""board"":[""9s"",""Th"",""Jd"",""6s"",""5c""],""loss_category"":""postflop_invest_then_fold""},{""hand"":2,""chips"":-23,""hole"":[""As"",""9c""],""board"":[""6c"",""7c"",""5h"",""Ts"",""4s""],""loss_category"":""failed_semibluff_hand""}]"
j97295bjssf4404tt0x8phvvh98fjfd5,ladder,100,-291,83,4,4,0,138,1,0.0,1.0,1,"[""j97295bjssf4404tt0x8phvvh98fjfd5:18:17"",""j97295bjssf4404tt0x8phvvh98fjfd5:33:14"",""j97295bjssf4404tt0x8phvvh98fjfd5:51:14"",""j97295bjssf4404tt0x8phvvh98fjfd5:62:19""]","{""non_losing_hand"":{""hands"":71,""chips"":216},""blind_only_fold"":{""hands"":19,""chips"":-29},""postflop_invest_then_fold"":{""hands"":2,""chips"":-16},""probable_bad_terminal_call"":{""hands"":3,""chips"":-336},""preflop_invest_then_fold"":{""hands"":3,""chips"":-17},""other_showdown_loss"":{""hands"":2,""chips"":-109}}","[{""hand"":33,""chips"":-186,""hole"":[""Kc"",""Jc""],""board"":[""6d"",""Ts"",""Ac"",""6c"",""3h""],""loss_category"":""probable_bad_terminal_call""},{""hand"":62,""chips"":-117,""hole"":[""Ac"",""Kd""],""board"":[""3d"",""5h"",""Qd"",""Th"",""5s""],""loss_category"":""probable_bad_terminal_call""},{""hand"":54,""chips"":-88,""hole"":[""Qh"",""Qc""],""board"":[""5c"",""7d"",""Ac"",""4h"",""Th""],""loss_category"":""other_showdown_loss""},{""hand"":51,""chips"":-33,""hole"":[""9c"",""Ac""],""board"":[""Ts"",""6s"",""4d"",""Qh"",""6h""],""loss_category"":""probable_bad_terminal_call""},{""hand"":87,""chips"":-21,""hole"":[""Ks"",""Qs""],""board"":[""4d"",""2d"",""Jc"",""6d"",""Kd""],""loss_category"":""other_showdown_loss""}]"
j973h91j8edq7ka148eda5frpn8fjtr4,ladder,100,-284,90,0,0,0,0,1,-64.29356060606062,-135.70643939393938,-200,[],"{""blind_only_fold"":{""hands"":19,""chips"":-30},""non_losing_hand"":{""hands"":74,""chips"":33},""postflop_invest_then_fold"":{""hands"":3,""chips"":-27},""other_showdown_loss"":{""hands"":2,""chips"":-55},""preflop_invest_then_fold"":{""hands"":1,""chips"":-5},""other_losing_allin"":{""hands"":1,""chips"":-200}}","[{""hand"":30,""chips"":-200,""hole"":[""Kd"",""Kc""],""board"":[""Jd"",""8d"",""3h"",""Qh"",""3d""],""loss_category"":""other_losing_allin""},{""hand"":12,""chips"":-46,""hole"":[""Ah"",""Ks""],""board"":[""9d"",""6d"",""2c"",""Qh"",""6h""],""loss_category"":""other_showdown_loss""},{""hand"":7,""chips"":-15,""hole"":[""Kh"",""Qh""],""board"":[""6c"",""9h"",""4s"",""8c""],""loss_category"":""postflop_invest_then_fold""},{""hand"":76,""chips"":-9,""hole"":[""Jd"",""Qc""],""board"":[""3s"",""5d"",""Kd"",""3h"",""9d""],""loss_category"":""other_showdown_loss""},{""hand"":2,""chips"":-6,""hole"":[""5c"",""5d""],""board"":[""Jd"",""Qc"",""Qd""],""loss_category"":""postflop_invest_then_fold""}]"
j9700cn57x7b96grstqkmd5ms98fjq1s,ladder,100,-275,82,0,0,0,0,2,-105.5,-294.5,-400,[],"{""non_losing_hand"":{""hands"":74,""chips"":345},""failed_semibluff_hand"":{""hands"":1,""chips"":-200},""other_losing_allin"":{""hands"":1,""chips"":-200},""blind_only_fold"":{""hands"":19,""chips"":-27},""other_showdown_loss"":{""hands"":2,""chips"":-159},""failed_air_bet_hand"":{""hands"":1,""chips"":-18},""postflop_invest_then_fold"":{""hands"":2,""chips"":-16}}","[{""hand"":2,""chips"":-200,""hole"":[""Ks"",""As""],""board"":[""2s"",""Td"",""3d"",""4h"",""Th""],""loss_category"":""failed_semibluff_hand""},{""hand"":10,""chips"":-200,""hole"":[""Js"",""As""],""board"":[""6c"",""Ac"",""Th"",""Qd"",""Tc""],""loss_category"":""other_losing_allin""},{""hand"":46,""chips"":-154,""hole"":[""Kh"",""Kd""],""board"":[""2h"",""3d"",""Tc"",""4d"",""Qd""],""loss_category"":""other_showdown_loss""},{""hand"":26,""chips"":-18,""hole"":[""Qs"",""Jc""],""board"":[""4s"",""2c"",""9c"",""3s"",""Th""],""loss_category"":""failed_air_bet_hand""},{""hand"":42,""chips"":-11,""hole"":[""As"",""Ts""],""board"":[""6s"",""8h"",""3h"",""4c""],""loss_category"":""postflop_invest_then_fold""}]"
j973bxved5k1spgkpkmjzy6aps8fkqwk,ladder,100,-269,91,0,0,0,0,0,0,0,0,[],"{""non_losing_hand"":{""hands"":72,""chips"":63},""blind_only_fold"":{""hands"":22,""chips"":-32},""postflop_invest_then_fold"":{""hands"":4,""chips"":-47},""other_showdown_loss"":{""hands"":2,""chips"":-253}}","[{""hand"":57,""chips"":-200,""hole"":[""Ac"",""Td""],""board"":[""4h"",""4d"",""Th"",""2h"",""8d""],""loss_category"":""other_showdown_loss""},{""hand"":38,""chips"":-53,""hole"":[""Ah"",""Ks""],""board"":[""Qc"",""9d"",""Tc"",""3h"",""Ac""],""loss_category"":""other_showdown_loss""},{""hand"":70,""chips"":-30,""hole"":[""Kh"",""Kc""],""board"":[""2c"",""8s"",""8h"",""Ah"",""Jh""],""loss_category"":""postflop_invest_then_fold""},{""hand"":16,""chips"":-6,""hole"":[""Jd"",""Qd""],""board"":[""6s"",""6d"",""As""],""loss_category"":""postflop_invest_then_fold""},{""hand"":66,""chips"":-6,""hole"":[""3c"",""3s""],""board"":[""9h"",""As"",""Qc"",""Kh""],""loss_category"":""postflop_invest_then_fold""}]"
j97aaa15ndw4wr733az9s5jmzd8fja7p,ladder,100,-261,88,0,0,0,0,0,0,0,0,[],"{""blind_only_fold"":{""hands"":19,""chips"":-28},""non_losing_hand"":{""hands"":71,""chips"":106},""postflop_invest_then_fold"":{""hands"":4,""chips"":-27},""other_showdown_loss"":{""hands"":3,""chips"":-296},""preflop_invest_then_fold"":{""hands"":3,""chips"":-16}}","[{""hand"":94,""chips"":-200,""hole"":[""Ad"",""Kh""],""board"":[""Kc"",""9s"",""8s"",""9d"",""4s""],""loss_category"":""other_showdown_loss""},{""hand"":10,""chips"":-52,""hole"":[""Js"",""Qs""],""board"":[""Qd"",""Kc"",""Ac"",""2d"",""7c""],""loss_category"":""other_showdown_loss""},{""hand"":57,""chips"":-44,""hole"":[""Kh"",""Ks""],""board"":[""Ac"",""4c"",""2h"",""8c"",""8d""],""loss_category"":""other_showdown_loss""},{""hand"":26,""chips"":-11,""hole"":[""Kh"",""Ah""],""board"":[""Tc"",""9c"",""Td"",""Jh""],""loss_category"":""postflop_invest_then_fold""},{""hand"":6,""chips"":-6,""hole"":[""7d"",""7h""],""board"":[""8s"",""5h"",""Tc""],""loss_category"":""postflop_invest_then_fold""}]"
j978d1gh5sd825xqjc8grpvxph8fjpef,ladder,100,-251,94,0,0,0,0,0,0,0,0,[],"{""non_losing_hand"":{""hands"":66,""chips"":71},""blind_only_fold"":{""hands"":21,""chips"":-30},""postflop_invest_then_fold"":{""hands"":11,""chips"":-115},""preflop_invest_then_fold"":{""hands"":1,""chips"":-5},""other_showdown_loss"":{""hands"":1,""chips"":-172}}","[{""hand"":95,""chips"":-172,""hole"":[""Td"",""Jd""],""board"":[""Ts"",""8d"",""4s"",""4h"",""8h""],""loss_category"":""other_showdown_loss""},{""hand"":29,""chips"":-39,""hole"":[""Kh"",""Ad""],""board"":[""Js"",""Tc"",""9d""],""loss_category"":""postflop_invest_then_fold""},{""hand"":65,""chips"":-16,""hole"":[""9d"",""9c""],""board"":[""2h"",""6c"",""Jc"",""Ks"",""2c""],""loss_category"":""postflop_invest_then_fold""},{""hand"":11,""chips"":-10,""hole"":[""Qc"",""Ah""],""board"":[""5c"",""Jc"",""6c"",""7h"",""Jd""],""loss_category"":""postflop_invest_then_fold""},{""hand"":83,""chips"":-10,""hole"":[""Qh"",""Kc""],""board"":[""6s"",""3d"",""6c""],""loss_category"":""postflop_invest_then_fold""}]"
j97bbbevw8nejqnp358sywrn3x8fj7x8,ladder,100,-232,90,0,0,0,0,0,0,0,0,[],"{""non_losing_hand"":{""hands"":76,""chips"":113},""blind_only_fold"":{""hands"":18,""chips"":-26},""postflop_invest_then_fold"":{""hands"":4,""chips"":-62},""failed_semibluff_hand"":{""hands"":1,""chips"":-57},""other_showdown_loss"":{""hands"":1,""chips"":-200}}","[{""hand"":90,""chips"":-200,""hole"":[""Ks"",""Kh""],""board"":[""5h"",""Th"",""9s"",""7h"",""7d""],""loss_category"":""other_showdown_loss""},{""hand"":39,""chips"":-57,""hole"":[""Qc"",""Kc""],""board"":[""Td"",""3h"",""Jd"",""6d"",""5s""],""loss_category"":""failed_semibluff_hand""},{""hand"":98,""chips"":-41,""hole"":[""Kh"",""Ad""],""board"":[""Td"",""9c"",""6d""],""loss_category"":""postflop_invest_then_fold""},{""hand"":53,""chips"":-10,""hole"":[""6c"",""6s""],""board"":[""3h"",""Js"",""2s"",""As"",""5c""],""loss_category"":""postflop_invest_then_fold""},{""hand"":13,""chips"":-6,""hole"":[""Td"",""Kc""],""board"":[""Ac"",""4d"",""3h""],""loss_category"":""postflop_invest_then_fold""}]"
j972gkt64v39e1b23dg0hsvbad8fky17,ladder,100,-230,88,1,1,0,9,0,0,0,0,"[""j972gkt64v39e1b23dg0hsvbad8fky17:16:14""]","{""blind_only_fold"":{""hands"":20,""chips"":-29},""non_losing_hand"":{""hands"":72,""chips"":123},""postflop_invest_then_fold"":{""hands"":4,""chips"":-91},""preflop_invest_then_fold"":{""hands"":2,""chips"":-10},""probable_bad_terminal_call"":{""hands"":1,""chips"":-23},""other_showdown_loss"":{""hands"":1,""chips"":-200}}","[{""hand"":53,""chips"":-200,""hole"":[""4h"",""4s""],""board"":[""9d"",""9c"",""2d"",""6d"",""Qc""],""loss_category"":""other_showdown_loss""},{""hand"":65,""chips"":-50,""hole"":[""Ad"",""Qh""],""board"":[""2d"",""8s"",""Js"",""2c"",""5s""],""loss_category"":""postflop_invest_then_fold""},{""hand"":2,""chips"":-34,""hole"":[""Kd"",""Ad""],""board"":[""Js"",""2d"",""5h""],""loss_category"":""postflop_invest_then_fold""},{""hand"":16,""chips"":-23,""hole"":[""Kd"",""9d""],""board"":[""Tc"",""Js"",""6s"",""Td"",""Ts""],""loss_category"":""probable_bad_terminal_call""},{""hand"":5,""chips"":-5,""hole"":[""Ts"",""Jc""],""board"":[],""loss_category"":""preflop_invest_then_fold""}]"
j97as8att7bed2ahyjgw7xx5w98fj3c6,ladder,100,-230,86,0,0,0,0,0,0,0,0,[],"{""non_losing_hand"":{""hands"":75,""chips"":70},""blind_only_fold"":{""hands"":18,""chips"":-25},""postflop_invest_then_fold"":{""hands"":3,""chips"":-60},""preflop_invest_then_fold"":{""hands"":2,""chips"":-10},""other_showdown_loss"":{""hands"":2,""chips"":-205}}","[{""hand"":71,""chips"":-200,""hole"":[""9s"",""Ac""],""board"":[""4h"",""Jc"",""Jh"",""5s"",""9h""],""loss_category"":""other_showdown_loss""},{""hand"":93,""chips"":-50,""hole"":[""Ad"",""Td""],""board"":[""9d"",""2s"",""Kd"",""Qs"",""3c""],""loss_category"":""postflop_invest_then_fold""},{""hand"":14,""chips"":-5,""hole"":[""Jd"",""Qd""],""board"":[""2d"",""4h"",""7c"",""6c""],""loss_category"":""postflop_invest_then_fold""},{""hand"":29,""chips"":-5,""hole"":[""Qd"",""9c""],""board"":[],""loss_category"":""preflop_invest_then_fold""},{""hand"":31,""chips"":-5,""hole"":[""Qc"",""Js""],""board"":[""5s"",""2d"",""8s"",""Jd"",""2c""],""loss_category"":""postflop_invest_then_fold""}]"
j972pypxt1bwrp1b9chk952ec98fj1rs,ladder,100,-225,88,0,0,0,0,0,0,0,0,[],"{""non_losing_hand"":{""hands"":74,""chips"":154},""blind_only_fold"":{""hands"":21,""chips"":-30},""other_showdown_loss"":{""hands"":2,""chips"":-332},""postflop_invest_then_fold"":{""hands"":3,""chips"":-17}}","[{""hand"":79,""chips"":-200,""hole"":[""Td"",""Th""],""board"":[""Kc"",""Jc"",""8d"",""2d"",""6s""],""loss_category"":""other_showdown_loss""},{""hand"":33,""chips"":-132,""hole"":[""Ah"",""Kh""],""board"":[""7s"",""7d"",""Qs"",""7c"",""5d""],""loss_category"":""other_showdown_loss""},{""hand"":46,""chips"":-6,""hole"":[""9c"",""9s""],""board"":[""3c"",""2s"",""8d"",""Tc""],""loss_category"":""postflop_invest_then_fold""},{""hand"":77,""chips"":-6,""hole"":[""Td"",""Th""],""board"":[""4h"",""9c"",""8c""],""loss_category"":""postflop_invest_then_fold""},{""hand"":43,""chips"":-5,""hole"":[""Ad"",""Jh""],""board"":[""8d"",""8s"",""Qh"",""6h"",""8c""],""loss_category"":""postflop_invest_then_fold""}]"
j978t5c55vev354s4gy3dx0hb58fjbfd,ladder,100,-214,83,0,0,0,0,2,-37.65625,-362.34375,-400,[],"{""non_losing_hand"":{""hands"":76,""chips"":239},""blind_only_fold"":{""hands"":16,""chips"":-23},""postflop_invest_then_fold"":{""hands"":1,""chips"":-2},""preflop_invest_then_fold"":{""hands"":5,""chips"":-28},""failed_semibluff_hand"":{""hands"":1,""chips"":-200},""other_losing_allin"":{""hands"":1,""chips"":-200}}","[{""hand"":34,""chips"":-200,""hole"":[""As"",""Kc""],""board"":[""2s"",""3d"",""4h"",""5c"",""9d""],""loss_category"":""failed_semibluff_hand""},{""hand"":35,""chips"":-200,""hole"":[""Qc"",""Qh""],""board"":[""4c"",""Jc"",""Th"",""5d"",""Ad""],""loss_category"":""other_losing_allin""},{""hand"":99,""chips"":-7,""hole"":[""Qc"",""Ad""],""board"":[],""loss_category"":""preflop_invest_then_fold""},{""hand"":19,""chips"":-6,""hole"":[""Ac"",""Jc""],""board"":[""Kc"",""3s"",""2s"",""Qh"",""9d""],""loss_category"":""preflop_invest_then_fold""},{""hand"":32,""chips"":-5,""hole"":[""6c"",""6h""],""board"":[],""loss_category"":""preflop_invest_then_fold""}]"
j971cjykg135pnq1bp3gjjh73d8fjbky,ladder,100,-212,87,0,0,0,0,2,63.90625,-54.90625,9,[],"{""non_losing_hand"":{""hands"":70,""chips"":331},""postflop_invest_then_fold"":{""hands"":2,""chips"":-11},""blind_only_fold"":{""hands"":23,""chips"":-34},""other_losing_allin"":{""hands"":1,""chips"":-200},""preflop_invest_then_fold"":{""hands"":2,""chips"":-13},""other_showdown_loss"":{""hands"":2,""chips"":-285}}","[{""hand"":28,""chips"":-200,""hole"":[""Ad"",""Kh""],""board"":[""Qd"",""3d"",""Kc"",""9s"",""Ah""],""loss_category"":""other_losing_allin""},{""hand"":40,""chips"":-200,""hole"":[""Qs"",""Ks""],""board"":[""Ac"",""3s"",""Qc"",""3h"",""9h""],""loss_category"":""other_showdown_loss""},{""hand"":90,""chips"":-85,""hole"":[""Jh"",""Td""],""board"":[""Th"",""6d"",""2d"",""4c"",""9d""],""loss_category"":""other_showdown_loss""},{""hand"":39,""chips"":-7,""hole"":[""Jh"",""Qc""],""board"":[""8c"",""Kh"",""6s"",""Ts"",""Qh""],""loss_category"":""preflop_invest_then_fold""},{""hand"":1,""chips"":-6,""hole"":[""As"",""Qh""],""board"":[""Kc"",""2h"",""6s"",""Ad""],""loss_category"":""postflop_invest_then_fold""}]"
j976ffs9jmzbddcf2esygsm5kh8fjyh1,ladder,100,-203,87,0,0,0,0,1,12.5625,189.4375,202,[],"{""non_losing_hand"":{""hands"":73,""chips"":261},""blind_only_fold"":{""hands"":21,""chips"":-31},""other_showdown_loss"":{""hands"":3,""chips"":-406},""postflop_invest_then_fold"":{""hands"":1,""chips"":-15},""preflop_invest_then_fold"":{""hands"":2,""chips"":-12}}","[{""hand"":40,""chips"":-200,""hole"":[""8h"",""Kh""],""board"":[""Qh"",""8d"",""Qd"",""As"",""6d""],""loss_category"":""other_showdown_loss""},{""hand"":72,""chips"":-200,""hole"":[""6d"",""6s""],""board"":[""Jc"",""9s"",""5s"",""8d"",""6c""],""loss_category"":""other_showdown_loss""},{""hand"":74,""chips"":-15,""hole"":[""9h"",""Ac""],""board"":[""Ts"",""2c"",""Jd"",""3s""],""loss_category"":""postflop_invest_then_fold""},{""hand"":80,""chips"":-7,""hole"":[""2d"",""2h""],""board"":[],""loss_category"":""preflop_invest_then_fold""},{""hand"":90,""chips"":-6,""hole"":[""9s"",""Js""],""board"":[""2d"",""Qh"",""Ah"",""6d"",""3d""],""loss_category"":""other_showdown_loss""}]"
j97c4zm3baywym46z484mnp7798fjmjc,ladder,100,-195,89,0,0,0,0,0,0,0,0,[],"{""blind_only_fold"":{""hands"":16,""chips"":-20},""non_losing_hand"":{""hands"":76,""chips"":61},""other_showdown_loss"":{""hands"":2,""chips"":-205},""preflop_invest_then_fold"":{""hands"":3,""chips"":-17},""postflop_invest_then_fold"":{""hands"":3,""chips"":-14}}","[{""hand"":6,""chips"":-200,""hole"":[""Ah"",""4h""],""board"":[""As"",""Js"",""Ks"",""5h"",""9c""],""loss_category"":""other_showdown_loss""},{""hand"":48,""chips"":-7,""hole"":[""2h"",""2d""],""board"":[],""loss_category"":""preflop_invest_then_fold""},{""hand"":81,""chips"":-6,""hole"":[""Jh"",""Ts""],""board"":[""3s"",""4h"",""Qd""],""loss_category"":""postflop_invest_then_fold""},{""hand"":97,""chips"":-6,""hole"":[""6h"",""7h""],""board"":[""5h"",""Kc"",""Jd"",""5c"",""Td""],""loss_category"":""postflop_invest_then_fold""},{""hand"":14,""chips"":-5,""hole"":[""9d"",""Jd""],""board"":[],""loss_category"":""preflop_invest_then_fold""}]"
j9766csh4g7af5q69g901253m58fjvvp,ladder,100,-194,89,0,0,0,0,1,-216.8994140625,16.8994140625,-200,[],"{""non_losing_hand"":{""hands"":74,""chips"":89},""blind_only_fold"":{""hands"":18,""chips"":-26},""postflop_invest_then_fold"":{""hands"":3,""chips"":-27},""preflop_invest_then_fold"":{""hands"":3,""chips"":-15},""profitable_allin_lost_runout"":{""hands"":1,""chips"":-200},""failed_semibluff_hand"":{""hands"":1,""chips"":-15}}","[{""hand"":72,""chips"":-200,""hole"":[""Ah"",""Kh""],""board"":[""5d"",""4d"",""2s"",""Kc"",""Qh""],""loss_category"":""profitable_allin_lost_runout""},{""hand"":82,""chips"":-15,""hole"":[""Kc"",""7c""],""board"":[""5s"",""4s"",""6d"",""2d""],""loss_category"":""failed_semibluff_hand""},{""hand"":11,""chips"":-14,""hole"":[""Td"",""Ac""],""board"":[""Kh"",""2c"",""Jc"",""Jd""],""loss_category"":""postflop_invest_then_fold""},{""hand"":78,""chips"":-7,""hole"":[""Qh"",""Jh""],""board"":[""8c"",""3s"",""9d""],""loss_category"":""postflop_invest_then_fold""},{""hand"":3,""chips"":-6,""hole"":[""6h"",""Ah""],""board"":[""5c"",""8c"",""Jh"",""2d""],""loss_category"":""postflop_invest_then_fold""}]"
j97cy1rxv13nj3vmj6ev2gp9358fj6kn,ladder,100,-189,88,2,2,0,170,1,-13.104166666666657,-186.89583333333334,-200,"[""j97cy1rxv13nj3vmj6ev2gp9358fj6kn:18:12"",""j97cy1rxv13nj3vmj6ev2gp9358fj6kn:36:14""]","{""non_losing_hand"":{""hands"":77,""chips"":85},""blind_only_fold"":{""hands"":20,""chips"":-28},""probable_bad_terminal_call"":{""hands"":2,""chips"":-213},""postflop_invest_then_fold"":{""hands"":1,""chips"":-33}}","[{""hand"":18,""chips"":-200,""hole"":[""Ad"",""Kc""],""board"":[""Qs"",""2h"",""3c"",""8c"",""5c""],""loss_category"":""probable_bad_terminal_call""},{""hand"":20,""chips"":-33,""hole"":[""Tc"",""Jd""],""board"":[""Kd"",""3s"",""7h"",""Ah"",""2h""],""loss_category"":""postflop_invest_then_fold""},{""hand"":36,""chips"":-13,""hole"":[""Jh"",""9h""],""board"":[""Ks"",""2h"",""5c"",""Ah"",""8c""],""loss_category"":""probable_bad_terminal_call""},{""hand"":12,""chips"":-2,""hole"":[""4h"",""3c""],""board"":[],""loss_category"":""blind_only_fold""},{""hand"":28,""chips"":-2,""hole"":[""Ts"",""8d""],""board"":[],""loss_category"":""blind_only_fold""}]"
j97fwcptg5rqqjprv4bghw4k4n8fkrk7,ladder,100,-184,87,1,1,0,51,0,0,0,0,"[""j97fwcptg5rqqjprv4bghw4k4n8fkrk7:57:17""]","{""non_losing_hand"":{""hands"":76,""chips"":63},""blind_only_fold"":{""hands"":20,""chips"":-28},""preflop_invest_then_fold"":{""hands"":1,""chips"":-5},""other_showdown_loss"":{""hands"":2,""chips"":-14},""probable_bad_terminal_call"":{""hands"":1,""chips"":-200}}","[{""hand"":57,""chips"":-200,""hole"":[""Qs"",""Ks""],""board"":[""9d"",""Ac"",""Ts"",""6s"",""4c""],""loss_category"":""probable_bad_terminal_call""},{""hand"":28,""chips"":-9,""hole"":[""8s"",""Ks""],""board"":[""4s"",""Ah"",""7h"",""4c"",""5s""],""loss_category"":""other_showdown_loss""},{""hand"":24,""chips"":-5,""hole"":[""Tc"",""Qc""],""board"":[],""loss_category"":""preflop_invest_then_fold""},{""hand"":62,""chips"":-5,""hole"":[""2c"",""2s""],""board"":[""Jd"",""8s"",""4c"",""Qs"",""9d""],""loss_category"":""other_showdown_loss""},{""hand"":4,""chips"":-2,""hole"":[""7d"",""Th""],""board"":[],""loss_category"":""blind_only_fold""}]"
j97barad4gy4c14378trk14tqs8fk3ar,ladder,100,-178,84,1,1,0,171,2,-101.5,-298.5,-400,"[""j97barad4gy4c14378trk14tqs8fk3ar:43:15""]","{""non_losing_hand"":{""hands"":74,""chips"":303},""blind_only_fold"":{""hands"":19,""chips"":-26},""other_losing_allin"":{""hands"":1,""chips"":-200},""postflop_invest_then_fold"":{""hands"":4,""chips"":-29},""probable_bad_terminal_call"":{""hands"":1,""chips"":-200},""other_showdown_loss"":{""hands"":1,""chips"":-26}}","[{""hand"":5,""chips"":-200,""hole"":[""Ts"",""Tc""],""board"":[""5d"",""Ad"",""4h"",""Qc"",""3d""],""loss_category"":""other_losing_allin""},{""hand"":43,""chips"":-200,""hole"":[""Jh"",""Th""],""board"":[""Kh"",""Ah"",""4c"",""9s"",""Ts""],""loss_category"":""probable_bad_terminal_call""},{""hand"":88,""chips"":-26,""hole"":[""6h"",""6s""],""board"":[""2s"",""Ts"",""4s"",""Jd"",""Qh""],""loss_category"":""other_showdown_loss""},{""hand"":51,""chips"":-12,""hole"":[""Ac"",""Jd""],""board"":[""Qc"",""2d"",""3h"",""5d""],""loss_category"":""postflop_invest_then_fold""},{""hand"":32,""chips"":-6,""hole"":[""2s"",""2c""],""board"":[""Qd"",""8c"",""Kc""],""loss_category"":""postflop_invest_then_fold""}]"
j97etncgyb7ygjr42kk2ca2s958fkqck,ladder,100,-176,92,0,0,0,0,0,0,0,0,[],"{""blind_only_fold"":{""hands"":23,""chips"":-34},""non_losing_hand"":{""hands"":71,""chips"":21},""postflop_invest_then_fold"":{""hands"":3,""chips"":-27},""other_showdown_loss"":{""hands"":2,""chips"":-131},""preflop_invest_then_fold"":{""hands"":1,""chips"":-5}}","[{""hand"":46,""chips"":-86,""hole"":[""Ts"",""Th""],""board"":[""3s"",""6d"",""8c"",""Ah"",""5d""],""loss_category"":""other_showdown_loss""},{""hand"":62,""chips"":-45,""hole"":[""4h"",""4c""],""board"":[""7h"",""5s"",""Td"",""Qc"",""3d""],""loss_category"":""other_showdown_loss""},{""hand"":61,""chips"":-16,""hole"":[""Jc"",""Kd""],""board"":[""8s"",""2s"",""9s"",""Qc"",""6c""],""loss_category"":""postflop_invest_then_fold""},{""hand"":81,""chips"":-6,""hole"":[""Tc"",""Qs""],""board"":[""2s"",""Jd"",""4c"",""As"",""5c""],""loss_category"":""postflop_invest_then_fold""},{""hand"":6,""chips"":-5,""hole"":[""5c"",""5s""],""board"":[""8d"",""7c"",""Tc"",""Jd""],""loss_category"":""postflop_invest_then_fold""}]"
j9765tstj2ewnt9vhevmfzffk98fkph1,ladder,100,-176,88,0,0,0,0,1,-38.25,-161.75,-200,[],"{""other_showdown_loss"":{""hands"":3,""chips"":-21},""non_losing_hand"":{""hands"":69,""chips"":175},""blind_only_fold"":{""hands"":21,""chips"":-32},""postflop_invest_then_fold"":{""hands"":5,""chips"":-90},""other_losing_allin"":{""hands"":1,""chips"":-200},""preflop_invest_then_fold"":{""hands"":1,""chips"":-8}}","[{""hand"":15,""chips"":-200,""hole"":[""Ad"",""Kh""],""board"":[""9d"",""4c"",""2h"",""4d"",""7s""],""loss_category"":""other_losing_allin""},{""hand"":75,""chips"":-67,""hole"":[""8s"",""Qs""],""board"":[""4h"",""Qd"",""2c"",""3s"",""5c""],""loss_category"":""postflop_invest_then_fold""},{""hand"":0,""chips"":-11,""hole"":[""Qh"",""Jh""],""board"":[""6d"",""Kc"",""8d"",""7c"",""2s""],""loss_category"":""other_showdown_loss""},{""hand"":57,""chips"":-8,""hole"":[""4d"",""4s""],""board"":[""7d"",""9d"",""9c""],""loss_category"":""preflop_invest_then_fold""},{""hand"":83,""chips"":-8,""hole"":[""Kh"",""Qd""],""board"":[""5c"",""Ts"",""3c""],""loss_category"":""postflop_invest_then_fold""}]"
j97b5cncaqcscv22j7x1vxtdjx8fjbjj,ladder,100,-174,85,0,0,0,0,1,-153.0,-47.0,-200,[],"{""non_losing_hand"":{""hands"":78,""chips"":135},""blind_only_fold"":{""hands"":16,""chips"":-21},""postflop_invest_then_fold"":{""hands"":4,""chips"":-20},""failed_semibluff_hand"":{""hands"":1,""chips"":-200},""other_showdown_loss"":{""hands"":1,""chips"":-68}}","[{""hand"":20,""chips"":-200,""hole"":[""Jd"",""Ad""],""board"":[""7c"",""4s"",""9d"",""8d"",""4h""],""loss_category"":""failed_semibluff_hand""},{""hand"":22,""chips"":-68,""hole"":[""8d"",""8h""],""board"":[""2d"",""3c"",""Qh"",""Qc"",""3d""],""loss_category"":""other_showdown_loss""},{""hand"":2,""chips"":-5,""hole"":[""8h"",""7h""],""board"":[""Jh"",""4d"",""7s"",""Ad""],""loss_category"":""postflop_invest_then_fold""},{""hand"":26,""chips"":-5,""hole"":[""As"",""8h""],""board"":[""Qc"",""Jc"",""Kh"",""5s"",""3s""],""loss_category"":""postflop_invest_then_fold""},{""hand"":66,""chips"":-5,""hole"":[""2s"",""2h""],""board"":[""8c"",""7h"",""9d""],""loss_category"":""postflop_invest_then_fold""}]"
j9707pjc3cknz7f8575xm0e1e18fjy05,ladder,100,-170,90,0,0,0,0,1,-365.21875,165.21875,-200,[],"{""non_losing_hand"":{""hands"":75,""chips"":248},""blind_only_fold"":{""hands"":19,""chips"":-29},""postflop_invest_then_fold"":{""hands"":2,""chips"":-11},""other_showdown_loss"":{""hands"":1,""chips"":-129},""preflop_invest_then_fold"":{""hands"":1,""chips"":-5},""profitable_allin_lost_runout"":{""hands"":1,""chips"":-200},""failed_semibluff_hand"":{""hands"":1,""chips"":-44}}","[{""hand"":57,""chips"":-200,""hole"":[""Qh"",""Ah""],""board"":[""Jh"",""4h"",""2h"",""Kc"",""Jc""],""loss_category"":""profitable_allin_lost_runout""},{""hand"":39,""chips"":-129,""hole"":[""Kh"",""Qs""],""board"":[""7h"",""2c"",""Jh"",""Qc"",""6s""],""loss_category"":""other_showdown_loss""},{""hand"":61,""chips"":-44,""hole"":[""Ac"",""Js""],""board"":[""3d"",""8c"",""9c"",""7d"",""Qh""],""loss_category"":""failed_semibluff_hand""},{""hand"":36,""chips"":-6,""hole"":[""5c"",""5d""],""board"":[""Ks"",""8h"",""Qh""],""loss_category"":""postflop_invest_then_fold""},{""hand"":43,""chips"":-5,""hole"":[""5s"",""5c""],""board"":[""Ah"",""3h"",""2h""],""loss_category"":""postflop_invest_then_fold""}]"
j9740mhws1x66vnfx02zts7nf58fjx9s,ladder,100,-164,92,0,0,0,0,1,-113.90625,-86.09375,-200,[],"{""non_losing_hand"":{""hands"":77,""chips"":103},""blind_only_fold"":{""hands"":20,""chips"":-30},""postflop_invest_then_fold"":{""hands"":2,""chips"":-37},""other_losing_allin"":{""hands"":1,""chips"":-200}}","[{""hand"":69,""chips"":-200,""hole"":[""Qc"",""Qh""],""board"":[""Tc"",""Qs"",""Ad"",""Jd"",""7h""],""loss_category"":""other_losing_allin""},{""hand"":94,""chips"":-30,""hole"":[""Qh"",""Qc""],""board"":[""6c"",""8s"",""5s"",""Ah""],""loss_category"":""postflop_invest_then_fold""},{""hand"":10,""chips"":-7,""hole"":[""Jc"",""Td""],""board"":[""5s"",""Qd"",""Ad""],""loss_category"":""postflop_invest_then_fold""},{""hand"":5,""chips"":-2,""hole"":[""2h"",""5s""],""board"":[""Ac"",""Th"",""4h"",""Kh"",""7c""],""loss_category"":""blind_only_fold""},{""hand"":21,""chips"":-2,""hole"":[""Ts"",""7h""],""board"":[""Qh"",""3s"",""6d"",""3d"",""8c""],""loss_category"":""blind_only_fold""}]"
j973sdcr7p0c3y6xbrn4gxsprs8fjj6j,ladder,100,-163,81,0,0,0,0,3,-3.2718505859375,-189.7281494140625,-193,[],"{""non_losing_hand"":{""hands"":76,""chips"":370},""failed_air_bet_hand"":{""hands"":1,""chips"":-47},""blind_only_fold"":{""hands"":17,""chips"":-24},""postflop_invest_then_fold"":{""hands"":3,""chips"":-56},""other_losing_allin"":{""hands"":2,""chips"":-400},""other_showdown_loss"":{""hands"":1,""chips"":-6}}","[{""hand"":60,""chips"":-200,""hole"":[""Ah"",""6d""],""board"":[""Kh"",""Kc"",""6h"",""6s"",""Kd""],""loss_category"":""other_losing_allin""},{""hand"":87,""chips"":-200,""hole"":[""Kh"",""Kd""],""board"":[""Ac"",""5d"",""7h"",""2d"",""Qs""],""loss_category"":""other_losing_allin""},{""hand"":2,""chips"":-47,""hole"":[""Th"",""Kd""],""board"":[""3d"",""9h"",""7s"",""7d"",""9d""],""loss_category"":""failed_air_bet_hand""},{""hand"":93,""chips"":-43,""hole"":[""2d"",""2s""],""board"":[""Kd"",""6h"",""6d"",""7h"",""Th""],""loss_category"":""postflop_invest_then_fold""},{""hand"":37,""chips"":-7,""hole"":[""Ac"",""3c""],""board"":[""Kh"",""5s"",""2h""],""loss_category"":""postflop_invest_then_fold""}]"
j978s1c850ghkmt6vafgkq517s8fjyja,validation,2,-149,1,0,0,0,0,0,0,0,0,[],"{""blind_only_fold"":{""hands"":1,""chips"":-1},""other_showdown_loss"":{""hands"":1,""chips"":-148}}","[{""hand"":1,""chips"":-148,""hole"":[""4s"",""4c""],""board"":[""Qd"",""4h"",""8h"",""Th"",""Ad""],""loss_category"":""other_showdown_loss""},{""hand"":0,""chips"":-1,""hole"":[""3s"",""9c""],""board"":[],""loss_category"":""blind_only_fold""}]"
j97dx5x9yswbs04h1nach6fb5s8fjqf4,ladder,100,-149,95,0,0,0,0,0,0,0,0,[],"{""non_losing_hand"":{""hands"":68,""chips"":262},""blind_only_fold"":{""hands"":23,""chips"":-34},""postflop_invest_then_fold"":{""hands"":6,""chips"":-76},""other_showdown_loss"":{""hands"":2,""chips"":-296},""preflop_invest_then_fold"":{""hands"":1,""chips"":-5}}","[{""hand"":63,""chips"":-200,""hole"":[""Ac"",""Qd""],""board"":[""4d"",""3d"",""Qs"",""5c"",""Jd""],""loss_category"":""other_showdown_loss""},{""hand"":85,""chips"":-96,""hole"":[""Kh"",""Qc""],""board"":[""7d"",""6h"",""Td"",""Qd"",""9h""],""loss_category"":""other_showdown_loss""},{""hand"":62,""chips"":-34,""hole"":[""Ac"",""5c""],""board"":[""4d"",""Qc"",""Qh"",""4s""],""loss_category"":""postflop_invest_then_fold""},{""hand"":71,""chips"":-21,""hole"":[""Td"",""9d""],""board"":[""4d"",""3c"",""7d"",""8s""],""loss_category"":""postflop_invest_then_fold""},{""hand"":82,""chips"":-6,""hole"":[""Tc"",""Jc""],""board"":[""4c"",""Ks"",""9d"",""3s"",""Kh""],""loss_category"":""postflop_invest_then_fold""}]"
j978cjya3dkg56c89tmspk3j2d8fkk0n,ladder,100,-135,91,1,1,0,-237,3,-325.625,132.625,-193,"[""j978cjya3dkg56c89tmspk3j2d8fkk0n:47:15""]","{""blind_only_fold"":{""hands"":21,""chips"":-32},""non_losing_hand"":{""hands"":73,""chips"":393},""postflop_invest_then_fold"":{""hands"":4,""chips"":-96},""profitable_allin_lost_runout"":{""hands"":1,""chips"":-200},""other_losing_allin"":{""hands"":1,""chips"":-200}}","[{""hand"":62,""chips"":-200,""hole"":[""As"",""Qc""],""board"":[""Qs"",""3d"",""5c"",""7c"",""Ks""],""loss_category"":""profitable_allin_lost_runout""},{""hand"":78,""chips"":-200,""hole"":[""Ts"",""Th""],""board"":[""Kh"",""3s"",""Kc"",""Qd"",""9h""],""loss_category"":""other_losing_allin""},{""hand"":5,""chips"":-32,""hole"":[""5d"",""5c""],""board"":[""6s"",""9c"",""Ks"",""Jh""],""loss_category"":""postflop_invest_then_fold""},{""hand"":95,""chips"":-30,""hole"":[""6h"",""6d""],""board"":[""Jc"",""2s"",""Qd"",""Ad""],""loss_category"":""postflop_invest_then_fold""},{""hand"":80,""chips"":-29,""hole"":[""5h"",""Ah""],""board"":[""Jh"",""5c"",""4c"",""9c""],""loss_category"":""postflop_invest_then_fold""}]"
j97cc7d1gz5ajar1t1dx0f9bdd8fk89m,ladder,100,-134,87,2,1,1,145,2,12.5625,-10.5625,2,"[""j97cc7d1gz5ajar1t1dx0f9bdd8fk89m:49:10"",""j97cc7d1gz5ajar1t1dx0f9bdd8fk89m:51:13""]","{""non_losing_hand"":{""hands"":76,""chips"":256},""blind_only_fold"":{""hands"":18,""chips"":-26},""postflop_invest_then_fold"":{""hands"":2,""chips"":-38},""probable_missed_terminal_call"":{""hands"":1,""chips"":-18},""probable_bad_terminal_call"":{""hands"":1,""chips"":-200},""other_showdown_loss"":{""hands"":2,""chips"":-108}}","[{""hand"":51,""chips"":-200,""hole"":[""Th"",""Tc""],""board"":[""As"",""8h"",""2c"",""3c"",""Kh""],""loss_category"":""probable_bad_terminal_call""},{""hand"":70,""chips"":-99,""hole"":[""Kc"",""Ks""],""board"":[""Jc"",""8h"",""Ad"",""Td"",""5s""],""loss_category"":""other_showdown_loss""},{""hand"":29,""chips"":-23,""hole"":[""As"",""9d""],""board"":[""Ts"",""7d"",""Kd"",""2d"",""Qc""],""loss_category"":""postflop_invest_then_fold""},{""hand"":49,""chips"":-18,""hole"":[""Jd"",""Jc""],""board"":[],""loss_category"":""probable_missed_terminal_call""},{""hand"":13,""chips"":-15,""hole"":[""Qs"",""Jh""],""board"":[""6c"",""9c"",""4h"",""Kc"",""2s""],""loss_category"":""postflop_invest_then_fold""}]"
j97er3npfg2z61jz8b1jqsqbqs8fjwf8,ladder,100,-130,92,0,0,0,0,0,0,0,0,[],"{""non_losing_hand"":{""hands"":74,""chips"":68},""blind_only_fold"":{""hands"":18,""chips"":-27},""postflop_invest_then_fold"":{""hands"":6,""chips"":-32},""other_showdown_loss"":{""hands"":2,""chips"":-139}}","[{""hand"":30,""chips"":-133,""hole"":[""As"",""Ac""],""board"":[""Kc"",""Td"",""Kd"",""7h"",""Jh""],""loss_category"":""other_showdown_loss""},{""hand"":34,""chips"":-6,""hole"":[""Qs"",""Ah""],""board"":[""Jc"",""6c"",""7c"",""9h"",""6h""],""loss_category"":""other_showdown_loss""},{""hand"":39,""chips"":-6,""hole"":[""9h"",""Th""],""board"":[""8h"",""8d"",""6d"",""9d"",""3c""],""loss_category"":""postflop_invest_then_fold""},{""hand"":40,""chips"":-6,""hole"":[""7h"",""7s""],""board"":[""9s"",""4d"",""6h"",""Js""],""loss_category"":""postflop_invest_then_fold""},{""hand"":47,""chips"":-6,""hole"":[""9h"",""9c""],""board"":[""4h"",""3s"",""Kd"",""Qd"",""Jd""],""loss_category"":""postflop_invest_then_fold""}]"
j977y9rns9b9ytcnx9jbdbpeh98fkavc,ladder,100,-129,97,0,0,0,0,0,0,0,0,[],"{""non_losing_hand"":{""hands"":72,""chips"":61},""postflop_invest_then_fold"":{""hands"":7,""chips"":-95},""blind_only_fold"":{""hands"":19,""chips"":-28},""preflop_invest_then_fold"":{""hands"":1,""chips"":-8},""other_showdown_loss"":{""hands"":1,""chips"":-59}}","[{""hand"":46,""chips"":-59,""hole"":[""8h"",""8s""],""board"":[""5c"",""9h"",""Kh"",""Qd"",""Ks""],""loss_category"":""other_showdown_loss""},{""hand"":84,""chips"":-33,""hole"":[""Qh"",""Tc""],""board"":[""Th"",""9h"",""Ks"",""7d"",""4d""],""loss_category"":""postflop_invest_then_fold""},{""hand"":43,""chips"":-23,""hole"":[""8c"",""8s""],""board"":[""7s"",""3d"",""5d"",""Jc"",""9d""],""loss_category"":""postflop_invest_then_fold""},{""hand"":60,""chips"":-10,""hole"":[""Ts"",""Qh""],""board"":[""Jh"",""8s"",""2s"",""3h""],""loss_category"":""postflop_invest_then_fold""},{""hand"":72,""chips"":-10,""hole"":[""Qd"",""Ac""],""board"":[""Ks"",""6d"",""5h"",""9c""],""loss_category"":""postflop_invest_then_fold""}]"
j97d6t8ssfw2nc69dp5h61r3bx8fjp31,ladder,100,-126,86,0,0,0,0,0,0,0,0,[],"{""non_losing_hand"":{""hands"":76,""chips"":106},""blind_only_fold"":{""hands"":17,""chips"":-22},""postflop_invest_then_fold"":{""hands"":5,""chips"":-108},""other_showdown_loss"":{""hands"":1,""chips"":-95},""preflop_invest_then_fold"":{""hands"":1,""chips"":-7}}","[{""hand"":83,""chips"":-95,""hole"":[""Ac"",""Qc""],""board"":[""Qd"",""6h"",""Js"",""Td"",""9s""],""loss_category"":""other_showdown_loss""},{""hand"":74,""chips"":-71,""hole"":[""Ad"",""Jd""],""board"":[""2d"",""4d"",""3h"",""Tc"",""Kh""],""loss_category"":""postflop_invest_then_fold""},{""hand"":92,""chips"":-22,""hole"":[""Qc"",""Jc""],""board"":[""Ac"",""Jd"",""7s"",""4h""],""loss_category"":""postflop_invest_then_fold""},{""hand"":88,""chips"":-7,""hole"":[""8s"",""8c""],""board"":[],""loss_category"":""preflop_invest_then_fold""},{""hand"":34,""chips"":-5,""hole"":[""2d"",""2s""],""board"":[""Qs"",""4c"",""5c"",""Td"",""Kc""],""loss_category"":""postflop_invest_then_fold""}]"
j974dagrebak85z3kzna2kwcth8fjzzf,ladder,100,-116,90,1,1,0,22,1,138.53125,64.46875,203,"[""j974dagrebak85z3kzna2kwcth8fjzzf:74:17""]","{""non_losing_hand"":{""hands"":73,""chips"":257},""blind_only_fold"":{""hands"":21,""chips"":-30},""other_showdown_loss"":{""hands"":2,""chips"":-249},""postflop_invest_then_fold"":{""hands"":3,""chips"":-45},""probable_bad_terminal_call"":{""hands"":1,""chips"":-49}}","[{""hand"":83,""chips"":-200,""hole"":[""Th"",""Td""],""board"":[""8s"",""Qs"",""2s"",""3d"",""Qh""],""loss_category"":""other_showdown_loss""},{""hand"":18,""chips"":-49,""hole"":[""Tc"",""8c""],""board"":[""Ks"",""Ts"",""Jd"",""2h"",""Qd""],""loss_category"":""other_showdown_loss""},{""hand"":74,""chips"":-49,""hole"":[""7d"",""Kd""],""board"":[""9s"",""3c"",""Jh"",""Qs"",""9h""],""loss_category"":""probable_bad_terminal_call""},{""hand"":82,""chips"":-34,""hole"":[""Kd"",""Ac""],""board"":[""Td"",""7h"",""2d"",""8s"",""7s""],""loss_category"":""postflop_invest_then_fold""},{""hand"":66,""chips"":-6,""hole"":[""Jc"",""Kh""],""board"":[""3h"",""7d"",""7c"",""5d"",""8h""],""loss_category"":""postflop_invest_then_fold""}]"
j978nt1jb6cq1y87q7jvh3j5s98fj8gc,ladder,100,-94,91,0,0,0,0,0,0,0,0,[],"{""non_losing_hand"":{""hands"":69,""chips"":93},""blind_only_fold"":{""hands"":21,""chips"":-32},""postflop_invest_then_fold"":{""hands"":7,""chips"":-99},""other_showdown_loss"":{""hands"":3,""chips"":-56}}","[{""hand"":53,""chips"":-37,""hole"":[""Ah"",""Qc""],""board"":[""9c"",""Jd"",""Jc"",""3h"",""8c""],""loss_category"":""other_showdown_loss""},{""hand"":24,""chips"":-25,""hole"":[""Td"",""Ts""],""board"":[""5s"",""Jd"",""Qh"",""Ah"",""9c""],""loss_category"":""postflop_invest_then_fold""},{""hand"":18,""chips"":-23,""hole"":[""9c"",""9d""],""board"":[""3d"",""3h"",""5c"",""3s"",""Ac""],""loss_category"":""postflop_invest_then_fold""},{""hand"":81,""chips"":-23,""hole"":[""Td"",""Ah""],""board"":[""2h"",""6d"",""Kh"",""6h""],""loss_category"":""postflop_invest_then_fold""},{""hand"":52,""chips"":-13,""hole"":[""Qs"",""Js""],""board"":[""8h"",""9c"",""9s"",""7h"",""3s""],""loss_category"":""other_showdown_loss""}]"
j976hmcq9ppqcw17bc8g9qyxn98fkngp,ladder,100,-89,89,0,0,0,0,0,0,0,0,[],"{""blind_only_fold"":{""hands"":19,""chips"":-28},""non_losing_hand"":{""hands"":71,""chips"":126},""other_showdown_loss"":{""hands"":1,""chips"":-30},""postflop_invest_then_fold"":{""hands"":7,""chips"":-53},""preflop_invest_then_fold"":{""hands"":1,""chips"":-6},""failed_semibluff_hand"":{""hands"":1,""chips"":-98}}","[{""hand"":98,""chips"":-98,""hole"":[""Kd"",""Ad""],""board"":[""9d"",""8h"",""4h"",""7d"",""7s""],""loss_category"":""failed_semibluff_hand""},{""hand"":2,""chips"":-30,""hole"":[""As"",""Qs""],""board"":[""2s"",""9d"",""4d"",""3s"",""5c""],""loss_category"":""other_showdown_loss""},{""hand"":14,""chips"":-20,""hole"":[""As"",""Jc""],""board"":[""9d"",""6h"",""6s"",""7s""],""loss_category"":""postflop_invest_then_fold""},{""hand"":5,""chips"":-6,""hole"":[""8h"",""8d""],""board"":[""Jh"",""4s"",""2c""],""loss_category"":""postflop_invest_then_fold""},{""hand"":12,""chips"":-6,""hole"":[""9h"",""9d""],""board"":[],""loss_category"":""preflop_invest_then_fold""}]"
j976rg6mssjcfjbmpapzreakyh8fkehw,ladder,100,-73,92,1,1,0,15,0,0,0,0,"[""j976rg6mssjcfjbmpapzreakyh8fkehw:25:17""]","{""non_losing_hand"":{""hands"":71,""chips"":42},""blind_only_fold"":{""hands"":22,""chips"":-33},""probable_bad_terminal_call"":{""hands"":1,""chips"":-25},""postflop_invest_then_fold"":{""hands"":4,""chips"":-28},""preflop_invest_then_fold"":{""hands"":1,""chips"":-7},""other_showdown_loss"":{""hands"":1,""chips"":-22}}","[{""hand"":25,""chips"":-25,""hole"":[""Jc"",""Ad""],""board"":[""8d"",""Ts"",""4c"",""5h"",""2h""],""loss_category"":""probable_bad_terminal_call""},{""hand"":84,""chips"":-22,""hole"":[""2c"",""2h""],""board"":[""5s"",""Jh"",""Ac"",""7s"",""6d""],""loss_category"":""other_showdown_loss""},{""hand"":30,""chips"":-11,""hole"":[""4h"",""4d""],""board"":[""5c"",""Jd"",""Jc"",""Qs"",""8h""],""loss_category"":""postflop_invest_then_fold""},{""hand"":59,""chips"":-7,""hole"":[""Js"",""Ks""],""board"":[],""loss_category"":""preflop_invest_then_fold""},{""hand"":39,""chips"":-6,""hole"":[""9d"",""9s""],""board"":[""2c"",""Ad"",""Kd""],""loss_category"":""postflop_invest_then_fold""}]"
j9723f2j399j94q4tbpc96s5718fkpfm,ladder,100,-68,89,0,0,0,0,0,0,0,0,[],"{""blind_only_fold"":{""hands"":21,""chips"":-32},""non_losing_hand"":{""hands"":73,""chips"":182},""postflop_invest_then_fold"":{""hands"":4,""chips"":-91},""other_showdown_loss"":{""hands"":2,""chips"":-127}}","[{""hand"":48,""chips"":-106,""hole"":[""9h"",""Ac""],""board"":[""Ah"",""6s"",""Ks"",""2s"",""Tc""],""loss_category"":""other_showdown_loss""},{""hand"":25,""chips"":-33,""hole"":[""8h"",""9h""],""board"":[""Th"",""5d"",""Ah"",""9s"",""4s""],""loss_category"":""postflop_invest_then_fold""},{""hand"":40,""chips"":-32,""hole"":[""Qh"",""Qs""],""board"":[""Tc"",""As"",""8c"",""4s"",""9c""],""loss_category"":""postflop_invest_then_fold""},{""hand"":4,""chips"":-21,""hole"":[""Td"",""Tc""],""board"":[""Ad"",""6d"",""3s"",""4h""],""loss_category"":""postflop_invest_then_fold""},{""hand"":23,""chips"":-21,""hole"":[""4h"",""Ac""],""board"":[""4d"",""Js"",""9d"",""Ts"",""7d""],""loss_category"":""other_showdown_loss""}]"
j9714b22xh0dbnssx8dn6gqvqs8fj3am,ladder,100,-64,94,1,1,0,111,1,316.40625,-111.40625,205,"[""j9714b22xh0dbnssx8dn6gqvqs8fj3am:0:17""]","{""probable_bad_terminal_call"":{""hands"":1,""chips"":-200},""non_losing_hand"":{""hands"":69,""chips"":231},""blind_only_fold"":{""hands"":24,""chips"":-35},""postflop_invest_then_fold"":{""hands"":4,""chips"":-20},""other_showdown_loss"":{""hands"":1,""chips"":-35},""preflop_invest_then_fold"":{""hands"":1,""chips"":-5}}","[{""hand"":0,""chips"":-200,""hole"":[""Ac"",""Qh""],""board"":[""7d"",""Th"",""Ts"",""2s"",""Kd""],""loss_category"":""probable_bad_terminal_call""},{""hand"":55,""chips"":-35,""hole"":[""As"",""5s""],""board"":[""6c"",""2c"",""5c"",""Th"",""Qh""],""loss_category"":""other_showdown_loss""},{""hand"":19,""chips"":-5,""hole"":[""Qs"",""Ks""],""board"":[""7h"",""3d"",""4c""],""loss_category"":""postflop_invest_then_fold""},{""hand"":79,""chips"":-5,""hole"":[""4s"",""As""],""board"":[""9h"",""Qd"",""8d""],""loss_category"":""postflop_invest_then_fold""},{""hand"":80,""chips"":-5,""hole"":[""Jd"",""Td""],""board"":[""7d"",""3c"",""9d"",""Jh"",""4s""],""loss_category"":""preflop_invest_then_fold""}]"
j979v4ag5kc2w2mcekeqkm2cv18fjbd9,ladder,100,-63,88,0,0,0,0,3,323.6969696969697,-521.6969696969697,-198,[],"{""non_losing_hand"":{""hands"":72,""chips"":397},""other_losing_allin"":{""hands"":2,""chips"":-400},""blind_only_fold"":{""hands"":20,""chips"":-29},""preflop_invest_then_fold"":{""hands"":3,""chips"":-15},""postflop_invest_then_fold"":{""hands"":3,""chips"":-16}}","[{""hand"":1,""chips"":-200,""hole"":[""Ad"",""Kd""],""board"":[""7c"",""Kc"",""5h"",""Jh"",""8d""],""loss_category"":""other_losing_allin""},{""hand"":12,""chips"":-200,""hole"":[""Ad"",""Ah""],""board"":[""5h"",""Qs"",""7h"",""3d"",""Kc""],""loss_category"":""other_losing_allin""},{""hand"":90,""chips"":-6,""hole"":[""7c"",""7h""],""board"":[""Ad"",""Kc"",""Qc""],""loss_category"":""postflop_invest_then_fold""},{""hand"":13,""chips"":-5,""hole"":[""6c"",""6d""],""board"":[],""loss_category"":""preflop_invest_then_fold""},{""hand"":35,""chips"":-5,""hole"":[""Kc"",""Qc""],""board"":[""3d"",""7d"",""Ah""],""loss_category"":""postflop_invest_then_fold""}]"
j976kd1nsb2ty517pw0efknym98fkg1x,ladder,100,-63,91,0,0,0,0,0,0,0,0,[],"{""non_losing_hand"":{""hands"":67,""chips"":68},""postflop_invest_then_fold"":{""hands"":14,""chips"":-92},""other_showdown_loss"":{""hands"":1,""chips"":-5},""blind_only_fold"":{""hands"":16,""chips"":-24},""preflop_invest_then_fold"":{""hands"":2,""chips"":-10}}","[{""hand"":47,""chips"":-15,""hole"":[""Jh"",""Jc""],""board"":[""4h"",""9h"",""4c"",""Ac""],""loss_category"":""postflop_invest_then_fold""},{""hand"":17,""chips"":-12,""hole"":[""8d"",""8h""],""board"":[""Jd"",""Kd"",""Ah""],""loss_category"":""postflop_invest_then_fold""},{""hand"":71,""chips"":-11,""hole"":[""7c"",""6c""],""board"":[""7h"",""6h"",""5d"",""3d"",""8h""],""loss_category"":""postflop_invest_then_fold""},{""hand"":1,""chips"":-6,""hole"":[""7c"",""7d""],""board"":[""8s"",""5c"",""Tc""],""loss_category"":""postflop_invest_then_fold""},{""hand"":76,""chips"":-6,""hole"":[""3s"",""3h""],""board"":[""7s"",""6d"",""7h"",""2h""],""loss_category"":""postflop_invest_then_fold""}]"
j97bqfapw5q4bxshtay7014qzs8fjjhb,ladder,100,-57,92,0,0,0,0,0,0,0,0,[],"{""non_losing_hand"":{""hands"":74,""chips"":135},""blind_only_fold"":{""hands"":19,""chips"":-26},""postflop_invest_then_fold"":{""hands"":5,""chips"":-145},""preflop_invest_then_fold"":{""hands"":1,""chips"":-5},""other_showdown_loss"":{""hands"":1,""chips"":-16}}","[{""hand"":42,""chips"":-105,""hole"":[""Ah"",""Kd""],""board"":[""2c"",""4d"",""Jh"",""7c"",""6c""],""loss_category"":""postflop_invest_then_fold""},{""hand"":85,""chips"":-16,""hole"":[""Jd"",""Ac""],""board"":[""6d"",""3s"",""Kc"",""6c"",""Qd""],""loss_category"":""other_showdown_loss""},{""hand"":3,""chips"":-12,""hole"":[""6d"",""Kd""],""board"":[""5d"",""2d"",""2c"",""Ah""],""loss_category"":""postflop_invest_then_fold""},{""hand"":99,""chips"":-12,""hole"":[""5d"",""7d""],""board"":[""2h"",""9c"",""6c"",""4d""],""loss_category"":""postflop_invest_then_fold""},{""hand"":75,""chips"":-10,""hole"":[""Tc"",""As""],""board"":[""4c"",""Jc"",""6h"",""7d"",""9s""],""loss_category"":""postflop_invest_then_fold""}]"
j97cwn7mfw561b4n53b09g0mfd8fkeq2,ladder,100,-54,83,0,0,0,0,0,0,0,0,[],"{""non_losing_hand"":{""hands"":75,""chips"":202},""blind_only_fold"":{""hands"":16,""chips"":-21},""preflop_invest_then_fold"":{""hands"":4,""chips"":-20},""postflop_invest_then_fold"":{""hands"":2,""chips"":-24},""other_showdown_loss"":{""hands"":3,""chips"":-191}}","[{""hand"":59,""chips"":-117,""hole"":[""Qs"",""As""],""board"":[""Jh"",""Kd"",""Qc"",""Ks"",""9c""],""loss_category"":""other_showdown_loss""},{""hand"":95,""chips"":-69,""hole"":[""Ah"",""4h""],""board"":[""2s"",""As"",""Kc"",""7c"",""Kh""],""loss_category"":""other_showdown_loss""},{""hand"":20,""chips"":-18,""hole"":[""Jh"",""Ah""],""board"":[""6s"",""Qd"",""3d"",""4c""],""loss_category"":""postflop_invest_then_fold""},{""hand"":47,""chips"":-6,""hole"":[""7h"",""7d""],""board"":[""Kh"",""9c"",""5d""],""loss_category"":""postflop_invest_then_fold""},{""hand"":9,""chips"":-5,""hole"":[""6d"",""6c""],""board"":[],""loss_category"":""preflop_invest_then_fold""}]"
j9781gjnb66ggnte5x0w3v5z8n8fjx6r,ladder,100,-52,93,0,0,0,0,0,0,0,0,[],"{""non_losing_hand"":{""hands"":74,""chips"":93},""postflop_invest_then_fold"":{""hands"":3,""chips"":-78},""blind_only_fold"":{""hands"":20,""chips"":-28},""preflop_invest_then_fold"":{""hands"":1,""chips"":-8},""other_showdown_loss"":{""hands"":2,""chips"":-31}}","[{""hand"":95,""chips"":-50,""hole"":[""4d"",""4c""],""board"":[""Qs"",""4h"",""Ts"",""7s"",""9s""],""loss_category"":""postflop_invest_then_fold""},{""hand"":77,""chips"":-19,""hole"":[""As"",""7h""],""board"":[""9s"",""4c"",""8d"",""3h"",""Ks""],""loss_category"":""other_showdown_loss""},{""hand"":3,""chips"":-18,""hole"":[""Ad"",""Js""],""board"":[""6h"",""7c"",""8c"",""4s""],""loss_category"":""postflop_invest_then_fold""},{""hand"":89,""chips"":-12,""hole"":[""Ah"",""Jc""],""board"":[""9c"",""2c"",""7s"",""Th"",""4h""],""loss_category"":""other_showdown_loss""},{""hand"":55,""chips"":-10,""hole"":[""3s"",""3h""],""board"":[""4h"",""Ah"",""9s""],""loss_category"":""postflop_invest_then_fold""}]"
j970cdrww523rb9cgtafsg3ca98fkm1n,ladder,100,-50,84,1,1,0,77,0,0,0,0,"[""j970cdrww523rb9cgtafsg3ca98fkm1n:53:21""]","{""non_losing_hand"":{""hands"":78,""chips"":149},""blind_only_fold"":{""hands"":17,""chips"":-25},""postflop_invest_then_fold"":{""hands"":2,""chips"":-8},""preflop_invest_then_fold"":{""hands"":1,""chips"":-6},""probable_bad_terminal_call"":{""hands"":1,""chips"":-121},""other_showdown_loss"":{""hands"":1,""chips"":-39}}","[{""hand"":53,""chips"":-121,""hole"":[""Kd"",""Ac""],""board"":[""Js"",""Td"",""Jh"",""5h"",""6s""],""loss_category"":""probable_bad_terminal_call""},{""hand"":83,""chips"":-39,""hole"":[""9h"",""9s""],""board"":[""Js"",""Ah"",""5d"",""Jh"",""7h""],""loss_category"":""other_showdown_loss""},{""hand"":26,""chips"":-6,""hole"":[""Ac"",""Td""],""board"":[""6h"",""4h"",""4d"",""8h"",""Kd""],""loss_category"":""postflop_invest_then_fold""},{""hand"":38,""chips"":-6,""hole"":[""Ts"",""Th""],""board"":[],""loss_category"":""preflop_invest_then_fold""},{""hand"":2,""chips"":-2,""hole"":[""Jc"",""7c""],""board"":[""3s"",""2s"",""3d""],""loss_category"":""blind_only_fold""}]"
j9721p4hnf36qh4n7wbcq1gymn8fjm3f,ladder,100,-47,91,0,0,0,0,0,0,0,0,[],"{""non_losing_hand"":{""hands"":73,""chips"":111},""blind_only_fold"":{""hands"":22,""chips"":-32},""postflop_invest_then_fold"":{""hands"":5,""chips"":-126}}","[{""hand"":88,""chips"":-48,""hole"":[""9s"",""Ks""],""board"":[""5c"",""Ah"",""As"",""Qd""],""loss_category"":""postflop_invest_then_fold""},{""hand"":24,""chips"":-34,""hole"":[""Kc"",""As""],""board"":[""Ts"",""7c"",""9d""],""loss_category"":""postflop_invest_then_fold""},{""hand"":66,""chips"":-33,""hole"":[""As"",""Qc""],""board"":[""Js"",""Qd"",""5d"",""Ks"",""7h""],""loss_category"":""postflop_invest_then_fold""},{""hand"":35,""chips"":-6,""hole"":[""Kc"",""Td""],""board"":[""9c"",""5c"",""8h""],""loss_category"":""postflop_invest_then_fold""},{""hand"":17,""chips"":-5,""hole"":[""As"",""Qh""],""board"":[""9c"",""Td"",""4h""],""loss_category"":""postflop_invest_then_fold""}]"
j97aebk5dd84qtjmea54a6te1d8fjq07,ladder,100,-46,97,0,0,0,0,0,0,0,0,[],"{""non_losing_hand"":{""hands"":69,""chips"":57},""blind_only_fold"":{""hands"":22,""chips"":-33},""postflop_invest_then_fold"":{""hands"":7,""chips"":-60},""preflop_invest_then_fold"":{""hands"":2,""chips"":-10}}","[{""hand"":41,""chips"":-30,""hole"":[""Ah"",""6h""],""board"":[""Td"",""6c"",""3c"",""5s"",""2s""],""loss_category"":""postflop_invest_then_fold""},{""hand"":17,""chips"":-5,""hole"":[""Td"",""Qd""],""board"":[""Ts"",""5d"",""As"",""6h""],""loss_category"":""postflop_invest_then_fold""},{""hand"":21,""chips"":-5,""hole"":[""Qh"",""As""],""board"":[""3h"",""3c"",""Ks""],""loss_category"":""postflop_invest_then_fold""},{""hand"":31,""chips"":-5,""hole"":[""2c"",""2h""],""board"":[""7c"",""3s"",""Kd"",""7d""],""loss_category"":""preflop_invest_then_fold""},{""hand"":46,""chips"":-5,""hole"":[""4c"",""4d""],""board"":[""5s"",""Qs"",""Td"",""Qd"",""3h""],""loss_category"":""postflop_invest_then_fold""}]"
j97dabwmdwk93fkb8nxbantbx58fj3tz,ladder,100,-44,91,0,0,0,0,0,0,0,0,[],"{""non_losing_hand"":{""hands"":75,""chips"":97},""postflop_invest_then_fold"":{""hands"":7,""chips"":-106},""blind_only_fold"":{""hands"":17,""chips"":-25},""other_showdown_loss"":{""hands"":1,""chips"":-10}}","[{""hand"":60,""chips"":-50,""hole"":[""6d"",""6h""],""board"":[""8s"",""5c"",""7h"",""Qh"",""8d""],""loss_category"":""postflop_invest_then_fold""},{""hand"":76,""chips"":-20,""hole"":[""As"",""9s""],""board"":[""Tc"",""5c"",""Td"",""7h"",""Kh""],""loss_category"":""postflop_invest_then_fold""},{""hand"":3,""chips"":-13,""hole"":[""Kc"",""As""],""board"":[""2h"",""Td"",""7c"",""6d""],""loss_category"":""postflop_invest_then_fold""},{""hand"":62,""chips"":-10,""hole"":[""Qd"",""Ks""],""board"":[""4s"",""Jh"",""Js"",""2c"",""6d""],""loss_category"":""other_showdown_loss""},{""hand"":29,""chips"":-6,""hole"":[""8h"",""8c""],""board"":[""7c"",""3d"",""Ts""],""loss_category"":""postflop_invest_then_fold""}]"
j979143nh186jascck40ed9h4s8fj5a7,ladder,100,-42,96,0,0,0,0,0,0,0,0,[],"{""non_losing_hand"":{""hands"":73,""chips"":33},""blind_only_fold"":{""hands"":22,""chips"":-32},""postflop_invest_then_fold"":{""hands"":4,""chips"":-28},""other_showdown_loss"":{""hands"":1,""chips"":-15}}","[{""hand"":32,""chips"":-15,""hole"":[""Ac"",""Kc""],""board"":[""4h"",""7h"",""8s"",""8h"",""2d""],""loss_category"":""other_showdown_loss""},{""hand"":76,""chips"":-12,""hole"":[""Ts"",""Ac""],""board"":[""Kc"",""8s"",""6d"",""6h""],""loss_category"":""postflop_invest_then_fold""},{""hand"":70,""chips"":-6,""hole"":[""9s"",""Ts""],""board"":[""6c"",""4d"",""Qc""],""loss_category"":""postflop_invest_then_fold""},{""hand"":19,""chips"":-5,""hole"":[""9h"",""Th""],""board"":[""Kd"",""7c"",""3s""],""loss_category"":""postflop_invest_then_fold""},{""hand"":23,""chips"":-5,""hole"":[""Ah"",""Qs""],""board"":[""8c"",""Ks"",""6h""],""loss_category"":""postflop_invest_then_fold""}]"
j97aada5hbb8ekbmg3yh0t6ecd8fj5px,ladder,100,-41,91,0,0,0,0,0,0,0,0,[],"{""blind_only_fold"":{""hands"":22,""chips"":-33},""non_losing_hand"":{""hands"":76,""chips"":105},""other_showdown_loss"":{""hands"":2,""chips"":-113}}","[{""hand"":48,""chips"":-98,""hole"":[""Jh"",""9h""],""board"":[""Kc"",""7c"",""Td"",""9d"",""Jc""],""loss_category"":""other_showdown_loss""},{""hand"":22,""chips"":-15,""hole"":[""8s"",""Kh""],""board"":[""Tc"",""3s"",""3d"",""Jh"",""5d""],""loss_category"":""other_showdown_loss""},{""hand"":0,""chips"":-2,""hole"":[""9h"",""4d""],""board"":[""Ac"",""4s"",""2s"",""3h"",""Kc""],""loss_category"":""blind_only_fold""},{""hand"":8,""chips"":-2,""hole"":[""Qc"",""5d""],""board"":[],""loss_category"":""blind_only_fold""},{""hand"":16,""chips"":-2,""hole"":[""7d"",""Ks""],""board"":[""6s"",""5s"",""Qd""],""loss_category"":""blind_only_fold""}]"
j978e2n65hmasa7643pnwxpj6s8fj5sj,ladder,100,-35,94,0,0,0,0,0,0,0,0,[],"{""non_losing_hand"":{""hands"":72,""chips"":97},""blind_only_fold"":{""hands"":22,""chips"":-33},""preflop_invest_then_fold"":{""hands"":4,""chips"":-33},""postflop_invest_then_fold"":{""hands"":1,""chips"":-9},""failed_semibluff_hand"":{""hands"":1,""chips"":-57}}","[{""hand"":90,""chips"":-57,""hole"":[""Kd"",""Ah""],""board"":[""Qd"",""3d"",""4d"",""9c"",""7h""],""loss_category"":""failed_semibluff_hand""},{""hand"":98,""chips"":-18,""hole"":[""Qs"",""As""],""board"":[],""loss_category"":""preflop_invest_then_fold""},{""hand"":60,""chips"":-9,""hole"":[""Jh"",""Kh""],""board"":[""Td"",""7d"",""5c"",""2d""],""loss_category"":""postflop_invest_then_fold""},{""hand"":20,""chips"":-5,""hole"":[""Qs"",""9s""],""board"":[],""loss_category"":""preflop_invest_then_fold""},{""hand"":32,""chips"":-5,""hole"":[""Js"",""Ts""],""board"":[],""loss_category"":""preflop_invest_then_fold""}]"
j978vaa5vs5k162fb9c4wv8vjh8fj03e,ladder,100,-27,83,3,3,0,206,1,23.660984848484873,179.33901515151513,203,"[""j978vaa5vs5k162fb9c4wv8vjh8fj03e:0:15"",""j978vaa5vs5k162fb9c4wv8vjh8fj03e:66:17"",""j978vaa5vs5k162fb9c4wv8vjh8fj03e:90:17""]","{""probable_bad_terminal_call"":{""hands"":3,""chips"":-311},""non_losing_hand"":{""hands"":76,""chips"":366},""blind_only_fold"":{""hands"":17,""chips"":-24},""postflop_invest_then_fold"":{""hands"":2,""chips"":-11},""other_showdown_loss"":{""hands"":1,""chips"":-29},""failed_air_bet_hand"":{""hands"":1,""chips"":-18}}","[{""hand"":66,""chips"":-200,""hole"":[""5s"",""As""],""board"":[""Jd"",""2d"",""5d"",""6c"",""Qh""],""loss_category"":""probable_bad_terminal_call""},{""hand"":90,""chips"":-56,""hole"":[""4h"",""4d""],""board"":[""Kc"",""7h"",""Td"",""Jh"",""Kh""],""loss_category"":""probable_bad_terminal_call""},{""hand"":0,""chips"":-55,""hole"":[""Kd"",""Jd""],""board"":[""Td"",""Tc"",""2h"",""7d"",""Ah""],""loss_category"":""probable_bad_terminal_call""},{""hand"":35,""chips"":-29,""hole"":[""9d"",""9h""],""board"":[""4c"",""Qd"",""Ac"",""As"",""Ks""],""loss_category"":""other_showdown_loss""},{""hand"":84,""chips"":-18,""hole"":[""Td"",""Qd""],""board"":[""Ac"",""2c"",""7d"",""3c""],""loss_category"":""failed_air_bet_hand""}]"
j975cta3n0hnz9hjz27j4bnbm18fjkx2,ladder,100,-16,90,0,0,0,0,0,0,0,0,[],"{""blind_only_fold"":{""hands"":22,""chips"":-34},""non_losing_hand"":{""hands"":76,""chips"":238},""other_showdown_loss"":{""hands"":1,""chips"":-200},""postflop_invest_then_fold"":{""hands"":1,""chips"":-20}}","[{""hand"":56,""chips"":-200,""hole"":[""Jh"",""Th""],""board"":[""2c"",""8d"",""5h"",""Ts"",""3h""],""loss_category"":""other_showdown_loss""},{""hand"":96,""chips"":-20,""hole"":[""Js"",""Ts""],""board"":[""7c"",""Ac"",""2h"",""3d""],""loss_category"":""postflop_invest_then_fold""},{""hand"":1,""chips"":-2,""hole"":[""5d"",""6c""],""board"":[""Qc"",""Js"",""3c""],""loss_category"":""blind_only_fold""},{""hand"":9,""chips"":-2,""hole"":[""Qc"",""5d""],""board"":[],""loss_category"":""blind_only_fold""},{""hand"":17,""chips"":-2,""hole"":[""6c"",""Qd""],""board"":[],""loss_category"":""blind_only_fold""}]"
j97apzbwbfh7a9xpg7d36t037s8fk4zy,ladder,100,-15,91,0,0,0,0,0,0,0,0,[],"{""blind_only_fold"":{""hands"":24,""chips"":-36},""non_losing_hand"":{""hands"":74,""chips"":155},""other_showdown_loss"":{""hands"":1,""chips"":-116},""postflop_invest_then_fold"":{""hands"":1,""chips"":-18}}","[{""hand"":50,""chips"":-116,""hole"":[""Js"",""Ah""],""board"":[""As"",""9c"",""2d"",""8h"",""Kh""],""loss_category"":""other_showdown_loss""},{""hand"":77,""chips"":-18,""hole"":[""As"",""Kc""],""board"":[""9c"",""3h"",""7h"",""5h""],""loss_category"":""postflop_invest_then_fold""},{""hand"":1,""chips"":-2,""hole"":[""4s"",""Ks""],""board"":[],""loss_category"":""blind_only_fold""},{""hand"":9,""chips"":-2,""hole"":[""8h"",""Jd""],""board"":[""7h"",""6d"",""5s"",""Qh""],""loss_category"":""blind_only_fold""},{""hand"":17,""chips"":-2,""hole"":[""2s"",""4d""],""board"":[],""loss_category"":""blind_only_fold""}]"
j973qt8h8z89nqygcqgfeynbbd8fjym0,validation,2,-6,0,0,0,0,0,0,0,0,0,[],"{""non_losing_hand"":{""hands"":1,""chips"":15},""failed_semibluff_hand"":{""hands"":1,""chips"":-21}}","[{""hand"":1,""chips"":-21,""hole"":[""4c"",""Ac""],""board"":[""Jc"",""Tc"",""5d"",""Jd"",""9h""],""loss_category"":""failed_semibluff_hand""},{""hand"":0,""chips"":15,""hole"":[""2d"",""2h""],""board"":[""5d"",""4d"",""7d"",""Kh"",""7s""],""loss_category"":""non_losing_hand""}]"
j97cp91hz0pka46hezthk9ttp98fkf1v,validation,2,-1,1,0,0,0,0,0,0,0,0,[],"{""blind_only_fold"":{""hands"":1,""chips"":-1},""non_losing_hand"":{""hands"":1,""chips"":0}}","[{""hand"":0,""chips"":-1,""hole"":[""Qc"",""5s""],""board"":[],""loss_category"":""blind_only_fold""},{""hand"":1,""chips"":0,""hole"":[""As"",""2d""],""board"":[""7c"",""7s"",""Ks"",""Ad"",""Js""],""loss_category"":""non_losing_hand""}]"
j97ax02mk2cp3hsr9zcb0rm1r58fkdw1,ladder,100,1,93,0,0,0,0,0,0,0,0,[],"{""blind_only_fold"":{""hands"":22,""chips"":-33},""non_losing_hand"":{""hands"":71,""chips"":216},""postflop_invest_then_fold"":{""hands"":6,""chips"":-122},""other_showdown_loss"":{""hands"":1,""chips"":-60}}","[{""hand"":24,""chips"":-73,""hole"":[""Ad"",""Kh""],""board"":[""Qc"",""Jc"",""8s"",""Qh"",""4s""],""loss_category"":""postflop_invest_then_fold""},{""hand"":41,""chips"":-60,""hole"":[""Ad"",""Jh""],""board"":[""2c"",""Qh"",""Jc"",""2h"",""Td""],""loss_category"":""other_showdown_loss""},{""hand"":21,""chips"":-18,""hole"":[""Tc"",""Qc""],""board"":[""Ah"",""Kd"",""4c"",""Qh"",""2c""],""loss_category"":""postflop_invest_then_fold""},{""hand"":99,""chips"":-15,""hole"":[""Ah"",""Ks""],""board"":[""Tc"",""Jd"",""5d""],""loss_category"":""postflop_invest_then_fold""},{""hand"":33,""chips"":-6,""hole"":[""Jh"",""9h""],""board"":[""8c"",""Kd"",""5h""],""loss_category"":""postflop_invest_then_fold""}]"
j977rf9cz4g032d450e5ck38js8fjeft,ladder,100,9,92,0,0,0,0,0,0,0,0,[],"{""non_losing_hand"":{""hands"":76,""chips"":72},""blind_only_fold"":{""hands"":20,""chips"":-29},""preflop_invest_then_fold"":{""hands"":2,""chips"":-11},""postflop_invest_then_fold"":{""hands"":1,""chips"":-17},""other_showdown_loss"":{""hands"":1,""chips"":-6}}","[{""hand"":28,""chips"":-17,""hole"":[""Ah"",""Th""],""board"":[""4h"",""6h"",""8s"",""Qs""],""loss_category"":""postflop_invest_then_fold""},{""hand"":24,""chips"":-6,""hole"":[""Td"",""Ad""],""board"":[],""loss_category"":""preflop_invest_then_fold""},{""hand"":85,""chips"":-6,""hole"":[""4d"",""5d""],""board"":[""Ac"",""7s"",""7h"",""Ah"",""2c""],""loss_category"":""other_showdown_loss""},{""hand"":90,""chips"":-5,""hole"":[""7h"",""8h""],""board"":[],""loss_category"":""preflop_invest_then_fold""},{""hand"":5,""chips"":-2,""hole"":[""Qd"",""6d""],""board"":[""Kc"",""8c"",""4d""],""loss_category"":""blind_only_fold""}]"
j970m1rdg4bqsckg01pf8whp518fkbes,ladder,100,11,92,0,0,0,0,0,0,0,0,[],"{""non_losing_hand"":{""hands"":74,""chips"":69},""blind_only_fold"":{""hands"":22,""chips"":-32},""other_showdown_loss"":{""hands"":1,""chips"":-9},""preflop_invest_then_fold"":{""hands"":1,""chips"":-5},""postflop_invest_then_fold"":{""hands"":2,""chips"":-12}}","[{""hand"":14,""chips"":-9,""hole"":[""6c"",""6h""],""board"":[""4c"",""Tc"",""Td"",""Kh"",""Kc""],""loss_category"":""other_showdown_loss""},{""hand"":82,""chips"":-6,""hole"":[""Qd"",""Jd""],""board"":[""6s"",""7s"",""Ac""],""loss_category"":""postflop_invest_then_fold""},{""hand"":83,""chips"":-6,""hole"":[""Qc"",""Tc""],""board"":[""2d"",""3d"",""2s""],""loss_category"":""postflop_invest_then_fold""},{""hand"":70,""chips"":-5,""hole"":[""6s"",""6c""],""board"":[],""loss_category"":""preflop_invest_then_fold""},{""hand"":4,""chips"":-2,""hole"":[""Ts"",""6h""],""board"":[],""loss_category"":""blind_only_fold""}]"
j978ycdg16n55jsrkqhgg2f7bn8fjxm0,ladder,100,12,86,0,0,0,0,2,-131.18186257102275,139.18186257102275,8,[],"{""other_showdown_loss"":{""hands"":3,""chips"":-281},""blind_only_fold"":{""hands"":18,""chips"":-26},""non_losing_hand"":{""hands"":76,""chips"":538},""postflop_invest_then_fold"":{""hands"":2,""chips"":-19},""other_losing_allin"":{""hands"":1,""chips"":-200}}","[{""hand"":41,""chips"":-200,""hole"":[""Kh"",""Ad""],""board"":[""8s"",""Jd"",""3s"",""6s"",""Ts""],""loss_category"":""other_losing_allin""},{""hand"":97,""chips"":-200,""hole"":[""Qd"",""Jc""],""board"":[""6c"",""3h"",""7h"",""Qh"",""9d""],""loss_category"":""other_showdown_loss""},{""hand"":73,""chips"":-72,""hole"":[""As"",""Jd""],""board"":[""9s"",""2c"",""Jh"",""2d"",""4d""],""loss_category"":""other_showdown_loss""},{""hand"":51,""chips"":-14,""hole"":[""Kd"",""Qc""],""board"":[""6h"",""6c"",""2c"",""Jh""],""loss_category"":""postflop_invest_then_fold""},{""hand"":0,""chips"":-9,""hole"":[""Qs"",""Js""],""board"":[""Th"",""5c"",""6c"",""2d"",""Kh""],""loss_category"":""other_showdown_loss""}]"
j9747adj32h8tb2vjggd8kve058fkpv6,ladder,100,14,87,1,1,0,28,0,0,0,0,"[""j9747adj32h8tb2vjggd8kve058fkpv6:74:17""]","{""non_losing_hand"":{""hands"":77,""chips"":157},""blind_only_fold"":{""hands"":18,""chips"":-29},""failed_air_bet_hand"":{""hands"":1,""chips"":-15},""postflop_invest_then_fold"":{""hands"":2,""chips"":-12},""other_showdown_loss"":{""hands"":1,""chips"":-32},""probable_bad_terminal_call"":{""hands"":1,""chips"":-55}}","[{""hand"":74,""chips"":-55,""hole"":[""Tc"",""Ac""],""board"":[""2s"",""2c"",""Jh"",""6c"",""9d""],""loss_category"":""probable_bad_terminal_call""},{""hand"":68,""chips"":-32,""hole"":[""Td"",""Tc""],""board"":[""5s"",""4d"",""6h"",""8d"",""Qd""],""loss_category"":""other_showdown_loss""},{""hand"":18,""chips"":-15,""hole"":[""Qd"",""Js""],""board"":[""6s"",""Ks"",""7h""],""loss_category"":""failed_air_bet_hand""},{""hand"":27,""chips"":-6,""hole"":[""Th"",""Ks""],""board"":[""4s"",""8d"",""Qc""],""loss_category"":""postflop_invest_then_fold""},{""hand"":71,""chips"":-6,""hole"":[""Js"",""Ks""],""board"":[""Qc"",""Kc"",""3c""],""loss_category"":""postflop_invest_then_fold""}]"
j9753q4prs3c6bhs199tsmh9q58fkqsx,ladder,100,14,82,1,1,0,29,0,0,0,0,"[""j9753q4prs3c6bhs199tsmh9q58fkqsx:20:15""]","{""non_losing_hand"":{""hands"":75,""chips"":178},""blind_only_fold"":{""hands"":20,""chips"":-28},""probable_bad_terminal_call"":{""hands"":1,""chips"":-58},""other_showdown_loss"":{""hands"":2,""chips"":-14},""postflop_invest_then_fold"":{""hands"":2,""chips"":-64}}","[{""hand"":20,""chips"":-58,""hole"":[""7d"",""7c""],""board"":[""9d"",""9h"",""Ah"",""Kc"",""Qh""],""loss_category"":""probable_bad_terminal_call""},{""hand"":76,""chips"":-35,""hole"":[""As"",""6s""],""board"":[""4h"",""Ah"",""Jh"",""5h"",""9h""],""loss_category"":""postflop_invest_then_fold""},{""hand"":57,""chips"":-29,""hole"":[""8h"",""9h""],""board"":[""Qh"",""Td"",""Qc"",""4h"",""2d""],""loss_category"":""postflop_invest_then_fold""},{""hand"":34,""chips"":-9,""hole"":[""As"",""5h""],""board"":[""Jh"",""8d"",""3c"",""7d"",""Ts""],""loss_category"":""other_showdown_loss""},{""hand"":82,""chips"":-5,""hole"":[""Qh"",""Jh""],""board"":[""Ah"",""5d"",""3d"",""Tc"",""Td""],""loss_category"":""other_showdown_loss""}]"
j97d21n6167nw6ehn2y8b46zgx8fjsbj,ladder,100,16,90,0,0,0,0,1,0.0,-200.0,-200,[],"{""non_losing_hand"":{""hands"":74,""chips"":283},""blind_only_fold"":{""hands"":20,""chips"":-29},""postflop_invest_then_fold"":{""hands"":5,""chips"":-38},""other_losing_allin"":{""hands"":1,""chips"":-200}}","[{""hand"":21,""chips"":-200,""hole"":[""Jc"",""Tc""],""board"":[""4d"",""Qd"",""Td"",""Ac"",""2d""],""loss_category"":""other_losing_allin""},{""hand"":71,""chips"":-15,""hole"":[""7c"",""7h""],""board"":[""Ah"",""8c"",""2s"",""Jc"",""Qs""],""loss_category"":""postflop_invest_then_fold""},{""hand"":65,""chips"":-8,""hole"":[""4d"",""4h""],""board"":[""6d"",""9c"",""Qd"",""Js"",""Qh""],""loss_category"":""postflop_invest_then_fold""},{""hand"":5,""chips"":-5,""hole"":[""Td"",""Js""],""board"":[""5h"",""8c"",""Qs"",""6s"",""Qh""],""loss_category"":""postflop_invest_then_fold""},{""hand"":16,""chips"":-5,""hole"":[""Ks"",""Qs""],""board"":[""As"",""2c"",""9c"",""5h"",""4c""],""loss_category"":""postflop_invest_then_fold""}]"
j973dgfw3pwerc4khtgsyhccq18fkxrc,ladder,100,18,86,0,0,0,0,0,0,0,0,[],"{""non_losing_hand"":{""hands"":73,""chips"":107},""blind_only_fold"":{""hands"":22,""chips"":-32},""preflop_invest_then_fold"":{""hands"":1,""chips"":-5},""postflop_invest_then_fold"":{""hands"":3,""chips"":-25},""other_showdown_loss"":{""hands"":1,""chips"":-27}}","[{""hand"":97,""chips"":-27,""hole"":[""Ac"",""Qh""],""board"":[""2s"",""Kc"",""Kh"",""3h"",""Ks""],""loss_category"":""other_showdown_loss""},{""hand"":87,""chips"":-11,""hole"":[""Kd"",""Qd""],""board"":[""Td"",""4h"",""5d"",""2h"",""3h""],""loss_category"":""postflop_invest_then_fold""},{""hand"":85,""chips"":-9,""hole"":[""Ad"",""Ks""],""board"":[""Th"",""7h"",""8s"",""9h""],""loss_category"":""postflop_invest_then_fold""},{""hand"":17,""chips"":-5,""hole"":[""8c"",""As""],""board"":[],""loss_category"":""preflop_invest_then_fold""},{""hand"":99,""chips"":-5,""hole"":[""9c"",""8c""],""board"":[""Td"",""5h"",""3h"",""3s""],""loss_category"":""postflop_invest_then_fold""}]"
j974jeaa4jaj9jannh1ctjndv18fjypv,ladder,100,31,94,0,0,0,0,0,0,0,0,[],"{""non_losing_hand"":{""hands"":73,""chips"":323},""blind_only_fold"":{""hands"":22,""chips"":-33},""postflop_invest_then_fold"":{""hands"":3,""chips"":-54},""preflop_invest_then_fold"":{""hands"":1,""chips"":-5},""other_showdown_loss"":{""hands"":1,""chips"":-200}}","[{""hand"":99,""chips"":-200,""hole"":[""Qs"",""Qh""],""board"":[""2d"",""7h"",""9h"",""Kd"",""7d""],""loss_category"":""other_showdown_loss""},{""hand"":75,""chips"":-43,""hole"":[""Ad"",""Kd""],""board"":[""5h"",""6c"",""4c"",""5c""],""loss_category"":""postflop_invest_then_fold""},{""hand"":17,""chips"":-6,""hole"":[""Th"",""Ah""],""board"":[""2c"",""9h"",""7s"",""6c""],""loss_category"":""postflop_invest_then_fold""},{""hand"":39,""chips"":-5,""hole"":[""Kh"",""Qh""],""board"":[],""loss_category"":""preflop_invest_then_fold""},{""hand"":97,""chips"":-5,""hole"":[""Qh"",""Kd""],""board"":[""Ac"",""9h"",""9c""],""loss_category"":""postflop_invest_then_fold""}]"
j97d7m1krqvb01kj8prddapz0d8fjeaz,ladder,100,37,89,0,0,0,0,0,0,0,0,[],"{""blind_only_fold"":{""hands"":21,""chips"":-31},""non_losing_hand"":{""hands"":75,""chips"":189},""postflop_invest_then_fold"":{""hands"":3,""chips"":-28},""other_showdown_loss"":{""hands"":1,""chips"":-93}}","[{""hand"":76,""chips"":-93,""hole"":[""Jd"",""Kd""],""board"":[""6h"",""5d"",""Ks"",""5s"",""8d""],""loss_category"":""other_showdown_loss""},{""hand"":52,""chips"":-12,""hole"":[""Qc"",""Kd""],""board"":[""8d"",""2d"",""8c"",""Tc""],""loss_category"":""postflop_invest_then_fold""},{""hand"":80,""chips"":-11,""hole"":[""8h"",""9h""],""board"":[""Jc"",""Ks"",""9c"",""3c""],""loss_category"":""postflop_invest_then_fold""},{""hand"":54,""chips"":-5,""hole"":[""Kc"",""Qh""],""board"":[""5d"",""4h"",""9h""],""loss_category"":""postflop_invest_then_fold""},{""hand"":0,""chips"":-2,""hole"":[""3h"",""9s""],""board"":[],""loss_category"":""blind_only_fold""}]"
j971y1c0ksbvqqchd6f323vjk18fjf5z,ladder,100,38,94,0,0,0,0,0,0,0,0,[],"{""non_losing_hand"":{""hands"":72,""chips"":115},""postflop_invest_then_fold"":{""hands"":4,""chips"":-22},""blind_only_fold"":{""hands"":21,""chips"":-30},""preflop_invest_then_fold"":{""hands"":3,""chips"":-25}}","[{""hand"":22,""chips"":-15,""hole"":[""Jh"",""Js""],""board"":[],""loss_category"":""preflop_invest_then_fold""},{""hand"":3,""chips"":-6,""hole"":[""4d"",""4s""],""board"":[""Ad"",""6s"",""Qd""],""loss_category"":""postflop_invest_then_fold""},{""hand"":35,""chips"":-6,""hole"":[""4c"",""4s""],""board"":[""3d"",""5c"",""Kd""],""loss_category"":""postflop_invest_then_fold""},{""hand"":11,""chips"":-5,""hole"":[""Kd"",""Qd""],""board"":[],""loss_category"":""preflop_invest_then_fold""},{""hand"":46,""chips"":-5,""hole"":[""7s"",""5s""],""board"":[""Th"",""7c"",""9h"",""4c"",""9s""],""loss_category"":""postflop_invest_then_fold""}]"
j97bxtdwvjybpv1tkg3jhg84p58fkhga,ladder,100,43,89,0,0,0,0,2,-24.90625,33.90625,9,[],"{""blind_only_fold"":{""hands"":20,""chips"":-28},""non_losing_hand"":{""hands"":76,""chips"":287},""other_losing_allin"":{""hands"":1,""chips"":-200},""postflop_invest_then_fold"":{""hands"":3,""chips"":-16}}","[{""hand"":16,""chips"":-200,""hole"":[""Tc"",""9c""],""board"":[""9d"",""Jh"",""7h"",""Ts"",""6s""],""loss_category"":""other_losing_allin""},{""hand"":54,""chips"":-6,""hole"":[""4h"",""4d""],""board"":[""6d"",""Tc"",""8h""],""loss_category"":""postflop_invest_then_fold""},{""hand"":21,""chips"":-5,""hole"":[""Qd"",""Ac""],""board"":[""Tc"",""7h"",""6d""],""loss_category"":""postflop_invest_then_fold""},{""hand"":81,""chips"":-5,""hole"":[""2s"",""2d""],""board"":[""4s"",""6h"",""Ts""],""loss_category"":""postflop_invest_then_fold""},{""hand"":17,""chips"":-2,""hole"":[""6c"",""Qs""],""board"":[""9s"",""3s"",""Jd"",""Kd"",""Jh""],""loss_category"":""blind_only_fold""}]"
j977413qbcbcgxcjn4d0v7d9ax8fkgz2,ladder,100,51,90,0,0,0,0,5,-214.846923828125,256.846923828125,42,[],"{""blind_only_fold"":{""hands"":19,""chips"":-27},""postflop_invest_then_fold"":{""hands"":8,""chips"":-83},""non_losing_hand"":{""hands"":70,""chips"":566},""other_losing_allin"":{""hands"":2,""chips"":-400},""preflop_invest_then_fold"":{""hands"":1,""chips"":-5}}","[{""hand"":16,""chips"":-200,""hole"":[""Th"",""Tc""],""board"":[""Ks"",""3c"",""Kd"",""8c"",""2c""],""loss_category"":""other_losing_allin""},{""hand"":95,""chips"":-200,""hole"":[""Qd"",""Kd""],""board"":[""7d"",""8h"",""3d"",""3s"",""9h""],""loss_category"":""other_losing_allin""},{""hand"":49,""chips"":-43,""hole"":[""8s"",""Ah""],""board"":[""3d"",""7c"",""Jd"",""Jh"",""Td""],""loss_category"":""postflop_invest_then_fold""},{""hand"":40,""chips"":-16,""hole"":[""Ad"",""9d""],""board"":[""Tc"",""4h"",""Jd"",""5h""],""loss_category"":""postflop_invest_then_fold""},{""hand"":73,""chips"":-6,""hole"":[""Ts"",""Jd""],""board"":[""4h"",""Kd"",""Ac"",""7d""],""loss_category"":""postflop_invest_then_fold""}]"
j97cy18c556838gznnfejcknz18fjmxf,ladder,100,54,93,0,0,0,0,0,0,0,0,[],"{""non_losing_hand"":{""hands"":71,""chips"":157},""blind_only_fold"":{""hands"":23,""chips"":-36},""preflop_invest_then_fold"":{""hands"":1,""chips"":-5},""postflop_invest_then_fold"":{""hands"":5,""chips"":-62}}","[{""hand"":91,""chips"":-19,""hole"":[""Qs"",""Ac""],""board"":[""3h"",""9h"",""2s"",""9d"",""Jh""],""loss_category"":""postflop_invest_then_fold""},{""hand"":62,""chips"":-16,""hole"":[""8h"",""8s""],""board"":[""Kc"",""Qc"",""5h"",""9h""],""loss_category"":""postflop_invest_then_fold""},{""hand"":53,""chips"":-13,""hole"":[""5d"",""Ad""],""board"":[""9c"",""Kc"",""6d"",""6h""],""loss_category"":""postflop_invest_then_fold""},{""hand"":43,""chips"":-9,""hole"":[""Ts"",""Js""],""board"":[""5c"",""2d"",""Qs"",""6c""],""loss_category"":""postflop_invest_then_fold""},{""hand"":35,""chips"":-5,""hole"":[""8h"",""8d""],""board"":[],""loss_category"":""preflop_invest_then_fold""}]"
j97f9cq3rmjhpkkfeqy6xm4vx98fka2p,ladder,100,56,84,0,0,0,0,0,0,0,0,[],"{""non_losing_hand"":{""hands"":77,""chips"":228},""blind_only_fold"":{""hands"":17,""chips"":-24},""other_showdown_loss"":{""hands"":2,""chips"":-128},""postflop_invest_then_fold"":{""hands"":4,""chips"":-20}}","[{""hand"":75,""chips"":-90,""hole"":[""Tc"",""Td""],""board"":[""5h"",""Qc"",""9c"",""2s"",""Js""],""loss_category"":""other_showdown_loss""},{""hand"":16,""chips"":-38,""hole"":[""Ac"",""Tc""],""board"":[""Qc"",""Kh"",""Th"",""3h"",""5s""],""loss_category"":""other_showdown_loss""},{""hand"":36,""chips"":-6,""hole"":[""Tc"",""Kc""],""board"":[""2c"",""9h"",""8s"",""Jh"",""Ts""],""loss_category"":""postflop_invest_then_fold""},{""hand"":60,""chips"":-6,""hole"":[""9c"",""Jc""],""board"":[""6s"",""Ah"",""As""],""loss_category"":""postflop_invest_then_fold""},{""hand"":99,""chips"":-6,""hole"":[""5d"",""Ad""],""board"":[""8c"",""7s"",""Kh""],""loss_category"":""postflop_invest_then_fold""}]"
j97ebsv0fgn6vhpvbcemefvfp18fj9pt,ladder,100,57,87,0,0,0,0,0,0,0,0,[],"{""non_losing_hand"":{""hands"":80,""chips"":92},""blind_only_fold"":{""hands"":19,""chips"":-26},""postflop_invest_then_fold"":{""hands"":1,""chips"":-9}}","[{""hand"":75,""chips"":-9,""hole"":[""Jd"",""Qs""],""board"":[""9c"",""6d"",""2c"",""Td""],""loss_category"":""postflop_invest_then_fold""},{""hand"":3,""chips"":-2,""hole"":[""Ac"",""4s""],""board"":[],""loss_category"":""blind_only_fold""},{""hand"":11,""chips"":-2,""hole"":[""5d"",""8c""],""board"":[],""loss_category"":""blind_only_fold""},{""hand"":35,""chips"":-2,""hole"":[""Qd"",""7s""],""board"":[],""loss_category"":""blind_only_fold""},{""hand"":43,""chips"":-2,""hole"":[""Ah"",""5s""],""board"":[],""loss_category"":""blind_only_fold""}]"
j974nfq6fsm8mtn89bqmbe47c98fke7j,ladder,100,58,86,0,0,0,0,1,-83.7152099609375,-116.2847900390625,-200,[],"{""non_losing_hand"":{""hands"":76,""chips"":319},""preflop_invest_then_fold"":{""hands"":2,""chips"":-11},""blind_only_fold"":{""hands"":18,""chips"":-25},""other_losing_allin"":{""hands"":1,""chips"":-200},""postflop_invest_then_fold"":{""hands"":3,""chips"":-25}}","[{""hand"":20,""chips"":-200,""hole"":[""Qd"",""Qs""],""board"":[""9c"",""6h"",""7d"",""Ac"",""8d""],""loss_category"":""other_losing_allin""},{""hand"":44,""chips"":-14,""hole"":[""Qs"",""Js""],""board"":[""7s"",""7c"",""5s"",""4h""],""loss_category"":""postflop_invest_then_fold""},{""hand"":68,""chips"":-6,""hole"":[""Td"",""Js""],""board"":[""3s"",""8h"",""4c"",""9d"",""2c""],""loss_category"":""postflop_invest_then_fold""},{""hand"":80,""chips"":-6,""hole"":[""7d"",""7s""],""board"":[],""loss_category"":""preflop_invest_then_fold""},{""hand"":3,""chips"":-5,""hole"":[""9c"",""9s""],""board"":[""As"",""3s"",""Kd"",""Qh"",""9d""],""loss_category"":""preflop_invest_then_fold""}]"
j97e44e1qa4htnf5n93zwftw1d8fj31n,ladder,100,60,90,0,0,0,0,0,0,0,0,[],"{""blind_only_fold"":{""hands"":21,""chips"":-29},""non_losing_hand"":{""hands"":73,""chips"":142},""preflop_invest_then_fold"":{""hands"":2,""chips"":-10},""postflop_invest_then_fold"":{""hands"":4,""chips"":-43}}","[{""hand"":57,""chips"":-24,""hole"":[""Td"",""Tc""],""board"":[""3s"",""8s"",""9h"",""9d"",""Qs""],""loss_category"":""postflop_invest_then_fold""},{""hand"":65,""chips"":-12,""hole"":[""6c"",""6d""],""board"":[""Tc"",""7h"",""3h"",""2s""],""loss_category"":""postflop_invest_then_fold""},{""hand"":27,""chips"":-5,""hole"":[""8h"",""8s""],""board"":[],""loss_category"":""preflop_invest_then_fold""},{""hand"":82,""chips"":-5,""hole"":[""9d"",""9h""],""board"":[],""loss_category"":""preflop_invest_then_fold""},{""hand"":95,""chips"":-5,""hole"":[""Th"",""Td""],""board"":[""8s"",""4c"",""Ks"",""Js""],""loss_category"":""postflop_invest_then_fold""}]"
j9792eagn16acba0pv9hn92jmx8fk2mg,ladder,100,60,94,0,0,0,0,0,0,0,0,[],"{""non_losing_hand"":{""hands"":75,""chips"":149},""blind_only_fold"":{""hands"":18,""chips"":-26},""postflop_invest_then_fold"":{""hands"":3,""chips"":-27},""preflop_invest_then_fold"":{""hands"":3,""chips"":-20},""other_showdown_loss"":{""hands"":1,""chips"":-16}}","[{""hand"":10,""chips"":-19,""hole"":[""Ad"",""Th""],""board"":[""9s"",""2s"",""4h"",""4c""],""loss_category"":""postflop_invest_then_fold""},{""hand"":34,""chips"":-16,""hole"":[""Kc"",""Js""],""board"":[""As"",""Ah"",""Ts"",""3s"",""8h""],""loss_category"":""other_showdown_loss""},{""hand"":72,""chips"":-10,""hole"":[""4h"",""4s""],""board"":[],""loss_category"":""preflop_invest_then_fold""},{""hand"":82,""chips"":-6,""hole"":[""Kh"",""6h""],""board"":[""7d"",""Jc"",""3s""],""loss_category"":""postflop_invest_then_fold""},{""hand"":32,""chips"":-5,""hole"":[""8d"",""7d""],""board"":[],""loss_category"":""preflop_invest_then_fold""}]"
j972xyda5mm4f96engh4mvse918fj1bf,ladder,100,62,89,0,0,0,0,0,0,0,0,[],"{""non_losing_hand"":{""hands"":80,""chips"":137},""blind_only_fold"":{""hands"":16,""chips"":-23},""preflop_invest_then_fold"":{""hands"":2,""chips"":-25},""postflop_invest_then_fold"":{""hands"":2,""chips"":-27}}","[{""hand"":21,""chips"":-20,""hole"":[""Tc"",""Ts""],""board"":[],""loss_category"":""preflop_invest_then_fold""},{""hand"":54,""chips"":-17,""hole"":[""8c"",""8s""],""board"":[""Jh"",""Jd"",""6h"",""Qd""],""loss_category"":""postflop_invest_then_fold""},{""hand"":74,""chips"":-10,""hole"":[""Qc"",""Kc""],""board"":[""Tc"",""2d"",""8c"",""3s"",""9d""],""loss_category"":""postflop_invest_then_fold""},{""hand"":27,""chips"":-5,""hole"":[""Ts"",""Jd""],""board"":[],""loss_category"":""preflop_invest_then_fold""},{""hand"":22,""chips"":-2,""hole"":[""4d"",""5s""],""board"":[],""loss_category"":""blind_only_fold""}]"
j978g22m00v1nn47j0e51t60r18fj71m,ladder,100,64,88,0,0,0,0,0,0,0,0,[],"{""non_losing_hand"":{""hands"":80,""chips"":103},""blind_only_fold"":{""hands"":18,""chips"":-28},""postflop_invest_then_fold"":{""hands"":2,""chips"":-11}}","[{""hand"":69,""chips"":-6,""hole"":[""6s"",""5s""],""board"":[""Jd"",""Td"",""Qh""],""loss_category"":""postflop_invest_then_fold""},{""hand"":76,""chips"":-5,""hole"":[""8d"",""8c""],""board"":[""Ts"",""Jh"",""Kd""],""loss_category"":""postflop_invest_then_fold""},{""hand"":5,""chips"":-2,""hole"":[""Tc"",""4h""],""board"":[],""loss_category"":""blind_only_fold""},{""hand"":21,""chips"":-2,""hole"":[""4d"",""Js""],""board"":[],""loss_category"":""blind_only_fold""},{""hand"":29,""chips"":-2,""hole"":[""Jh"",""4d""],""board"":[""8d"",""Th"",""Kd"",""4s""],""loss_category"":""blind_only_fold""}]"
j97fm0909jczfrmwzfnqgvtc158fkg7t,ladder,100,68,90,0,0,0,0,1,0.5,1.5,2,[],"{""non_losing_hand"":{""hands"":73,""chips"":198},""postflop_invest_then_fold"":{""hands"":6,""chips"":-88},""blind_only_fold"":{""hands"":18,""chips"":-27},""preflop_invest_then_fold"":{""hands"":3,""chips"":-15}}","[{""hand"":34,""chips"":-48,""hole"":[""9d"",""9s""],""board"":[""2s"",""Kd"",""3d"",""7c"",""8h""],""loss_category"":""postflop_invest_then_fold""},{""hand"":6,""chips"":-16,""hole"":[""Ad"",""Js""],""board"":[""Ts"",""7c"",""6d"",""3c"",""7d""],""loss_category"":""postflop_invest_then_fold""},{""hand"":87,""chips"":-7,""hole"":[""Ah"",""2h""],""board"":[""5c"",""Js"",""7h""],""loss_category"":""postflop_invest_then_fold""},{""hand"":23,""chips"":-6,""hole"":[""4d"",""4c""],""board"":[""2d"",""Qc"",""Ac"",""8h"",""Th""],""loss_category"":""postflop_invest_then_fold""},{""hand"":64,""chips"":-6,""hole"":[""Js"",""Ah""],""board"":[""9d"",""2c"",""8s"",""7c""],""loss_category"":""postflop_invest_then_fold""}]"
j97720jm13wah5ezkkerjb95ex8fknxn,ladder,100,71,89,0,0,0,0,0,0,0,0,[],"{""non_losing_hand"":{""hands"":74,""chips"":166},""blind_only_fold"":{""hands"":20,""chips"":-31},""other_showdown_loss"":{""hands"":3,""chips"":-47},""preflop_invest_then_fold"":{""hands"":2,""chips"":-11},""postflop_invest_then_fold"":{""hands"":1,""chips"":-6}}","[{""hand"":42,""chips"":-36,""hole"":[""8s"",""8h""],""board"":[""3s"",""Jc"",""Kd"",""3d"",""9s""],""loss_category"":""other_showdown_loss""},{""hand"":5,""chips"":-6,""hole"":[""7c"",""Kh""],""board"":[""7d"",""Td"",""2d"",""Th"",""Jd""],""loss_category"":""other_showdown_loss""},{""hand"":35,""chips"":-6,""hole"":[""9d"",""9c""],""board"":[],""loss_category"":""preflop_invest_then_fold""},{""hand"":97,""chips"":-6,""hole"":[""4c"",""4d""],""board"":[""8s"",""5s"",""8c"",""Ah""],""loss_category"":""postflop_invest_then_fold""},{""hand"":46,""chips"":-5,""hole"":[""Qs"",""Ac""],""board"":[""4s"",""Tc"",""2h"",""8d"",""5d""],""loss_category"":""other_showdown_loss""}]"
j975q4hrqqyb8bwb1jkyc8z69x8fjsp0,ladder,100,72,97,0,0,0,0,0,0,0,0,[],"{""non_losing_hand"":{""hands"":73,""chips"":182},""postflop_invest_then_fold"":{""hands"":6,""chips"":-77},""blind_only_fold"":{""hands"":21,""chips"":-33}}","[{""hand"":50,""chips"":-25,""hole"":[""Kh"",""As""],""board"":[""9h"",""3d"",""5s""],""loss_category"":""postflop_invest_then_fold""},{""hand"":17,""chips"":-20,""hole"":[""As"",""Kd""],""board"":[""3c"",""Tc"",""4h""],""loss_category"":""postflop_invest_then_fold""},{""hand"":62,""chips"":-15,""hole"":[""Ad"",""Kc""],""board"":[""8d"",""5h"",""7h"",""Qs"",""8s""],""loss_category"":""postflop_invest_then_fold""},{""hand"":2,""chips"":-6,""hole"":[""Ah"",""Qc""],""board"":[""4d"",""Th"",""3c"",""6h""],""loss_category"":""postflop_invest_then_fold""},{""hand"":34,""chips"":-6,""hole"":[""2h"",""2c""],""board"":[""Qc"",""Ts"",""9d""],""loss_category"":""postflop_invest_then_fold""}]"
j9784zqwb7hxj1qrhw8rpze8358fkgej,ladder,100,77,81,0,0,0,0,1,40.3125,189.6875,230,[],"{""blind_only_fold"":{""hands"":13,""chips"":-20},""non_losing_hand"":{""hands"":75,""chips"":436},""postflop_invest_then_fold"":{""hands"":5,""chips"":-48},""failed_air_bet_hand"":{""hands"":1,""chips"":-47},""other_showdown_loss"":{""hands"":6,""chips"":-244}}","[{""hand"":33,""chips"":-101,""hole"":[""Qd"",""Kc""],""board"":[""Qs"",""3d"",""Ac"",""4s"",""Ah""],""loss_category"":""other_showdown_loss""},{""hand"":75,""chips"":-94,""hole"":[""As"",""Qc""],""board"":[""Ac"",""9c"",""Js"",""4c"",""7s""],""loss_category"":""other_showdown_loss""},{""hand"":29,""chips"":-47,""hole"":[""Ac"",""3c""],""board"":[""Kh"",""Qc"",""8s"",""7c"",""Jd""],""loss_category"":""failed_air_bet_hand""},{""hand"":53,""chips"":-24,""hole"":[""6c"",""6h""],""board"":[""7c"",""4s"",""9h"",""Ac""],""loss_category"":""postflop_invest_then_fold""},{""hand"":41,""chips"":-23,""hole"":[""Qc"",""9h""],""board"":[""2c"",""5h"",""Ks"",""Qs"",""8d""],""loss_category"":""other_showdown_loss""}]"
j973jypr42cs0gqgnkwehc1fvx8fjyfj,ladder,100,89,88,0,0,0,0,0,0,0,0,[],"{""blind_only_fold"":{""hands"":20,""chips"":-28},""non_losing_hand"":{""hands"":74,""chips"":346},""preflop_invest_then_fold"":{""hands"":2,""chips"":-10},""postflop_invest_then_fold"":{""hands"":3,""chips"":-19},""other_showdown_loss"":{""hands"":1,""chips"":-200}}","[{""hand"":70,""chips"":-200,""hole"":[""9d"",""9s""],""board"":[""Qd"",""4c"",""Qs"",""3d"",""2c""],""loss_category"":""other_showdown_loss""},{""hand"":72,""chips"":-8,""hole"":[""Kh"",""Jh""],""board"":[""6s"",""3s"",""As"",""Ts""],""loss_category"":""postflop_invest_then_fold""},{""hand"":56,""chips"":-6,""hole"":[""Jc"",""Ac""],""board"":[""Qc"",""8h"",""Jh""],""loss_category"":""postflop_invest_then_fold""},{""hand"":18,""chips"":-5,""hole"":[""Td"",""Ad""],""board"":[],""loss_category"":""preflop_invest_then_fold""},{""hand"":28,""chips"":-5,""hole"":[""Tc"",""Jc""],""board"":[""Qd"",""Qc"",""6d""],""loss_category"":""preflop_invest_then_fold""}]"
j973y693v3dht2z7nanygkr1g58fjx73,ladder,100,91,93,0,0,0,0,0,0,0,0,[],"{""non_losing_hand"":{""hands"":75,""chips"":138},""blind_only_fold"":{""hands"":22,""chips"":-32},""postflop_invest_then_fold"":{""hands"":1,""chips"":-5},""preflop_invest_then_fold"":{""hands"":2,""chips"":-10}}","[{""hand"":18,""chips"":-5,""hole"":[""5c"",""5s""],""board"":[""9d"",""As"",""6c""],""loss_category"":""postflop_invest_then_fold""},{""hand"":60,""chips"":-5,""hole"":[""Ks"",""Td""],""board"":[""Th"",""8h"",""6d""],""loss_category"":""preflop_invest_then_fold""},{""hand"":90,""chips"":-5,""hole"":[""8d"",""8s""],""board"":[],""loss_category"":""preflop_invest_then_fold""},{""hand"":7,""chips"":-2,""hole"":[""8d"",""Kh""],""board"":[],""loss_category"":""blind_only_fold""},{""hand"":23,""chips"":-2,""hole"":[""3d"",""5h""],""board"":[],""loss_category"":""blind_only_fold""}]"
j9796sj1z32as3vnkttny20grs8fjqvs,ladder,100,109,92,0,0,0,0,1,0.0,206.0,206,[],"{""non_losing_hand"":{""hands"":75,""chips"":234},""blind_only_fold"":{""hands"":21,""chips"":-31},""other_showdown_loss"":{""hands"":2,""chips"":-69},""preflop_invest_then_fold"":{""hands"":1,""chips"":-20},""postflop_invest_then_fold"":{""hands"":1,""chips"":-5}}","[{""hand"":42,""chips"":-59,""hole"":[""6c"",""6h""],""board"":[""2d"",""Qd"",""Jh"",""9h"",""3c""],""loss_category"":""other_showdown_loss""},{""hand"":29,""chips"":-20,""hole"":[""Ac"",""Qc""],""board"":[],""loss_category"":""preflop_invest_then_fold""},{""hand"":25,""chips"":-10,""hole"":[""9c"",""9h""],""board"":[""Qd"",""2c"",""Ks"",""7d"",""Kc""],""loss_category"":""other_showdown_loss""},{""hand"":82,""chips"":-5,""hole"":[""Qc"",""Ah""],""board"":[""Td"",""Js"",""8c""],""loss_category"":""postflop_invest_then_fold""},{""hand"":6,""chips"":-2,""hole"":[""8d"",""Js""],""board"":[],""loss_category"":""blind_only_fold""}]"
j97bcq3hk0r6evhmv0f9aq9g058fk5h6,ladder,100,109,78,0,0,0,0,2,127.70849609375,278.29150390625,406,[],"{""non_losing_hand"":{""hands"":71,""chips"":621},""blind_only_fold"":{""hands"":18,""chips"":-27},""other_showdown_loss"":{""hands"":8,""chips"":-469},""postflop_invest_then_fold"":{""hands"":3,""chips"":-16}}","[{""hand"":10,""chips"":-200,""hole"":[""Td"",""Th""],""board"":[""Ks"",""Kh"",""4h"",""9c"",""Qs""],""loss_category"":""other_showdown_loss""},{""hand"":25,""chips"":-200,""hole"":[""8d"",""Ad""],""board"":[""9s"",""Ah"",""7s"",""3s"",""Th""],""loss_category"":""other_showdown_loss""},{""hand"":41,""chips"":-16,""hole"":[""4s"",""4h""],""board"":[""3c"",""6c"",""Qc"",""Kc"",""2s""],""loss_category"":""other_showdown_loss""},{""hand"":60,""chips"":-16,""hole"":[""Qh"",""Ac""],""board"":[""Th"",""Tc"",""6c"",""7d"",""6s""],""loss_category"":""other_showdown_loss""},{""hand"":31,""chips"":-15,""hole"":[""Ac"",""Jc""],""board"":[""2d"",""Tc"",""Kh"",""6h"",""5d""],""loss_category"":""other_showdown_loss""}]"
j975zwyggdxzpgevqxhtztybx18fkktb,ladder,100,145,90,0,0,0,0,1,13.2978515625,194.7021484375,208,[],"{""non_losing_hand"":{""hands"":76,""chips"":384},""blind_only_fold"":{""hands"":22,""chips"":-33},""postflop_invest_then_fold"":{""hands"":1,""chips"":-6},""other_showdown_loss"":{""hands"":1,""chips"":-200}}","[{""hand"":64,""chips"":-200,""hole"":[""Jc"",""Jh""],""board"":[""5d"",""6h"",""3h"",""2d"",""2c""],""loss_category"":""other_showdown_loss""},{""hand"":12,""chips"":-6,""hole"":[""3h"",""3d""],""board"":[""5d"",""Tc"",""9h""],""loss_category"":""postflop_invest_then_fold""},{""hand"":13,""chips"":-2,""hole"":[""5d"",""Tc""],""board"":[],""loss_category"":""blind_only_fold""},{""hand"":21,""chips"":-2,""hole"":[""7d"",""6c""],""board"":[],""loss_category"":""blind_only_fold""},{""hand"":29,""chips"":-2,""hole"":[""Ac"",""5s""],""board"":[],""loss_category"":""blind_only_fold""}]"
j974dc0xqb3tv788pqtx2qs5118fj5nr,ladder,100,159,79,1,1,0,49,0,0,0,0,"[""j974dc0xqb3tv788pqtx2qs5118fj5nr:14:14""]","{""blind_only_fold"":{""hands"":18,""chips"":-26},""non_losing_hand"":{""hands"":76,""chips"":449},""probable_bad_terminal_call"":{""hands"":1,""chips"":-84},""other_showdown_loss"":{""hands"":2,""chips"":-165},""postflop_invest_then_fold"":{""hands"":2,""chips"":-10},""preflop_invest_then_fold"":{""hands"":1,""chips"":-5}}","[{""hand"":16,""chips"":-93,""hole"":[""Th"",""Js""],""board"":[""Qc"",""6h"",""3h"",""Jc"",""5d""],""loss_category"":""other_showdown_loss""},{""hand"":14,""chips"":-84,""hole"":[""3c"",""3h""],""board"":[""Qc"",""2c"",""5d"",""8d"",""Js""],""loss_category"":""probable_bad_terminal_call""},{""hand"":53,""chips"":-72,""hole"":[""As"",""9h""],""board"":[""Ad"",""3d"",""2d"",""Jh"",""6h""],""loss_category"":""other_showdown_loss""},{""hand"":38,""chips"":-5,""hole"":[""Td"",""Jd""],""board"":[""5h"",""Ac"",""Ah"",""8d""],""loss_category"":""postflop_invest_then_fold""},{""hand"":73,""chips"":-5,""hole"":[""Qh"",""Ad""],""board"":[],""loss_category"":""preflop_invest_then_fold""}]"
j974aneev3t09n988js2x34ekh8fje62,ladder,100,168,92,0,0,0,0,0,0,0,0,[],"{""blind_only_fold"":{""hands"":23,""chips"":-34},""non_losing_hand"":{""hands"":71,""chips"":242},""preflop_invest_then_fold"":{""hands"":2,""chips"":-13},""postflop_invest_then_fold"":{""hands"":4,""chips"":-27}}","[{""hand"":24,""chips"":-8,""hole"":[""4c"",""Ac""],""board"":[""2s"",""Jd"",""2h"",""8c"",""8d""],""loss_category"":""postflop_invest_then_fold""},{""hand"":6,""chips"":-7,""hole"":[""As"",""5s""],""board"":[""4s"",""5d"",""Jd"",""Jh"",""3d""],""loss_category"":""preflop_invest_then_fold""},{""hand"":30,""chips"":-7,""hole"":[""Ac"",""2c""],""board"":[""8s"",""6s"",""Ks""],""loss_category"":""postflop_invest_then_fold""},{""hand"":21,""chips"":-6,""hole"":[""4h"",""4s""],""board"":[""6d"",""Js"",""5h""],""loss_category"":""preflop_invest_then_fold""},{""hand"":29,""chips"":-6,""hole"":[""7c"",""7h""],""board"":[""2h"",""Th"",""Qd"",""8h""],""loss_category"":""postflop_invest_then_fold""}]"
j974m7r83tpd7j1a3r67m6skb98fjxay,ladder,100,176,89,0,0,0,0,1,0.0,203.0,203,[],"{""non_losing_hand"":{""hands"":75,""chips"":319},""blind_only_fold"":{""hands"":19,""chips"":-27},""postflop_invest_then_fold"":{""hands"":5,""chips"":-50},""other_showdown_loss"":{""hands"":1,""chips"":-66}}","[{""hand"":73,""chips"":-66,""hole"":[""8s"",""8c""],""board"":[""3s"",""Qs"",""Ad"",""7h"",""Ah""],""loss_category"":""other_showdown_loss""},{""hand"":44,""chips"":-16,""hole"":[""Ah"",""Qc""],""board"":[""Js"",""8h"",""5h"",""7s""],""loss_category"":""postflop_invest_then_fold""},{""hand"":45,""chips"":-16,""hole"":[""Js"",""Ts""],""board"":[""5d"",""Kd"",""8s"",""9h""],""loss_category"":""postflop_invest_then_fold""},{""hand"":38,""chips"":-6,""hole"":[""3s"",""As""],""board"":[""5h"",""Js"",""9c"",""8h""],""loss_category"":""postflop_invest_then_fold""},{""hand"":70,""chips"":-6,""hole"":[""Ad"",""3d""],""board"":[""Qh"",""7s"",""8c""],""loss_category"":""postflop_invest_then_fold""}]"
j97escw5gkpr0qed9yz6g1dpg18fj620,ladder,100,191,91,0,0,0,0,2,86.595947265625,317.404052734375,404,[],"{""non_losing_hand"":{""hands"":75,""chips"":464},""blind_only_fold"":{""hands"":20,""chips"":-28},""other_showdown_loss"":{""hands"":2,""chips"":-206},""postflop_invest_then_fold"":{""hands"":3,""chips"":-39}}","[{""hand"":53,""chips"":-200,""hole"":[""Qs"",""Js""],""board"":[""Jh"",""2c"",""3d"",""2s"",""6d""],""loss_category"":""other_showdown_loss""},{""hand"":94,""chips"":-21,""hole"":[""9d"",""9s""],""board"":[""2c"",""Kc"",""Qd"",""6h""],""loss_category"":""postflop_invest_then_fold""},{""hand"":89,""chips"":-13,""hole"":[""6d"",""Kd""],""board"":[""8h"",""5d"",""2h"",""5h""],""loss_category"":""postflop_invest_then_fold""},{""hand"":81,""chips"":-6,""hole"":[""Ks"",""9s""],""board"":[""Qd"",""Td"",""6h"",""3s"",""6d""],""loss_category"":""other_showdown_loss""},{""hand"":68,""chips"":-5,""hole"":[""Ah"",""Qh""],""board"":[""Ts"",""Kh"",""7h"",""3d"",""7c""],""loss_category"":""postflop_invest_then_fold""}]"
j97bpdg54vdcf1c50dyacbcs798fj58g,ladder,100,192,92,0,0,0,0,2,51.669921875,361.330078125,413,[],"{""non_losing_hand"":{""hands"":72,""chips"":516},""postflop_invest_then_fold"":{""hands"":5,""chips"":-52},""blind_only_fold"":{""hands"":21,""chips"":-32},""other_showdown_loss"":{""hands"":2,""chips"":-240}}","[{""hand"":28,""chips"":-200,""hole"":[""4h"",""4c""],""board"":[""Kc"",""4s"",""2s"",""5c"",""Ad""],""loss_category"":""other_showdown_loss""},{""hand"":26,""chips"":-40,""hole"":[""Th"",""Ts""],""board"":[""5c"",""Ks"",""5s"",""3s"",""Qc""],""loss_category"":""other_showdown_loss""},{""hand"":2,""chips"":-21,""hole"":[""Js"",""Ts""],""board"":[""Kc"",""Jd"",""8h"",""Kd""],""loss_category"":""postflop_invest_then_fold""},{""hand"":4,""chips"":-15,""hole"":[""Kc"",""As""],""board"":[""Qs"",""Jc"",""2d""],""loss_category"":""postflop_invest_then_fold""},{""hand"":5,""chips"":-6,""hole"":[""Tc"",""Jc""],""board"":[""7s"",""8h"",""8s""],""loss_category"":""postflop_invest_then_fold""}]"
j979ncbwfzxxc7ary2vrz142y18fkrdw,ladder,100,204,94,0,0,0,0,2,36.59375,167.40625,204,[],"{""non_losing_hand"":{""hands"":72,""chips"":260},""blind_only_fold"":{""hands"":23,""chips"":-33},""preflop_invest_then_fold"":{""hands"":2,""chips"":-10},""postflop_invest_then_fold"":{""hands"":3,""chips"":-13}}","[{""hand"":43,""chips"":-6,""hole"":[""6d"",""Ad""],""board"":[""4c"",""9d"",""5s"",""Jh"",""Js""],""loss_category"":""postflop_invest_then_fold""},{""hand"":23,""chips"":-5,""hole"":[""Tc"",""9c""],""board"":[""3d"",""6h"",""Td"",""4s""],""loss_category"":""preflop_invest_then_fold""},{""hand"":69,""chips"":-5,""hole"":[""8h"",""8s""],""board"":[""4s"",""Kc"",""2h"",""2d"",""Th""],""loss_category"":""preflop_invest_then_fold""},{""hand"":71,""chips"":-5,""hole"":[""Ac"",""4c""],""board"":[""9d"",""2d"",""Kh""],""loss_category"":""postflop_invest_then_fold""},{""hand"":3,""chips"":-2,""hole"":[""2s"",""Js""],""board"":[""2h"",""Kc"",""Tc"",""5s"",""8d""],""loss_category"":""blind_only_fold""}]"
j9721gz5hqx56ty58k2vsx66th8fjkpe,ladder,100,205,90,0,0,0,0,0,0,0,0,[],"{""non_losing_hand"":{""hands"":74,""chips"":270},""blind_only_fold"":{""hands"":19,""chips"":-27},""postflop_invest_then_fold"":{""hands"":5,""chips"":-28},""preflop_invest_then_fold"":{""hands"":2,""chips"":-10}}","[{""hand"":37,""chips"":-8,""hole"":[""Qh"",""Kd""],""board"":[""As"",""6c"",""Qc"",""Jc"",""8d""],""loss_category"":""postflop_invest_then_fold""},{""hand"":29,""chips"":-6,""hole"":[""Ts"",""Ks""],""board"":[""Js"",""3c"",""8c""],""loss_category"":""postflop_invest_then_fold""},{""hand"":10,""chips"":-5,""hole"":[""Kh"",""Th""],""board"":[""5s"",""9h"",""Ad""],""loss_category"":""postflop_invest_then_fold""},{""hand"":22,""chips"":-5,""hole"":[""Ad"",""Jd""],""board"":[],""loss_category"":""preflop_invest_then_fold""},{""hand"":24,""chips"":-5,""hole"":[""6c"",""6d""],""board"":[],""loss_category"":""preflop_invest_then_fold""}]"
j970gwyg4j5hccaxxn9xz8n7c98fk4fm,ladder,100,206,90,0,0,0,0,1,0.767045454545439,204.23295454545456,205,[],"{""blind_only_fold"":{""hands"":20,""chips"":-29},""non_losing_hand"":{""hands"":72,""chips"":513},""other_showdown_loss"":{""hands"":2,""chips"":-241},""preflop_invest_then_fold"":{""hands"":3,""chips"":-15},""postflop_invest_then_fold"":{""hands"":3,""chips"":-22}}","[{""hand"":88,""chips"":-200,""hole"":[""Ac"",""Ah""],""board"":[""Qc"",""8d"",""2d"",""5c"",""9s""],""loss_category"":""other_showdown_loss""},{""hand"":14,""chips"":-41,""hole"":[""5d"",""Kd""],""board"":[""5h"",""Qc"",""Jc"",""4s"",""3s""],""loss_category"":""other_showdown_loss""},{""hand"":85,""chips"":-10,""hole"":[""Ad"",""Jd""],""board"":[""3d"",""2c"",""5s"",""8s"",""6c""],""loss_category"":""postflop_invest_then_fold""},{""hand"":80,""chips"":-7,""hole"":[""4s"",""4c""],""board"":[""5s"",""As"",""9s"",""7d"",""7c""],""loss_category"":""postflop_invest_then_fold""},{""hand"":29,""chips"":-5,""hole"":[""7c"",""7h""],""board"":[],""loss_category"":""preflop_invest_then_fold""}]"
j978sdhkxt85mw5162mj46cyf98fkcta,ladder,100,216,88,0,0,0,0,1,85.3857421875,116.6142578125,202,[],"{""non_losing_hand"":{""hands"":73,""chips"":290},""blind_only_fold"":{""hands"":18,""chips"":-26},""preflop_invest_then_fold"":{""hands"":2,""chips"":-10},""postflop_invest_then_fold"":{""hands"":6,""chips"":-33},""other_showdown_loss"":{""hands"":1,""chips"":-5}}","[{""hand"":73,""chips"":-12,""hole"":[""Jc"",""Ad""],""board"":[""Qc"",""Kd"",""9s"",""2s""],""loss_category"":""postflop_invest_then_fold""},{""hand"":47,""chips"":-7,""hole"":[""Qs"",""Qh""],""board"":[""2s"",""Kd"",""Ah""],""loss_category"":""postflop_invest_then_fold""},{""hand"":7,""chips"":-5,""hole"":[""5c"",""5h""],""board"":[],""loss_category"":""preflop_invest_then_fold""},{""hand"":9,""chips"":-5,""hole"":[""As"",""7s""],""board"":[""6h"",""2c"",""Kh"",""4h""],""loss_category"":""postflop_invest_then_fold""},{""hand"":26,""chips"":-5,""hole"":[""9d"",""9s""],""board"":[""Kc"",""Js"",""3d""],""loss_category"":""postflop_invest_then_fold""}]"
j9758rpbzct73p0r6b55ta30818fjpy1,ladder,100,219,87,0,0,0,0,0,0,0,0,[],"{""non_losing_hand"":{""hands"":76,""chips"":328},""blind_only_fold"":{""hands"":18,""chips"":-26},""other_showdown_loss"":{""hands"":1,""chips"":-44},""postflop_invest_then_fold"":{""hands"":2,""chips"":-24},""preflop_invest_then_fold"":{""hands"":3,""chips"":-15}}","[{""hand"":4,""chips"":-44,""hole"":[""Ad"",""4d""],""board"":[""8d"",""3d"",""4c"",""5h"",""Kh""],""loss_category"":""other_showdown_loss""},{""hand"":91,""chips"":-19,""hole"":[""Td"",""Th""],""board"":[""As"",""4s"",""2d"",""8d""],""loss_category"":""postflop_invest_then_fold""},{""hand"":11,""chips"":-5,""hole"":[""Kd"",""6d""],""board"":[""4c"",""3h"",""Jh""],""loss_category"":""postflop_invest_then_fold""},{""hand"":20,""chips"":-5,""hole"":[""Qh"",""Kh""],""board"":[""4h"",""Tc"",""9s""],""loss_category"":""preflop_invest_then_fold""},{""hand"":60,""chips"":-5,""hole"":[""9h"",""9d""],""board"":[],""loss_category"":""preflop_invest_then_fold""}]"
j9741k8dmq4fejp32d5kgwh2vh8fkehc,ladder,100,224,92,0,0,0,0,1,25.1875,177.8125,203,[],"{""non_losing_hand"":{""hands"":74,""chips"":303},""blind_only_fold"":{""hands"":23,""chips"":-35},""preflop_invest_then_fold"":{""hands"":1,""chips"":-27},""postflop_invest_then_fold"":{""hands"":2,""chips"":-17}}","[{""hand"":48,""chips"":-27,""hole"":[""9d"",""9s""],""board"":[""8c"",""7s"",""Qh"",""8d"",""Qs""],""loss_category"":""preflop_invest_then_fold""},{""hand"":77,""chips"":-12,""hole"":[""Js"",""Ad""],""board"":[""Qd"",""Tc"",""2s"",""6s"",""5d""],""loss_category"":""postflop_invest_then_fold""},{""hand"":96,""chips"":-5,""hole"":[""Jh"",""Th""],""board"":[""6d"",""7d"",""7c"",""Ad"",""4h""],""loss_category"":""postflop_invest_then_fold""},{""hand"":2,""chips"":-2,""hole"":[""5c"",""3d""],""board"":[],""loss_category"":""blind_only_fold""},{""hand"":10,""chips"":-2,""hole"":[""6c"",""8h""],""board"":[],""loss_category"":""blind_only_fold""}]"
j97as5q9g3bepnecjbbq7x8qs58fjsrn,ladder,100,227,90,0,0,0,0,0,0,0,0,[],"{""non_losing_hand"":{""hands"":73,""chips"":476},""blind_only_fold"":{""hands"":23,""chips"":-34},""other_showdown_loss"":{""hands"":1,""chips"":-200},""postflop_invest_then_fold"":{""hands"":3,""chips"":-15}}","[{""hand"":21,""chips"":-200,""hole"":[""Jc"",""Kc""],""board"":[""Js"",""8c"",""7h"",""5d"",""Qc""],""loss_category"":""other_showdown_loss""},{""hand"":32,""chips"":-5,""hole"":[""6c"",""6h""],""board"":[""Qd"",""Kh"",""Qh"",""9d"",""7d""],""loss_category"":""postflop_invest_then_fold""},{""hand"":34,""chips"":-5,""hole"":[""3d"",""3c""],""board"":[""5h"",""Jd"",""Th""],""loss_category"":""postflop_invest_then_fold""},{""hand"":88,""chips"":-5,""hole"":[""6d"",""6h""],""board"":[""8d"",""Ks"",""Jc""],""loss_category"":""postflop_invest_then_fold""},{""hand"":3,""chips"":-2,""hole"":[""2s"",""8h""],""board"":[""Kh"",""Tc"",""Qc"",""4d"",""6c""],""loss_category"":""blind_only_fold""}]"
j972e03z7j984qyfwsrrcx9fmh8fjwj0,ladder,100,235,85,0,0,0,0,0,0,0,0,[],"{""non_losing_hand"":{""hands"":71,""chips"":354},""postflop_invest_then_fold"":{""hands"":7,""chips"":-51},""blind_only_fold"":{""hands"":20,""chips"":-30},""other_showdown_loss"":{""hands"":2,""chips"":-38}}","[{""hand"":3,""chips"":-23,""hole"":[""Th"",""Ad""],""board"":[""Tc"",""8s"",""9d"",""3h"",""Qd""],""loss_category"":""other_showdown_loss""},{""hand"":1,""chips"":-15,""hole"":[""Jc"",""Js""],""board"":[""8s"",""Ad"",""5h""],""loss_category"":""postflop_invest_then_fold""},{""hand"":48,""chips"":-15,""hole"":[""4c"",""4h""],""board"":[""Qd"",""3c"",""5h"",""8c"",""7h""],""loss_category"":""other_showdown_loss""},{""hand"":81,""chips"":-8,""hole"":[""4c"",""4d""],""board"":[""Qc"",""6d"",""8c""],""loss_category"":""postflop_invest_then_fold""},{""hand"":67,""chips"":-7,""hole"":[""6s"",""Qs""],""board"":[""9d"",""Qc"",""Ts"",""Qh"",""Jc""],""loss_category"":""postflop_invest_then_fold""}]"
j97bebn290jskdm8pcw1vxqs1d8fkxm5,ladder,100,241,89,0,0,0,0,1,47.925048828125,158.074951171875,206,[],"{""blind_only_fold"":{""hands"":21,""chips"":-31},""non_losing_hand"":{""hands"":78,""chips"":280},""postflop_invest_then_fold"":{""hands"":1,""chips"":-8}}","[{""hand"":96,""chips"":-8,""hole"":[""Ah"",""Tc""],""board"":[""9c"",""Qc"",""4h"",""2h""],""loss_category"":""postflop_invest_then_fold""},{""hand"":0,""chips"":-2,""hole"":[""6c"",""4h""],""board"":[],""loss_category"":""blind_only_fold""},{""hand"":16,""chips"":-2,""hole"":[""Qh"",""2c""],""board"":[],""loss_category"":""blind_only_fold""},{""hand"":24,""chips"":-2,""hole"":[""4s"",""9c""],""board"":[],""loss_category"":""blind_only_fold""},{""hand"":32,""chips"":-2,""hole"":[""6h"",""7c""],""board"":[""Qd"",""3d"",""2h""],""loss_category"":""blind_only_fold""}]"
j975jyetfdmbjrn1156pxe4rfn8fj1ck,ladder,100,241,89,0,0,0,0,0,0,0,0,[],"{""non_losing_hand"":{""hands"":78,""chips"":325},""blind_only_fold"":{""hands"":15,""chips"":-21},""postflop_invest_then_fold"":{""hands"":4,""chips"":-37},""other_showdown_loss"":{""hands"":1,""chips"":-16},""preflop_invest_then_fold"":{""hands"":2,""chips"":-10}}","[{""hand"":28,""chips"":-16,""hole"":[""Td"",""Th""],""board"":[""8h"",""Kh"",""9d"",""7s"",""4d""],""loss_category"":""other_showdown_loss""},{""hand"":36,""chips"":-14,""hole"":[""Qc"",""Kh""],""board"":[""5s"",""Js"",""4d"",""8d""],""loss_category"":""postflop_invest_then_fold""},{""hand"":6,""chips"":-10,""hole"":[""Qh"",""Kc""],""board"":[""9c"",""2s"",""4d"",""5d""],""loss_category"":""postflop_invest_then_fold""},{""hand"":4,""chips"":-7,""hole"":[""4d"",""Ah""],""board"":[""4s"",""7s"",""Js"",""Td""],""loss_category"":""postflop_invest_then_fold""},{""hand"":58,""chips"":-6,""hole"":[""2c"",""2d""],""board"":[""9d"",""Js"",""Ah"",""Kd"",""Qh""],""loss_category"":""postflop_invest_then_fold""}]"
j97a7j852j7br2b3434c25jwjs8fj5bv,ladder,100,247,87,0,0,0,0,0,0,0,0,[],"{""non_losing_hand"":{""hands"":75,""chips"":349},""preflop_invest_then_fold"":{""hands"":1,""chips"":-5},""postflop_invest_then_fold"":{""hands"":4,""chips"":-45},""blind_only_fold"":{""hands"":18,""chips"":-27},""other_showdown_loss"":{""hands"":2,""chips"":-25}}","[{""hand"":2,""chips"":-23,""hole"":[""Ac"",""8c""],""board"":[""Ts"",""3c"",""3d"",""9s""],""loss_category"":""postflop_invest_then_fold""},{""hand"":35,""chips"":-19,""hole"":[""Qh"",""Ks""],""board"":[""Td"",""8s"",""7d"",""8h"",""Qd""],""loss_category"":""other_showdown_loss""},{""hand"":5,""chips"":-10,""hole"":[""5s"",""5d""],""board"":[""9d"",""6s"",""7c"",""Kh""],""loss_category"":""postflop_invest_then_fold""},{""hand"":60,""chips"":-6,""hole"":[""7d"",""7h""],""board"":[""8s"",""4h"",""Ad""],""loss_category"":""postflop_invest_then_fold""},{""hand"":75,""chips"":-6,""hole"":[""5h"",""5s""],""board"":[""Td"",""Jd"",""Ah""],""loss_category"":""postflop_invest_then_fold""}]"
j977qp3ve3qkfrv2ae35nsvyrn8fjbyp,ladder,100,248,92,0,0,0,0,1,106.4622802734375,296.5377197265625,403,[],"{""non_losing_hand"":{""hands"":72,""chips"":504},""blind_only_fold"":{""hands"":21,""chips"":-31},""other_showdown_loss"":{""hands"":1,""chips"":-32},""failed_semibluff_hand"":{""hands"":1,""chips"":-145},""postflop_invest_then_fold"":{""hands"":5,""chips"":-48}}","[{""hand"":24,""chips"":-145,""hole"":[""Ah"",""Qh""],""board"":[""Ts"",""2s"",""Kd"",""2d"",""3s""],""loss_category"":""failed_semibluff_hand""},{""hand"":10,""chips"":-32,""hole"":[""Jc"",""Jh""],""board"":[""7s"",""4d"",""9c"",""Kh"",""2d""],""loss_category"":""other_showdown_loss""},{""hand"":83,""chips"":-18,""hole"":[""Kc"",""As""],""board"":[""3h"",""4h"",""9s""],""loss_category"":""postflop_invest_then_fold""},{""hand"":30,""chips"":-15,""hole"":[""Tc"",""Qs""],""board"":[""4h"",""2h"",""8s"",""5s""],""loss_category"":""postflop_invest_then_fold""},{""hand"":34,""chips"":-5,""hole"":[""Kh"",""Jc""],""board"":[""5d"",""3h"",""3d"",""6s"",""8h""],""loss_category"":""postflop_invest_then_fold""}]"
j979byv2162hsqb5wx5zmbsvw18fjz8r,ladder,100,249,92,1,1,0,-255,0,0,0,0,"[""j979byv2162hsqb5wx5zmbsvw18fjz8r:29:19""]","{""non_losing_hand"":{""hands"":78,""chips"":290},""blind_only_fold"":{""hands"":20,""chips"":-30},""postflop_invest_then_fold"":{""hands"":2,""chips"":-11}}","[{""hand"":84,""chips"":-6,""hole"":[""Ah"",""Jd""],""board"":[""9h"",""6s"",""Kh"",""7d"",""9c""],""loss_category"":""postflop_invest_then_fold""},{""hand"":76,""chips"":-5,""hole"":[""7d"",""8d""],""board"":[""2c"",""5c"",""Kc"",""Kh""],""loss_category"":""postflop_invest_then_fold""},{""hand"":4,""chips"":-2,""hole"":[""Ks"",""4c""],""board"":[""8d"",""5h"",""Kc""],""loss_category"":""blind_only_fold""},{""hand"":12,""chips"":-2,""hole"":[""4d"",""5c""],""board"":[""2c"",""Jd"",""6d""],""loss_category"":""blind_only_fold""},{""hand"":20,""chips"":-2,""hole"":[""8h"",""2s""],""board"":[""Ts"",""6d"",""Th"",""4s""],""loss_category"":""blind_only_fold""}]"
j9724gtczdkay5esztbs6q67qn8fkr31,ladder,100,249,91,0,0,0,0,3,-198.421875,413.421875,215,[],"{""non_losing_hand"":{""hands"":74,""chips"":510},""blind_only_fold"":{""hands"":21,""chips"":-31},""profitable_allin_lost_runout"":{""hands"":1,""chips"":-200},""preflop_invest_then_fold"":{""hands"":1,""chips"":-5},""postflop_invest_then_fold"":{""hands"":3,""chips"":-25}}","[{""hand"":23,""chips"":-200,""hole"":[""Kc"",""Ah""],""board"":[""2h"",""6d"",""5c"",""8d"",""Jc""],""loss_category"":""profitable_allin_lost_runout""},{""hand"":94,""chips"":-15,""hole"":[""7d"",""7c""],""board"":[""5c"",""Qc"",""8s"",""5h""],""loss_category"":""postflop_invest_then_fold""},{""hand"":63,""chips"":-5,""hole"":[""Qs"",""Js""],""board"":[],""loss_category"":""preflop_invest_then_fold""},{""hand"":75,""chips"":-5,""hole"":[""Kd"",""7d""],""board"":[""6h"",""2d"",""4s""],""loss_category"":""postflop_invest_then_fold""},{""hand"":91,""chips"":-5,""hole"":[""Qc"",""Td""],""board"":[""7d"",""Ks"",""2s""],""loss_category"":""postflop_invest_then_fold""}]"
j976zhncmyaq3xabea801pm86s8fk488,ladder,100,250,94,0,0,0,0,0,0,0,0,[],"{""non_losing_hand"":{""hands"":70,""chips"":468},""blind_only_fold"":{""hands"":20,""chips"":-28},""postflop_invest_then_fold"":{""hands"":5,""chips"":-41},""other_showdown_loss"":{""hands"":3,""chips"":-138},""preflop_invest_then_fold"":{""hands"":2,""chips"":-11}}","[{""hand"":27,""chips"":-125,""hole"":[""Qh"",""Kh""],""board"":[""8h"",""4c"",""Th"",""5s"",""8c""],""loss_category"":""other_showdown_loss""},{""hand"":64,""chips"":-21,""hole"":[""Kc"",""9c""],""board"":[""Qh"",""4s"",""Ah"",""Td""],""loss_category"":""postflop_invest_then_fold""},{""hand"":62,""chips"":-11,""hole"":[""Ts"",""Td""],""board"":[""7h"",""9d"",""Kc"",""Jc"",""7d""],""loss_category"":""other_showdown_loss""},{""hand"":90,""chips"":-6,""hole"":[""Ac"",""5c""],""board"":[],""loss_category"":""preflop_invest_then_fold""},{""hand"":97,""chips"":-6,""hole"":[""2h"",""2d""],""board"":[""8s"",""4h"",""7d""],""loss_category"":""postflop_invest_then_fold""}]"
j97cnpr6pn4ft3sdzm6hhbzsz18fkk3s,ladder,100,255,90,0,0,0,0,2,257.54829545454544,-251.54829545454544,6,[],"{""preflop_invest_then_fold"":{""hands"":4,""chips"":-20},""non_losing_hand"":{""hands"":69,""chips"":623},""blind_only_fold"":{""hands"":19,""chips"":-27},""postflop_invest_then_fold"":{""hands"":6,""chips"":-64},""failed_semibluff_hand"":{""hands"":1,""chips"":-57},""other_losing_allin"":{""hands"":1,""chips"":-200}}","[{""hand"":55,""chips"":-200,""hole"":[""8h"",""Ad""],""board"":[""4s"",""8c"",""7s"",""Jc"",""9c""],""loss_category"":""other_losing_allin""},{""hand"":27,""chips"":-57,""hole"":[""Kd"",""Jc""],""board"":[""4d"",""Qh"",""Th"",""4h"",""Tc""],""loss_category"":""failed_semibluff_hand""},{""hand"":60,""chips"":-32,""hole"":[""9h"",""Th""],""board"":[""7h"",""2h"",""Kc"",""7s"",""Ad""],""loss_category"":""postflop_invest_then_fold""},{""hand"":20,""chips"":-9,""hole"":[""As"",""9h""],""board"":[""3d"",""8c"",""8h"",""4c""],""loss_category"":""postflop_invest_then_fold""},{""hand"":23,""chips"":-8,""hole"":[""Ad"",""Td""],""board"":[""7c"",""4h"",""Kh""],""loss_category"":""postflop_invest_then_fold""}]"
j9731j9zrnskvrhyv02jhb8q798fkyc8,ladder,100,256,89,0,0,0,0,0,0,0,0,[],"{""non_losing_hand"":{""hands"":79,""chips"":318},""blind_only_fold"":{""hands"":18,""chips"":-27},""postflop_invest_then_fold"":{""hands"":1,""chips"":-2},""other_showdown_loss"":{""hands"":2,""chips"":-33}}","[{""hand"":60,""chips"":-24,""hole"":[""3s"",""As""],""board"":[""2c"",""4d"",""9d"",""Kd"",""Th""],""loss_category"":""other_showdown_loss""},{""hand"":75,""chips"":-9,""hole"":[""4s"",""4d""],""board"":[""5d"",""Qs"",""Kh"",""7h"",""7s""],""loss_category"":""other_showdown_loss""},{""hand"":12,""chips"":-2,""hole"":[""Ks"",""Td""],""board"":[""Qs"",""6c"",""2d""],""loss_category"":""blind_only_fold""},{""hand"":20,""chips"":-2,""hole"":[""7s"",""7d""],""board"":[],""loss_category"":""blind_only_fold""},{""hand"":28,""chips"":-2,""hole"":[""5h"",""3h""],""board"":[""9c"",""7d"",""9d"",""4d""],""loss_category"":""postflop_invest_then_fold""}]"
j974s0bzmh9pw0t4gyjfg9ndgs8fk7a8,ladder,100,257,79,3,3,0,101,2,347.270263671875,69.729736328125,417,"[""j974s0bzmh9pw0t4gyjfg9ndgs8fk7a8:76:14"",""j974s0bzmh9pw0t4gyjfg9ndgs8fk7a8:94:17"",""j974s0bzmh9pw0t4gyjfg9ndgs8fk7a8:97:15""]","{""non_losing_hand"":{""hands"":81,""chips"":502},""blind_only_fold"":{""hands"":13,""chips"":-18},""other_showdown_loss"":{""hands"":2,""chips"":-14},""preflop_invest_then_fold"":{""hands"":1,""chips"":-5},""probable_bad_terminal_call"":{""hands"":3,""chips"":-208}}","[{""hand"":97,""chips"":-88,""hole"":[""8d"",""8h""],""board"":[""Td"",""Ah"",""2s"",""Jd"",""Js""],""loss_category"":""probable_bad_terminal_call""},{""hand"":76,""chips"":-68,""hole"":[""5c"",""5s""],""board"":[""Qd"",""Ad"",""Jh"",""As"",""7s""],""loss_category"":""probable_bad_terminal_call""},{""hand"":94,""chips"":-52,""hole"":[""Kh"",""Qc""],""board"":[""2d"",""7s"",""Jh"",""As"",""2c""],""loss_category"":""probable_bad_terminal_call""},{""hand"":22,""chips"":-9,""hole"":[""4d"",""4h""],""board"":[""3s"",""Ks"",""7s"",""6c"",""2h""],""loss_category"":""other_showdown_loss""},{""hand"":47,""chips"":-5,""hole"":[""8h"",""6h""],""board"":[""3d"",""7s"",""5s"",""3h"",""5h""],""loss_category"":""other_showdown_loss""}]"
j976xc3rrc1640xgtgw3rp71ah8fjvgp,ladder,100,265,88,1,1,0,12,0,0,0,0,"[""j976xc3rrc1640xgtgw3rp71ah8fjvgp:46:20""]","{""non_losing_hand"":{""hands"":79,""chips"":321},""blind_only_fold"":{""hands"":20,""chips"":-28},""probable_bad_terminal_call"":{""hands"":1,""chips"":-28}}","[{""hand"":46,""chips"":-28,""hole"":[""Jc"",""Jd""],""board"":[""Kh"",""Qc"",""8d"",""5c"",""Ah""],""loss_category"":""probable_bad_terminal_call""},{""hand"":5,""chips"":-2,""hole"":[""9d"",""7c""],""board"":[],""loss_category"":""blind_only_fold""},{""hand"":13,""chips"":-2,""hole"":[""9h"",""Qc""],""board"":[],""loss_category"":""blind_only_fold""},{""hand"":29,""chips"":-2,""hole"":[""3d"",""2s""],""board"":[],""loss_category"":""blind_only_fold""},{""hand"":37,""chips"":-2,""hole"":[""Td"",""4h""],""board"":[],""loss_category"":""blind_only_fold""}]"
j973c1hxyrfz7vbqvzh7x237wd8fj7zp,ladder,100,279,89,0,0,0,0,1,233.73863636363637,-31.738636363636374,202,[],"{""non_losing_hand"":{""hands"":72,""chips"":470},""blind_only_fold"":{""hands"":24,""chips"":-36},""other_showdown_loss"":{""hands"":3,""chips"":-150},""postflop_invest_then_fold"":{""hands"":1,""chips"":-5}}","[{""hand"":69,""chips"":-140,""hole"":[""Kh"",""Ks""],""board"":[""4c"",""6h"",""Tc"",""Ah"",""8d""],""loss_category"":""other_showdown_loss""},{""hand"":16,""chips"":-5,""hole"":[""9h"",""9c""],""board"":[""Jc"",""Ac"",""7h"",""Ad"",""As""],""loss_category"":""other_showdown_loss""},{""hand"":38,""chips"":-5,""hole"":[""6h"",""6d""],""board"":[""Qs"",""5c"",""7c"",""3h"",""4s""],""loss_category"":""postflop_invest_then_fold""},{""hand"":94,""chips"":-5,""hole"":[""Qd"",""Ad""],""board"":[""9c"",""4h"",""Kd"",""Ks"",""Jh""],""loss_category"":""other_showdown_loss""},{""hand"":2,""chips"":-2,""hole"":[""4h"",""7d""],""board"":[""5h"",""9s"",""5c"",""Kc"",""Ad""],""loss_category"":""blind_only_fold""}]"
j97cb27c0963jaa84m1x3hbdh18fj3e2,ladder,100,283,91,0,0,0,0,2,53.06770833333326,147.93229166666674,201,[],"{""non_losing_hand"":{""hands"":73,""chips"":584},""blind_only_fold"":{""hands"":20,""chips"":-29},""postflop_invest_then_fold"":{""hands"":5,""chips"":-65},""other_losing_allin"":{""hands"":1,""chips"":-200},""preflop_invest_then_fold"":{""hands"":1,""chips"":-7}}","[{""hand"":19,""chips"":-200,""hole"":[""Qs"",""Qc""],""board"":[""6s"",""Ac"",""2c"",""Ah"",""6h""],""loss_category"":""other_losing_allin""},{""hand"":93,""chips"":-41,""hole"":[""As"",""Td""],""board"":[""8h"",""4d"",""Qd"",""Kc"",""5h""],""loss_category"":""postflop_invest_then_fold""},{""hand"":12,""chips"":-7,""hole"":[""5d"",""7d""],""board"":[""Jc"",""Tc"",""3d"",""Qd""],""loss_category"":""postflop_invest_then_fold""},{""hand"":20,""chips"":-7,""hole"":[""Kc"",""3c""],""board"":[],""loss_category"":""preflop_invest_then_fold""},{""hand"":68,""chips"":-7,""hole"":[""8c"",""7c""],""board"":[""Ts"",""4d"",""2d"",""Th"",""6c""],""loss_category"":""postflop_invest_then_fold""}]"
j976e9hpgn0rpxm1fwa2zta9ah8fjz6z,ladder,100,302,90,0,0,0,0,0,0,0,0,[],"{""non_losing_hand"":{""hands"":75,""chips"":381},""blind_only_fold"":{""hands"":17,""chips"":-23},""postflop_invest_then_fold"":{""hands"":8,""chips"":-56}}","[{""hand"":31,""chips"":-12,""hole"":[""4h"",""5h""],""board"":[""3h"",""5d"",""Kd"",""Tc""],""loss_category"":""postflop_invest_then_fold""},{""hand"":30,""chips"":-11,""hole"":[""6h"",""6d""],""board"":[""8c"",""5h"",""3h"",""Js""],""loss_category"":""postflop_invest_then_fold""},{""hand"":23,""chips"":-6,""hole"":[""7d"",""7c""],""board"":[""4d"",""2d"",""Ah""],""loss_category"":""postflop_invest_then_fold""},{""hand"":83,""chips"":-6,""hole"":[""6d"",""6s""],""board"":[""Kh"",""As"",""Kc""],""loss_category"":""postflop_invest_then_fold""},{""hand"":84,""chips"":-6,""hole"":[""3s"",""3c""],""board"":[""Td"",""6h"",""Ks"",""Th""],""loss_category"":""postflop_invest_then_fold""}]"
j97dawwzk65wttr416k4fymk618fj8ve,ladder,100,338,88,0,0,0,0,1,0.0,208.0,208,[],"{""blind_only_fold"":{""hands"":19,""chips"":-25},""non_losing_hand"":{""hands"":71,""chips"":462},""postflop_invest_then_fold"":{""hands"":6,""chips"":-79},""preflop_invest_then_fold"":{""hands"":4,""chips"":-20}}","[{""hand"":53,""chips"":-41,""hole"":[""Ah"",""Ks""],""board"":[""4s"",""8h"",""Td"",""2d""],""loss_category"":""postflop_invest_then_fold""},{""hand"":20,""chips"":-15,""hole"":[""Ac"",""Jc""],""board"":[""8h"",""7h"",""3d"",""5s""],""loss_category"":""postflop_invest_then_fold""},{""hand"":9,""chips"":-6,""hole"":[""8d"",""Ad""],""board"":[""Ts"",""2h"",""Jh""],""loss_category"":""postflop_invest_then_fold""},{""hand"":25,""chips"":-6,""hole"":[""Qs"",""Jd""],""board"":[""Th"",""As"",""7d""],""loss_category"":""postflop_invest_then_fold""},{""hand"":81,""chips"":-6,""hole"":[""4c"",""4d""],""board"":[""Kc"",""Ac"",""7h""],""loss_category"":""postflop_invest_then_fold""}]"
j972ev8hdz4qhzpdkvbnqb9zpn8fkemk,ladder,100,353,87,0,0,0,0,1,25.950757575757564,177.04924242424244,203,[],"{""blind_only_fold"":{""hands"":22,""chips"":-32},""non_losing_hand"":{""hands"":76,""chips"":421},""postflop_invest_then_fold"":{""hands"":1,""chips"":-5},""other_showdown_loss"":{""hands"":1,""chips"":-31}}","[{""hand"":84,""chips"":-31,""hole"":[""6c"",""6h""],""board"":[""Ac"",""3d"",""Kd"",""Qh"",""2h""],""loss_category"":""other_showdown_loss""},{""hand"":44,""chips"":-5,""hole"":[""Qh"",""Kc""],""board"":[""Jd"",""6c"",""9c"",""6s"",""Qc""],""loss_category"":""postflop_invest_then_fold""},{""hand"":9,""chips"":-2,""hole"":[""3s"",""Tc""],""board"":[],""loss_category"":""blind_only_fold""},{""hand"":17,""chips"":-2,""hole"":[""7c"",""6h""],""board"":[],""loss_category"":""blind_only_fold""},{""hand"":33,""chips"":-2,""hole"":[""2h"",""7d""],""board"":[],""loss_category"":""blind_only_fold""}]"
j976c09e4kqxcp10pr94ftc4398fkdcb,ladder,100,354,82,0,0,0,0,1,37.39962121212119,165.6003787878788,203,[],"{""postflop_invest_then_fold"":{""hands"":3,""chips"":-17},""blind_only_fold"":{""hands"":18,""chips"":-26},""non_losing_hand"":{""hands"":78,""chips"":402},""preflop_invest_then_fold"":{""hands"":1,""chips"":-5}}","[{""hand"":0,""chips"":-8,""hole"":[""4d"",""4s""],""board"":[""Qd"",""Th"",""Ad""],""loss_category"":""postflop_invest_then_fold""},{""hand"":26,""chips"":-5,""hole"":[""5d"",""Ad""],""board"":[""9d"",""9s"",""Js"",""5s"",""7d""],""loss_category"":""postflop_invest_then_fold""},{""hand"":53,""chips"":-5,""hole"":[""Js"",""Ks""],""board"":[],""loss_category"":""preflop_invest_then_fold""},{""hand"":41,""chips"":-4,""hole"":[""5c"",""6d""],""board"":[""Qh"",""Js"",""Ac"",""5s"",""9d""],""loss_category"":""postflop_invest_then_fold""},{""hand"":1,""chips"":-2,""hole"":[""6d"",""Jc""],""board"":[],""loss_category"":""blind_only_fold""}]"
j97d6bjdn2zqgp78ffr1wg61w98fj0k5,ladder,100,360,96,0,0,0,0,1,26.0,190.0,216,[],"{""non_losing_hand"":{""hands"":74,""chips"":435},""blind_only_fold"":{""hands"":23,""chips"":-34},""postflop_invest_then_fold"":{""hands"":2,""chips"":-10},""other_showdown_loss"":{""hands"":1,""chips"":-31}}","[{""hand"":54,""chips"":-31,""hole"":[""Td"",""Tc""],""board"":[""3d"",""Kd"",""6s"",""Qc"",""2c""],""loss_category"":""other_showdown_loss""},{""hand"":4,""chips"":-5,""hole"":[""Jc"",""8c""],""board"":[""Ts"",""4h"",""4d"",""6h"",""3s""],""loss_category"":""postflop_invest_then_fold""},{""hand"":99,""chips"":-5,""hole"":[""5s"",""5h""],""board"":[""8d"",""7c"",""Tc"",""Ks"",""Kd""],""loss_category"":""postflop_invest_then_fold""},{""hand"":12,""chips"":-2,""hole"":[""8c"",""2d""],""board"":[""Ac"",""3c"",""Ah""],""loss_category"":""blind_only_fold""},{""hand"":20,""chips"":-2,""hole"":[""2d"",""Td""],""board"":[],""loss_category"":""blind_only_fold""}]"
j97eh3wqhp5j93rnrm4exyr7eh8fjj0d,ladder,100,362,87,0,0,0,0,0,0,0,0,[],"{""non_losing_hand"":{""hands"":77,""chips"":635},""postflop_invest_then_fold"":{""hands"":8,""chips"":-183},""blind_only_fold"":{""hands"":13,""chips"":-17},""other_showdown_loss"":{""hands"":2,""chips"":-73}}","[{""hand"":36,""chips"":-66,""hole"":[""4c"",""4s""],""board"":[""8s"",""5s"",""2c"",""3d"",""7c""],""loss_category"":""other_showdown_loss""},{""hand"":20,""chips"":-61,""hole"":[""Qs"",""Jh""],""board"":[""8s"",""Jc"",""Ah"",""Kc"",""7c""],""loss_category"":""postflop_invest_then_fold""},{""hand"":38,""chips"":-54,""hole"":[""Qh"",""Qs""],""board"":[""6s"",""3s"",""Th"",""9h"",""Ad""],""loss_category"":""postflop_invest_then_fold""},{""hand"":46,""chips"":-42,""hole"":[""Jc"",""Js""],""board"":[""3h"",""Ac"",""3c"",""5s"",""4c""],""loss_category"":""postflop_invest_then_fold""},{""hand"":4,""chips"":-10,""hole"":[""3d"",""3h""],""board"":[""Qd"",""8d"",""2s"",""Tc""],""loss_category"":""postflop_invest_then_fold""}]"
j97042t40hn5vbd7tw4kvzjj218fj5h7,ladder,100,404,84,0,0,0,0,0,0,0,0,[],"{""non_losing_hand"":{""hands"":80,""chips"":450},""other_showdown_loss"":{""hands"":1,""chips"":-16},""blind_only_fold"":{""hands"":18,""chips"":-25},""preflop_invest_then_fold"":{""hands"":1,""chips"":-5}}","[{""hand"":9,""chips"":-16,""hole"":[""Jd"",""Th""],""board"":[""8c"",""Kh"",""7c"",""4h"",""5h""],""loss_category"":""other_showdown_loss""},{""hand"":19,""chips"":-5,""hole"":[""Jd"",""Td""],""board"":[],""loss_category"":""preflop_invest_then_fold""},{""hand"":10,""chips"":-2,""hole"":[""7c"",""3c""],""board"":[""7h"",""5d"",""9d"",""Ah""],""loss_category"":""blind_only_fold""},{""hand"":26,""chips"":-2,""hole"":[""Qs"",""8s""],""board"":[""2d"",""9d"",""Kh""],""loss_category"":""blind_only_fold""},{""hand"":34,""chips"":-2,""hole"":[""Ts"",""9h""],""board"":[""6c"",""4h"",""Js"",""8h"",""Kh""],""loss_category"":""blind_only_fold""}]"
j97egge3y8hqnchav4d99nfa6h8fkyg1,ladder,100,413,87,0,0,0,0,0,0,0,0,[],"{""non_losing_hand"":{""hands"":78,""chips"":506},""blind_only_fold"":{""hands"":19,""chips"":-29},""postflop_invest_then_fold"":{""hands"":1,""chips"":-5},""other_showdown_loss"":{""hands"":1,""chips"":-53},""preflop_invest_then_fold"":{""hands"":1,""chips"":-6}}","[{""hand"":82,""chips"":-53,""hole"":[""9h"",""Ad""],""board"":[""Js"",""Kc"",""9s"",""2d"",""2h""],""loss_category"":""other_showdown_loss""},{""hand"":92,""chips"":-6,""hole"":[""6s"",""6c""],""board"":[""Ah"",""2d"",""4s"",""Qh"",""Js""],""loss_category"":""preflop_invest_then_fold""},{""hand"":9,""chips"":-5,""hole"":[""5s"",""5c""],""board"":[""Js"",""3h"",""Ts"",""7d"",""2h""],""loss_category"":""postflop_invest_then_fold""},{""hand"":2,""chips"":-2,""hole"":[""3s"",""Td""],""board"":[],""loss_category"":""blind_only_fold""},{""hand"":10,""chips"":-2,""hole"":[""3s"",""Th""],""board"":[],""loss_category"":""blind_only_fold""}]"
j972wgk491evwkhkbgxnvyj4p18fkgzk,ladder,100,460,88,1,0,1,0,0,0,0,0,"[""j972wgk491evwkhkbgxnvyj4p18fkgzk:79:10""]","{""blind_only_fold"":{""hands"":16,""chips"":-23},""non_losing_hand"":{""hands"":74,""chips"":570},""preflop_invest_then_fold"":{""hands"":7,""chips"":-35},""other_showdown_loss"":{""hands"":2,""chips"":-28},""probable_missed_terminal_call"":{""hands"":1,""chips"":-24}}","[{""hand"":79,""chips"":-24,""hole"":[""Qh"",""Ac""],""board"":[],""loss_category"":""probable_missed_terminal_call""},{""hand"":48,""chips"":-22,""hole"":[""7c"",""5c""],""board"":[""5s"",""2c"",""Qh"",""6d"",""Kd""],""loss_category"":""other_showdown_loss""},{""hand"":56,""chips"":-6,""hole"":[""3s"",""3c""],""board"":[""2s"",""Qh"",""8s"",""7d"",""Th""],""loss_category"":""other_showdown_loss""},{""hand"":38,""chips"":-5,""hole"":[""Qc"",""Kh""],""board"":[""7d"",""4s"",""7h"",""Ts"",""Th""],""loss_category"":""preflop_invest_then_fold""},{""hand"":44,""chips"":-5,""hole"":[""9s"",""As""],""board"":[],""loss_category"":""preflop_invest_then_fold""}]"
