version,id,street,action,hole,board,pot,call,classification,public_ev_lower,public_ev_upper,hand_chips,game_chips,bot_equity,equity_samples,stop_reason,context,conservative_model_cost
Archived call calibration,t000003-g4-c1:40:11,river,call,"[""9h"", ""Ad""]","[""Jh"", ""2c"", ""Kh"", ""Qc"", ""5c""]",103,34,probable_bad_terminal_call,-33.48501081200801,-25.230189850855968,-68,62,0.328125,768,iteration_limit,tracked range estimate,25.230189850855968
Archived call calibration,t000007-g2-c1:37:10,river,call,"[""9s"", ""9c""]","[""Jh"", ""4s"", ""4h"", ""Qc"", ""3c""]",198,99,probable_bad_terminal_call,-77.11910429733332,-2.751814643480689,-148,104,0.44140625,768,iteration_limit,tracked range estimate,2.751814643480689
Archived call calibration,t000010-g2-c1:37:7,preflop,fold,"[""Js"", ""As""]",[],208,195,probable_missed_terminal_call,19.329294289979703,42.38898791204953,-5,542,0.46875,768,iteration_limit,tracked range estimate,19.329294289979703
Archived call calibration,t000018-g5-c1:42:9,flop,call,"[""Qh"", ""Qs""]","[""Ks"", ""Ah"", ""6c""]",210,195,probable_bad_terminal_call,-69.35900569960661,-5.019256024783722,-200,-351,0.6002604166666666,768,iteration_limit,tracked range estimate,5.019256024783722
Archived call calibration,t000022-g0-c1:82:17,river,call,"[""Ah"", ""Qd""]","[""Jh"", ""4c"", ""9h"", ""5c"", ""Ks""]",84,28,probable_bad_terminal_call,-23.430156858162828,-5.250193303614275,-51,173,0.484375,768,iteration_limit,tracked range estimate,5.250193303614275
Archived call calibration,t000034-g0-c1:90:8,preflop,fold,"[""Kd"", ""Qh""]",[],211,195,probable_missed_terminal_call,4.182755236479307,14.619938410158344,-5,105,0.4674479166666667,768,iteration_limit,tracked range estimate,4.182755236479307
Archived call calibration,t000043-g0-c1:73:12,river,call,"[""Ac"", ""Th""]","[""Kh"", ""3h"", ""5c"", ""Jd"", ""8c""]",36,12,probable_bad_terminal_call,-9.684148614197376,-2.7395623159893274,-24,-189,0.4440104166666667,768,iteration_limit,tracked range estimate,2.7395623159893274
Archived call calibration,t000060-g1-c1:63:7,preflop,fold,"[""Kh"", ""Ks""]",[],208,195,probable_missed_terminal_call,112.60209574126782,122.95990481276925,-5,598,,,,no accepted equity estimate,112.60209574126782
Archived call calibration,t000080-g1-c1:6:5,preflop,fold,"[""6h"", ""6c""]",[],206,195,probable_missed_terminal_call,2.3228804202794695,13.144615873056143,-5,351,0.4713541666666667,768,iteration_limit,tracked range estimate,2.3228804202794695
Archived call calibration,t000080-g3-c1:0:5,preflop,fold,"[""Qh"", ""Kh""]",[],206,195,probable_missed_terminal_call,11.486833216268959,21.84536181975845,-5,-321,0.4931740614334471,586,time_budget,tracked range estimate,11.486833216268959
Archived call calibration,t000082-g1-c1:49:7,preflop,fold,"[""Kd"", ""As""]",[],218,185,probable_missed_terminal_call,2.849329828853211,43.67249048484027,-15,-136,0.4576822916666667,768,iteration_limit,tracked range estimate,2.849329828853211
Archived call calibration,t000082-g4-c1:89:6,preflop,fold,"[""Jc"", ""Kc""]",[],406,195,probable_missed_terminal_call,7.874278780114164,21.28020599795538,-5,16,0.2892795138888889,768,iteration_limit,tracked range estimate,7.874278780114164
Archived call calibration,t000085-g0-c1:41:7,preflop,fold,"[""Qs"", ""Ad""]",[],207,195,probable_missed_terminal_call,18.65812849466013,44.67523395303289,-5,45,0.5126728110599078,434,time_budget,tracked range estimate,18.65812849466013
Archived call calibration,t000089-g3-c1:60:7,preflop,fold,"[""Ah"", ""Jd""]",[],208,195,probable_missed_terminal_call,12.25097387818721,36.5388511267838,-5,16,0.5026041666666666,768,iteration_limit,tracked range estimate,12.25097387818721
Archived call calibration,t000092-g2-c1:2:7,preflop,fold,"[""8h"", ""8d""]",[],407,195,probable_missed_terminal_call,17.367527388902012,39.42406006053444,-5,63,0.33939393939393936,330,time_budget,tracked range estimate,17.367527388902012
Archived call calibration,t000099-g0-c1:40:13,river,fold,"[""Qc"", ""Qh""]","[""6s"", ""7c"", ""3s"", ""Ac"", ""Kd""]",148,49,probable_missed_terminal_call,10.556145334295467,48.05948077736131,-49,101,0.3118489583333333,768,iteration_limit,tracked range estimate,10.556145334295467
Archived call calibration,t000103-g1-c1:81:11,flop,fold,"[""Ad"", ""Kc""]","[""4h"", ""2d"", ""3h""]",219,191,probable_missed_terminal_call,21.491280354848964,42.291364443630115,-9,389,0.4381510416666667,768,iteration_limit,tracked range estimate,21.491280354848964
Archived call calibration,t000108-g3-c1:78:7,flop,fold,"[""7c"", ""Tc""]","[""7s"", ""Jd"", ""2h""]",215,185,probable_missed_terminal_call,6.317907393151732,68.44442620622644,-15,610,0.5286343612334802,454,time_budget,tracked range estimate,6.317907393151732
Archived call calibration,t000111-g1-c1:19:5,preflop,fold,"[""9c"", ""Ac""]",[],207,195,probable_missed_terminal_call,2.357906843929918,18.956114103652816,-5,-262,0.47058823529411764,391,time_budget,tracked range estimate,2.357906843929918
Archived call calibration,t000111-g3-c1:17:5,preflop,fold,"[""Ah"", ""Jh""]",[],207,195,probable_missed_terminal_call,18.56198010174367,40.382333169546115,-5,233,0.4884318766066838,389,time_budget,tracked range estimate,18.56198010174367
Archived call calibration,t000115-g5-c1:76:7,preflop,fold,"[""Ah"", ""Jd""]",[],207,195,probable_missed_terminal_call,13.413648596433344,32.12155417925471,-5,-504,0.49609375,768,iteration_limit,tracked range estimate,13.413648596433344
Archived call calibration,t000116-g1-c1:90:7,preflop,fold,"[""As"", ""Kd""]",[],222,180,probable_missed_terminal_call,8.145535262968345,56.12806097110607,-20,-53,0.4388020833333333,768,iteration_limit,tracked range estimate,8.145535262968345
Archived call calibration,t000120-g3-c1:85:7,preflop,fold,"[""Qc"", ""Kd""]",[],208,195,probable_missed_terminal_call,3.6641507328891914,13.961161750470232,-5,210,0.490234375,768,iteration_limit,tracked range estimate,3.6641507328891914
Archived call calibration,t000123-g3-c1:63:13,turn,fold,"[""Qd"", ""Qh""]","[""Kc"", ""Ac"", ""5d"", ""4s""]",305,97,probable_missed_terminal_call,28.897738976576637,55.22425638929975,-103,-14,0.22721354166666666,768,iteration_limit,tracked range estimate,28.897738976576637
Archived call calibration,t000123-g4-c1:65:13,river,call,"[""Ts"", ""Td""]","[""Ks"", ""6c"", ""4c"", ""Js"", ""6s""]",202,101,probable_bad_terminal_call,-85.64939882780986,-28.506144588597287,-148,-178,0.5384114583333334,768,iteration_limit,tracked range estimate,28.506144588597287
Archived call calibration,t000126-g0-c1:0:7,preflop,fold,"[""Qc"", ""Ac""]",[],221,185,probable_missed_terminal_call,46.36057287240171,58.871706643295575,-15,1360,0.474034620505992,751,time_budget,tracked range estimate,46.36057287240171
Archived call calibration,t000133-g3-c1:82:6,preflop,fold,"[""6c"", ""6s""]",[],207,195,probable_missed_terminal_call,3.8742036271225677,14.555697857713497,-5,-191,0.4485677083333333,768,iteration_limit,tracked range estimate,3.8742036271225677
Archived call calibration,t000133-g3-c1:90:6,preflop,fold,"[""8c"", ""Ac""]",[],208,195,probable_missed_terminal_call,3.771190393645483,14.662680007569868,-5,-191,0.4349593495934959,246,time_budget,tracked range estimate,3.771190393645483
Archived call calibration,t000144-g1-c1:96:5,preflop,fold,"[""Tc"", ""Ah""]",[],202,198,probable_missed_terminal_call,5.400526636196612,34.802209772196,-2,3,0.5240885416666666,768,iteration_limit,tracked range estimate,5.400526636196612
Archived call calibration,t000151-g2-c1:34:6,preflop,fold,"[""Ah"", ""Jh""]",[],225,182,probable_missed_terminal_call,38.49019653535199,53.7656705929516,-18,-63,0.45973645680819913,683,time_budget,tracked range estimate,38.49019653535199
Archived call calibration,t000153-g1-c1:79:12,river,fold,"[""Ts"", ""Tc""]","[""8s"", ""Ks"", ""6s"", ""8d"", ""6h""]",349,52,probable_missed_terminal_call,2.7878694800757873,98.31616817368317,-148,-24,0.146484375,768,iteration_limit,tracked range estimate,2.7878694800757873
Archived call calibration,t000167-g2-c1:18:6,preflop,fold,"[""9h"", ""9d""]",[],206,195,probable_missed_terminal_call,32.81076954881885,46.706200515340655,-5,283,0.4946319018404908,652,time_budget,tracked range estimate,32.81076954881885
Archived call calibration,t000173-g1-c1:70:7,preflop,fold,"[""Ah"", ""Kd""]",[],222,180,probable_missed_terminal_call,4.310369731308051,50.39383399507811,-20,455,0.4700520833333333,768,iteration_limit,tracked range estimate,4.310369731308051
Archived call calibration,t000176-g3-c1:15:6,preflop,fold,"[""Ah"", ""Jc""]",[],406,195,probable_missed_terminal_call,4.94354750302528,65.52005327853706,-5,-671,0.3313751087902524,766,time_budget,tracked range estimate,4.94354750302528
Archived call calibration,t000177-g3-c1:55:6,preflop,fold,"[""8s"", ""8d""]",[],407,195,probable_missed_terminal_call,21.13626654356491,77.97459565647279,-5,1491,0.3285590277777778,768,iteration_limit,tracked range estimate,21.13626654356491
Archived call calibration,t000177-g4-c1:25:6,preflop,fold,"[""Ks"", ""Qc""]",[],406,195,probable_missed_terminal_call,2.67276685981392,50.48315415749104,-5,2676,0.33138020833333337,768,iteration_limit,tracked range estimate,2.67276685981392
Archived call calibration,t000179-g1-c1:8:6,preflop,fold,"[""Kc"", ""Ah""]",[],222,180,probable_missed_terminal_call,6.44965479191948,52.29576933368679,-20,241,0.4681372549019608,612,time_budget,tracked range estimate,6.44965479191948
Archived call calibration,t000180-g1-c1:71:7,preflop,fold,"[""Jd"", ""As""]",[],405,195,probable_missed_terminal_call,3.7407051940765177,37.23109381897066,-5,-690,0.32790798611111116,768,iteration_limit,tracked range estimate,3.7407051940765177
Archived call calibration,t000180-g4-c1:36:7,preflop,fold,"[""Tc"", ""Ac""]",[],408,195,probable_missed_terminal_call,13.239391358449147,42.88568572432897,-5,114,0.350599520383693,695,time_budget,tracked range estimate,13.239391358449147
Archived call calibration,t000182-g0-c1:36:7,preflop,fold,"[""Qd"", ""Kd""]",[],424,176,probable_missed_terminal_call,14.501333050655585,27.101637309717844,-24,117,0.3088107638888889,768,iteration_limit,tracked range estimate,14.501333050655585
Archived call calibration,t000195-g2-c1:96:6,preflop,fold,"[""6d"", ""6c""]",[],207,195,probable_missed_terminal_call,3.6013113885069092,12.86145511662762,-5,-217,0.4616419919246299,743,time_budget,tracked range estimate,3.6013113885069092
Archived call calibration,t000207-g0-c1:7:5,preflop,fold,"[""Kc"", ""Qs""]",[],407,195,probable_missed_terminal_call,3.7925317141934016,52.29170924658685,-5,736,0.34526909722222227,768,iteration_limit,tracked range estimate,3.7925317141934016
Archived call calibration,t000207-g2-c1:26:6,preflop,fold,"[""Qh"", ""As""]",[],618,182,probable_missed_terminal_call,15.97610208667025,51.37489649413229,-18,1133,0.2548828125,768,iteration_limit,tracked range estimate,15.97610208667025
Archived call calibration,t000209-g4-c1:79:6,preflop,fold,"[""Ks"", ""Qd""]",[],405,195,probable_missed_terminal_call,3.1572683727588853,15.840796338913734,-5,-372,0.28725701943844495,463,time_budget,tracked range estimate,3.1572683727588853
Archived call calibration,t000212-g0-c1:33:6,preflop,fold,"[""7d"", ""7h""]",[],208,195,probable_missed_terminal_call,9.613256421370508,23.17766245781386,-5,-139,0.4759114583333333,768,iteration_limit,tracked range estimate,9.613256421370508
Archived call calibration,t000217-g1-c1:45:7,preflop,fold,"[""Js"", ""As""]",[],605,195,probable_missed_terminal_call,30.57338973430469,62.430851787583165,-5,1147,0.25011185682326625,745,time_budget,tracked range estimate,30.57338973430469
Archived call calibration,t000217-g3-c1:7:12,flop,fold,"[""Ks"", ""Kh""]","[""9h"", ""8d"", ""3h""]",265,169,probable_missed_terminal_call,157.43008599002974,182.6807115298007,-31,122,,12,time_budget,no accepted equity estimate,157.43008599002974
Archived call calibration,t000217-g4-c1:35:10,flop,fold,"[""Ts"", ""Tc""]","[""3d"", ""5h"", ""6c""]",218,185,probable_missed_terminal_call,12.32884901331914,71.1118837028427,-15,101,0.48236196319018404,652,time_budget,tracked range estimate,12.32884901331914
Archived call calibration,t000217-g4-c1:67:7,preflop,fold,"[""Kh"", ""Qd""]",[],208,195,probable_missed_terminal_call,4.959161912301903,14.868436892367887,-5,101,0.4850260416666667,768,iteration_limit,tracked range estimate,4.959161912301903
Archived call calibration,t000222-g3-c1:41:6,preflop,fold,"[""7s"", ""7d""]",[],206,195,probable_missed_terminal_call,11.215126148794639,22.519745094196384,-5,369,0.4283854166666667,768,iteration_limit,tracked range estimate,11.215126148794639
Archived call calibration,t000225-g1-c1:4:13,flop,fold,"[""As"", ""Kc""]","[""3d"", ""5c"", ""2h""]",493,109,probable_missed_terminal_call,50.66684876938949,116.1396301836628,-91,-45,0.057926360145956424,102,time_budget,conservative sparse estimate,50.66684876938949
Archived call calibration,t000232-g1-c1:12:9,preflop,fold,"[""Th"", ""Td""]",[],419,187,probable_missed_terminal_call,6.6378470528975235,57.08502054568985,-13,-39,0.2777777777777778,360,time_budget,tracked range estimate,6.6378470528975235
Archived call calibration,t000233-g1-c1:43:12,river,fold,"[""Ah"", ""5c""]","[""4d"", ""Js"", ""5d"", ""3h"", ""2s""]",216,189,probable_missed_terminal_call,42.36161793325192,58.3439464893604,-11,-67,0.5108303249097473,277,time_budget,tracked range estimate,42.36161793325192
Archived call calibration,t000234-g2-c1:1:10,flop,fold,"[""Qs"", ""Qc""]","[""Ad"", ""2s"", ""2c""]",221,182,probable_missed_terminal_call,4.788226097078507,31.195924028982787,-18,-30,0.45091623036649214,764,time_budget,tracked range estimate,4.788226097078507
Archived call calibration,t000240-g3-c1:62:15,river,fold,"[""8d"", ""7d""]","[""5s"", ""2h"", ""8s"", ""3d"", ""4c""]",347,59,probable_missed_terminal_call,16.680565446120735,131.76364851331275,-141,-623,0.23763020833333334,768,iteration_limit,tracked range estimate,16.680565446120735
Archived call calibration,t000244-g4-c1:95:11,river,call,"[""Ah"", ""Qh""]","[""5d"", ""8s"", ""4d"", ""6s"", ""8d""]",38,7,probable_bad_terminal_call,-6.083396359080557,-2.8157060157746,23,194,0.4889322916666667,768,iteration_limit,tracked range estimate,2.8157060157746
Archived call calibration,t000248-g0-c1:51:5,preflop,fold,"[""Qd"", ""Kh""]",[],406,195,probable_missed_terminal_call,4.543348211747886,48.05998309476175,-5,1354,0.3506944444444444,768,iteration_limit,tracked range estimate,4.543348211747886
Archived call calibration,t000249-g3-c1:36:5,preflop,fold,"[""Jc"", ""Kc""]",[],405,195,probable_missed_terminal_call,8.836214536999208,54.17564581828818,-5,-656,0.3526475694444444,768,iteration_limit,tracked range estimate,8.836214536999208
Archived call calibration,t000255-g2-c1:43:7,preflop,fold,"[""6c"", ""6h""]",[],211,195,probable_missed_terminal_call,4.860039650181573,15.10448840174667,-5,89,0.4420572916666667,768,iteration_limit,tracked range estimate,4.860039650181573
Archived call calibration,t000259-g2-c1:96:6,preflop,fold,"[""Tc"", ""Ac""]",[],203,198,probable_missed_terminal_call,18.971789689688748,48.11319723081965,-2,-134,0.5165413533834586,665,time_budget,tracked range estimate,18.971789689688748
Archived call calibration,t000269-g2-c1:61:6,preflop,fold,"[""Ah"", ""Th""]",[],406,195,probable_missed_terminal_call,18.034844340056118,70.27568173951491,-5,1400,0.35401891252955087,282,time_budget,tracked range estimate,18.034844340056118
Archived call calibration,t000272-g2-c1:4:4,preflop,fold,"[""Kd"", ""Qc""]",[],402,198,probable_missed_terminal_call,4.893291124849189,42.393281814651765,-2,139,0.3384458077709611,326,time_budget,tracked range estimate,4.893291124849189
Archived call calibration,t000273-g2-c1:67:7,preflop,fold,"[""Ad"", ""Td""]",[],208,195,probable_missed_terminal_call,14.716440293407203,26.627905406502098,-5,-5,0.4654947916666667,768,iteration_limit,tracked range estimate,14.716440293407203
Archived call calibration,t000275-g0-c1:40:7,preflop,fold,"[""Qc"", ""Ad""]",[],607,195,probable_missed_terminal_call,18.792261139464713,88.59180138816473,-5,1380,0.2645399305555556,768,iteration_limit,tracked range estimate,18.792261139464713
Archived call calibration,t000275-g3-c1:73:7,preflop,fold,"[""Jd"", ""As""]",[],408,195,probable_missed_terminal_call,14.255311415518946,59.81979123293072,-5,999,0.3505358150028201,591,time_budget,tracked range estimate,14.255311415518946
Archived call calibration,t000275-g4-c1:66:7,preflop,fold,"[""6d"", ""6c""]",[],408,195,probable_missed_terminal_call,4.183139152598704,36.87171604279064,-5,-8,0.310546875,768,iteration_limit,tracked range estimate,4.183139152598704
Archived call calibration,t000275-g5-c1:17:7,preflop,fold,"[""Kc"", ""Jh""]",[],605,195,probable_missed_terminal_call,7.011231840357983,33.690012352667004,-5,196,0.22363717605004468,746,time_budget,tracked range estimate,7.011231840357983
Archived call calibration,t000278-g4-c1:65:7,preflop,fold,"[""Qs"", ""Kc""]",[],207,195,probable_missed_terminal_call,2.4484804364794046,12.581152354015648,-5,-17,0.4641927083333333,768,iteration_limit,tracked range estimate,2.4484804364794046
Archived call calibration,t000293-g2-c1:33:7,preflop,fold,"[""Ac"", ""Jc""]",[],416,185,probable_missed_terminal_call,11.25836431701002,56.880607423082495,-15,-123,0.3272569444444444,768,iteration_limit,tracked range estimate,11.25836431701002
Archived call calibration,t000297-g1-c1:74:6,preflop,fold,"[""Td"", ""Ac""]",[],207,195,probable_missed_terminal_call,3.8707226433562125,22.71276493527846,-5,-208,0.4694010416666667,768,iteration_limit,tracked range estimate,3.8707226433562125
Archived call calibration,t000299-g0-c1:12:10,flop,fold,"[""Tc"", ""Kc""]","[""9c"", ""9d"", ""7c""]",212,194,probable_missed_terminal_call,2.0183228526138635,25.25955418889125,-6,297,0.5084635416666666,768,iteration_limit,tracked range estimate,2.0183228526138635
Archived call calibration,t000324-g5-c1:73:8,preflop,fold,"[""8h"", ""8c""]",[],211,195,probable_missed_terminal_call,20.68861015144666,33.53747781861053,-5,451,0.4622395833333333,768,iteration_limit,tracked range estimate,20.68861015144666
Archived call calibration,t000326-g2-c1:61:5,preflop,fold,"[""7h"", ""7d""]",[],206,195,probable_missed_terminal_call,11.044414640005389,20.19192729675473,-5,291,0.4713541666666667,768,iteration_limit,tracked range estimate,11.044414640005389
Archived call calibration,t000326-g2-c1:96:6,flop,fold,"[""6c"", ""5c""]","[""5d"", ""Ac"", ""7c""]",206,194,probable_missed_terminal_call,30.60744627986624,59.598506712688376,-6,291,0.5143229166666666,768,iteration_limit,tracked range estimate,30.60744627986624
Archived call calibration,t000327-g4-c1:98:9,flop,call,"[""Js"", ""Jc""]","[""5c"", ""Qs"", ""Kc""]",224,179,probable_bad_terminal_call,-64.23376353089418,-8.537785043951876,203,60,0.5308022922636103,698,time_budget,tracked range estimate,8.537785043951876
Archived call calibration,t000337-g0-c1:39:14,river,fold,"[""Ad"", ""Ts""]","[""Th"", ""7c"", ""7h"", ""4d"", ""Jc""]",236,101,probable_missed_terminal_call,6.7631873402791705,90.4029330771663,-66,127,0.3634453781512605,476,time_budget,tracked range estimate,6.7631873402791705
Archived call calibration,t000337-g3-c1:43:15,river,fold,"[""Ac"", ""8c""]","[""Ad"", ""Th"", ""3d"", ""7d"", ""7h""]",60,30,probable_missed_terminal_call,5.624151754662062,21.61945626057177,-12,-275,0.3502604166666667,768,iteration_limit,tracked range estimate,5.624151754662062
Archived call calibration,t000342-g2-c1:85:12,river,call,"[""Ad"", ""Jc""]","[""3h"", ""3c"", ""2c"", ""4d"", ""Tc""]",167,100,probable_bad_terminal_call,-86.06635010891894,-37.21887094564487,-131,215,0.5143229166666666,768,iteration_limit,tracked range estimate,37.21887094564487
Archived call calibration,t000349-g0-c1:4:7,preflop,fold,"[""As"", ""9s""]",[],207,195,probable_missed_terminal_call,4.300638191084095,16.53258567788732,-5,960,0.4519543973941368,614,time_budget,tracked range estimate,4.300638191084095
Archived call calibration,t000350-g0-c1:22:7,preflop,fold,"[""Qd"", ""Ks""]",[],208,195,probable_missed_terminal_call,3.0575077721886617,17.082002456619787,-5,214,0.498046875,768,iteration_limit,tracked range estimate,3.0575077721886617
Archived call calibration,t000350-g2-c1:64:8,preflop,fold,"[""Qs"", ""As""]",[],420,182,probable_missed_terminal_call,22.294188443408032,55.397298655231914,-18,-17,0.31640625000000006,768,iteration_limit,tracked range estimate,22.294188443408032
Archived call calibration,t000350-g3-c1:72:7,preflop,fold,"[""Qc"", ""Kh""]",[],208,195,probable_missed_terminal_call,6.182678846444724,16.040053432770083,-5,9,0.4609375,768,iteration_limit,tracked range estimate,6.182678846444724
Archived call calibration,t000350-g5-c1:18:7,preflop,fold,"[""6h"", ""6d""]",[],208,195,probable_missed_terminal_call,3.1885796384883944,14.038427068008438,-5,116,0.4772135416666667,768,iteration_limit,tracked range estimate,3.1885796384883944
Archived call calibration,t000350-g5-c1:78:7,preflop,fold,"[""7c"", ""7h""]",[],407,195,probable_missed_terminal_call,5.436485632360369,26.96730844000274,-5,116,0.2784288194444445,768,iteration_limit,tracked range estimate,5.436485632360369
Archived call calibration,t000351-g1-c1:52:14,river,call,"[""As"", ""Kh""]","[""6s"", ""Th"", ""5c"", ""8s"", ""2d""]",138,27,probable_bad_terminal_call,-26.062941910554343,-3.238748036126154,3,-171,0.2682291666666667,768,iteration_limit,tracked range estimate,3.238748036126154
Archived call calibration,t000355-g3-c1:94:8,preflop,fold,"[""As"", ""Qs""]",[],231,175,probable_missed_terminal_call,2.431957923383779,48.38004533446455,-25,99,0.451171875,768,iteration_limit,tracked range estimate,2.431957923383779
Archived call calibration,t000357-g1-c1:65:13,turn,fold,"[""Ah"", ""Tc""]","[""9d"", ""8s"", ""6d"", ""Ts""]",223,189,probable_missed_terminal_call,9.42744579470169,33.55006242642149,-11,29,0.478515625,768,iteration_limit,tracked range estimate,9.42744579470169
Archived call calibration,t000363-g1-c1:36:15,river,call,"[""9s"", ""Ah""]","[""7h"", ""5s"", ""Th"", ""Ks"", ""2d""]",356,44,probable_bad_terminal_call,-38.25308684433691,-6.032472736727178,-200,-287,0.21028645833333334,768,iteration_limit,tracked range estimate,6.032472736727178
Archived call calibration,t000364-g3-c1:97:8,preflop,fold,"[""6c"", ""6s""]",[],217,195,probable_missed_terminal_call,5.95491969128285,20.9743825388659,-5,-400,0.47337962962962965,432,time_budget,tracked range estimate,5.95491969128285
Archived call calibration,t000364-g4-c1:62:7,preflop,fold,"[""7d"", ""7h""]",[],212,194,probable_missed_terminal_call,13.149790128000664,22.4404523984129,-6,174,0.4641927083333333,768,iteration_limit,tracked range estimate,13.149790128000664
Archived call calibration,t000370-g2-c1:81:5,preflop,fold,"[""8c"", ""8s""]",[],406,195,probable_missed_terminal_call,20.276440081643937,43.48657473927639,-5,0,0.3285590277777778,768,iteration_limit,tracked range estimate,20.276440081643937
Archived call calibration,t000380-g3-c1:31:8,flop,fold,"[""Jc"", ""Th""]","[""Qd"", ""3d"", ""Ts""]",221,182,probable_missed_terminal_call,4.294117364612497,76.89047357855804,-18,-59,0.5227864583333334,768,iteration_limit,tracked range estimate,4.294117364612497
Archived call calibration,t000394-g4-c1:24:9,flop,fold,"[""Ts"", ""Tc""]","[""Qs"", ""Jd"", ""9c""]",218,185,probable_missed_terminal_call,8.642160380917973,20.32514674755278,-15,226,0.44028776978417267,695,time_budget,tracked range estimate,8.642160380917973
Archived call calibration,t000414-g2-c1:31:6,preflop,fold,"[""Ac"", ""Qd""]",[],420,180,probable_missed_terminal_call,15.076140315002183,45.22472046614369,-20,-216,0.2888454861111111,768,iteration_limit,tracked range estimate,15.076140315002183
Archived call calibration,t000416-g2-c1:30:11,river,call,"[""3c"", ""Ac""]","[""9h"", ""2h"", ""9d"", ""Kc"", ""2c""]",97,32,probable_bad_terminal_call,-26.00357558996449,-4.553213408936032,-63,-246,0.5104166666666666,768,iteration_limit,tracked range estimate,4.553213408936032
Archived call calibration,t000419-g1-c1:21:11,flop,fold,"[""Ad"", ""Jc""]","[""4d"", ""4c"", ""5s""]",211,195,probable_missed_terminal_call,7.7719547486502805,27.859692608711107,-5,-482,0.4069010416666667,768,iteration_limit,tracked range estimate,7.7719547486502805
Archived call calibration,t000428-g3-c1:18:7,preflop,fold,"[""6c"", ""6s""]",[],208,195,probable_missed_terminal_call,2.4971333277171253,14.384803604908054,-5,42,0.4173177083333333,768,iteration_limit,tracked range estimate,2.4971333277171253
Archived call calibration,t000433-g1-c1:76:5,preflop,fold,"[""6c"", ""6h""]",[],602,198,probable_missed_terminal_call,6.667040676690967,48.50880534499788,-2,850,0.2751798561151079,695,time_budget,tracked range estimate,6.667040676690967
Archived call calibration,t000433-g2-c1:56:6,preflop,fold,"[""Kd"", ""Jd""]",[],407,195,probable_missed_terminal_call,6.759700297918119,59.710165884812746,-5,767,0.34074074074074073,360,time_budget,tracked range estimate,6.759700297918119
Archived call calibration,t000434-g3-c1:78:14,river,fold,"[""Qh"", ""Qd""]","[""Th"", ""Tc"", ""3h"", ""Ac"", ""Kd""]",135,27,probable_missed_terminal_call,6.9219761132486335,17.90436725975656,-51,720,0.22981770833333334,768,iteration_limit,tracked range estimate,6.9219761132486335
Archived call calibration,t000446-g0-c1:64:7,preflop,fold,"[""Jd"", ""Ah""]",[],406,195,probable_missed_terminal_call,8.332625366011923,64.29876618602005,-5,2808,0.34465675866949746,471,time_budget,tracked range estimate,8.332625366011923
Archived call calibration,t000446-g2-c1:76:9,preflop,fold,"[""Th"", ""Tc""]",[],426,182,probable_missed_terminal_call,7.321816679202307,96.4846665773299,-18,565,0.3153211805555556,768,iteration_limit,tracked range estimate,7.321816679202307
Archived call calibration,t000447-g2-c1:8:6,preflop,fold,"[""Jh"", ""Kh""]",[],207,195,probable_missed_terminal_call,5.043420359039012,15.14981982796105,-5,-657,0.4557291666666667,768,iteration_limit,tracked range estimate,5.043420359039012
Archived call calibration,t000447-g4-c1:50:6,preflop,fold,"[""Qc"", ""Kd""]",[],406,195,probable_missed_terminal_call,3.9190818831515877,50.94447382748908,-5,177,0.32951205173427395,567,time_budget,tracked range estimate,3.9190818831515877
Archived call calibration,t000448-g3-c1:34:5,preflop,fold,"[""8c"", ""8d""]",[],203,198,probable_missed_terminal_call,19.640053984603338,39.49068913951882,-2,251,0.521484375,768,iteration_limit,tracked range estimate,19.640053984603338
Archived call calibration,t000448-g3-c1:80:6,preflop,fold,"[""Kc"", ""Qd""]",[],206,195,probable_missed_terminal_call,3.470178915461732,13.236492094290423,-5,251,0.4686234817813765,494,time_budget,tracked range estimate,3.470178915461732
Archived call calibration,t000456-g0-c1:92:6,preflop,fold,"[""Qd"", ""As""]",[],221,185,probable_missed_terminal_call,38.04863244049117,46.825892696962164,-15,309,0.474609375,768,iteration_limit,tracked range estimate,38.04863244049117
Archived call calibration,t000456-g3-c1:73:10,river,call,"[""Ts"", ""Qd""]","[""7s"", ""4h"", ""2h"", ""3s"", ""4d""]",34,11,probable_bad_terminal_call,-9.067461551663177,-3.116721606796701,-22,313,0.3333333333333333,768,iteration_limit,tracked range estimate,3.116721606796701
Archived call calibration,t000461-g4-c1:39:12,river,call,"[""Td"", ""Th""]","[""As"", ""3d"", ""8s"", ""7d"", ""4d""]",270,90,probable_bad_terminal_call,-55.6182358352256,-3.185170745347577,181,425,0.3235677083333333,768,iteration_limit,tracked range estimate,3.185170745347577
Archived call calibration,t000463-g3-c1:51:11,river,call,"[""Ah"", ""Jh""]","[""6d"", ""9h"", ""3s"", ""2c"", ""5s""]",46,9,probable_bad_terminal_call,-8.273703409065721,-2.135476909286515,-26,-53,0.3268229166666667,768,iteration_limit,tracked range estimate,2.135476909286515
Archived call calibration,t000465-g2-c1:94:5,preflop,fold,"[""Ad"", ""Th""]",[],207,195,probable_missed_terminal_call,5.796536482318985,18.74473117595398,-5,-41,0.4889589905362776,317,time_budget,tracked range estimate,5.796536482318985
Archived call calibration,t000470-g0-c1:80:12,river,call,"[""9c"", ""9s""]","[""Jc"", ""4h"", ""7c"", ""Kc"", ""5s""]",285,123,probable_bad_terminal_call,-106.181354401751,-20.617864005419165,-200,-183,0.5403645833333334,768,iteration_limit,tracked range estimate,20.617864005419165
Archived call calibration,t000471-g1-c1:22:8,preflop,fold,"[""Ac"", ""Kh""]",[],221,182,probable_missed_terminal_call,4.318859260507138,52.06629425054041,-18,125,0.4207232267037552,719,time_budget,tracked range estimate,4.318859260507138
Archived call calibration,t000474-g1-c1:66:8,preflop,fold,"[""Ks"", ""Ad""]",[],222,180,probable_missed_terminal_call,5.636252305641033,55.09832260453012,-20,-2,0.4615885416666667,768,iteration_limit,tracked range estimate,5.636252305641033
Archived call calibration,t000477-g1-c1:25:16,river,fold,"[""5c"", ""Kc""]","[""7d"", ""4s"", ""5h"", ""6c"", ""3c""]",47,28,probable_missed_terminal_call,3.257004482513993,3.989299344950281,-6,320,0.4427083333333333,768,iteration_limit,tracked range estimate,3.257004482513993
Archived call calibration,t000480-g5-c1:63:14,river,fold,"[""Jd"", ""As""]","[""2h"", ""3c"", ""4h"", ""5c"", ""Ad""]",114,57,probable_missed_terminal_call,5.150742298685027,16.51797444330763,-28,351,0.404296875,768,iteration_limit,tracked range estimate,5.150742298685027
Archived call calibration,t000481-g3-c1:99:11,river,fold,"[""2d"", ""Kc""]","[""Qh"", ""Kd"", ""3d"", ""8h"", ""5s""]",28,12,probable_missed_terminal_call,2.837306113174785,13.25444909812272,-8,-46,0.3553921568627451,612,time_budget,tracked range estimate,2.837306113174785
Archived call calibration,t000484-g0-c1:35:15,river,fold,"[""Th"", ""Ts""]","[""7s"", ""3d"", ""8c"", ""6s"", ""Js""]",225,188,probable_missed_terminal_call,17.81473391983383,71.04195500078745,-12,-425,0.49798387096774194,496,time_budget,tracked range estimate,17.81473391983383
Archived call calibration,t000484-g0-c1:77:8,preflop,fold,"[""7h"", ""7c""]",[],215,194,probable_missed_terminal_call,13.953981097878208,23.990975154980497,-6,-425,0.4811197916666667,768,iteration_limit,tracked range estimate,13.953981097878208
Archived call calibration,t000485-g0-c1:3:18,river,call,"[""Qs"", ""Kh""]","[""9d"", ""Ah"", ""5c"", ""6h"", ""9h""]",160,48,probable_bad_terminal_call,-45.63354111154175,-15.338566614918536,-69,-82,0.322884012539185,319,time_budget,tracked range estimate,15.338566614918536
Archived call calibration,t000488-g2-c1:27:14,river,call,"[""4c"", ""4h""]","[""Qs"", ""6c"", ""Qh"", ""8h"", ""7d""]",118,59,probable_bad_terminal_call,-35.82173977136694,-18.050903649132117,-86,728,0.4269503546099291,705,time_budget,tracked range estimate,18.050903649132117
Archived call calibration,t000489-g3-c1:58:13,river,call,"[""7s"", ""7d""]","[""Qc"", ""Td"", ""3h"", ""8s"", ""Ts""]",225,135,probable_bad_terminal_call,-109.00795979327343,-15.674393497472984,180,643,0.4804560260586319,614,time_budget,tracked range estimate,15.674393497472984
Archived call calibration,t000498-g2-c1:80:11,river,call,"[""As"", ""9s""]","[""6h"", ""7c"", ""8c"", ""8d"", ""2d""]",90,30,probable_bad_terminal_call,-28.368041743210767,-10.911499112570125,60,631,0.333984375,768,iteration_limit,tracked range estimate,10.911499112570125
Archived call calibration,t000505-g2-c1:85:11,river,call,"[""Ah"", ""Tc""]","[""3d"", ""4d"", ""Js"", ""4s"", ""4c""]",106,35,probable_bad_terminal_call,-31.40888089198167,-3.700518453814489,-68,308,0.3502604166666667,768,iteration_limit,tracked range estimate,3.700518453814489
Archived call calibration,t000507-g1-c1:62:8,flop,fold,"[""Js"", ""Ac""]","[""9h"", ""Td"", ""Jc""]",221,182,probable_missed_terminal_call,23.38640372159008,67.6639666158185,-18,20,0.5305989583333334,768,iteration_limit,tracked range estimate,23.38640372159008
Archived call calibration,t000512-g2-c1:50:11,river,call,"[""Kd"", ""Ad""]","[""4h"", ""7d"", ""3d"", ""5s"", ""8s""]",150,75,probable_bad_terminal_call,-64.04537947536404,-52.902233678196794,-110,-197,0.41796875,768,iteration_limit,tracked range estimate,52.902233678196794
Archived call calibration,t000516-g5-c1:23:7,preflop,fold,"[""Ah"", ""9h""]",[],408,195,probable_missed_terminal_call,5.884074595190675,52.77460345917004,-5,-261,0.3234932349323493,271,time_budget,tracked range estimate,5.884074595190675
Archived call calibration,t000521-g1-c1:88:6,preflop,fold,"[""8h"", ""8s""]",[],206,195,probable_missed_terminal_call,18.229577505150502,31.80003624898255,-5,28,0.4479166666666667,768,iteration_limit,tracked range estimate,18.229577505150502
Archived call calibration,t000522-g5-c1:58:7,preflop,fold,"[""8c"", ""8d""]",[],208,195,probable_missed_terminal_call,17.050575420481017,26.475664926827754,-5,12,0.490234375,768,iteration_limit,tracked range estimate,17.050575420481017
Archived call calibration,t000527-g1-c1:15:7,preflop,fold,"[""Ad"", ""Js""]",[],405,195,probable_missed_terminal_call,10.090265857155554,66.0687452305464,-5,355,0.34590316573556795,358,time_budget,tracked range estimate,10.090265857155554
Archived call calibration,t000527-g1-c1:50:7,preflop,fold,"[""Ah"", ""Qh""]",[],407,195,probable_missed_terminal_call,37.3845404154335,95.66824356412383,-5,355,0.1688898827418852,101,time_budget,conservative sparse estimate,37.3845404154335
Archived call calibration,t000531-g1-c1:14:11,preflop,fold,"[""Kh"", ""Ah""]",[],231,182,probable_missed_terminal_call,2.49516394082767,32.624127321090825,-18,371,0.4557291666666667,768,iteration_limit,tracked range estimate,2.49516394082767
Archived call calibration,t000532-g1-c1:84:11,river,call,"[""Jc"", ""Jd""]","[""Qd"", ""Ah"", ""9c"", ""7h"", ""2d""]",198,99,probable_bad_terminal_call,-89.6382398303366,-17.748913799627015,149,392,0.5286458333333334,768,iteration_limit,tracked range estimate,17.748913799627015
Archived call calibration,t000532-g4-c1:91:7,preflop,fold,"[""9c"", ""9d""]",[],213,194,probable_missed_terminal_call,38.06369861205687,48.10542262892732,-6,-256,0.5065104166666666,768,iteration_limit,tracked range estimate,38.06369861205687
Archived call calibration,t000540-g2-c1:67:7,preflop,fold,"[""Kd"", ""Jd""]",[],215,194,probable_missed_terminal_call,12.28964753846858,21.458519549210724,-6,-340,0.4814020028612303,699,time_budget,tracked range estimate,12.28964753846858
Archived call calibration,t000540-g2-c1:96:6,preflop,fold,"[""Jc"", ""Ah""]",[],408,195,probable_missed_terminal_call,6.643873351110538,38.35891884038075,-5,-340,0.32443576388888895,768,iteration_limit,tracked range estimate,6.643873351110538
Archived call calibration,t000546-g0-c1:74:11,river,call,"[""8d"", ""Kd""]","[""Jc"", ""Kh"", ""Ah"", ""Qd"", ""6s""]",88,44,probable_bad_terminal_call,-40.71867463284002,-14.728758324577921,67,163,0.4153645833333333,768,iteration_limit,tracked range estimate,14.728758324577921
Archived call calibration,t000552-g2-c1:71:6,preflop,fold,"[""Ad"", ""Tc""]",[],207,195,probable_missed_terminal_call,5.630905183691018,23.898091560007487,-5,368,0.4830729166666667,768,iteration_limit,tracked range estimate,5.630905183691018
Archived call calibration,t000554-g1-c1:99:7,preflop,fold,"[""Kh"", ""Qh""]",[],226,182,probable_missed_terminal_call,27.65084148011153,47.54313801986189,-18,132,0.4375,768,iteration_limit,tracked range estimate,27.65084148011153
Archived call calibration,t000557-g2-c1:54:8,preflop,fold,"[""Kd"", ""As""]",[],221,180,probable_missed_terminal_call,7.589601505389712,50.323406238534396,-20,708,0.443359375,768,iteration_limit,tracked range estimate,7.589601505389712
Archived call calibration,t000560-g3-c1:60:15,river,fold,"[""Qs"", ""Ac""]","[""Qc"", ""7h"", ""8d"", ""6h"", ""Kd""]",141,60,probable_missed_terminal_call,6.113465571948408,37.40795906150896,-35,258,0.3092447916666667,768,iteration_limit,tracked range estimate,6.113465571948408
Archived call calibration,t000571-g0-c1:6:12,turn,call,"[""As"", ""Kc""]","[""7h"", ""8d"", ""6d"", ""9h""]",289,118,probable_bad_terminal_call,-44.44975658517546,-16.93762042573341,-200,-334,0.349609375,768,iteration_limit,tracked range estimate,16.93762042573341
Archived call calibration,t000576-g2-c1:41:6,preflop,fold,"[""8c"", ""8s""]",[],406,195,probable_missed_terminal_call,20.73429124190435,76.83343404974038,-5,1332,0.3368055555555555,768,iteration_limit,tracked range estimate,20.73429124190435
Archived call calibration,t000576-g4-c1:91:7,preflop,fold,"[""9h"", ""9c""]",[],406,195,probable_missed_terminal_call,4.328441929457077,79.45528349055823,-5,958,0.30815972222222227,768,iteration_limit,tracked range estimate,4.328441929457077
Archived call calibration,t000582-g2-c1:66:6,preflop,fold,"[""Ad"", ""Js""]",[],405,195,probable_missed_terminal_call,9.82846479594512,67.0276229288399,-5,-242,0.3424479166666667,768,iteration_limit,tracked range estimate,9.82846479594512
Archived call calibration,t000584-g0-c1:3:7,preflop,fold,"[""Kc"", ""Qh""]",[],206,195,probable_missed_terminal_call,2.265760483240599,10.872087366894387,-5,-490,0.4466145833333333,768,iteration_limit,tracked range estimate,2.265760483240599
Archived call calibration,t000585-g5-c1:82:12,turn,fold,"[""Qh"", ""Qs""]","[""Tc"", ""2c"", ""6c"", ""Ks""]",260,143,probable_missed_terminal_call,6.282319057482112,75.20015207063265,-57,-48,0.37521815008726006,573,time_budget,tracked range estimate,6.282319057482112
Archived call calibration,t000590-g3-c1:1:6,preflop,fold,"[""6d"", ""6h""]",[],208,195,probable_missed_terminal_call,3.582186577407013,13.87085415117755,-5,781,0.44802867383512546,558,time_budget,tracked range estimate,3.582186577407013
Archived call calibration,t000590-g3-c1:5:6,preflop,fold,"[""Qd"", ""Ks""]",[],408,195,probable_missed_terminal_call,5.044183991341955,20.747783124851157,-5,781,0.3272569444444445,768,iteration_limit,tracked range estimate,5.044183991341955
Archived call calibration,t000594-g4-c1:99:8,preflop,fold,"[""Qd"", ""Ah""]",[],225,180,probable_missed_terminal_call,41.87795997330028,53.86721360229759,-20,-278,0.4664,625,time_budget,tracked range estimate,41.87795997330028
Archived call calibration,t000604-g1-c1:91:6,preflop,fold,"[""7h"", ""7c""]",[],203,198,probable_missed_terminal_call,3.6842131071308994,31.025667326141622,-2,143,0.5227864583333334,768,iteration_limit,tracked range estimate,3.6842131071308994
Archived call calibration,t000604-g3-c1:16:7,preflop,fold,"[""Th"", ""Ah""]",[],205,195,probable_missed_terminal_call,11.562826050588843,28.04993608138398,-5,-68,0.46941176470588236,425,time_budget,tracked range estimate,11.562826050588843
Archived call calibration,t000619-g0-c1:37:6,preflop,fold,"[""Kc"", ""Ad""]",[],226,176,probable_missed_terminal_call,8.779426020447765,57.49665252347005,-24,197,0.4674479166666667,768,iteration_limit,tracked range estimate,8.779426020447765
Archived call calibration,t000625-g3-c1:45:14,river,call,"[""Qc"", ""Ac""]","[""2d"", ""7c"", ""6c"", ""4h"", ""3h""]",268,133,probable_bad_terminal_call,-91.19960796925992,-34.59140417370344,-200,17,0.5110677083333334,768,iteration_limit,tracked range estimate,34.59140417370344
Archived call calibration,t000627-g1-c1:73:11,river,call,"[""Qc"", ""Kh""]","[""6s"", ""3c"", ""8s"", ""Jc"", ""5h""]",43,8,probable_bad_terminal_call,-7.660714919993564,-4.855196622539058,26,-225,0.22786458333333334,768,iteration_limit,tracked range estimate,4.855196622539058
Archived call calibration,t000627-g1-c1:88:11,river,call,"[""Qh"", ""As""]","[""4d"", ""5h"", ""5c"", ""5s"", ""2h""]",242,159,probable_bad_terminal_call,-109.0649910455074,-5.6529564565343975,-200,-225,0.748046875,768,iteration_limit,tracked range estimate,5.6529564565343975
Archived call calibration,t000632-g2-c1:61:8,preflop,fold,"[""Ac"", ""Kc""]",[],236,166,probable_missed_terminal_call,11.053992917130422,46.91310357603983,-34,-170,0.392578125,768,iteration_limit,tracked range estimate,11.053992917130422
Archived call calibration,t000641-g3-c1:66:7,preflop,fold,"[""Ac"", ""Qs""]",[],212,195,probable_missed_terminal_call,20.9004878437553,44.85486774608463,-5,-144,0.49609375,768,iteration_limit,tracked range estimate,20.9004878437553
Archived call calibration,t000645-g3-c1:26:6,preflop,fold,"[""Kd"", ""Qd""]",[],207,195,probable_missed_terminal_call,10.008263232981163,25.286303896892818,-5,294,0.4810855263157895,608,time_budget,tracked range estimate,10.008263232981163
Archived call calibration,t000650-g4-c1:32:9,flop,fold,"[""Kd"", ""Ac""]","[""Jc"", ""Qc"", ""3s""]",276,126,probable_missed_terminal_call,5.7848795537913595,59.08576691475411,-74,873,0.357421875,768,iteration_limit,tracked range estimate,5.7848795537913595
Archived call calibration,t000652-g1-c1:4:7,preflop,fold,"[""8s"", ""As""]",[],208,195,probable_missed_terminal_call,2.9050533998240002,12.169564765567316,-5,-283,0.4811197916666667,768,iteration_limit,tracked range estimate,2.9050533998240002
Archived call calibration,t000656-g0-c1:55:15,river,fold,"[""Ac"", ""Qh""]","[""Ts"", ""8d"", ""Ah"", ""8h"", ""Jh""]",80,40,probable_missed_terminal_call,5.1957051863391035,39.506157665794774,-15,-312,0.333984375,768,iteration_limit,tracked range estimate,5.1957051863391035
Archived call calibration,t000658-g1-c1:28:15,river,fold,"[""Tc"", ""Th""]","[""5h"", ""3d"", ""Kc"", ""Ks"", ""Qs""]",77,46,probable_missed_terminal_call,6.476919475650593,22.966044021683736,-10,209,0.4252252252252252,555,time_budget,tracked range estimate,6.476919475650593
Archived call calibration,t000659-g1-c1:51:15,river,fold,"[""As"", ""8c""]","[""Kd"", ""8h"", ""Jc"", ""Ad"", ""Qd""]",33,14,probable_missed_terminal_call,2.391552134592055,14.27892563328975,-6,0,0.3001302083333333,768,iteration_limit,tracked range estimate,2.391552134592055
Archived call calibration,t000662-g4-c1:41:12,river,fold,"[""Ks"", ""Kd""]","[""Th"", ""8c"", ""4h"", ""6d"", ""7d""]",157,67,probable_missed_terminal_call,11.757966735808965,28.275460683576277,-44,-29,0.3307291666666667,768,iteration_limit,tracked range estimate,11.757966735808965
Archived call calibration,t000666-g2-c1:81:13,river,fold,"[""Qs"", ""Qh""]","[""3c"", ""5s"", ""4c"", ""Ah"", ""7d""]",370,33,probable_missed_terminal_call,73.53643848712566,94.87454163686417,-167,-400,0.091796875,768,iteration_limit,tracked range estimate,73.53643848712566
Archived call calibration,t000668-g0-c1:98:6,preflop,fold,"[""Ts"", ""As""]",[],208,195,probable_missed_terminal_call,12.143264906276734,35.025242405696424,-5,-11,0.4850260416666667,768,iteration_limit,tracked range estimate,12.143264906276734
Archived call calibration,t000668-g4-c1:54:6,preflop,fold,"[""Kc"", ""Jc""]",[],206,195,probable_missed_terminal_call,2.084923773564281,12.62316459648206,-5,-292,0.5051851851851852,675,time_budget,tracked range estimate,2.084923773564281
Archived call calibration,t000675-g3-c1:61:8,preflop,fold,"[""Ac"", ""Jc""]",[],211,195,probable_missed_terminal_call,20.65143201568014,47.22585357274217,-5,-2,0.4713541666666667,768,iteration_limit,tracked range estimate,20.65143201568014
Archived call calibration,t000676-g0-c1:68:6,preflop,fold,"[""Qs"", ""Ks""]",[],206,195,probable_missed_terminal_call,8.228291001118029,24.41605357038703,-5,228,0.43663594470046085,434,time_budget,tracked range estimate,8.228291001118029
Archived call calibration,t000684-g1-c1:28:6,preflop,fold,"[""2h"", ""2d""]",[],208,195,probable_missed_terminal_call,2.6434472835604126,14.931260280173742,-5,460,0.5045572916666666,768,iteration_limit,uniform range estimate,2.6434472835604126
Archived call calibration,t000685-g1-c1:30:11,river,call,"[""Jh"", ""Ah""]","[""6c"", ""3d"", ""4s"", ""8c"", ""7s""]",121,40,probable_bad_terminal_call,-27.713155418428812,-10.531326804065282,81,81,0.3606770833333333,768,iteration_limit,tracked range estimate,10.531326804065282
Archived call calibration,t000687-g1-c1:93:7,preflop,fold,"[""8h"", ""8d""]",[],610,195,probable_missed_terminal_call,7.562896372607663,67.16145647688101,-5,-887,0.22174922600619196,646,time_budget,tracked range estimate,7.562896372607663
Archived call calibration,t000687-g3-c1:90:6,preflop,fold,"[""8s"", ""8c""]",[],406,195,probable_missed_terminal_call,19.04890525501934,77.0679073373885,-5,1361,0.353515625,768,iteration_limit,tracked range estimate,19.04890525501934
Archived call calibration,t000688-g0-c1:61:8,preflop,fold,"[""Qs"", ""As""]",[],232,175,probable_missed_terminal_call,3.6775732157886214,43.31379321821933,-25,28,0.4108072916666667,768,iteration_limit,tracked range estimate,3.6775732157886214
Archived call calibration,t000688-g3-c1:78:15,river,fold,"[""Ac"", ""Tc""]","[""Js"", ""4d"", ""3h"", ""2d"", ""5s""]",45,15,probable_missed_terminal_call,3.816782544433786,9.883790333489046,-5,18,0.2380642361111112,768,iteration_limit,tracked range estimate,3.816782544433786
Archived call calibration,t000689-g0-c1:39:6,preflop,fold,"[""Qh"", ""Kd""]",[],406,195,probable_missed_terminal_call,6.500542269860791,56.600166105818715,-5,944,0.3187934027777778,768,iteration_limit,tracked range estimate,6.500542269860791
Archived call calibration,t000689-g2-c1:73:6,preflop,fold,"[""Jd"", ""As""]",[],405,195,probable_missed_terminal_call,9.156860211805608,64.40752514672889,-5,-253,0.3118489583333333,768,iteration_limit,tracked range estimate,9.156860211805608
Archived call calibration,t000692-g4-c1:30:7,preflop,fold,"[""9c"", ""Ac""]",[],206,195,probable_missed_terminal_call,6.209790114788922,16.87078439748654,-5,653,0.5154083204930663,649,time_budget,tracked range estimate,6.209790114788922
Archived call calibration,t000693-g0-c1:63:6,preflop,fold,"[""Ad"", ""Jc""]",[],607,195,probable_missed_terminal_call,7.027892964872197,57.35131131383542,-5,1135,0.23220486111111116,768,iteration_limit,tracked range estimate,7.027892964872197
Archived call calibration,t000693-g1-c1:0:7,preflop,fold,"[""Kh"", ""Qs""]",[],212,194,probable_missed_terminal_call,4.068696903637656,13.428871897122725,-6,1204,0.46905940594059403,404,time_budget,tracked range estimate,4.068696903637656
Archived call calibration,t000693-g4-c1:1:6,preflop,fold,"[""Ts"", ""Ad""]",[],207,195,probable_missed_terminal_call,5.517067942879323,21.95070300083291,-5,558,0.47766323024054985,582,time_budget,tracked range estimate,5.517067942879323
Archived call calibration,t000693-g4-c1:24:6,preflop,fold,"[""Kc"", ""Jc""]",[],408,195,probable_missed_terminal_call,13.79220746284905,55.17796146983238,-5,558,0.3456260720411664,583,time_budget,tracked range estimate,13.79220746284905
Archived call calibration,t000698-g4-c1:15:8,preflop,fold,"[""Jh"", ""Jd""]",[],222,180,probable_missed_terminal_call,12.016118990057617,65.1596003390586,-20,-18,0.47693452380952384,672,time_budget,tracked range estimate,12.016118990057617
Archived call calibration,t000699-g4-c1:94:13,river,fold,"[""Td"", ""Tc""]","[""8c"", ""8s"", ""6h"", ""7s"", ""Ks""]",186,93,probable_missed_terminal_call,6.473483769004835,77.40053992493891,-46,-22,0.4427083333333333,768,iteration_limit,tracked range estimate,6.473483769004835
Archived call calibration,t000700-g3-c1:77:6,preflop,fold,"[""Qs"", ""Kc""]",[],203,198,probable_missed_terminal_call,2.6895035931280002,29.01008964107983,-2,120,0.5051282051282051,585,time_budget,tracked range estimate,2.6895035931280002
Archived call calibration,t000702-g0-c1:25:6,preflop,fold,"[""Th"", ""Tc""]",[],420,180,probable_missed_terminal_call,17.702442217747596,71.86055008820162,-20,36,0.2582465277777778,768,iteration_limit,tracked range estimate,17.702442217747596
Archived call calibration,t000703-g0-c1:77:10,flop,fold,"[""8c"", ""Jc""]","[""6d"", ""7c"", ""9h""]",404,196,probable_missed_terminal_call,14.767169769815322,28.73119347826777,-4,1,0.33293460925039875,418,time_budget,tracked range estimate,14.767169769815322
Archived call calibration,t000704-g1-c1:91:17,river,fold,"[""Js"", ""Jh""]","[""3h"", ""6s"", ""7d"", ""4c"", ""Td""]",312,115,probable_missed_terminal_call,13.048134760183274,143.8872729800138,-85,-193,0.29296875,768,iteration_limit,tracked range estimate,13.048134760183274
Archived call calibration,t000704-g3-c1:91:7,preflop,fold,"[""Kh"", ""As""]",[],419,182,probable_missed_terminal_call,34.27273929934344,65.56208692779316,-18,203,0.330078125,768,iteration_limit,tracked range estimate,34.27273929934344
Archived call calibration,t000709-g2-c1:80:15,river,fold,"[""2s"", ""2h""]","[""Jc"", ""8c"", ""Js"", ""2c"", ""Jd""]",258,147,probable_missed_terminal_call,52.904361613953775,162.58971160812015,-53,-206,0.4574944071588367,447,time_budget,tracked range estimate,52.904361613953775
Archived call calibration,t000714-g4-c1:92:15,river,call,"[""6h"", ""6s""]","[""9d"", ""3c"", ""Jh"", ""Jc"", ""4c""]",137,82,probable_bad_terminal_call,-72.28542279410688,-12.527394079584905,-107,-343,0.4583333333333333,768,iteration_limit,tracked range estimate,12.527394079584905
Archived call calibration,t000715-g1-c1:26:7,preflop,fold,"[""8d"", ""8h""]",[],408,195,probable_missed_terminal_call,22.454978423635303,52.54009163344718,-5,116,0.310207336523126,627,time_budget,tracked range estimate,22.454978423635303
Archived call calibration,t000715-g1-c1:54:9,preflop,fold,"[""8h"", ""8c""]",[],412,194,probable_missed_terminal_call,2.1892534963179724,47.041302908338544,-6,116,0.3181423611111111,768,iteration_limit,tracked range estimate,2.1892534963179724
Archived call calibration,t000715-g1-c1:75:7,preflop,fold,"[""7d"", ""7s""]",[],407,195,probable_missed_terminal_call,5.728605722995972,25.474656044606075,-5,116,0.34809027777777785,768,iteration_limit,tracked range estimate,5.728605722995972
Archived call calibration,t000715-g3-c1:99:7,preflop,fold,"[""Kd"", ""Qc""]",[],207,195,probable_missed_terminal_call,4.100088501405209,14.341399200016529,-5,1020,0.484375,768,iteration_limit,tracked range estimate,4.100088501405209
Archived call calibration,t000716-g1-c1:94:10,river,call,"[""Jc"", ""Ad""]","[""9s"", ""7c"", ""Qs"", ""6c"", ""2c""]",43,8,probable_bad_terminal_call,-7.352547174038223,-3.371289525646714,26,128,0.23008849557522124,678,time_budget,tracked range estimate,3.371289525646714
Archived call calibration,t000718-g4-c1:47:17,river,call,"[""4c"", ""4d""]","[""5s"", ""4s"", ""9s"", ""8s"", ""Jd""]",200,120,probable_bad_terminal_call,-82.67290196828748,-21.00563190348051,-155,459,0.583969465648855,524,time_budget,tracked range estimate,21.00563190348051
Archived call calibration,t000721-g3-c1:64:8,preflop,fold,"[""Qc"", ""Kh""]",[],218,191,probable_missed_terminal_call,9.079007068791864,23.987872062506618,-9,107,0.4134114583333333,768,iteration_limit,tracked range estimate,9.079007068791864
Archived call calibration,t000728-g0-c1:20:11,river,call,"[""Ac"", ""5h""]","[""4d"", ""5d"", ""2h"", ""8h"", ""6c""]",192,96,probable_bad_terminal_call,-54.45929945717245,-18.871365809242434,145,227,0.6165364583333334,768,iteration_limit,tracked range estimate,18.871365809242434
Archived call calibration,t000735-g4-c1:81:6,preflop,fold,"[""Ac"", ""Qd""]",[],405,195,probable_missed_terminal_call,21.462851941755652,79.85020941281553,-5,373,0.0,49,time_budget,conservative sparse estimate,21.462851941755652
Archived call calibration,t000744-g0-c1:89:14,river,fold,"[""Ts"", ""Tc""]","[""3c"", ""2h"", ""5h"", ""5s"", ""Qh""]",271,90,probable_missed_terminal_call,3.714034924033171,74.10798130328283,-89,-35,0.19986979166666666,768,iteration_limit,tracked range estimate,3.714034924033171
Archived call calibration,t000748-g2-c1:96:6,preflop,fold,"[""7h"", ""7d""]",[],408,195,probable_missed_terminal_call,10.423599303776697,29.73488209951967,-5,-160,0.30190311418685123,578,time_budget,tracked range estimate,10.423599303776697
Archived call calibration,t000756-g4-c1:98:11,river,call,"[""3d"", ""Qh""]","[""Kc"", ""3h"", ""8d"", ""9c"", ""7h""]",33,11,probable_bad_terminal_call,-10.520913193255948,-6.45067148087294,-22,114,0.4557291666666667,768,iteration_limit,uniform range estimate,6.45067148087294
Archived call calibration,t000759-g2-c1:46:6,preflop,fold,"[""7h"", ""7s""]",[],408,195,probable_missed_terminal_call,5.855305343813334,30.706960345184097,-5,-165,0.2982107355864811,503,time_budget,tracked range estimate,5.855305343813334
Archived call calibration,t000759-g4-c1:1:7,preflop,fold,"[""Ah"", ""Tc""]",[],212,195,probable_missed_terminal_call,5.7217156539645995,24.613319281781436,-5,38,0.4991496598639456,588,time_budget,tracked range estimate,5.7217156539645995
Archived call calibration,t000773-g0-c1:84:6,preflop,fold,"[""Kh"", ""Qc""]",[],206,195,probable_missed_terminal_call,4.995216610346067,15.684580063233824,-5,-236,0.4434108527131783,645,time_budget,tracked range estimate,4.995216610346067
Archived call calibration,t000776-g1-c1:79:6,preflop,fold,"[""Ac"", ""Jc""]",[],618,182,probable_missed_terminal_call,28.523464688260574,44.25091620170946,-18,744,0.19216579861111108,768,iteration_limit,tracked range estimate,28.523464688260574
Archived call calibration,t000793-g3-c1:29:5,preflop,fold,"[""Th"", ""Ad""]",[],403,198,probable_missed_terminal_call,6.184652950865937,69.404344675434,-2,-111,0.3233082706766917,133,time_budget,tracked range estimate,6.184652950865937
Archived call calibration,t000810-g2-c1:7:6,preflop,fold,"[""Td"", ""Ac""]",[],206,195,probable_missed_terminal_call,3.673562439735087,21.04901046135398,-5,552,0.4613899613899614,518,time_budget,tracked range estimate,3.673562439735087
Archived call calibration,t000811-g0-c1:81:7,preflop,fold,"[""7s"", ""7d""]",[],407,195,probable_missed_terminal_call,9.182409039763098,26.12217658239127,-5,-227,0.30114942528735633,435,time_budget,tracked range estimate,9.182409039763098
Archived call calibration,t000814-g1-c1:66:8,preflop,fold,"[""8c"", ""8h""]",[],209,193,probable_missed_terminal_call,16.486713566254096,34.022934979290085,-7,359,0.4608540925266904,562,time_budget,tracked range estimate,16.486713566254096
Archived call calibration,t000829-g1-c1:20:7,preflop,fold,"[""Qd"", ""Ac""]",[],225,180,probable_missed_terminal_call,40.21171294916825,51.40613057850152,-20,-123,0.4447004608294931,651,time_budget,tracked range estimate,40.21171294916825
Archived call calibration,t000832-g2-c1:91:6,preflop,fold,"[""9d"", ""9h""]",[],408,195,probable_missed_terminal_call,38.80263384339947,59.99838872796092,-5,553,0.31517690875232773,716,time_budget,tracked range estimate,38.80263384339947
Archived call calibration,t000833-g0-c1:75:14,river,call,"[""Kh"", ""Qc""]","[""5h"", ""2h"", ""As"", ""4d"", ""6s""]",217,72,probable_bad_terminal_call,-59.52336159604493,-10.059080107327231,147,452,0.3483072916666667,768,iteration_limit,tracked range estimate,10.059080107327231
Archived call calibration,t000834-g3-c1:83:6,preflop,fold,"[""7h"", ""7d""]",[],205,195,probable_missed_terminal_call,6.71976836415143,16.16921166091261,-5,383,0.5149739583333334,768,iteration_limit,tracked range estimate,6.71976836415143
Archived call calibration,t000836-g1-c1:62:6,preflop,fold,"[""Ad"", ""Qd""]",[],208,195,probable_missed_terminal_call,31.893896082230484,57.2475000489814,-5,223,0.5084635416666666,768,iteration_limit,tracked range estimate,31.893896082230484
Archived call calibration,t000837-g1-c1:58:7,preflop,fold,"[""9h"", ""9d""]",[],406,195,probable_missed_terminal_call,3.37239943023462,88.0087443364895,-5,-28,0.2931857638888889,768,iteration_limit,tracked range estimate,3.37239943023462
Archived call calibration,t000844-g2-c1:38:11,river,call,"[""2d"", ""2c""]","[""4c"", ""7d"", ""3s"", ""Th"", ""Ac""]",51,10,probable_bad_terminal_call,-9.285528457835715,-4.695421371214248,31,71,0.45703125,768,iteration_limit,tracked range estimate,4.695421371214248
Archived call calibration,t000861-g3-c1:86:9,flop,fold,"[""Qh"", ""Qd""]","[""9h"", ""Ac"", ""9c""]",263,139,probable_missed_terminal_call,4.185704566670188,39.98050500837267,-61,-140,0.375,768,iteration_limit,tracked range estimate,4.185704566670188
Archived call calibration,t000865-g3-c1:50:6,preflop,fold,"[""Qs"", ""Ad""]",[],206,195,probable_missed_terminal_call,23.82326333320656,44.85196937392812,-5,19,0.49609375,768,iteration_limit,tracked range estimate,23.82326333320656
Archived call calibration,t000871-g3-c1:42:6,preflop,fold,"[""Kd"", ""Jd""]",[],207,195,probable_missed_terminal_call,5.519318611666891,17.09266605645753,-5,475,0.3990885416666667,768,iteration_limit,tracked range estimate,5.519318611666891
Archived call calibration,t000879-g3-c1:6:7,preflop,fold,"[""Qh"", ""Kd""]",[],407,195,probable_missed_terminal_call,3.1894629232357046,15.382147996724356,-5,205,0.32142857142857145,728,time_budget,tracked range estimate,3.1894629232357046
Archived call calibration,t000884-g1-c1:3:6,preflop,fold,"[""6d"", ""6s""]",[],207,195,probable_missed_terminal_call,3.2825469656653166,12.713209963145772,-5,1152,0.494550408719346,734,time_budget,tracked range estimate,3.2825469656653166
Archived call calibration,t000884-g1-c1:22:6,preflop,fold,"[""As"", ""Jc""]",[],406,195,probable_missed_terminal_call,6.192152040371496,60.70482303156726,-5,1152,0.34418402777777785,768,iteration_limit,tracked range estimate,6.192152040371496
Archived call calibration,t000884-g3-c1:5:6,preflop,fold,"[""Kc"", ""Jc""]",[],208,195,probable_missed_terminal_call,6.543340110037698,16.980106115458426,-5,192,0.4856770833333333,768,iteration_limit,tracked range estimate,6.543340110037698
Archived call calibration,t000885-g3-c1:59:5,preflop,fold,"[""Ac"", ""9c""]",[],203,198,probable_missed_terminal_call,5.296178805953959,34.03160408023644,-2,122,0.521484375,768,iteration_limit,tracked range estimate,5.296178805953959
Archived call calibration,t000890-g1-c1:46:10,river,call,"[""As"", ""Ts""]","[""8c"", ""6d"", ""7d"", ""8d"", ""Qs""]",67,13,probable_bad_terminal_call,-10.939887688381143,-2.335414068694121,-39,-33,0.2630208333333333,768,iteration_limit,tracked range estimate,2.335414068694121
Archived call calibration,t000902-g4-c1:83:8,preflop,fold,"[""Kh"", ""Ad""]",[],425,175,probable_missed_terminal_call,20.869341303179745,77.78769223785119,-25,82,0.3082241630276565,458,time_budget,tracked range estimate,20.869341303179745
Archived call calibration,t000903-g3-c1:19:4,preflop,fold,"[""6s"", ""6c""]",[],602,198,probable_missed_terminal_call,11.623968604389006,41.64180208928432,-2,82,0.2768817204301075,744,time_budget,tracked range estimate,11.623968604389006
Archived call calibration,t000904-g5-c1:40:7,preflop,fold,"[""Kd"", ""Qs""]",[],208,195,probable_missed_terminal_call,3.730639761435153,12.725105703675533,-5,-98,0.4367816091954023,696,time_budget,tracked range estimate,3.730639761435153
Archived call calibration,t000909-g0-c1:97:10,turn,fold,"[""Ac"", ""3c""]","[""Ah"", ""Tc"", ""4d"", ""Ks""]",232,169,probable_missed_terminal_call,2.4565227826575944,89.05433418524413,-31,-32,0.4752604166666667,768,iteration_limit,tracked range estimate,2.4565227826575944
Archived call calibration,t000910-g0-c1:10:4,preflop,fold,"[""7d"", ""7h""]",[],403,198,probable_missed_terminal_call,13.994821474744148,42.91365840476307,-2,216,0.31300813008130085,451,time_budget,tracked range estimate,13.994821474744148
Archived call calibration,t000910-g0-c1:39:5,preflop,fold,"[""6d"", ""6s""]",[],208,195,probable_missed_terminal_call,3.77846128856325,12.46836488331175,-5,216,0.48671726755218214,527,time_budget,tracked range estimate,3.77846128856325
Archived call calibration,t000910-g0-c1:80:10,river,call,"[""Ac"", ""6s""]","[""7s"", ""8c"", ""4h"", ""Kh"", ""3h""]",49,16,probable_bad_terminal_call,-15.531028440715284,-12.138094858739437,-32,216,0.3470052083333333,768,iteration_limit,tracked range estimate,12.138094858739437
Archived call calibration,t000912-g1-c1:30:7,preflop,fold,"[""Qd"", ""Ah""]",[],420,180,probable_missed_terminal_call,6.369175344621216,43.0094233364162,-20,429,0.3078431372549019,340,time_budget,tracked range estimate,6.369175344621216
Archived call calibration,t000912-g1-c1:59:11,river,call,"[""Js"", ""Kh""]","[""Jd"", ""Td"", ""8c"", ""7s"", ""8h""]",110,66,probable_bad_terminal_call,-41.157993083964996,-5.370760905316978,89,429,0.4739583333333333,768,iteration_limit,tracked range estimate,5.370760905316978
Archived call calibration,t000912-g3-c1:35:6,preflop,fold,"[""Ac"", ""Jc""]",[],208,195,probable_missed_terminal_call,23.759645571597236,42.32794173438491,-5,151,0.4889322916666667,768,iteration_limit,tracked range estimate,23.759645571597236
Archived call calibration,t000917-g1-c1:74:7,preflop,fold,"[""6h"", ""6s""]",[],214,194,probable_missed_terminal_call,5.404488890789881,16.86157328466955,-6,500,0.4778645833333333,768,iteration_limit,tracked range estimate,5.404488890789881
Archived call calibration,t000918-g3-c1:54:7,preflop,fold,"[""7c"", ""7d""]",[],208,195,probable_missed_terminal_call,9.999643359691895,20.458395210799353,-5,195,0.451171875,768,iteration_limit,tracked range estimate,9.999643359691895
Archived call calibration,t000918-g4-c1:93:8,preflop,fold,"[""7d"", ""7h""]",[],210,195,probable_missed_terminal_call,11.345362317995246,20.291293424326728,-5,-138,0.4993489583333333,768,iteration_limit,tracked range estimate,11.345362317995246
Archived call calibration,t000919-g4-c1:57:14,river,call,"[""Th"", ""Ad""]","[""5h"", ""Kd"", ""Tc"", ""7c"", ""8c""]",150,90,probable_bad_terminal_call,-69.4112233676023,-12.608997002785603,121,517,0.4772135416666667,768,iteration_limit,tracked range estimate,12.608997002785603
Archived call calibration,t000939-g0-c1:53:6,preflop,fold,"[""Ac"", ""Tc""]",[],206,195,probable_missed_terminal_call,15.89676609828044,30.774153232561858,-5,489,0.515625,768,iteration_limit,tracked range estimate,15.89676609828044
Archived call calibration,t000943-g5-c1:70:7,preflop,fold,"[""Ac"", ""Jh""]",[],407,195,probable_missed_terminal_call,13.735029283923668,40.71868218744,-5,-48,0.32183159722222227,768,iteration_limit,tracked range estimate,13.735029283923668
Archived call calibration,t000944-g1-c1:56:6,preflop,fold,"[""Ac"", ""Qd""]",[],238,164,probable_missed_terminal_call,2.215315824030659,44.13647081906005,-36,-117,0.3971354166666667,768,iteration_limit,tracked range estimate,2.215315824030659
Archived call calibration,t000945-g3-c1:71:6,preflop,fold,"[""7c"", ""7s""]",[],405,195,probable_missed_terminal_call,2.5160249289631347,28.262195436350815,-5,-21,0.3129340277777778,768,iteration_limit,tracked range estimate,2.5160249289631347
Archived call calibration,t000953-g2-c1:48:12,river,call,"[""Qh"", ""Th""]","[""Kd"", ""As"", ""5s"", ""6h"", ""2h""]",113,48,probable_bad_terminal_call,-44.478658482546834,-4.7830094376897065,-80,498,0.45565092989985695,699,time_budget,tracked range estimate,4.7830094376897065
Archived call calibration,t000954-g0-c1:29:7,preflop,fold,"[""Th"", ""Ah""]",[],405,195,probable_missed_terminal_call,15.066883255505838,31.311702236583155,-5,-62,0.33872053872053876,495,time_budget,tracked range estimate,15.066883255505838
Archived call calibration,t000954-g0-c1:64:7,preflop,fold,"[""Ah"", ""Jh""]",[],407,195,probable_missed_terminal_call,34.411438806333464,58.25093705823095,-5,-62,0.35160575858250276,301,time_budget,tracked range estimate,34.411438806333464
Archived call calibration,t000955-g4-c1:87:13,river,call,"[""2d"", ""2c""]","[""4d"", ""Ac"", ""5h"", ""6c"", ""8c""]",84,42,probable_bad_terminal_call,-29.45935553981341,-7.482030777385049,-62,605,0.5143229166666666,768,iteration_limit,tracked range estimate,7.482030777385049
Archived call calibration,t000960-g3-c1:92:12,river,call,"[""Jh"", ""Jd""]","[""4s"", ""Ah"", ""5d"", ""2d"", ""Qh""]",241,80,probable_bad_terminal_call,-51.8642361943845,-3.897192214750927,-159,-187,0.3528645833333333,768,iteration_limit,tracked range estimate,3.897192214750927
Archived call calibration,t000964-g0-c1:60:5,preflop,fold,"[""Ac"", ""Ts""]",[],207,195,probable_missed_terminal_call,2.182073167219004,22.489230564956078,-5,358,0.4401041666666667,768,iteration_limit,tracked range estimate,2.182073167219004
Archived call calibration,t000964-g1-c1:60:6,preflop,fold,"[""Qs"", ""As""]",[],420,180,probable_missed_terminal_call,28.686269161750666,57.27213730897533,-20,-285,0.30510018214936246,183,time_budget,tracked range estimate,28.686269161750666
Archived call calibration,t000965-g1-c1:42:6,preflop,fold,"[""7h"", ""7c""]",[],406,195,probable_missed_terminal_call,2.832473337932644,29.375270788390463,-5,-108,0.34917534722222215,768,iteration_limit,tracked range estimate,2.832473337932644
Archived call calibration,t000975-g0-c1:76:11,turn,fold,"[""7c"", ""8c""]","[""6h"", ""Ac"", ""5c"", ""7d""]",225,177,probable_missed_terminal_call,4.081402915301438,42.66473376861482,-23,118,0.4361979166666667,768,iteration_limit,tracked range estimate,4.081402915301438
Archived call calibration,t000977-g2-c1:13:7,preflop,fold,"[""9d"", ""9h""]",[],406,195,probable_missed_terminal_call,9.169470646284665,74.4426541726344,-5,952,0.345703125,768,iteration_limit,tracked range estimate,9.169470646284665
Archived call calibration,t000995-g0-c1:45:8,flop,fold,"[""Kh"", ""As""]","[""Th"", ""Jh"", ""7h""]",210,192,probable_missed_terminal_call,21.20533187294896,39.122549720665994,-8,-121,0.5026041666666666,768,iteration_limit,tracked range estimate,21.20533187294896
Archived call calibration,t000999-g0-c1:54:8,preflop,fold,"[""Td"", ""As""]",[],211,195,probable_missed_terminal_call,3.9986687041937987,23.208326236237607,-5,-222,0.3977864583333333,768,iteration_limit,tracked range estimate,3.9986687041937987
Archived call calibration,t000999-g2-c1:72:12,river,call,"[""4s"", ""7s""]","[""Qd"", ""7d"", ""Ac"", ""5h"", ""Kc""]",42,18,probable_bad_terminal_call,-17.566706805067362,-11.125115631107736,30,239,0.53125,768,iteration_limit,uniform range estimate,11.125115631107736
Archived call calibration,t000999-g5-c1:4:7,preflop,fold,"[""6s"", ""6d""]",[],206,195,probable_missed_terminal_call,3.374171393809079,14.61993354382949,-5,-552,0.462890625,768,iteration_limit,tracked range estimate,3.374171393809079
Archived call calibration,t001001-g0-c1:65:12,river,fold,"[""Kc"", ""Qh""]","[""9h"", ""Kd"", ""5d"", ""6s"", ""As""]",78,33,probable_missed_terminal_call,9.103155791185383,16.971839679203903,-21,-477,0.3402457757296467,651,time_budget,tracked range estimate,9.103155791185383
Archived call calibration,t001003-g5-c1:48:8,preflop,fold,"[""Qc"", ""Ah""]",[],215,194,probable_missed_terminal_call,23.81509870293052,51.91491313552365,-6,380,0.5032552083333334,768,iteration_limit,tracked range estimate,23.81509870293052
Archived call calibration,t001006-g0-c1:99:7,preflop,fold,"[""8c"", ""8h""]",[],406,195,probable_missed_terminal_call,15.258111099947815,85.2235068658658,-5,1307,0.34765625,768,iteration_limit,tracked range estimate,15.258111099947815
Archived call calibration,t001006-g3-c1:2:7,preflop,fold,"[""9s"", ""As""]",[],207,195,probable_missed_terminal_call,5.705353342119346,19.30581574485676,-5,319,0.4895833333333333,768,iteration_limit,tracked range estimate,5.705353342119346
Archived call calibration,t001011-g3-c1:62:13,river,call,"[""Kh"", ""Td""]","[""7c"", ""2c"", ""3s"", ""4s"", ""5h""]",315,63,probable_bad_terminal_call,-48.91902521699547,-15.802446418706179,-188,-62,0.3115646258503401,735,time_budget,tracked range estimate,15.802446418706179
Archived call calibration,t001011-g4-c1:33:16,river,fold,"[""Jc"", ""Tc""]","[""8d"", ""Jd"", ""6c"", ""5s"", ""7d""]",375,60,probable_missed_terminal_call,13.065738960582227,90.04132775703796,-140,-167,0.12446657183499289,703,time_budget,tracked range estimate,13.065738960582227
Archived call calibration,t001027-g0-c1:4:7,preflop,fold,"[""7h"", ""7d""]",[],207,195,probable_missed_terminal_call,10.086750601400002,20.488821759645568,-5,562,0.5065104166666666,768,iteration_limit,tracked range estimate,10.086750601400002
Archived call calibration,t001030-g4-c1:2:7,preflop,fold,"[""9s"", ""9d""]",[],206,195,probable_missed_terminal_call,27.165333555972065,39.729403340063,-5,324,0.49074074074074076,324,time_budget,tracked range estimate,27.165333555972065
Archived call calibration,t001032-g1-c1:27:14,river,call,"[""2s"", ""Ac""]","[""6h"", ""6s"", ""2h"", ""7s"", ""Kd""]",210,90,probable_bad_terminal_call,-64.43300527666233,-4.596636336463414,-142,-382,0.3977864583333333,768,iteration_limit,tracked range estimate,4.596636336463414
Archived call calibration,t001032-g1-c1:95:12,river,call,"[""Qc"", ""Jh""]","[""Qd"", ""Kh"", ""Kd"", ""9d"", ""4d""]",159,68,probable_bad_terminal_call,-52.786485303291556,-7.742947173996308,-111,-382,0.3802083333333333,768,iteration_limit,tracked range estimate,7.742947173996308
Archived call calibration,t001040-g2-c1:54:6,preflop,fold,"[""6s"", ""6h""]",[],213,194,probable_missed_terminal_call,7.793943927408459,17.065747332532066,-6,141,0.4134114583333333,768,iteration_limit,tracked range estimate,7.793943927408459
Archived call calibration,t001040-g3-c1:84:10,river,call,"[""3c"", ""3h""]","[""Qs"", ""9c"", ""8h"", ""Jd"", ""Qd""]",49,16,probable_bad_terminal_call,-15.517805816521513,-9.81951465674162,33,280,0.3449197860962567,748,time_budget,tracked range estimate,9.81951465674162
Archived call calibration,t001042-g1-c1:96:14,river,call,"[""Jd"", ""As""]","[""3h"", ""Td"", ""8h"", ""3c"", ""4d""]",90,30,probable_bad_terminal_call,-28.185918251978347,-9.151941102739851,-56,76,0.32421875,768,iteration_limit,tracked range estimate,9.151941102739851
Archived call calibration,t001049-g3-c1:0:5,preflop,fold,"[""Ah"", ""Ts""]",[],206,195,probable_missed_terminal_call,2.126773129170518,20.56447530281376,-5,531,0.51171875,768,iteration_limit,tracked range estimate,2.126773129170518
Archived call calibration,t001063-g2-c1:41:6,preflop,fold,"[""7s"", ""7c""]",[],208,195,probable_missed_terminal_call,10.915102525390232,20.313640932597213,-5,137,0.4674479166666667,768,iteration_limit,tracked range estimate,10.915102525390232
Archived call calibration,t001065-g2-c1:7:7,preflop,fold,"[""Th"", ""Ah""]",[],210,196,probable_missed_terminal_call,15.373579618185964,35.85810409796505,-4,1036,0.5084635416666666,768,iteration_limit,tracked range estimate,15.373579618185964
Archived call calibration,t001080-g4-c1:36:8,preflop,fold,"[""Ts"", ""As""]",[],614,194,probable_missed_terminal_call,21.655447231930463,52.30674324054422,-6,-26,0.23502886002886003,462,time_budget,tracked range estimate,21.655447231930463
Archived call calibration,t001082-g5-c1:79:10,turn,call,"[""Qc"", ""Ah""]","[""8h"", ""Td"", ""7d"", ""Th""]",209,194,probable_bad_terminal_call,-35.70785878428618,-7.521145438822546,-200,-190,0.6118012422360248,644,time_budget,tracked range estimate,7.521145438822546
Archived call calibration,t001090-g0-c1:91:10,river,call,"[""Qd"", ""Ah""]","[""5s"", ""Kh"", ""Ts"", ""4s"", ""7d""]",48,9,probable_bad_terminal_call,-8.46866169127435,-3.625383697973792,-28,243,0.2884114583333333,768,iteration_limit,tracked range estimate,3.625383697973792
Archived call calibration,t001092-g2-c1:1:7,preflop,fold,"[""7c"", ""7h""]",[],207,195,probable_missed_terminal_call,9.93673022183615,23.133289183203797,-5,309,0.4735576923076923,416,time_budget,tracked range estimate,9.93673022183615
Archived call calibration,t001092-g3-c1:85:7,preflop,fold,"[""Qh"", ""Ks""]",[],206,195,probable_missed_terminal_call,3.371717393763136,14.415109501892676,-5,635,0.4694010416666667,768,iteration_limit,tracked range estimate,3.371717393763136
Archived call calibration,t001094-g3-c1:16:12,river,fold,"[""Qd"", ""As""]","[""8h"", ""Ac"", ""9c"", ""6c"", ""Th""]",202,121,probable_missed_terminal_call,15.33602646090125,55.88518081364439,-40,-121,0.451171875,768,iteration_limit,tracked range estimate,15.33602646090125
Archived call calibration,t001096-g3-c1:89:15,river,call,"[""3c"", ""Ac""]","[""3s"", ""6s"", ""2c"", ""4h"", ""7d""]",222,111,probable_bad_terminal_call,-94.71721563200683,-30.41934884543578,-163,90,0.42539267015706805,382,time_budget,tracked range estimate,30.41934884543578
Archived call calibration,t001097-g0-c1:18:6,preflop,fold,"[""Jc"", ""Kc""]",[],208,195,probable_missed_terminal_call,5.836356339179263,17.20537590228232,-5,-168,0.4840686274509804,408,time_budget,tracked range estimate,5.836356339179263
Archived call calibration,t001097-g3-c1:15:6,preflop,fold,"[""Jh"", ""Ad""]",[],208,195,probable_missed_terminal_call,9.969081071313973,33.09069084410131,-5,148,0.466796875,768,iteration_limit,tracked range estimate,9.969081071313973
Archived call calibration,t001102-g3-c1:37:7,preflop,fold,"[""Qc"", ""Ad""]",[],208,195,probable_missed_terminal_call,25.752541525177683,44.35788449202085,-5,-87,0.4835466179159049,547,time_budget,tracked range estimate,25.752541525177683
Archived call calibration,t001104-g1-c1:99:10,river,fold,"[""As"", ""9d""]","[""Ah"", ""2d"", ""2s"", ""5c"", ""3h""]",129,55,probable_missed_terminal_call,3.6051123522217177,50.40432181383819,-36,-169,0.3467614533965245,633,time_budget,tracked range estimate,3.6051123522217177
Archived call calibration,t001106-g1-c1:89:11,river,call,"[""5s"", ""Qs""]","[""7s"", ""Td"", ""5c"", ""3s"", ""Jc""]",94,31,probable_bad_terminal_call,-28.577639783873906,-8.323557565333608,63,-147,0.35075653370013754,727,time_budget,tracked range estimate,8.323557565333608
Archived call calibration,t001109-g1-c1:95:8,preflop,fold,"[""Th"", ""Tc""]",[],235,175,probable_missed_terminal_call,73.27901029756258,87.75805034461132,-25,260,0.4400998336106489,601,time_budget,tracked range estimate,73.27901029756258
Archived call calibration,t001111-g0-c1:61:7,preflop,fold,"[""Jd"", ""Js""]",[],222,180,probable_missed_terminal_call,15.477019628783104,58.62814582323813,-20,-268,0.44921875,768,iteration_limit,tracked range estimate,15.477019628783104
Archived call calibration,t001114-g0-c1:1:7,preflop,fold,"[""Qs"", ""Ks""]",[],235,175,probable_missed_terminal_call,32.09119269133961,56.66918686779352,-25,77,0.4300168634064081,593,time_budget,tracked range estimate,32.09119269133961
Archived call calibration,t001114-g2-c1:62:11,river,fold,"[""Jd"", ""Js""]","[""Ts"", ""9h"", ""9s"", ""4h"", ""4s""]",322,81,probable_missed_terminal_call,44.598514231126856,210.88978063699201,-119,-174,0.2630208333333333,384,time_budget,tracked range estimate,44.598514231126856
Archived call calibration,t001115-g5-c1:0:8,preflop,fold,"[""Jh"", ""Kh""]",[],212,195,probable_missed_terminal_call,5.670387451708364,14.597017508089554,-5,87,0.4661016949152542,590,time_budget,tracked range estimate,5.670387451708364
Archived call calibration,t001118-g3-c1:38:15,river,call,"[""9c"", ""9h""]","[""5h"", ""3s"", ""As"", ""4d"", ""6c""]",291,114,probable_bad_terminal_call,-88.76162974232395,-29.716070574063384,-200,-460,0.61328125,768,iteration_limit,tracked range estimate,29.716070574063384
Archived call calibration,t001124-g2-c1:13:7,preflop,fold,"[""Jc"", ""As""]",[],406,195,probable_missed_terminal_call,9.209104603313808,66.77659530318742,-5,-31,0.34075173095944605,337,time_budget,tracked range estimate,9.209104603313808
Archived call calibration,t001135-g0-c1:62:13,river,call,"[""Qh"", ""9h""]","[""Tc"", ""2c"", ""9c"", ""8s"", ""6h""]",97,32,probable_bad_terminal_call,-27.371922560473763,-2.889345732992364,-64,-194,0.44921875,768,iteration_limit,tracked range estimate,2.889345732992364
Archived call calibration,t001137-g3-c1:99:12,river,fold,"[""6d"", ""4s""]","[""7d"", ""5c"", ""6s"", ""2s"", ""4c""]",35,15,probable_missed_terminal_call,6.100939359550426,9.466295832690165,-10,141,0.3229166666666667,768,iteration_limit,tracked range estimate,6.100939359550426
Archived call calibration,t001137-g4-c1:91:6,preflop,fold,"[""6d"", ""6s""]",[],207,195,probable_missed_terminal_call,4.728679204702575,13.818853533531225,-5,87,0.4524739583333333,768,iteration_limit,tracked range estimate,4.728679204702575
Archived call calibration,t001138-g5-c1:3:6,preflop,fold,"[""Kc"", ""Jc""]",[],203,198,probable_missed_terminal_call,3.7776702185987014,25.780245406901948,-2,485,0.5129076086956522,736,time_budget,tracked range estimate,3.7776702185987014
Archived call calibration,t001143-g0-c1:3:7,preflop,fold,"[""Jc"", ""Kc""]",[],206,195,probable_missed_terminal_call,3.0339044165189355,12.581744068501308,-5,132,0.46484375,768,iteration_limit,tracked range estimate,3.0339044165189355
Archived call calibration,t001145-g3-c1:47:6,preflop,fold,"[""6s"", ""6d""]",[],602,198,probable_missed_terminal_call,8.516470072169142,52.71252412313279,-2,732,0.27292263610315187,698,time_budget,tracked range estimate,8.516470072169142
Archived call calibration,t001147-g1-c1:0:16,turn,fold,"[""Ks"", ""Js""]","[""Qs"", ""6h"", ""7s"", ""8h""]",310,103,probable_missed_terminal_call,11.305668732393503,39.12428045336516,-97,-202,0.3170572916666667,768,iteration_limit,tracked range estimate,11.305668732393503
Archived call calibration,t001153-g0-c1:47:13,river,call,"[""Tc"", ""Qs""]","[""9d"", ""8h"", ""7s"", ""3d"", ""Ts""]",142,85,probable_bad_terminal_call,-27.89917018599533,-8.47802654412276,-104,-145,0.5787760416666666,768,iteration_limit,tracked range estimate,8.47802654412276
Archived call calibration,t001156-g2-c1:78:6,preflop,fold,"[""Jh"", ""Kh""]",[],203,198,probable_missed_terminal_call,2.9537124501247023,26.589714837127392,-2,-59,0.51171875,768,iteration_limit,tracked range estimate,2.9537124501247023
Archived call calibration,t001157-g1-c1:8:6,preflop,fold,"[""Ac"", ""Tc""]",[],206,195,probable_missed_terminal_call,13.10199641037486,35.367291811183826,-5,907,0.5071614583333334,768,iteration_limit,tracked range estimate,13.10199641037486
Archived call calibration,t001160-g3-c1:65:11,river,call,"[""Tc"", ""Kc""]","[""5c"", ""3d"", ""4c"", ""Ah"", ""7s""]",163,32,probable_bad_terminal_call,-27.191009477685903,-18.82035070439752,-97,-237,0.2565104166666667,768,iteration_limit,tracked range estimate,18.82035070439752
Archived call calibration,t001162-g4-c1:17:7,preflop,fold,"[""7d"", ""7s""]",[],406,195,probable_missed_terminal_call,10.250390956236838,31.604209041068472,-5,51,0.27906976744186046,344,time_budget,tracked range estimate,10.250390956236838
Archived call calibration,t001165-g0-c1:93:10,flop,call,"[""Ah"", ""Ks""]","[""9h"", ""Td"", ""9d""]",211,195,probable_bad_terminal_call,-46.05773401905733,-2.4801779478950374,-200,-457,0.5325520833333334,768,iteration_limit,tracked range estimate,2.4801779478950374
Archived call calibration,t001168-g1-c1:81:13,river,fold,"[""Ks"", ""Kh""]","[""6s"", ""Ah"", ""6h"", ""6d"", ""7h""]",282,121,probable_missed_terminal_call,10.870278440622767,50.18178607212629,-79,-403,0.328125,768,iteration_limit,tracked range estimate,10.870278440622767
Archived call calibration,t001170-g0-c1:99:8,flop,fold,"[""9d"", ""Ac""]","[""2d"", ""5d"", ""4h""]",217,184,probable_missed_terminal_call,33.6030123131728,73.05519532168148,-16,100,0.517578125,768,iteration_limit,uniform range estimate,33.6030123131728
Archived call calibration,t001173-g1-c1:14:6,preflop,fold,"[""Td"", ""Ah""]",[],206,195,probable_missed_terminal_call,4.7529743320967635,21.82190178206036,-5,-214,0.470703125,768,iteration_limit,tracked range estimate,4.7529743320967635
Archived call calibration,t001187-g1-c1:47:6,preflop,fold,"[""Qc"", ""Kh""]",[],211,195,probable_missed_terminal_call,3.905540170511352,14.97829935396866,-5,-411,0.45703125,768,iteration_limit,tracked range estimate,3.905540170511352
Archived call calibration,t001187-g3-c1:25:6,preflop,fold,"[""6d"", ""6c""]",[],211,195,probable_missed_terminal_call,3.645454702686516,14.878024769689821,-5,371,0.4251302083333333,768,iteration_limit,tracked range estimate,3.645454702686516
Archived call calibration,t001194-g2-c1:75:13,river,call,"[""8d"", ""8h""]","[""6c"", ""2c"", ""9d"", ""Js"", ""6d""]",132,66,probable_bad_terminal_call,-57.22391031806585,-15.111593677753083,-98,668,0.484375,768,iteration_limit,tracked range estimate,15.111593677753083
Archived call calibration,t001196-g2-c1:98:11,river,call,"[""As"", ""Tc""]","[""8s"", ""5h"", ""Qc"", ""4d"", ""5d""]",94,31,probable_bad_terminal_call,-30.31655517075616,-17.39606643709394,-61,-46,0.4967447916666667,768,iteration_limit,tracked range estimate,17.39606643709394
Archived call calibration,t001196-g3-c1:0:6,preflop,fold,"[""Ah"", ""Ts""]",[],208,195,probable_missed_terminal_call,4.518996834706277,20.104777663370214,-5,103,0.4720052083333333,768,iteration_limit,tracked range estimate,4.518996834706277
Archived call calibration,t001199-g1-c1:61:6,preflop,fold,"[""Kh"", ""Jh""]",[],402,198,probable_missed_terminal_call,5.8820977805349495,51.384328527139516,-2,-164,0.34939236111111116,768,iteration_limit,tracked range estimate,5.8820977805349495
Archived call calibration,t001199-g1-c1:62:7,preflop,fold,"[""Ad"", ""Js""]",[],406,195,probable_missed_terminal_call,7.945424740272308,37.044361628896354,-5,-164,0.30777256129368813,639,time_budget,tracked range estimate,7.945424740272308
Archived call calibration,t001203-g1-c1:81:8,preflop,fold,"[""Kd"", ""As""]",[],236,170,probable_missed_terminal_call,17.12244992511827,65.97048521687482,-30,303,0.4388020833333333,768,iteration_limit,tracked range estimate,17.12244992511827
Archived call calibration,t001205-g2-c1:51:6,preflop,fold,"[""Jd"", ""Kd""]",[],207,195,probable_missed_terminal_call,4.079080565738374,16.559710975285505,-5,112,0.4375,768,iteration_limit,tracked range estimate,4.079080565738374
Archived call calibration,t001205-g3-c1:80:6,preflop,fold,"[""Ks"", ""Qs""]",[],206,195,probable_missed_terminal_call,12.601638260270356,24.416597501125338,-5,171,0.427734375,768,iteration_limit,tracked range estimate,12.601638260270356
Archived call calibration,t001207-g0-c1:8:6,preflop,fold,"[""Ks"", ""Ts""]",[],607,195,probable_missed_terminal_call,7.725363040272494,51.405498170731754,-5,-631,0.2624782986111111,768,iteration_limit,tracked range estimate,7.725363040272494
Archived call calibration,t001207-g3-c1:31:6,preflop,fold,"[""7h"", ""7s""]",[],406,195,probable_missed_terminal_call,6.863404302077468,53.209928983194175,-5,1554,0.3072916666666667,768,iteration_limit,tracked range estimate,6.863404302077468
Archived call calibration,t001207-g3-c1:94:5,preflop,fold,"[""6h"", ""6d""]",[],602,198,probable_missed_terminal_call,8.29400796929442,45.53288559379776,-2,1554,0.2727864583333333,768,iteration_limit,tracked range estimate,8.29400796929442
Archived call calibration,t001220-g3-c1:8:7,preflop,fold,"[""Td"", ""Ad""]",[],407,193,probable_missed_terminal_call,9.118240226023431,33.00903653304811,-7,297,0.34071180555555564,768,iteration_limit,tracked range estimate,9.118240226023431
Archived call calibration,t001225-g0-c1:25:5,preflop,fold,"[""Kh"", ""Qh""]",[],205,195,probable_missed_terminal_call,10.058746604579632,25.459852946808713,-5,313,0.5123697916666666,768,iteration_limit,tracked range estimate,10.058746604579632
Archived call calibration,t001225-g1-c1:20:5,preflop,fold,"[""As"", ""Js""]",[],205,195,probable_missed_terminal_call,20.820608995764072,41.70318397986061,-5,368,0.5065104166666666,768,iteration_limit,tracked range estimate,20.820608995764072
Archived call calibration,t001225-g1-c1:95:7,preflop,fold,"[""Kh"", ""Ah""]",[],235,166,probable_missed_terminal_call,16.215807479535584,45.213106737710646,-34,368,0.41015625,768,iteration_limit,tracked range estimate,16.215807479535584
Archived call calibration,t001226-g4-c1:72:7,preflop,fold,"[""Qs"", ""Kh""]",[],212,194,probable_missed_terminal_call,4.876255894216196,14.556147978999494,-6,81,0.482421875,768,iteration_limit,tracked range estimate,4.876255894216196
Archived call calibration,t001229-g1-c1:30:7,preflop,fold,"[""Jh"", ""Jc""]",[],222,180,probable_missed_terminal_call,14.094677104487326,62.83402056737118,-20,224,0.439453125,768,iteration_limit,tracked range estimate,14.094677104487326
Archived call calibration,t001229-g4-c1:15:6,preflop,fold,"[""Jd"", ""Ah""]",[],207,195,probable_missed_terminal_call,11.229288667158093,31.57701533718985,-5,-185,0.4635416666666667,768,iteration_limit,tracked range estimate,11.229288667158093
Archived call calibration,t001245-g2-c1:93:5,preflop,fold,"[""7c"", ""7d""]",[],207,195,probable_missed_terminal_call,12.26977719151176,22.254379036172846,-5,-70,0.5104166666666666,768,iteration_limit,tracked range estimate,12.26977719151176
Archived call calibration,t001247-g0-c1:46:7,preflop,fold,"[""6d"", ""6h""]",[],212,194,probable_missed_terminal_call,3.6532164079970446,15.75604272113738,-6,-209,0.498046875,768,iteration_limit,tracked range estimate,3.6532164079970446
Archived call calibration,t001248-g2-c1:75:5,preflop,fold,"[""Qd"", ""Ks""]",[],203,198,probable_missed_terminal_call,4.4086510020294005,21.34434132020669,-2,104,0.5143229166666666,768,iteration_limit,tracked range estimate,4.4086510020294005
Archived call calibration,t001251-g2-c1:99:7,preflop,fold,"[""Kh"", ""Qh""]",[],208,195,probable_missed_terminal_call,12.82734808791912,22.75302021096804,-5,527,0.4609375,768,iteration_limit,tracked range estimate,12.82734808791912
Archived call calibration,t001251-g3-c1:79:7,preflop,fold,"[""8d"", ""8s""]",[],408,195,probable_missed_terminal_call,21.828121006411838,42.33655960616555,-5,14,0.2999131944444444,768,iteration_limit,tracked range estimate,21.828121006411838
Archived call calibration,t001259-g0-c1:5:6,preflop,fold,"[""Ad"", ""9d""]",[],207,195,probable_missed_terminal_call,4.94470189329726,15.610048511281432,-5,419,0.4876302083333333,768,iteration_limit,tracked range estimate,4.94470189329726
Archived call calibration,t001263-g2-c1:91:13,river,fold,"[""Qc"", ""Qh""]","[""Jc"", ""5c"", ""Ts"", ""8c"", ""Jh""]",90,45,probable_missed_terminal_call,8.261620388572679,48.41514651239195,-20,-197,0.3190104166666667,768,iteration_limit,tracked range estimate,8.261620388572679
Archived call calibration,t001277-g1-c1:34:7,flop,fold,"[""Jh"", ""7h""]","[""7c"", ""9s"", ""5h""]",207,195,probable_missed_terminal_call,6.299427709103691,31.85439850457809,-5,43,0.4772012578616352,636,time_budget,tracked range estimate,6.299427709103691
Archived call calibration,t001277-g1-c1:43:8,flop,fold,"[""Kc"", ""Ah""]","[""8c"", ""6s"", ""6c""]",221,182,probable_missed_terminal_call,27.59457250111505,40.0925013255798,-18,43,0.4658273381294964,556,time_budget,tracked range estimate,27.59457250111505
Archived call calibration,t001279-g2-c1:86:8,preflop,fold,"[""9s"", ""9c""]",[],213,195,probable_missed_terminal_call,36.81113168203332,50.30354184038839,-5,419,0.4811197916666667,768,iteration_limit,tracked range estimate,36.81113168203332
Archived call calibration,t001279-g3-c1:34:8,preflop,fold,"[""6h"", ""6c""]",[],212,194,probable_missed_terminal_call,4.794676683657253,14.591863539550616,-6,417,0.4602864583333333,768,iteration_limit,tracked range estimate,4.794676683657253
Archived call calibration,t001279-g4-c1:14:7,preflop,fold,"[""Ad"", ""Th""]",[],207,195,probable_missed_terminal_call,3.0142232408028917,23.32228314058986,-5,235,0.498046875,768,iteration_limit,tracked range estimate,3.0142232408028917
Archived call calibration,t001288-g3-c1:18:18,river,fold,"[""Ah"", ""Qh""]","[""Qs"", ""Tc"", ""3d"", ""2h"", ""Kh""]",346,100,probable_missed_terminal_call,36.72738975518824,79.85452045345652,-100,115,0.2571614583333333,768,iteration_limit,tracked range estimate,36.72738975518824
Archived call calibration,t001290-g0-c1:13:6,preflop,fold,"[""As"", ""Jc""]",[],405,195,probable_missed_terminal_call,12.209806586064008,59.541513203869336,-5,401,0.34613715277777785,768,iteration_limit,tracked range estimate,12.209806586064008
Archived call calibration,t001311-g4-c1:82:8,preflop,fold,"[""Ts"", ""Tc""]",[],410,195,probable_missed_terminal_call,27.657394526489846,78.93071658908254,-5,-53,0.3114149305555555,768,iteration_limit,tracked range estimate,27.657394526489846
Archived call calibration,t001326-g0-c1:74:13,river,fold,"[""Jc"", ""Th""]","[""Ts"", ""8h"", ""Qh"", ""Jd"", ""7s""]",126,63,probable_missed_terminal_call,15.762918002158012,28.982801432809197,-31,-53,0.39453125,768,iteration_limit,tracked range estimate,15.762918002158012
Archived call calibration,t001327-g2-c1:97:7,preflop,fold,"[""7d"", ""7h""]",[],208,195,probable_missed_terminal_call,7.587928553855663,22.789454171548634,-5,-54,0.4700520833333333,768,iteration_limit,tracked range estimate,7.587928553855663
Archived call calibration,t001327-g3-c1:21:8,preflop,fold,"[""Qh"", ""Ad""]",[],416,185,probable_missed_terminal_call,10.888334176686504,35.02077544382355,-15,67,0.31699346405228757,459,time_budget,tracked range estimate,10.888334176686504
Archived call calibration,t001332-g1-c1:82:9,preflop,fold,"[""Js"", ""Jh""]",[],423,180,probable_missed_terminal_call,35.54624072717934,101.10715281009396,-20,-34,0.3044704861111111,768,iteration_limit,tracked range estimate,35.54624072717934
Archived call calibration,t001338-g0-c1:36:11,turn,call,"[""Ks"", ""Ah""]","[""4c"", ""2d"", ""Jh"", ""6c""]",245,155,probable_bad_terminal_call,-69.06607817442905,-31.63743503882191,-200,-422,0.4375,768,iteration_limit,tracked range estimate,31.63743503882191
Archived call calibration,t001346-g1-c1:63:6,preflop,fold,"[""Jd"", ""Ah""]",[],407,195,probable_missed_terminal_call,8.59769545014056,33.17757207831636,-5,207,0.3407118055555556,768,iteration_limit,tracked range estimate,8.59769545014056
Archived call calibration,t001348-g3-c1:6:7,preflop,fold,"[""Kh"", ""Qc""]",[],207,195,probable_missed_terminal_call,3.0606052548523923,16.37730104519533,-5,562,0.4954427083333333,768,iteration_limit,tracked range estimate,3.0606052548523923
Archived call calibration,t001352-g2-c1:69:12,river,fold,"[""Ks"", ""Ah""]","[""Ac"", ""Th"", ""Kd"", ""9d"", ""Jc""]",173,74,probable_missed_terminal_call,22.70246678654737,36.669922836700586,-49,-322,0.3125,768,iteration_limit,tracked range estimate,22.70246678654737
Archived call calibration,t001353-g0-c1:28:13,river,call,"[""Ah"", ""2h""]","[""6h"", ""Jc"", ""8d"", ""2d"", ""4c""]",160,96,probable_bad_terminal_call,-50.57648364318569,-3.6474686981045994,-125,-99,0.6087239583333334,768,iteration_limit,tracked range estimate,3.6474686981045994
Archived call calibration,t001354-g1-c1:93:7,preflop,fold,"[""6h"", ""6c""]",[],208,195,probable_missed_terminal_call,3.062104466890748,12.421853188384969,-5,27,0.4641927083333333,768,iteration_limit,tracked range estimate,3.062104466890748
Archived call calibration,t001356-g1-c1:2:6,preflop,fold,"[""Jc"", ""Kc""]",[],405,195,probable_missed_terminal_call,10.664277939504856,27.141162896829503,-5,-490,0.3229166666666667,768,iteration_limit,tracked range estimate,10.664277939504856
Archived call calibration,t001356-g2-c1:44:14,river,call,"[""9s"", ""9d""]","[""5d"", ""Th"", ""Qc"", ""4c"", ""7d""]",68,34,probable_bad_terminal_call,-30.14565913701519,-6.707903574437334,-50,-631,0.4798177083333333,768,iteration_limit,tracked range estimate,6.707903574437334
Archived call calibration,t001358-g3-c1:1:5,preflop,fold,"[""Ad"", ""Jc""]",[],405,195,probable_missed_terminal_call,7.7512175624531165,33.710503594966724,-5,980,0.3279079861111112,768,iteration_limit,tracked range estimate,7.7512175624531165
Archived call calibration,t001360-g0-c1:94:8,preflop,fold,"[""Jc"", ""Kc""]",[],213,194,probable_missed_terminal_call,8.923141193431553,18.19283672118782,-6,963,0.4381510416666667,768,iteration_limit,tracked range estimate,8.923141193431553
Archived call calibration,t001368-g1-c1:56:8,flop,fold,"[""Ah"", ""6h""]","[""8c"", ""5h"", ""7d""]",210,191,probable_missed_terminal_call,2.7147307120360686,23.30928673978604,-9,453,0.505859375,768,iteration_limit,tracked range estimate,2.7147307120360686
Archived call calibration,t001371-g0-c1:79:12,river,fold,"[""Qh"", ""Qs""]","[""6s"", ""8d"", ""9s"", ""9d"", ""Ad""]",151,30,probable_missed_terminal_call,25.047877201248347,31.979540794690216,-59,-264,0.21354166666666666,768,iteration_limit,tracked range estimate,25.047877201248347
Archived call calibration,t001378-g2-c1:32:7,preflop,fold,"[""Qd"", ""Kd""]",[],219,191,probable_missed_terminal_call,21.806225422815636,31.470246844980558,-9,-42,0.4609375,768,iteration_limit,tracked range estimate,21.806225422815636
Archived call calibration,t001378-g4-c1:42:7,preflop,fold,"[""Ah"", ""Js""]",[],210,195,probable_missed_terminal_call,11.725805089076719,36.18121365225648,-5,-145,0.4908854166666667,768,iteration_limit,tracked range estimate,11.725805089076719
Archived call calibration,t001379-g0-c1:96:11,river,call,"[""Ac"", ""Kc""]","[""2h"", ""7c"", ""5c"", ""6d"", ""4d""]",182,109,probable_bad_terminal_call,-98.56259635354533,-8.99212873380106,-144,-231,0.5559895833333334,768,iteration_limit,tracked range estimate,8.99212873380106
Archived call calibration,t001393-g3-c1:85:12,river,call,"[""Ks"", ""Ac""]","[""3d"", ""2c"", ""7s"", ""6s"", ""5c""]",270,90,probable_bad_terminal_call,-86.67682634019876,-19.246523476803915,-179,-96,0.388671875,768,iteration_limit,tracked range estimate,19.246523476803915
Archived call calibration,t001399-g2-c1:4:7,preflop,fold,"[""As"", ""9s""]",[],207,195,probable_missed_terminal_call,2.829784669947106,18.019139875133583,-5,676,0.474609375,768,iteration_limit,tracked range estimate,2.829784669947106
Archived call calibration,t001399-g3-c1:79:8,preflop,fold,"[""Qh"", ""Kh""]",[],213,194,probable_missed_terminal_call,16.59319050502228,28.420334790109973,-6,336,0.4661458333333333,768,iteration_limit,tracked range estimate,16.59319050502228
Archived call calibration,t001408-g2-c1:35:8,preflop,fold,"[""7d"", ""7c""]",[],210,195,probable_missed_terminal_call,6.944648946246647,22.589160358016393,-5,-516,0.4440104166666667,768,iteration_limit,tracked range estimate,6.944648946246647
Archived call calibration,t001408-g5-c1:36:7,preflop,fold,"[""Kc"", ""Qd""]",[],208,195,probable_missed_terminal_call,3.84526496883346,16.865414179386896,-5,419,0.4915364583333333,768,iteration_limit,tracked range estimate,3.84526496883346
Archived call calibration,t001409-g2-c1:88:6,preflop,fold,"[""Qc"", ""Ks""]",[],207,195,probable_missed_terminal_call,4.629127472161974,14.528858559903489,-5,-129,0.5149739583333334,768,iteration_limit,tracked range estimate,4.629127472161974
Archived call calibration,t001431-g1-c1:91:11,river,call,"[""Ad"", ""Kd""]","[""5c"", ""Th"", ""6h"", ""7s"", ""Js""]",91,18,probable_bad_terminal_call,-16.344732050830363,-3.6381106594375314,56,155,0.2506510416666667,768,iteration_limit,tracked range estimate,3.6381106594375314
Archived call calibration,t001437-g1-c1:95:5,preflop,fold,"[""As"", ""Tc""]",[],207,195,probable_missed_terminal_call,6.062503779518306,18.11392591777132,-5,530,0.4453125,768,iteration_limit,tracked range estimate,6.062503779518306
Archived call calibration,t001439-g4-c1:1:7,preflop,fold,"[""Kc"", ""Qd""]",[],213,194,probable_missed_terminal_call,5.81914033316686,17.611577310949293,-6,-46,0.4765625,768,iteration_limit,tracked range estimate,5.81914033316686
Archived call calibration,t001440-g3-c1:40:8,preflop,fold,"[""Ad"", ""Ts""]",[],210,195,probable_missed_terminal_call,9.090978390884919,20.856511837640348,-5,431,0.4850260416666667,768,iteration_limit,tracked range estimate,9.090978390884919
Archived call calibration,t001448-g1-c1:9:7,preflop,fold,"[""7c"", ""7h""]",[],406,195,probable_missed_terminal_call,4.083848870522556,31.601724031762163,-5,-476,0.29492187500000006,768,iteration_limit,tracked range estimate,4.083848870522556
Archived call calibration,t001448-g4-c1:35:7,preflop,fold,"[""Qd"", ""Kd""]",[],208,195,probable_missed_terminal_call,14.024773076932071,24.076009101665267,-5,326,0.5006510416666666,768,iteration_limit,tracked range estimate,14.024773076932071
Archived call calibration,t001453-g4-c1:4:13,river,fold,"[""Qh"", ""Kc""]","[""6d"", ""7d"", ""Ks"", ""2h"", ""Ah""]",162,81,probable_missed_terminal_call,7.235652103020195,26.54679008640575,-40,161,0.3385416666666667,768,iteration_limit,tracked range estimate,7.235652103020195
Archived call calibration,t001454-g0-c1:62:11,river,fold,"[""5s"", ""5h""]","[""6d"", ""Ad"", ""9c"", ""8c"", ""7h""]",212,188,probable_missed_terminal_call,29.748934879975053,50.049493923981004,-12,-244,0.53515625,768,iteration_limit,tracked range estimate,29.748934879975053
Archived call calibration,t001454-g3-c1:8:9,flop,fold,"[""Jd"", ""Js""]","[""2c"", ""Ad"", ""2s""]",284,122,probable_missed_terminal_call,50.1970870935283,97.5890806096594,-78,451,0.3509114583333333,768,iteration_limit,tracked range estimate,50.1970870935283
Archived call calibration,t001454-g3-c1:38:12,river,fold,"[""5h"", ""Kc""]","[""4h"", ""7h"", ""9d"", ""8h"", ""2h""]",60,30,probable_missed_terminal_call,7.61939970746888,20.331524949666527,-15,451,0.3815104166666667,768,iteration_limit,tracked range estimate,7.61939970746888
Archived call calibration,t001458-g1-c1:78:7,preflop,fold,"[""6d"", ""6s""]",[],214,194,probable_missed_terminal_call,4.704013490952695,15.244019700270343,-6,247,0.4264322916666667,768,iteration_limit,tracked range estimate,4.704013490952695
Archived call calibration,t001463-g0-c1:8:6,preflop,fold,"[""Ks"", ""Ac""]",[],403,198,probable_missed_terminal_call,61.01631681317711,98.1375760896821,-2,598,0.13677189206814677,70,time_budget,conservative sparse estimate,61.01631681317711
Archived call calibration,t001463-g3-c1:66:7,preflop,fold,"[""8s"", ""8h""]",[],407,195,probable_missed_terminal_call,22.17577798690537,81.15402314307593,-5,-738,0.32790798611111116,768,iteration_limit,tracked range estimate,22.17577798690537
Archived call calibration,t001468-g0-c1:17:12,river,call,"[""Ad"", ""9h""]","[""6d"", ""2s"", ""Kh"", ""3d"", ""Tc""]",41,8,probable_bad_terminal_call,-7.748491318434529,-3.090093531909375,25,-30,0.310546875,768,iteration_limit,tracked range estimate,3.090093531909375
Archived call calibration,t001470-g3-c1:31:7,preflop,fold,"[""Ad"", ""Td""]",[],211,195,probable_missed_terminal_call,13.71526572645178,34.21092536331896,-5,441,0.4928385416666667,768,iteration_limit,tracked range estimate,13.71526572645178
Archived call calibration,t001474-g0-c1:82:5,preflop,fold,"[""7s"", ""7c""]",[],203,198,probable_missed_terminal_call,8.78161578382545,29.235767342170817,-2,-424,0.4973958333333333,768,iteration_limit,tracked range estimate,8.78161578382545
Archived call calibration,t001474-g3-c1:62:7,preflop,fold,"[""7s"", ""7h""]",[],211,193,probable_missed_terminal_call,11.847111292218678,22.230731485383828,-7,166,0.40625,768,iteration_limit,tracked range estimate,11.847111292218678
Archived call calibration,t001477-g2-c1:19:8,preflop,fold,"[""Kd"", ""As""]",[],427,179,probable_missed_terminal_call,28.309538163233253,69.4988283377429,-21,317,0.3240017361111111,768,iteration_limit,tracked range estimate,28.309538163233253
Archived call calibration,t001482-g1-c1:2:6,preflop,fold,"[""Qs"", ""Kd""]",[],208,195,probable_missed_terminal_call,4.879670457600139,19.490527213715442,-5,271,0.4739583333333333,768,iteration_limit,tracked range estimate,4.879670457600139
Archived call calibration,t001482-g2-c1:18:6,preflop,fold,"[""9h"", ""9d""]",[],207,195,probable_missed_terminal_call,27.992998625334522,44.98316061322365,-5,-224,0.4908854166666667,768,iteration_limit,tracked range estimate,27.992998625334522
Archived call calibration,t001482-g3-c1:51:6,preflop,fold,"[""Ts"", ""Ad""]",[],208,195,probable_missed_terminal_call,4.215647030089601,27.609459373068496,-5,205,0.49609375,768,iteration_limit,tracked range estimate,4.215647030089601
Archived call calibration,t001486-g0-c1:60:7,preflop,fold,"[""Ac"", ""9c""]",[],211,195,probable_missed_terminal_call,5.067330108000612,20.74173370667049,-5,124,0.4622395833333333,768,iteration_limit,tracked range estimate,5.067330108000612
Archived call calibration,t001488-g2-c1:48:10,river,call,"[""Ad"", ""9s""]","[""4d"", ""7h"", ""3d"", ""4s"", ""Jd""]",82,16,probable_bad_terminal_call,-15.061673551278087,-2.2311474672414,-49,778,0.3841145833333333,768,iteration_limit,tracked range estimate,2.2311474672414
Archived call calibration,t001494-g2-c1:9:7,preflop,fold,"[""8d"", ""8c""]",[],210,195,probable_missed_terminal_call,17.804213674198177,33.34694596774783,-5,261,0.4928385416666667,768,iteration_limit,tracked range estimate,17.804213674198177
Archived call calibration,t001501-g3-c1:24:7,preflop,fold,"[""8s"", ""8d""]",[],206,195,probable_missed_terminal_call,13.059076552548623,31.72491199614397,-5,459,0.5071614583333334,768,iteration_limit,tracked range estimate,13.059076552548623
Archived call calibration,t001504-g0-c1:44:15,river,fold,"[""8s"", ""7s""]","[""Ts"", ""2d"", ""9d"", ""7c"", ""8h""]",72,43,probable_missed_terminal_call,5.3143750390386835,12.450892567715549,-14,136,0.4181184668989547,574,time_budget,tracked range estimate,5.3143750390386835
Archived call calibration,t001505-g1-c1:2:6,preflop,fold,"[""Qs"", ""Kc""]",[],208,195,probable_missed_terminal_call,2.177915209844614,18.04520958446953,-5,26,0.4544270833333333,768,iteration_limit,tracked range estimate,2.177915209844614
Archived call calibration,t001507-g1-c1:51:14,river,fold,"[""6c"", ""Kc""]","[""7c"", ""5d"", ""4s"", ""Kh"", ""Ah""]",118,39,probable_missed_terminal_call,3.952246618826706,32.55158318524846,-34,-135,0.26171875,768,iteration_limit,tracked range estimate,3.952246618826706
Archived call calibration,t001508-g0-c1:26:6,preflop,fold,"[""Th"", ""Ah""]",[],205,195,probable_missed_terminal_call,11.82982056052268,32.11675037133063,-5,-31,0.494140625,768,iteration_limit,tracked range estimate,11.82982056052268
Archived call calibration,t001509-g1-c1:38:6,preflop,fold,"[""Qc"", ""Kh""]",[],208,195,probable_missed_terminal_call,2.2840120652327265,11.665374174865342,-5,-482,0.5006510416666666,768,iteration_limit,tracked range estimate,2.2840120652327265
Archived call calibration,t001509-g2-c1:63:7,preflop,fold,"[""Ah"", ""Tc""]",[],212,195,probable_missed_terminal_call,9.129179767540098,23.48770921710495,-5,-455,0.4954427083333333,768,iteration_limit,tracked range estimate,9.129179767540098
Archived call calibration,t001509-g3-c1:5:6,preflop,fold,"[""7d"", ""7h""]",[],208,195,probable_missed_terminal_call,6.4823443985984985,24.950414516724585,-5,772,0.4694010416666667,768,iteration_limit,tracked range estimate,6.4823443985984985
Archived call calibration,t001511-g3-c1:65:10,river,call,"[""5c"", ""Ah""]","[""4c"", ""7h"", ""9s"", ""9c"", ""Js""]",78,15,probable_bad_terminal_call,-13.726745909445519,-4.684931723485966,-46,-247,0.3815104166666667,768,iteration_limit,tracked range estimate,4.684931723485966
Archived call calibration,t001512-g0-c1:1:8,preflop,fold,"[""Jd"", ""Kd""]",[],209,193,probable_missed_terminal_call,6.308714051626028,17.144938561054857,-7,418,0.44140625,768,iteration_limit,tracked range estimate,6.308714051626028
Archived call calibration,t001512-g4-c1:56:7,preflop,fold,"[""Jd"", ""Kd""]",[],207,195,probable_missed_terminal_call,4.95124207047638,16.282731055985277,-5,287,0.4954427083333333,768,iteration_limit,tracked range estimate,4.95124207047638
Archived call calibration,t001513-g0-c1:30:7,preflop,fold,"[""9h"", ""9s""]",[],408,194,probable_missed_terminal_call,4.751203204455423,50.06123215988264,-6,181,0.2649739583333333,768,iteration_limit,tracked range estimate,4.751203204455423
Archived call calibration,t001513-g4-c1:17:7,preflop,fold,"[""Qs"", ""Kc""]",[],210,195,probable_missed_terminal_call,2.474690949653997,15.95828687625032,-5,235,0.4798177083333333,768,iteration_limit,tracked range estimate,2.474690949653997
Archived call calibration,t001519-g3-c1:68:13,river,call,"[""2c"", ""2d""]","[""7s"", ""9c"", ""Jd"", ""5d"", ""3h""]",80,40,probable_bad_terminal_call,-23.913852427085043,-3.8907205019158937,63,180,0.5924479166666666,768,iteration_limit,tracked range estimate,3.8907205019158937
Archived call calibration,t001525-g1-c1:63:7,preflop,fold,"[""7s"", ""7c""]",[],208,195,probable_missed_terminal_call,9.461807924104068,22.741395567819925,-5,-328,0.4973958333333333,768,iteration_limit,tracked range estimate,9.461807924104068
Archived call calibration,t001526-g3-c1:90:11,river,call,"[""Ah"", ""3h""]","[""Js"", ""5c"", ""6h"", ""7c"", ""5s""]",42,21,probable_bad_terminal_call,-15.846160801783242,-6.376360948171971,-31,-243,0.48828125,768,iteration_limit,tracked range estimate,6.376360948171971
Archived call calibration,t001535-g0-c1:4:6,preflop,fold,"[""Ks"", ""Qs""]",[],208,195,probable_missed_terminal_call,12.958325801831695,23.423072974053085,-5,746,0.4915364583333333,768,iteration_limit,tracked range estimate,12.958325801831695
Archived call calibration,t001535-g3-c1:40:6,preflop,fold,"[""Jd"", ""Kd""]",[],408,195,probable_missed_terminal_call,8.909043285634567,60.05387672488661,-5,-857,0.3502604166666667,768,iteration_limit,tracked range estimate,8.909043285634567
Archived call calibration,t001536-g0-c1:88:6,preflop,fold,"[""Kd"", ""Qh""]",[],208,195,probable_missed_terminal_call,2.167110698290532,14.823081953007438,-5,1135,0.4075520833333333,768,iteration_limit,tracked range estimate,2.167110698290532
Archived call calibration,t001536-g3-c1:50:6,preflop,fold,"[""9d"", ""9s""]",[],407,195,probable_missed_terminal_call,44.71908844768275,99.69073844743598,-5,1609,0.328395061728395,540,time_budget,tracked range estimate,44.71908844768275
Archived call calibration,t001538-g4-c1:11:7,preflop,fold,"[""Jh"", ""As""]",[],408,195,probable_missed_terminal_call,10.475726105905943,65.7849322980321,-5,-208,0.34939236111111116,768,iteration_limit,tracked range estimate,10.475726105905943
Archived call calibration,t001544-g0-c1:45:6,preflop,fold,"[""7c"", ""7d""]",[],206,195,probable_missed_terminal_call,4.2619127667566605,21.53457220226667,-5,-150,0.4453125,768,iteration_limit,tracked range estimate,4.2619127667566605
Archived call calibration,t001547-g0-c1:60:6,preflop,fold,"[""Ac"", ""Qh""]",[],417,185,probable_missed_terminal_call,2.404674348366126,61.0773799266212,-15,-958,0.3053385416666667,768,iteration_limit,tracked range estimate,2.404674348366126
Archived call calibration,t001547-g2-c1:3:6,preflop,fold,"[""8d"", ""8s""]",[],210,195,probable_missed_terminal_call,17.561489027204097,31.99071589353128,-5,773,0.505859375,768,iteration_limit,tracked range estimate,17.561489027204097
Archived call calibration,t001552-g1-c1:43:6,preflop,fold,"[""Jd"", ""Ah""]",[],406,195,probable_missed_terminal_call,6.011914537643747,62.861352069648476,-5,416,0.3470052083333333,768,iteration_limit,tracked range estimate,6.011914537643747
Archived call calibration,t001552-g2-c1:88:7,preflop,fold,"[""8h"", ""8s""]",[],409,193,probable_missed_terminal_call,6.407548483454235,79.41424261171117,-7,724,0.34787326388888884,768,iteration_limit,tracked range estimate,6.407548483454235
Archived call calibration,t001552-g3-c1:15:6,preflop,fold,"[""Ah"", ""Jh""]",[],607,195,probable_missed_terminal_call,36.69792826467639,83.21636164912286,-5,-1441,0.2632378472222222,768,iteration_limit,tracked range estimate,36.69792826467639
Archived call calibration,t001556-g4-c1:59:6,preflop,fold,"[""9d"", ""Ad""]",[],208,195,probable_missed_terminal_call,8.686846298480145,20.513811097943886,-5,88,0.431640625,768,iteration_limit,tracked range estimate,8.686846298480145
Archived call calibration,t001556-g4-c1:81:6,preflop,fold,"[""Ad"", ""Jc""]",[],207,195,probable_missed_terminal_call,9.725999768098909,33.45580908955035,-5,88,0.4329427083333333,768,iteration_limit,tracked range estimate,9.725999768098909
Archived call calibration,t001559-g1-c1:79:5,preflop,fold,"[""Qh"", ""Kh""]",[],206,195,probable_missed_terminal_call,9.868183481407591,21.190018642319167,-5,12,0.4596354166666667,768,iteration_limit,tracked range estimate,9.868183481407591
Archived call calibration,t001561-g2-c1:73:8,preflop,fold,"[""Js"", ""Jc""]",[],425,182,probable_missed_terminal_call,56.93831071969797,130.03726858718068,-18,1070,0.3235677083333333,768,iteration_limit,tracked range estimate,56.93831071969797
Archived call calibration,t001562-g0-c1:23:6,preflop,fold,"[""Ts"", ""Ad""]",[],207,195,probable_missed_terminal_call,2.128681475585049,22.80967744554657,-5,99,0.5006510416666666,768,iteration_limit,tracked range estimate,2.128681475585049
Archived call calibration,t001567-g5-c1:34:9,flop,fold,"[""Td"", ""9d""]","[""Qd"", ""Kd"", ""4s""]",221,182,probable_missed_terminal_call,16.863783728686737,47.126130639598806,-18,779,0.4661458333333333,768,iteration_limit,tracked range estimate,16.863783728686737
Archived call calibration,t001577-g2-c1:92:10,river,fold,"[""4s"", ""4d""]","[""4h"", ""6c"", ""5c"", ""8d"", ""Tc""]",224,176,probable_missed_terminal_call,4.349421127889963,40.871587344515284,-24,68,0.3997395833333333,768,iteration_limit,tracked range estimate,4.349421127889963
Archived call calibration,t001585-g0-c1:73:6,preflop,fold,"[""Kh"", ""Jh""]",[],208,195,probable_missed_terminal_call,7.264712232570676,16.32462333873486,-5,275,0.5078125,768,iteration_limit,tracked range estimate,7.264712232570676
Archived call calibration,t001585-g4-c1:5:6,preflop,fold,"[""Ac"", ""Jh""]",[],207,195,probable_missed_terminal_call,10.09356035388851,32.3140645335937,-5,382,0.5086071987480438,639,time_budget,tracked range estimate,10.09356035388851
Archived call calibration,t001587-g3-c1:72:14,river,fold,"[""8c"", ""8h""]","[""7d"", ""3s"", ""Ac"", ""4c"", ""Qs""]",28,9,probable_missed_terminal_call,2.2921228997295184,11.757174625895358,-6,-17,0.2923177083333333,768,iteration_limit,tracked range estimate,2.2921228997295184
Archived call calibration,t001589-g3-c1:28:13,turn,call,"[""Tc"", ""Kc""]","[""4d"", ""8d"", ""Ad"", ""Ts""]",247,160,probable_bad_terminal_call,-90.29232355984068,-14.337355796780953,-200,424,0.6809895833333334,768,iteration_limit,uniform range estimate,14.337355796780953
Archived call calibration,t001600-g3-c1:88:12,river,fold,"[""Qh"", ""Qs""]","[""9s"", ""9c"", ""8d"", ""9d"", ""Kd""]",198,99,probable_missed_terminal_call,29.917634058712846,60.43353097675052,-49,-296,0.3736979166666667,768,iteration_limit,tracked range estimate,29.917634058712846
Archived call calibration,t001613-g2-c1:68:7,preflop,fold,"[""Jh"", ""Jc""]",[],426,175,probable_missed_terminal_call,34.249085451487616,104.19421285911014,-25,139,0.3122829861111111,768,iteration_limit,tracked range estimate,34.249085451487616
Archived call calibration,t001622-g0-c1:2:5,preflop,fold,"[""6d"", ""6c""]",[],402,198,probable_missed_terminal_call,7.369996249752839,31.169602494855777,-2,976,0.3411458333333333,768,iteration_limit,tracked range estimate,7.369996249752839
Archived call calibration,t001640-g3-c1:80:6,preflop,fold,"[""Qd"", ""Kc""]",[],207,195,probable_missed_terminal_call,2.346014992018315,16.36339766114222,-5,-16,0.3990885416666667,768,iteration_limit,tracked range estimate,2.346014992018315
Archived call calibration,t001649-g3-c1:66:12,river,fold,"[""Qh"", ""Qc""]","[""4d"", ""Kc"", ""Tc"", ""Th"", ""7h""]",198,39,probable_missed_terminal_call,5.690006626071982,66.04866730037165,-79,301,0.2109375,768,iteration_limit,tracked range estimate,5.690006626071982
Archived call calibration,t001650-g2-c1:50:21,river,call,"[""As"", ""8c""]","[""7d"", ""4d"", ""4s"", ""2h"", ""9c""]",129,32,probable_bad_terminal_call,-30.711233936506844,-3.0955460553960092,-52,9,0.2862413194444445,768,iteration_limit,tracked range estimate,3.0955460553960092
Archived call calibration,t001650-g4-c1:20:6,preflop,fold,"[""9s"", ""As""]",[],207,195,probable_missed_terminal_call,5.822974164620012,15.597001080234795,-5,-309,0.4466145833333333,768,iteration_limit,tracked range estimate,5.822974164620012
Archived call calibration,t001653-g0-c1:37:16,river,call,"[""As"", ""Qd""]","[""6c"", ""8h"", ""Jd"", ""3s"", ""6h""]",315,91,probable_bad_terminal_call,-88.96058566970952,-24.827722548154266,-200,345,0.4778645833333333,768,iteration_limit,tracked range estimate,24.827722548154266
Archived call calibration,t001653-g2-c1:32:6,preflop,fold,"[""8s"", ""8d""]",[],207,195,probable_missed_terminal_call,18.665676351312385,30.474507771838024,-5,429,0.4993489583333333,768,iteration_limit,tracked range estimate,18.665676351312385
Archived call calibration,t001668-g3-c1:95:6,preflop,fold,"[""8s"", ""8c""]",[],406,195,probable_missed_terminal_call,16.462252297642642,43.058575689384625,-5,241,0.28276909722222227,768,iteration_limit,tracked range estimate,16.462252297642642
Archived call calibration,t001669-g4-c1:3:8,preflop,fold,"[""8s"", ""8c""]",[],210,195,probable_missed_terminal_call,19.241923162046152,35.021628566514785,-5,335,0.466796875,768,iteration_limit,tracked range estimate,19.241923162046152
Archived call calibration,t001669-g4-c1:98:8,preflop,fold,"[""5c"", ""5h""]",[],220,191,probable_missed_terminal_call,4.529942569908081,14.265940145771296,-9,335,0.4479166666666667,768,iteration_limit,tracked range estimate,4.529942569908081
Archived call calibration,t001671-g3-c1:12:7,preflop,fold,"[""Qd"", ""Kh""]",[],213,194,probable_missed_terminal_call,7.391204099896663,17.448818464829895,-6,84,0.4290364583333333,768,iteration_limit,tracked range estimate,7.391204099896663
Archived call calibration,t001674-g4-c1:89:6,preflop,fold,"[""As"", ""Jd""]",[],407,195,probable_missed_terminal_call,10.534535490067874,38.22084724212211,-5,-195,0.30815972222222227,768,iteration_limit,tracked range estimate,10.534535490067874
Archived call calibration,t001678-g1-c1:51:5,preflop,fold,"[""Ts"", ""Ac""]",[],207,195,probable_missed_terminal_call,4.987329701746993,20.31342455900535,-5,484,0.4407552083333333,768,iteration_limit,tracked range estimate,4.987329701746993
Archived call calibration,t001678-g2-c1:34:6,preflop,fold,"[""Qh"", ""Ah""]",[],226,182,probable_missed_terminal_call,49.68819393193573,61.86275015902659,-18,41,0.4674479166666667,768,iteration_limit,tracked range estimate,49.68819393193573
Archived call calibration,t001685-g3-c1:2:7,preflop,fold,"[""8c"", ""8d""]",[],213,194,probable_missed_terminal_call,19.47891959770373,37.28442444937084,-6,27,0.470703125,768,iteration_limit,tracked range estimate,19.47891959770373
Archived call calibration,t001685-g4-c1:90:7,preflop,fold,"[""Js"", ""Ks""]",[],220,191,probable_missed_terminal_call,10.61534064839493,21.722471987255467,-9,-87,0.4921875,768,iteration_limit,tracked range estimate,10.61534064839493
Archived call calibration,t001686-g0-c1:64:6,preflop,fold,"[""Qh"", ""Kh""]",[],207,195,probable_missed_terminal_call,12.420708595930362,21.38334494459574,-5,14,0.4700520833333333,768,iteration_limit,tracked range estimate,12.420708595930362
Archived call calibration,t001686-g4-c1:30:6,preflop,fold,"[""Ah"", ""Jd""]",[],208,195,probable_missed_terminal_call,9.466966999273234,35.79861207877525,-5,1,0.5078125,768,iteration_limit,tracked range estimate,9.466966999273234
Archived call calibration,t001687-g2-c1:46:6,preflop,fold,"[""Kh"", ""Qd""]",[],208,195,probable_missed_terminal_call,3.719287560297939,17.326162466062648,-5,499,0.470703125,768,iteration_limit,tracked range estimate,3.719287560297939
Archived call calibration,t001688-g0-c1:55:8,preflop,fold,"[""Jc"", ""Jd""]",[],226,176,probable_missed_terminal_call,15.91641079078622,67.97935136479444,-24,-191,0.4075520833333333,768,iteration_limit,tracked range estimate,15.91641079078622
Archived call calibration,t001688-g0-c1:63:7,preflop,fold,"[""Ks"", ""Js""]",[],408,195,probable_missed_terminal_call,12.64167955319504,29.343985607545548,-5,-191,0.3250868055555556,768,iteration_limit,tracked range estimate,12.64167955319504
Archived call calibration,t001688-g2-c1:17:8,preflop,fold,"[""Td"", ""As""]",[],212,194,probable_missed_terminal_call,10.668477880735008,23.481427704379975,-6,103,0.46484375,768,iteration_limit,tracked range estimate,10.668477880735008
Archived call calibration,t001691-g3-c1:41:6,preflop,fold,"[""Qc"", ""As""]",[],406,195,probable_missed_terminal_call,28.38932293923993,56.08146817259539,-5,96,0.31459948320413433,516,time_budget,tracked range estimate,28.38932293923993
Archived call calibration,t001695-g0-c1:35:11,river,call,"[""Kc"", ""Ac""]","[""Qh"", ""6d"", ""Qc"", ""6h"", ""3d""]",187,112,probable_bad_terminal_call,-87.74361936854652,-6.040329179213041,-147,-127,0.6484375,768,iteration_limit,tracked range estimate,6.040329179213041
Archived call calibration,t001701-g0-c1:48:6,preflop,fold,"[""Qs"", ""Ad""]",[],222,185,probable_missed_terminal_call,34.38611683762417,45.9292663728493,-15,164,0.4694010416666667,768,iteration_limit,tracked range estimate,34.38611683762417
Archived call calibration,t001710-g4-c1:70:6,preflop,fold,"[""Jd"", ""Kd""]",[],208,195,probable_missed_terminal_call,4.265933300881125,15.838412899033909,-5,-179,0.4733072916666667,768,iteration_limit,tracked range estimate,4.265933300881125
Archived call calibration,t001713-g3-c1:92:6,preflop,fold,"[""7h"", ""7d""]",[],206,195,probable_missed_terminal_call,6.832217613512636,19.900152639895456,-5,486,0.4485677083333333,768,iteration_limit,tracked range estimate,6.832217613512636
Archived call calibration,t001715-g0-c1:76:10,river,fold,"[""5h"", ""7h""]","[""6s"", ""7d"", ""7s"", ""8c"", ""9c""]",228,174,probable_missed_terminal_call,8.745284252339875,83.71384702040304,-26,624,0.5052083333333334,768,iteration_limit,tracked range estimate,8.745284252339875
Archived call calibration,t001722-g0-c1:40:7,preflop,fold,"[""Ks"", ""Qc""]",[],207,195,probable_missed_terminal_call,2.3152840578104987,12.802734306309711,-5,614,0.5065104166666666,768,iteration_limit,tracked range estimate,2.3152840578104987
Archived call calibration,t001722-g5-c1:23:7,preflop,fold,"[""Ac"", ""9c""]",[],207,195,probable_missed_terminal_call,5.112479138446042,15.809475602629856,-5,-178,0.4856770833333333,768,iteration_limit,tracked range estimate,5.112479138446042
Archived call calibration,t001723-g3-c1:95:6,preflop,fold,"[""Ks"", ""Qs""]",[],207,195,probable_missed_terminal_call,10.868117797536236,25.142597817565054,-5,-31,0.4596354166666667,768,iteration_limit,tracked range estimate,10.868117797536236
Archived call calibration,t001726-g1-c1:57:7,preflop,fold,"[""8c"", ""Ac""]",[],208,195,probable_missed_terminal_call,2.5855407343379158,12.375016082272731,-5,136,0.447265625,768,iteration_limit,tracked range estimate,2.5855407343379158
Archived call calibration,t001726-g2-c1:44:7,preflop,fold,"[""8d"", ""8s""]",[],208,195,probable_missed_terminal_call,18.555423553375242,31.531084172862517,-5,104,0.5123697916666666,768,iteration_limit,tracked range estimate,18.555423553375242
Archived call calibration,t001726-g4-c1:12:7,preflop,fold,"[""9c"", ""Ac""]",[],208,195,probable_missed_terminal_call,3.274316766155014,17.561270657957337,-5,-190,0.4290364583333333,768,iteration_limit,tracked range estimate,3.274316766155014
Archived call calibration,t001737-g5-c1:62:13,flop,fold,"[""8c"", ""8h""]","[""3c"", ""Kc"", ""Qc""]",220,190,probable_missed_terminal_call,27.596155618152068,89.41232628455312,-10,319,0.4596354166666667,768,iteration_limit,tracked range estimate,27.596155618152068
Archived call calibration,t001737-g5-c1:79:12,river,call,"[""Qh"", ""As""]","[""4s"", ""8h"", ""6d"", ""2c"", ""4d""]",79,26,probable_bad_terminal_call,-24.555858773164566,-7.674977737526877,-51,319,0.3385416666666667,768,iteration_limit,tracked range estimate,7.674977737526877
Archived call calibration,t001741-g1-c1:74:7,preflop,fold,"[""9s"", ""9c""]",[],407,195,probable_missed_terminal_call,13.164390854887085,76.53351945695822,-5,372,0.3170572916666667,768,iteration_limit,tracked range estimate,13.164390854887085
Archived call calibration,t001748-g0-c1:47:5,preflop,fold,"[""Ac"", ""9c""]",[],208,195,probable_missed_terminal_call,6.272778151322919,19.95386201110493,-5,-350,0.5026041666666666,768,iteration_limit,tracked range estimate,6.272778151322919
Archived call calibration,t001748-g2-c1:35:6,preflop,fold,"[""7s"", ""7c""]",[],212,194,probable_missed_terminal_call,13.347676302635595,27.041791941173926,-6,294,0.4368489583333333,768,iteration_limit,tracked range estimate,13.347676302635595
Archived call calibration,t001771-g1-c1:16:5,preflop,fold,"[""Qd"", ""Kh""]",[],205,195,probable_missed_terminal_call,2.0188878369109915,14.261868304563592,-5,111,0.4283854166666667,768,iteration_limit,tracked range estimate,2.0188878369109915
Archived call calibration,t001774-g1-c1:99:7,flop,fold,"[""Ah"", ""Kc""]","[""9c"", ""Jc"", ""4c""]",216,185,probable_missed_terminal_call,8.601614283316142,29.425815936805073,-15,134,0.5091145833333334,768,iteration_limit,tracked range estimate,8.601614283316142
Archived call calibration,t001778-g3-c1:37:7,preflop,fold,"[""Ts"", ""Ah""]",[],208,195,probable_missed_terminal_call,5.027297796155145,23.034092034715812,-5,-245,0.4498697916666667,768,iteration_limit,tracked range estimate,5.027297796155145
Archived call calibration,t001779-g1-c1:26:12,river,fold,"[""6c"", ""Ac""]","[""Td"", ""3c"", ""Qd"", ""Ad"", ""2c""]",99,42,probable_missed_terminal_call,2.567663834035817,43.49572685163801,-27,-30,0.3723958333333333,768,iteration_limit,tracked range estimate,2.567663834035817
Archived call calibration,t001783-g0-c1:46:7,preflop,fold,"[""8c"", ""8d""]",[],212,194,probable_missed_terminal_call,20.36888642557363,36.565679321285494,-6,-268,0.45585874799357945,623,time_budget,tracked range estimate,20.36888642557363
Archived call calibration,t001784-g1-c1:93:14,river,fold,"[""Kh"", ""Qh""]","[""Ad"", ""As"", ""3c"", ""6h"", ""8d""]",33,14,probable_missed_terminal_call,5.093800704514617,9.353743999428493,-6,-386,0.3372395833333333,768,iteration_limit,tracked range estimate,5.093800704514617
Archived call calibration,t001790-g0-c1:16:7,preflop,fold,"[""Tc"", ""Ah""]",[],210,195,probable_missed_terminal_call,2.687628831344939,23.5247765652958,-5,20,0.48084291187739464,522,time_budget,tracked range estimate,2.687628831344939
Archived call calibration,t001790-g1-c1:35:7,preflop,fold,"[""7c"", ""7s""]",[],210,195,probable_missed_terminal_call,7.630642666652406,19.69801225873409,-5,23,0.462890625,768,iteration_limit,tracked range estimate,7.630642666652406
Archived call calibration,t001791-g1-c1:11:6,preflop,fold,"[""As"", ""Qh""]",[],420,182,probable_missed_terminal_call,8.795524206115775,41.83936301248388,-18,57,0.26519097222222227,768,iteration_limit,tracked range estimate,8.795524206115775
Archived call calibration,t001794-g5-c1:88:7,preflop,fold,"[""Jh"", ""Ac""]",[],206,195,probable_missed_terminal_call,13.184964355848695,30.897609443732076,-5,526,0.46875,768,iteration_limit,tracked range estimate,13.184964355848695
Archived call calibration,t001797-g0-c1:74:6,preflop,fold,"[""8d"", ""8h""]",[],208,195,probable_missed_terminal_call,18.969762083333027,34.178522816332666,-5,-416,0.4583333333333333,768,iteration_limit,tracked range estimate,18.969762083333027
Archived call calibration,t001799-g3-c1:70:6,preflop,fold,"[""Kc"", ""Qc""]",[],225,180,probable_missed_terminal_call,26.010764658748748,50.914077108636654,-20,256,0.4296875,768,iteration_limit,tracked range estimate,26.010764658748748
Archived call calibration,t001800-g0-c1:40:7,preflop,fold,"[""Td"", ""Ts""]",[],416,185,probable_missed_terminal_call,18.69558939589727,101.45816056424093,-15,-60,0.3246527777777778,768,iteration_limit,tracked range estimate,18.69558939589727
Archived call calibration,t001800-g0-c1:83:6,preflop,fold,"[""9c"", ""9s""]",[],406,195,probable_missed_terminal_call,39.114830978151424,97.97827147952569,-5,-60,0.3504774305555556,768,iteration_limit,tracked range estimate,39.114830978151424
Archived call calibration,t001800-g2-c1:8:7,preflop,fold,"[""Qd"", ""Ah""]",[],419,182,probable_missed_terminal_call,11.453483558016444,37.36959045633977,-18,455,0.27292110874200426,469,time_budget,tracked range estimate,11.453483558016444
Archived call calibration,t001800-g4-c1:59:6,preflop,fold,"[""Ks"", ""Qh""]",[],406,195,probable_missed_terminal_call,5.2820475203539825,48.16986532521519,-5,-648,0.3289930555555555,768,iteration_limit,tracked range estimate,5.2820475203539825
Archived call calibration,t001807-g4-c1:55:7,preflop,fold,"[""Kh"", ""Ac""]",[],221,182,probable_missed_terminal_call,2.3862855361788338,50.592305556197175,-18,-17,0.4440104166666667,768,iteration_limit,tracked range estimate,2.3862855361788338
Archived call calibration,t001816-g1-c1:26:7,preflop,fold,"[""Qc"", ""Kd""]",[],405,195,probable_missed_terminal_call,38.47859302308192,51.51173616466346,-5,-45,0.3322482638888889,768,iteration_limit,tracked range estimate,38.47859302308192
Archived call calibration,t001816-g5-c1:47:8,preflop,fold,"[""As"", ""Jc""]",[],212,193,probable_missed_terminal_call,15.066351182849381,35.49398250730493,-7,684,0.4524739583333333,768,iteration_limit,tracked range estimate,15.066351182849381
Archived call calibration,t001826-g2-c1:70:12,river,call,"[""4d"", ""5d""]","[""Qs"", ""4s"", ""Jh"", ""9d"", ""2h""]",144,48,probable_bad_terminal_call,-45.7468749895662,-25.37907078638626,-95,34,0.5052083333333334,768,iteration_limit,tracked range estimate,25.37907078638626
Archived call calibration,t001826-g2-c1:79:7,preflop,fold,"[""Kd"", ""Qs""]",[],208,195,probable_missed_terminal_call,3.518868219661229,15.623481857328729,-5,34,0.4739583333333333,768,iteration_limit,tracked range estimate,3.518868219661229
Archived call calibration,t001827-g3-c1:76:6,preflop,fold,"[""9s"", ""9h""]",[],207,195,probable_missed_terminal_call,28.75502858202838,42.834667414754136,-5,-282,0.5071614583333334,768,iteration_limit,tracked range estimate,28.75502858202838
Archived call calibration,t001827-g4-c1:10:6,preflop,fold,"[""9h"", ""9s""]",[],207,195,probable_missed_terminal_call,33.92435569228463,43.59226739274171,-5,-248,0.5006510416666666,768,iteration_limit,tracked range estimate,33.92435569228463
Archived call calibration,t001836-g0-c1:4:6,preflop,fold,"[""Kd"", ""Jd""]",[],207,195,probable_missed_terminal_call,4.047200494059668,13.936565228562241,-5,1020,0.44921875,768,iteration_limit,tracked range estimate,4.047200494059668
Archived call calibration,t001836-g1-c1:1:5,preflop,fold,"[""Ac"", ""9c""]",[],203,198,probable_missed_terminal_call,3.791622583792586,32.534553975922925,-2,1680,0.5084635416666666,768,iteration_limit,tracked range estimate,3.791622583792586
Archived call calibration,t001836-g4-c1:31:6,preflop,fold,"[""As"", ""9s""]",[],206,195,probable_missed_terminal_call,2.5162709339631197,17.034111281829833,-5,173,0.4479166666666667,768,iteration_limit,tracked range estimate,2.5162709339631197
Archived call calibration,t001836-g4-c1:48:7,preflop,fold,"[""Ad"", ""Ks""]",[],221,180,probable_missed_terminal_call,2.3487105752797293,55.168359304171,-20,173,0.470703125,768,iteration_limit,tracked range estimate,2.3487105752797293
Archived call calibration,t001846-g4-c1:89:6,preflop,fold,"[""9d"", ""9s""]",[],207,195,probable_missed_terminal_call,27.573885053848826,43.17531581244754,-5,114,0.4798177083333333,768,iteration_limit,tracked range estimate,27.573885053848826
Archived call calibration,t001849-g2-c1:29:11,flop,fold,"[""Ad"", ""Ks""]","[""3d"", ""Qh"", ""9c""]",325,85,probable_missed_terminal_call,21.171856616509253,72.25819274507334,-115,-99,0.19205729166666666,768,iteration_limit,tracked range estimate,21.171856616509253
Archived call calibration,t001854-g0-c1:36:6,preflop,fold,"[""Ad"", ""Qh""]",[],222,185,probable_missed_terminal_call,37.14760178725194,45.95651484570507,-15,234,0.455078125,768,iteration_limit,tracked range estimate,37.14760178725194
Archived call calibration,t001857-g5-c1:63:6,preflop,fold,"[""Ks"", ""Qd""]",[],203,198,probable_missed_terminal_call,4.424184429874861,23.170610703810553,-2,-146,0.521484375,768,iteration_limit,tracked range estimate,4.424184429874861
Archived call calibration,t001864-g3-c1:0:5,preflop,fold,"[""Ks"", ""Qd""]",[],207,195,probable_missed_terminal_call,3.3212897339255756,14.801166729164809,-5,1135,0.4830729166666667,768,iteration_limit,tracked range estimate,3.3212897339255756
Archived call calibration,t001866-g0-c1:30:7,preflop,fold,"[""7h"", ""7c""]",[],214,194,probable_missed_terminal_call,6.870289761182759,25.176871665460464,-6,89,0.4593103448275862,725,time_budget,tracked range estimate,6.870289761182759
Archived call calibration,t001868-g2-c1:39:8,flop,fold,"[""Ks"", ""6s""]","[""9c"", ""5s"", ""4s""]",215,185,probable_missed_terminal_call,24.495549137590146,52.852011948985506,-15,200,0.5364583333333334,768,iteration_limit,tracked range estimate,24.495549137590146
Archived call calibration,t001869-g3-c1:35:6,preflop,fold,"[""Kc"", ""Qc""]",[],207,195,probable_missed_terminal_call,11.606589448759962,25.39136153087067,-5,-108,0.5006510416666666,768,iteration_limit,tracked range estimate,11.606589448759962
Archived call calibration,t001876-g1-c1:87:6,preflop,fold,"[""9c"", ""9s""]",[],207,195,probable_missed_terminal_call,31.83300326148793,43.59389131274919,-5,443,0.5032552083333334,768,iteration_limit,tracked range estimate,31.83300326148793
Archived call calibration,t001884-g4-c1:90:6,preflop,fold,"[""Qs"", ""Ah""]",[],406,195,probable_missed_terminal_call,25.963221274553412,78.67875494501753,-5,1243,0.3524305555555556,768,iteration_limit,tracked range estimate,25.963221274553412
Archived call calibration,t001889-g0-c1:31:7,preflop,fold,"[""Ah"", ""Qh""]",[],226,176,probable_missed_terminal_call,3.8549685621499474,44.12465073685827,-24,-185,0.4641927083333333,768,iteration_limit,tracked range estimate,3.8549685621499474
Archived call calibration,t001889-g1-c1:18:15,turn,fold,"[""Kd"", ""8d""]","[""2d"", ""Qd"", ""9s"", ""3c""]",322,94,probable_missed_terminal_call,7.133052068261258,51.4712947499831,-106,221,0.2890625,768,iteration_limit,tracked range estimate,7.133052068261258
Archived call calibration,t001889-g3-c1:91:10,flop,fold,"[""Ac"", ""Tc""]","[""Td"", ""3h"", ""Jc""]",412,189,probable_missed_terminal_call,6.930750586527528,129.9079041632366,-11,-152,0.3268229166666667,768,iteration_limit,tracked range estimate,6.930750586527528
Archived call calibration,t001890-g3-c1:53:7,preflop,fold,"[""As"", ""Ks""]",[],222,180,probable_missed_terminal_call,17.77335658851693,62.39371096806562,-20,1363,0.4669051878354204,559,time_budget,tracked range estimate,17.77335658851693
Archived call calibration,t001904-g1-c1:82:12,river,fold,"[""Kc"", ""Kh""]","[""5c"", ""2s"", ""6d"", ""9s"", ""Ah""]",204,87,probable_missed_terminal_call,2.430031021488275,40.49935209236076,-57,148,0.2682291666666667,768,iteration_limit,tracked range estimate,2.430031021488275
Archived call calibration,t001910-g3-c1:92:7,preflop,fold,"[""Jh"", ""Jd""]",[],221,182,probable_missed_terminal_call,12.859592940546179,60.43509607396605,-18,-182,0.4680989583333333,768,iteration_limit,tracked range estimate,12.859592940546179
Archived call calibration,t001916-g4-c1:91:7,preflop,fold,"[""Ad"", ""Jd""]",[],218,188,probable_missed_terminal_call,24.784407528578278,48.29887504381218,-12,195,0.4869791666666667,768,iteration_limit,tracked range estimate,24.784407528578278
Archived call calibration,t001917-g1-c1:51:8,preflop,fold,"[""Kc"", ""Ah""]",[],231,172,probable_missed_terminal_call,15.593130724131772,59.40727608695446,-28,471,0.455078125,768,iteration_limit,tracked range estimate,15.593130724131772
Archived call calibration,t001920-g5-c1:99:6,preflop,fold,"[""Kc"", ""Qc""]",[],203,198,probable_missed_terminal_call,10.184573159323577,37.57305427469783,-2,-36,0.5052083333333334,768,iteration_limit,tracked range estimate,10.184573159323577
Archived call calibration,t001939-g3-c1:61:6,preflop,fold,"[""Qd"", ""Kd""]",[],208,195,probable_missed_terminal_call,16.432075097465553,25.68366279693853,-5,117,0.4934895833333333,768,iteration_limit,tracked range estimate,16.432075097465553
Archived call calibration,t001948-g3-c1:20:11,river,fold,"[""Qc"", ""Kh""]","[""3d"", ""Th"", ""Kd"", ""4s"", ""Ad""]",204,87,probable_missed_terminal_call,11.64726558201622,18.266959359802197,-57,326,0.3216145833333333,768,iteration_limit,tracked range estimate,11.64726558201622
Archived call calibration,t001949-g0-c1:24:9,turn,call,"[""8h"", ""8c""]","[""6s"", ""Js"", ""9h"", ""7h""]",224,179,probable_bad_terminal_call,-67.54068355888207,-11.196875966676403,203,754,0.529296875,768,iteration_limit,tracked range estimate,11.196875966676403
Archived call calibration,t001952-g2-c1:37:5,preflop,fold,"[""6c"", ""6s""]",[],208,195,probable_missed_terminal_call,3.949870810826564,13.693108160864309,-5,385,0.5091145833333334,768,iteration_limit,tracked range estimate,3.949870810826564
Archived call calibration,t001960-g1-c1:8:6,preflop,fold,"[""Qd"", ""Kc""]",[],207,195,probable_missed_terminal_call,5.467975387272474,17.63832730865258,-5,226,0.4921875,768,iteration_limit,tracked range estimate,5.467975387272474
Archived call calibration,t001969-g0-c1:76:11,river,fold,"[""Qs"", ""Jh""]","[""7d"", ""8s"", ""4d"", ""Qc"", ""Ah""]",54,18,probable_missed_terminal_call,3.618001889369693,21.740851358308692,-17,117,0.2799479166666667,768,iteration_limit,tracked range estimate,3.618001889369693
Archived call calibration,t001977-g1-c1:9:7,preflop,fold,"[""Ad"", ""Qd""]",[],419,182,probable_missed_terminal_call,27.906754628000563,56.31024316051896,-18,529,0.3196614583333333,768,iteration_limit,tracked range estimate,27.906754628000563
Archived call calibration,t001982-g0-c1:95:12,river,call,"[""Qh"", ""Qs""]","[""6s"", ""2d"", ""9s"", ""As"", ""9c""]",242,121,probable_bad_terminal_call,-20.397483610708385,-10.909740924517463,-180,-2,0.4140625,768,iteration_limit,tracked range estimate,10.909740924517463
Archived call calibration,t001985-g5-c1:38:15,river,call,"[""4h"", ""4d""]","[""7d"", ""8c"", ""2d"", ""9s"", ""5h""]",210,70,probable_bad_terminal_call,-61.49914048306534,-33.80075218295892,-139,30,0.3359375,768,iteration_limit,tracked range estimate,33.80075218295892
Archived call calibration,t001988-g0-c1:84:8,preflop,fold,"[""7h"", ""7c""]",[],213,194,probable_missed_terminal_call,12.367172071398521,23.14754582587406,-6,43,0.4869791666666667,768,iteration_limit,tracked range estimate,12.367172071398521
Archived call calibration,t001989-g4-c1:93:8,preflop,fold,"[""Kh"", ""Qd""]",[],210,195,probable_missed_terminal_call,3.4194206310291504,17.1230491161076,-5,913,0.4811197916666667,768,iteration_limit,tracked range estimate,3.4194206310291504
Archived call calibration,t001990-g3-c1:98:8,preflop,fold,"[""7s"", ""7h""]",[],211,195,probable_missed_terminal_call,10.489490510615706,22.70535957766315,-5,-465,0.498046875,768,iteration_limit,tracked range estimate,10.489490510615706
Archived call calibration,t001992-g4-c1:55:7,preflop,fold,"[""7s"", ""7h""]",[],208,195,probable_missed_terminal_call,10.07429985772174,23.306652686264343,-5,-610,0.48639455782312924,588,time_budget,tracked range estimate,10.07429985772174
Archived call calibration,t001993-g2-c1:29:7,preflop,fold,"[""Kd"", ""Qd""]",[],225,180,probable_missed_terminal_call,30.793723832371946,49.683445575151055,-20,-66,0.4309895833333333,768,iteration_limit,tracked range estimate,30.793723832371946
Archived call calibration,t002000-g1-c1:84:6,preflop,fold,"[""Ad"", ""Jd""]",[],420,180,probable_missed_terminal_call,16.04746491770046,36.07689955163754,-20,496,0.2732204861111111,768,iteration_limit,tracked range estimate,16.04746491770046
Archived call calibration,t002004-g2-c1:93:7,preflop,fold,"[""6h"", ""6c""]",[],214,194,probable_missed_terminal_call,6.870289761182759,16.238344769727483,-6,371,0.48046875,768,iteration_limit,tracked range estimate,6.870289761182759
Archived call calibration,t002005-g4-c1:95:7,preflop,fold,"[""Ah"", ""Js""]",[],208,195,probable_missed_terminal_call,10.803960610291753,34.60077403732065,-5,-184,0.509765625,768,iteration_limit,tracked range estimate,10.803960610291753
Archived call calibration,t002008-g3-c1:42:7,preflop,fold,"[""8d"", ""8c""]",[],408,195,probable_missed_terminal_call,19.592346174279513,74.58596962391151,-5,-627,0.3502604166666667,768,iteration_limit,tracked range estimate,19.592346174279513
New main,t000000-g2-c0:57:15,river,call,"[""Jd"", ""Qc""]","[""7s"", ""7h"", ""4h"", ""Jh"", ""Kh""]",329,77,probable_bad_terminal_call,-56.138850545410634,-7.926636003304446,206,600,0.2688802083333333,768,iteration_limit,tracked range estimate,7.926636003304446
New main,t000005-g2-c0:63:11,river,call,"[""9c"", ""Ah""]","[""8s"", ""Kd"", ""Qs"", ""7c"", ""3h""]",42,8,probable_bad_terminal_call,-7.656950423486231,-3.384653124392853,-24,-125,0.23893229166666666,768,iteration_limit,tracked range estimate,3.384653124392853
New main,t000005-g3-c0:50:6,preflop,fold,"[""Qh"", ""Kd""]",[],208,195,probable_missed_terminal_call,2.125476934273271,14.103235960858733,-5,16,0.423828125,768,iteration_limit,tracked range estimate,2.125476934273271
New main,t000006-g3-c0:45:6,preflop,fold,"[""Qd"", ""Kc""]",[],208,195,probable_missed_terminal_call,2.2882090269530746,16.963191296550328,-5,-42,0.501953125,768,iteration_limit,tracked range estimate,2.2882090269530746
New main,t000006-g3-c0:63:7,preflop,fold,"[""6h"", ""6s""]",[],210,195,probable_missed_terminal_call,5.703422719984157,14.781995448133916,-5,-42,0.4889322916666667,768,iteration_limit,tracked range estimate,5.703422719984157
New main,t000010-g0-c0:39:7,preflop,fold,"[""Ac"", ""Qd""]",[],208,195,probable_missed_terminal_call,21.114714456905705,44.06216101220345,-5,-423,0.498046875,768,iteration_limit,tracked range estimate,21.114714456905705
New main,t000012-g3-c0:93:12,river,fold,"[""6c"", ""6h""]","[""Jd"", ""Th"", ""6d"", ""Qs"", ""9s""]",148,49,probable_missed_terminal_call,6.630273681335827,23.843930921734405,-49,-235,0.20442708333333334,768,iteration_limit,tracked range estimate,6.630273681335827
New main,t000015-g3-c0:11:12,river,call,"[""Qd"", ""Kh""]","[""Ah"", ""3s"", ""2s"", ""6c"", ""7s""]",90,18,probable_bad_terminal_call,-17.737387690026672,-9.438899682973593,-53,-241,0.2766927083333333,768,iteration_limit,tracked range estimate,9.438899682973593
New main,t000016-g4-c0:96:12,river,call,"[""Ah"", ""Jh""]","[""6s"", ""2d"", ""Qh"", ""3h"", ""Qs""]",54,23,probable_bad_terminal_call,-21.83991209770709,-9.681959650184972,39,-15,0.41015625,768,iteration_limit,tracked range estimate,9.681959650184972
New main,t000024-g2-c0:18:6,preflop,fold,"[""Ks"", ""Qs""]",[],238,173,probable_missed_terminal_call,37.91046569507183,57.03613568857918,-27,783,0.4388020833333333,768,iteration_limit,tracked range estimate,37.91046569507183
New main,t000028-g4-c0:44:14,river,call,"[""Jh"", ""As""]","[""7h"", ""5c"", ""2s"", ""Ts"", ""Tc""]",121,24,probable_bad_terminal_call,-20.814780300161736,-3.022061222416965,-71,-117,0.5794270833333334,768,iteration_limit,tracked range estimate,3.022061222416965
New main,t000029-g3-c0:61:6,preflop,fold,"[""Js"", ""Ac""]",[],406,195,probable_missed_terminal_call,10.580640555534737,33.75689222751082,-5,391,0.3001302083333333,768,iteration_limit,tracked range estimate,10.580640555534737
New main,t000032-g1-c0:20:11,turn,fold,"[""Tc"", ""Td""]","[""6s"", ""9c"", ""7s"", ""Jd""]",227,179,probable_missed_terminal_call,26.44151182508189,79.60238809936321,-21,173,0.4811197916666667,768,iteration_limit,tracked range estimate,26.44151182508189
New main,t000034-g0-c0:90:8,preflop,fold,"[""Kd"", ""Qh""]",[],211,195,probable_missed_terminal_call,4.91098051288251,16.207533791700317,-5,124,0.4674479166666667,768,iteration_limit,tracked range estimate,4.91098051288251
New main,t000036-g3-c0:1:11,river,fold,"[""Ac"", ""Th""]","[""Td"", ""6h"", ""5c"", ""4c"", ""7d""]",90,45,probable_missed_terminal_call,6.237399886032641,17.492872609042635,-22,188,0.3483072916666667,768,iteration_limit,tracked range estimate,6.237399886032641
New main,t000039-g0-c0:75:6,preflop,fold,"[""Kd"", ""Jd""]",[],207,195,probable_missed_terminal_call,2.0608442513482705,18.487656947451114,-5,554,0.4967447916666667,768,iteration_limit,tracked range estimate,2.0608442513482705
New main,t000042-g3-c0:40:12,river,call,"[""Kd"", ""Qs""]","[""9s"", ""4s"", ""7h"", ""4c"", ""2s""]",48,9,probable_bad_terminal_call,-8.633060431897036,-4.480470249659675,-26,-182,0.267578125,768,iteration_limit,tracked range estimate,4.480470249659675
New main,t000044-g2-c0:42:7,preflop,fold,"[""Ks"", ""Kh""]",[],430,173,probable_missed_terminal_call,177.307099042053,203.19182581572338,-27,-355,0.15633347163856726,46,time_budget,conservative sparse estimate,177.307099042053
New main,t000047-g0-c0:89:14,river,fold,"[""Td"", ""Ac""]","[""As"", ""Kd"", ""9d"", ""7s"", ""Jh""]",42,25,probable_missed_terminal_call,11.846635651082364,21.45918219515094,-5,129,0.4088541666666667,768,iteration_limit,tracked range estimate,11.846635651082364
New main,t000052-g5-c0:80:9,flop,fold,"[""2d"", ""Qd""]","[""9d"", ""Qh"", ""Kd""]",215,185,probable_missed_terminal_call,56.09609699197794,106.47491420851034,-15,-386,0.53125,768,iteration_limit,tracked range estimate,56.09609699197794
New main,t000054-g2-c0:75:8,flop,fold,"[""Ts"", ""Th""]","[""8d"", ""2s"", ""Jc""]",276,126,probable_missed_terminal_call,15.439702969784737,82.01502974519536,-74,-267,0.345703125,768,iteration_limit,tracked range estimate,15.439702969784737
New main,t000060-g0-c0:72:11,turn,fold,"[""Qh"", ""Qs""]","[""6h"", ""4d"", ""3c"", ""7c""]",259,148,probable_missed_terminal_call,50.33867218442826,104.74989771993802,-52,41,0.4016927083333333,768,iteration_limit,tracked range estimate,50.33867218442826
New main,t000060-g5-c0:99:12,flop,fold,"[""5c"", ""6c""]","[""7s"", ""6h"", ""3d""]",221,195,probable_missed_terminal_call,26.60816962180318,62.816033799340694,-5,1,0.4720052083333333,768,iteration_limit,tracked range estimate,26.60816962180318
New main,t000070-g0-c0:26:17,river,call,"[""5s"", ""As""]","[""Qh"", ""7c"", ""4s"", ""6c"", ""Th""]",61,20,probable_bad_terminal_call,-16.631190877795966,-5.8863960096719055,-37,-175,0.333984375,768,iteration_limit,tracked range estimate,5.8863960096719055
New main,t000072-g4-c0:71:16,turn,fold,"[""Ks"", ""Kh""]","[""3h"", ""5d"", ""4d"", ""As""]",284,159,probable_missed_terminal_call,7.0019701525116025,52.12040857090323,-41,-172,0.3548177083333333,768,iteration_limit,tracked range estimate,7.0019701525116025
New main,t000076-g1-c0:78:5,preflop,fold,"[""As"", ""Th""]",[],206,195,probable_missed_terminal_call,2.495288366355507,21.44828945964297,-5,80,0.466796875,768,iteration_limit,tracked range estimate,2.495288366355507
New main,t000078-g0-c0:70:7,preflop,fold,"[""7s"", ""7d""]",[],213,194,probable_missed_terminal_call,12.666584916996758,22.40896286289813,-6,178,0.462890625,768,iteration_limit,tracked range estimate,12.666584916996758
New main,t000078-g4-c0:92:9,flop,fold,"[""Jc"", ""Kc""]","[""3s"", ""8c"", ""2c""]",212,195,probable_missed_terminal_call,15.434141269598449,49.96978540752048,-5,-119,0.482421875,768,iteration_limit,tracked range estimate,15.434141269598449
New main,t000080-g3-c0:0:5,preflop,fold,"[""Qh"", ""Kh""]",[],206,195,probable_missed_terminal_call,13.463950699413989,26.097842671952364,-5,457,0.4811197916666667,768,iteration_limit,tracked range estimate,13.463950699413989
New main,t000081-g4-c0:0:13,river,call,"[""As"", ""9h""]","[""8h"", ""3h"", ""4d"", ""7h"", ""6c""]",347,56,probable_bad_terminal_call,-45.2812839780719,-9.62973655922131,-200,-378,0.20442708333333334,768,iteration_limit,tracked range estimate,9.62973655922131
New main,t000082-g4-c0:89:6,preflop,fold,"[""Jc"", ""Kc""]",[],406,195,probable_missed_terminal_call,9.464519865222355,27.67549706188122,-5,168,0.30034722222222227,768,iteration_limit,tracked range estimate,9.464519865222355
New main,t000086-g3-c0:24:11,flop,fold,"[""Ad"", ""Ks""]","[""3s"", ""7c"", ""6d""]",262,140,probable_missed_terminal_call,39.34414994708407,102.32416185432577,-60,-135,0.4856770833333333,768,iteration_limit,uniform range estimate,39.34414994708407
New main,t000089-g3-c0:60:7,preflop,fold,"[""Ah"", ""Jd""]",[],208,195,probable_missed_terminal_call,11.04853801531467,33.7230675709919,-5,201,0.5026041666666666,768,iteration_limit,tracked range estimate,11.04853801531467
New main,t000092-g0-c0:1:8,preflop,fold,"[""Ah"", ""8h""]",[],210,195,probable_missed_terminal_call,3.7867019923155025,13.246037335865452,-5,388,0.4765625,768,iteration_limit,tracked range estimate,3.7867019923155025
New main,t000092-g2-c0:2:7,preflop,fold,"[""8h"", ""8d""]",[],407,195,probable_missed_terminal_call,22.42859779338205,45.2435683303532,-5,511,0.3323890462700661,706,time_budget,tracked range estimate,22.42859779338205
New main,t000092-g2-c0:15:7,preflop,fold,"[""Ks"", ""Qc""]",[],407,195,probable_missed_terminal_call,6.661191772189263,53.89655815453168,-5,511,0.3294270833333333,768,iteration_limit,tracked range estimate,6.661191772189263
New main,t000092-g4-c0:54:9,preflop,fold,"[""Ac"", ""Kc""]",[],237,166,probable_missed_terminal_call,14.337639138147685,43.50361718931992,-34,523,0.40234375,768,iteration_limit,tracked range estimate,14.337639138147685
New main,t000092-g4-c0:55:8,preflop,fold,"[""8s"", ""8d""]",[],607,195,probable_missed_terminal_call,3.3787839715839976,63.56691438099218,-5,523,0.2353515625,768,iteration_limit,tracked range estimate,3.3787839715839976
New main,t000096-g3-c0:64:13,turn,fold,"[""Qs"", ""Qh""]","[""7d"", ""Ts"", ""9c"", ""Kd""]",260,146,probable_missed_terminal_call,13.411187662027647,60.87372910456282,-54,-388,0.400390625,768,iteration_limit,tracked range estimate,13.411187662027647
New main,t000098-g1-c0:62:7,preflop,fold,"[""Js"", ""Ad""]",[],206,195,probable_missed_terminal_call,8.186313361688079,34.84791123417983,-5,-1,0.46554149085794655,711,time_budget,tracked range estimate,8.186313361688079
New main,t000101-g1-c0:2:12,river,fold,"[""Ah"", ""Qs""]","[""8d"", ""7c"", ""Jd"", ""6s"", ""Ad""]",243,158,probable_missed_terminal_call,14.523713822663693,99.28491984431875,-42,-266,0.45703125,768,iteration_limit,tracked range estimate,14.523713822663693
New main,t000103-g0-c0:45:6,preflop,fold,"[""Qh"", ""Ks""]",[],207,195,probable_missed_terminal_call,2.977558862458608,13.314295048913756,-5,220,0.494140625,768,iteration_limit,tracked range estimate,2.977558862458608
New main,t000106-g1-c0:60:7,flop,fold,"[""Kc"", ""5h""]","[""2h"", ""6s"", ""5c""]",215,185,probable_missed_terminal_call,37.40879358585458,60.32281952485368,-15,188,0.5123697916666666,768,iteration_limit,tracked range estimate,37.40879358585458
New main,t000106-g1-c0:90:10,river,call,"[""Qs"", ""Ah""]","[""9c"", ""Js"", ""5s"", ""4d"", ""3h""]",41,8,probable_bad_terminal_call,-7.443891548928242,-2.413384883632006,-24,188,0.3040364583333333,768,iteration_limit,tracked range estimate,2.413384883632006
New main,t000108-g1-c0:51:6,preflop,fold,"[""9d"", ""Ad""]",[],214,194,probable_missed_terminal_call,4.394587085929119,22.48796316549879,-6,219,0.4811197916666667,768,iteration_limit,tracked range estimate,4.394587085929119
New main,t000111-g0-c0:90:4,preflop,fold,"[""7d"", ""7s""]",[],203,198,probable_missed_terminal_call,6.307383430903935,31.995589329533985,-2,278,0.5006510416666666,768,iteration_limit,tracked range estimate,6.307383430903935
New main,t000111-g1-c0:12:6,preflop,fold,"[""Jh"", ""Kh""]",[],212,194,probable_missed_terminal_call,7.715729240060239,18.6327438261903,-6,-147,0.4759114583333333,768,iteration_limit,tracked range estimate,7.715729240060239
New main,t000113-g4-c0:23:13,river,fold,"[""Jh"", ""Ks""]","[""4h"", ""5c"", ""3s"", ""Ac"", ""Kd""]",50,25,probable_missed_terminal_call,10.34313136180939,16.20490601535193,-12,230,0.3463541666666667,768,iteration_limit,tracked range estimate,10.34313136180939
New main,t000115-g2-c0:31:9,flop,fold,"[""Jh"", ""Js""]","[""3h"", ""Kh"", ""Kd""]",221,182,probable_missed_terminal_call,56.016259116782805,111.83637506393222,-18,161,0.515625,768,iteration_limit,tracked range estimate,56.016259116782805
New main,t000115-g4-c0:42:7,preflop,fold,"[""Kh"", ""Qd""]",[],206,195,probable_missed_terminal_call,2.542093812888292,11.601219008857367,-5,222,0.439453125,768,iteration_limit,tracked range estimate,2.542093812888292
New main,t000118-g5-c0:90:14,river,fold,"[""3h"", ""3c""]","[""Qc"", ""Qh"", ""Kh"", ""Td"", ""Qd""]",112,67,probable_missed_terminal_call,36.33567625502742,71.20356588463923,-21,172,0.4544270833333333,768,iteration_limit,tracked range estimate,36.33567625502742
New main,t000122-g3-c0:48:11,turn,fold,"[""Ks"", ""Kh""]","[""7h"", ""8d"", ""6s"", ""As""]",276,126,probable_missed_terminal_call,10.17869104934417,30.71796129995343,-74,63,0.20833333333333334,768,iteration_limit,tracked range estimate,10.17869104934417
New main,t000123-g2-c0:94:7,preflop,fold,"[""Th"", ""Tc""]",[],225,180,probable_missed_terminal_call,65.27744973326567,74.12088986817108,-20,248,0.4609375,768,iteration_limit,tracked range estimate,65.27744973326567
New main,t000126-g0-c0:0:7,preflop,fold,"[""Qc"", ""Ac""]",[],221,185,probable_missed_terminal_call,46.37175451507274,55.118889169507256,-15,1445,0.4733072916666667,768,iteration_limit,tracked range estimate,46.37175451507274
New main,t000126-g4-c0:85:6,preflop,fold,"[""Js"", ""Ad""]",[],405,195,probable_missed_terminal_call,6.981042131764569,63.51776417489064,-5,1607,0.3426649305555555,768,iteration_limit,tracked range estimate,6.981042131764569
New main,t000129-g1-c0:31:13,river,fold,"[""8h"", ""Kh""]","[""4s"", ""3d"", ""Qd"", ""2s"", ""8c""]",250,151,probable_missed_terminal_call,9.257514521872595,136.93951372840377,-49,-142,0.3828125,768,iteration_limit,tracked range estimate,9.257514521872595
New main,t000130-g0-c0:88:6,preflop,fold,"[""8c"", ""8h""]",[],206,195,probable_missed_terminal_call,13.08118171395688,30.99452941098751,-5,338,0.48828125,768,iteration_limit,tracked range estimate,13.08118171395688
New main,t000133-g4-c0:54:17,river,call,"[""Ad"", ""Td""]","[""4h"", ""5s"", ""Jd"", ""9c"", ""7d""]",168,56,probable_bad_terminal_call,-48.38401575515987,-18.78660925675209,-102,-243,0.3567708333333333,768,iteration_limit,tracked range estimate,18.78660925675209
New main,t000133-g4-c0:77:14,river,call,"[""4s"", ""4h""]","[""2c"", ""9d"", ""5s"", ""Jd"", ""8c""]",126,54,probable_bad_terminal_call,-51.08475017431637,-28.186965765691067,-89,-243,0.3815104166666667,768,iteration_limit,tracked range estimate,28.186965765691067
New main,t000136-g2-c0:93:6,preflop,fold,"[""Ks"", ""Qc""]",[],207,195,probable_missed_terminal_call,3.534269879600756,12.296676379921857,-5,240,0.4283854166666667,768,iteration_limit,tracked range estimate,3.534269879600756
New main,t000150-g1-c0:56:12,river,fold,"[""Th"", ""8h""]","[""2h"", ""7s"", ""9d"", ""8d"", ""5s""]",259,142,probable_missed_terminal_call,30.429311749556923,73.22942436258998,-58,-275,0.4251302083333333,768,iteration_limit,tracked range estimate,30.429311749556923
New main,t000151-g2-c0:34:6,preflop,fold,"[""Ah"", ""Jh""]",[],225,182,probable_missed_terminal_call,38.4594766514544,51.369352741003816,-18,-1,0.4641927083333333,768,iteration_limit,tracked range estimate,38.4594766514544
New main,t000157-g1-c0:65:14,river,call,"[""Th"", ""Ah""]","[""4c"", ""Qd"", ""6s"", ""3h"", ""5h""]",45,9,probable_bad_terminal_call,-8.477818860099724,-4.132311439075791,-26,-29,0.2975260416666667,768,iteration_limit,tracked range estimate,4.132311439075791
New main,t000157-g2-c0:63:13,river,call,"[""Ks"", ""Qd""]","[""7h"", ""6d"", ""Js"", ""3c"", ""Ad""]",48,9,probable_bad_terminal_call,-8.88195869519167,-5.419065520148763,-25,-90,0.236328125,768,iteration_limit,tracked range estimate,5.419065520148763
New main,t000159-g0-c0:45:11,river,fold,"[""6h"", ""6c""]","[""Ah"", ""Th"", ""Kh"", ""3s"", ""2h""]",54,27,probable_missed_terminal_call,7.281354036795696,24.061224019402246,-13,123,0.4010416666666667,768,iteration_limit,tracked range estimate,7.281354036795696
New main,t000166-g3-c0:92:11,river,fold,"[""Qd"", ""Kd""]","[""8d"", ""Ks"", ""6c"", ""8s"", ""5c""]",248,157,probable_missed_terminal_call,18.604033332841315,108.8561876932591,-43,-97,0.4479166666666667,768,iteration_limit,tracked range estimate,18.604033332841315
New main,t000167-g2-c0:18:6,preflop,fold,"[""9h"", ""9d""]",[],206,195,probable_missed_terminal_call,31.126269480884044,44.56091386812267,-5,1,0.5052083333333334,768,iteration_limit,tracked range estimate,31.126269480884044
New main,t000167-g2-c0:62:7,preflop,fold,"[""8h"", ""8d""]",[],212,195,probable_missed_terminal_call,20.35130420631988,32.16426134526911,-5,1,0.5045572916666666,768,iteration_limit,tracked range estimate,20.35130420631988
New main,t000167-g3-c0:56:11,river,fold,"[""Ac"", ""Kc""]","[""Ts"", ""3h"", ""Kh"", ""7d"", ""Jc""]",218,184,probable_missed_terminal_call,7.182937389703214,94.01840543125711,-16,654,0.4817708333333333,768,iteration_limit,tracked range estimate,7.182937389703214
New main,t000167-g3-c0:87:6,preflop,fold,"[""7c"", ""7h""]",[],206,195,probable_missed_terminal_call,9.353180334356969,19.38965558248734,-5,654,0.4921875,768,iteration_limit,tracked range estimate,9.353180334356969
New main,t000167-g4-c0:54:14,river,call,"[""Qh"", ""Ah""]","[""8c"", ""7c"", ""Jh"", ""Jd"", ""5d""]",52,17,probable_bad_terminal_call,-15.574170000775483,-5.934450518857144,-33,697,0.373046875,768,iteration_limit,tracked range estimate,5.934450518857144
New main,t000173-g3-c0:6:6,preflop,fold,"[""Ac"", ""Td""]",[],206,195,probable_missed_terminal_call,4.875667418687671,20.879263185760447,-5,-387,0.498046875,768,iteration_limit,tracked range estimate,4.875667418687671
New main,t000176-g0-c0:54:6,preflop,fold,"[""8s"", ""8h""]",[],406,195,probable_missed_terminal_call,16.606127452921857,80.15427524081677,-5,572,0.3370225694444445,768,iteration_limit,tracked range estimate,16.606127452921857
New main,t000176-g0-c0:69:7,preflop,fold,"[""Th"", ""Tc""]",[],409,194,probable_missed_terminal_call,36.00521130218232,107.86750096550196,-6,572,0.31835937500000006,768,iteration_limit,tracked range estimate,36.00521130218232
New main,t000176-g3-c0:15:6,preflop,fold,"[""Ah"", ""Jc""]",[],406,195,probable_missed_terminal_call,10.978407098326718,65.04266881912754,-5,-473,0.3309461805555555,768,iteration_limit,tracked range estimate,10.978407098326718
New main,t000177-g0-c0:61:7,preflop,fold,"[""Kh"", ""Ad""]",[],222,180,probable_missed_terminal_call,10.718327062523645,53.69456408957722,-20,302,0.4674479166666667,768,iteration_limit,tracked range estimate,10.718327062523645
New main,t000177-g2-c0:28:6,preflop,fold,"[""Kc"", ""Qh""]",[],405,195,probable_missed_terminal_call,3.1207769365194826,44.42397201550936,-5,1003,0.3513454861111111,768,iteration_limit,tracked range estimate,3.1207769365194826
New main,t000177-g3-c0:55:6,preflop,fold,"[""8s"", ""8d""]",[],407,195,probable_missed_terminal_call,16.31680348923854,73.71799020696588,-5,1766,0.32269965277777773,768,iteration_limit,tracked range estimate,16.31680348923854
New main,t000179-g0-c0:39:5,preflop,fold,"[""6c"", ""6d""]",[],208,195,probable_missed_terminal_call,3.7763218319072047,15.491454232907842,-5,-278,0.4908854166666667,768,iteration_limit,tracked range estimate,3.7763218319072047
New main,t000179-g3-c0:49:5,preflop,fold,"[""Kc"", ""Qc""]",[],405,195,probable_missed_terminal_call,20.610126376526793,40.26794974079128,-5,245,0.333984375,768,iteration_limit,tracked range estimate,20.610126376526793
New main,t000180-g1-c0:71:7,preflop,fold,"[""Jd"", ""As""]",[],405,195,probable_missed_terminal_call,3.2980507794133818,33.87950503538326,-5,-690,0.3089970501474927,452,time_budget,tracked range estimate,3.2980507794133818
New main,t000180-g4-c0:34:10,flop,fold,"[""7d"", ""7h""]","[""8c"", ""4s"", ""5s""]",223,178,probable_missed_terminal_call,46.377322791113784,64.29736415614437,-22,-19,0.5052083333333334,768,iteration_limit,tracked range estimate,46.377322791113784
New main,t000180-g5-c0:80:7,preflop,fold,"[""6c"", ""6h""]",[],205,195,probable_missed_terminal_call,2.2042352828140945,13.878903207995954,-5,830,0.484375,768,iteration_limit,tracked range estimate,2.2042352828140945
New main,t000182-g0-c0:36:7,preflop,fold,"[""Qd"", ""Kd""]",[],424,176,probable_missed_terminal_call,13.596083906748596,26.258135867365887,-24,-308,0.3088107638888889,768,iteration_limit,tracked range estimate,13.596083906748596
New main,t000182-g2-c0:94:13,river,fold,"[""9s"", ""9d""]","[""Kh"", ""4c"", ""Js"", ""Qd"", ""2s""]",75,45,probable_missed_terminal_call,2.128755435440439,12.83071810006637,-15,257,0.20768229166666666,768,iteration_limit,tracked range estimate,2.128755435440439
New main,t000182-g3-c0:34:7,preflop,fold,"[""Qh"", ""Ah""]",[],237,164,probable_missed_terminal_call,13.52316961068199,57.53379479676107,-36,222,0.4375,768,iteration_limit,tracked range estimate,13.52316961068199
New main,t000189-g4-c0:36:9,flop,fold,"[""Jh"", ""Js""]","[""9c"", ""Ts"", ""Th""]",209,192,probable_missed_terminal_call,5.829509197394439,57.32817580675333,-8,-24,0.5026041666666666,768,iteration_limit,tracked range estimate,5.829509197394439
New main,t000189-g4-c0:53:7,preflop,fold,"[""Qs"", ""Js""]",[],405,195,probable_missed_terminal_call,3.484908677726458,22.623497973259454,-5,-24,0.2877604166666667,768,iteration_limit,tracked range estimate,3.484908677726458
New main,t000190-g3-c0:72:10,river,call,"[""Ks"", ""As""]","[""8h"", ""5d"", ""4c"", ""Ts"", ""2h""]",56,11,probable_bad_terminal_call,-9.841257466412573,-4.383304630587834,-33,203,0.3619791666666667,768,iteration_limit,tracked range estimate,4.383304630587834
New main,t000195-g2-c0:96:6,preflop,fold,"[""6d"", ""6c""]",[],207,195,probable_missed_terminal_call,2.182829176984959,12.005286107132484,-5,-217,0.4635416666666667,768,iteration_limit,tracked range estimate,2.182829176984959
New main,t000197-g4-c0:99:6,preflop,fold,"[""9d"", ""9c""]",[],208,195,probable_missed_terminal_call,30.884693342836563,47.46967530999238,-5,-166,0.4876302083333333,768,iteration_limit,tracked range estimate,30.884693342836563
New main,t000199-g3-c0:46:13,river,call,"[""As"", ""Tc""]","[""8h"", ""2s"", ""6c"", ""Qs"", ""7d""]",45,9,probable_bad_terminal_call,-8.672019665419972,-3.4796733572308347,28,-338,0.376953125,768,iteration_limit,tracked range estimate,3.4796733572308347
New main,t000203-g0-c0:85:8,preflop,fold,"[""As"", ""Qs""]",[],420,180,probable_missed_terminal_call,28.22816539290773,60.24014914042226,-20,-113,0.3057725694444445,768,iteration_limit,tracked range estimate,28.22816539290773
New main,t000203-g4-c0:25:12,river,call,"[""Ac"", ""Jh""]","[""3c"", ""8c"", ""Kh"", ""7c"", ""3d""]",55,11,probable_bad_terminal_call,-10.224372001653986,-2.161503361501284,-32,-6,0.2591145833333333,768,iteration_limit,tracked range estimate,2.161503361501284
New main,t000207-g0-c0:7:5,preflop,fold,"[""Kc"", ""Qs""]",[],407,195,probable_missed_terminal_call,5.390443968801537,45.35879509919562,-5,579,0.34526909722222227,768,iteration_limit,tracked range estimate,5.390443968801537
New main,t000208-g0-c0:21:12,river,fold,"[""9c"", ""3d""]","[""3h"", ""8c"", ""7d"", ""Tc"", ""9h""]",266,134,probable_missed_terminal_call,60.72110376730299,86.3775063131527,-66,-101,0.4036458333333333,768,iteration_limit,tracked range estimate,60.72110376730299
New main,t000209-g2-c0:37:12,river,call,"[""Ac"", ""Qs""]","[""3h"", ""5h"", ""9s"", ""Td"", ""4h""]",91,18,probable_bad_terminal_call,-17.500558151983107,-7.371937465836658,-54,-196,0.3483072916666667,768,iteration_limit,tracked range estimate,7.371937465836658
New main,t000209-g3-c0:62:13,river,fold,"[""9h"", ""Qs""]","[""Qd"", ""Ks"", ""3h"", ""9c"", ""Ts""]",250,151,probable_missed_terminal_call,5.021073285383129,76.4256669164365,-49,-428,0.2760416666666667,768,iteration_limit,tracked range estimate,5.021073285383129
New main,t000211-g1-c0:74:9,turn,fold,"[""Tc"", ""As""]","[""9c"", ""Kc"", ""Td"", ""5d""]",217,184,probable_missed_terminal_call,11.633776778072455,29.404258845816926,-16,-127,0.345703125,768,iteration_limit,tracked range estimate,11.633776778072455
New main,t000212-g0-c0:33:6,preflop,fold,"[""7d"", ""7h""]",[],208,195,probable_missed_terminal_call,10.348046855641496,24.017639908999158,-5,41,0.4759114583333333,768,iteration_limit,tracked range estimate,10.348046855641496
New main,t000213-g2-c0:14:13,river,call,"[""As"", ""3s""]","[""6c"", ""7h"", ""3c"", ""5c"", ""Tc""]",91,18,probable_bad_terminal_call,-15.159890618505539,-5.1933616643083695,-48,542,0.2727864583333333,768,iteration_limit,tracked range estimate,5.1933616643083695
New main,t000220-g1-c0:39:8,preflop,fold,"[""Ac"", ""Kh""]",[],221,182,probable_missed_terminal_call,3.397523676773435,51.21182222760566,-18,24,0.4765625,768,iteration_limit,tracked range estimate,3.397523676773435
New main,t000222-g0-c0:82:12,turn,fold,"[""8d"", ""Td""]","[""5d"", ""2s"", ""7d"", ""3h""]",306,100,probable_missed_terminal_call,11.664299207975802,33.95174047725928,-100,-119,0.2864583333333333,768,iteration_limit,tracked range estimate,11.664299207975802
New main,t000223-g0-c0:90:12,river,call,"[""Ah"", ""Kh""]","[""5s"", ""6s"", ""3h"", ""8c"", ""4c""]",61,12,probable_bad_terminal_call,-9.028856472166323,-5.912360831305206,37,215,0.369140625,768,iteration_limit,tracked range estimate,5.912360831305206
New main,t000224-g2-c0:61:8,flop,fold,"[""Kd"", ""Jd""]","[""2d"", ""Td"", ""7c""]",221,182,probable_missed_terminal_call,37.898131089413916,77.76978132249816,-18,54,0.484375,768,iteration_limit,tracked range estimate,37.898131089413916
New main,t000225-g1-c0:2:11,river,fold,"[""Ks"", ""Kh""]","[""9d"", ""Qs"", ""4d"", ""3s"", ""As""]",144,72,probable_missed_terminal_call,18.775883951540216,24.03952901862232,-35,-244,0.3098958333333333,768,iteration_limit,tracked range estimate,18.775883951540216
New main,t000230-g4-c0:54:14,river,call,"[""Ad"", ""Qc""]","[""2h"", ""6s"", ""4s"", ""3d"", ""7c""]",54,27,probable_bad_terminal_call,-13.997803868692465,-7.795975691934366,-38,354,0.4303385416666667,768,iteration_limit,tracked range estimate,7.795975691934366
New main,t000232-g1-c0:12:9,preflop,fold,"[""Th"", ""Td""]",[],419,187,probable_missed_terminal_call,5.268046548095625,64.93508396179477,-13,-75,0.2963302752293578,545,time_budget,tracked range estimate,5.268046548095625
New main,t000232-g3-c0:60:7,preflop,fold,"[""Ks"", ""Qc""]",[],206,195,probable_missed_terminal_call,5.451484827605318,17.96716504730169,-5,220,0.4934895833333333,768,iteration_limit,tracked range estimate,5.451484827605318
New main,t000233-g0-c0:52:12,river,call,"[""Th"", ""9h""]","[""Ks"", ""3c"", ""4d"", ""3s"", ""Qd""]",33,6,probable_bad_terminal_call,-5.551248865951521,-2.685902740663963,-17,308,0.22916666666666666,768,iteration_limit,tracked range estimate,2.685902740663963
New main,t000234-g2-c0:1:10,flop,fold,"[""Qs"", ""Qc""]","[""Ad"", ""2s"", ""2c""]",221,182,probable_missed_terminal_call,2.9691875445365072,29.96053230400181,-18,169,0.3723958333333333,768,iteration_limit,tracked range estimate,2.9691875445365072
New main,t000234-g3-c0:80:7,preflop,fold,"[""9d"", ""Ad""]",[],206,195,probable_missed_terminal_call,2.4825347900868984,12.302125965803985,-5,189,0.4635416666666667,768,iteration_limit,tracked range estimate,2.4825347900868984
New main,t000238-g2-c0:81:11,river,fold,"[""Qc"", ""Ac""]","[""Qh"", ""3c"", ""Td"", ""Jd"", ""7h""]",127,76,probable_missed_terminal_call,5.64332873376146,57.48151914087722,-25,78,0.41796875,768,iteration_limit,tracked range estimate,5.64332873376146
New main,t000244-g2-c0:73:13,river,fold,"[""Qs"", ""Qc""]","[""4c"", ""2s"", ""2h"", ""4s"", ""6d""]",233,172,probable_missed_terminal_call,30.918830709503638,99.38902710067477,-28,99,0.45385779122541603,661,time_budget,tracked range estimate,30.918830709503638
New main,t000245-g1-c0:53:8,flop,fold,"[""Th"", ""Ts""]","[""5d"", ""Qh"", ""6h""]",221,182,probable_missed_terminal_call,11.474896993905453,69.74253109003622,-18,113,0.36328125,768,iteration_limit,tracked range estimate,11.474896993905453
New main,t000245-g3-c0:15:16,river,fold,"[""Jd"", ""Ah""]","[""Js"", ""7c"", ""3c"", ""9d"", ""Kd""]",314,114,probable_missed_terminal_call,15.709129366669533,89.3534085905531,-86,-67,0.3372395833333333,768,iteration_limit,tracked range estimate,15.709129366669533
New main,t000249-g3-c0:36:5,preflop,fold,"[""Jc"", ""Kc""]",[],405,195,probable_missed_terminal_call,9.675921244097493,53.75185675385597,-5,-447,0.3526475694444444,768,iteration_limit,tracked range estimate,9.675921244097493
New main,t000251-g0-c0:42:13,river,call,"[""Jc"", ""As""]","[""2s"", ""7h"", ""8h"", ""5s"", ""9h""]",36,7,probable_bad_terminal_call,-6.568671052981318,-3.1265366512446446,22,256,0.2734375,768,iteration_limit,tracked range estimate,3.1265366512446446
New main,t000267-g2-c0:83:13,river,fold,"[""As"", ""4s""]","[""5h"", ""Ah"", ""9s"", ""4h"", ""2s""]",230,175,probable_missed_terminal_call,51.74574661002155,99.96761157379115,-25,-329,0.4934895833333333,768,iteration_limit,tracked range estimate,51.74574661002155
New main,t000268-g2-c0:91:18,river,fold,"[""Qh"", ""Jc""]","[""Kd"", ""9h"", ""2h"", ""Js"", ""Qc""]",291,131,probable_missed_terminal_call,23.565261279783947,66.30124002925702,-69,265,0.20638020833333334,768,iteration_limit,tracked range estimate,23.565261279783947
New main,t000272-g3-c0:36:10,river,call,"[""Jc"", ""Kh""]","[""5d"", ""Qc"", ""7h"", ""3d"", ""Td""]",37,5,probable_bad_terminal_call,-4.92860739134249,-3.1464200897805004,-20,-290,0.228515625,768,iteration_limit,uniform range estimate,3.1464200897805004
New main,t000274-g3-c0:52:15,river,fold,"[""8s"", ""8h""]","[""9s"", ""Th"", ""As"", ""7s"", ""2s""]",57,34,probable_missed_terminal_call,11.08123545558749,34.81811720937936,-7,34,0.44140625,768,iteration_limit,tracked range estimate,11.08123545558749
New main,t000275-g1-c0:56:7,preflop,fold,"[""Ad"", ""Kc""]",[],608,195,probable_missed_terminal_call,50.21035264040954,97.59845129880453,-5,518,0.2698567708333333,768,iteration_limit,tracked range estimate,50.21035264040954
New main,t000275-g4-c0:84:7,preflop,fold,"[""9d"", ""9h""]",[],408,195,probable_missed_terminal_call,44.61503032620789,94.0014890612014,-5,-38,0.33615451388888884,768,iteration_limit,tracked range estimate,44.61503032620789
New main,t000275-g5-c0:17:7,preflop,fold,"[""Kc"", ""Jh""]",[],605,195,probable_missed_terminal_call,9.488759853058951,35.043169198098376,-5,588,0.2239247311827957,620,time_budget,tracked range estimate,9.488759853058951
New main,t000277-g1-c0:30:13,turn,fold,"[""Tc"", ""Ac""]","[""Ad"", ""9h"", ""4d"", ""5s""]",232,173,probable_missed_terminal_call,2.5302179796044095,110.36390649273152,-27,461,0.4765625,768,iteration_limit,tracked range estimate,2.5302179796044095
New main,t000293-g2-c0:33:7,preflop,fold,"[""Ac"", ""Jc""]",[],416,185,probable_missed_terminal_call,10.198021241486632,52.08639534420528,-15,80,0.3272569444444444,768,iteration_limit,tracked range estimate,10.198021241486632
New main,t000322-g3-c0:58:7,preflop,fold,"[""Kd"", ""Qd""]",[],424,176,probable_missed_terminal_call,14.317596176515575,26.843072227756203,-24,58,0.2885939036381515,678,time_budget,tracked range estimate,14.317596176515575
New main,t000326-g2-c0:96:6,flop,fold,"[""6c"", ""5c""]","[""5d"", ""Ac"", ""7c""]",206,194,probable_missed_terminal_call,30.504662303874884,56.82916658423731,-6,288,0.4973958333333333,768,iteration_limit,tracked range estimate,30.504662303874884
New main,t000327-g2-c0:86:9,flop,fold,"[""5s"", ""As""]","[""9s"", ""3d"", ""6s""]",210,193,probable_missed_terminal_call,33.54686772487997,55.351582613110324,-7,-37,0.4954427083333333,768,iteration_limit,tracked range estimate,33.54686772487997
New main,t000330-g1-c0:13:18,river,fold,"[""Kc"", ""6c""]","[""8s"", ""3h"", ""2d"", ""Th"", ""6d""]",60,36,probable_missed_terminal_call,20.922458689203435,29.248491565892063,-6,-219,0.431640625,768,iteration_limit,tracked range estimate,20.922458689203435
New main,t000334-g2-c0:56:12,river,fold,"[""Ac"", ""Qs""]","[""3c"", ""8h"", ""Ah"", ""Td"", ""Kh""]",247,148,probable_missed_terminal_call,9.4561553120992,128.807137203346,-49,166,0.42578125,768,iteration_limit,tracked range estimate,9.4561553120992
New main,t000340-g0-c0:89:10,turn,fold,"[""Jd"", ""Jc""]","[""5d"", ""3h"", ""3d"", ""4c""]",254,147,probable_missed_terminal_call,36.59136863055878,127.45413975823793,-53,-6,0.4108072916666667,768,iteration_limit,tracked range estimate,36.59136863055878
New main,t000348-g3-c0:78:14,river,call,"[""9s"", ""9c""]","[""Jc"", ""6h"", ""Td"", ""2d"", ""Kd""]",111,37,probable_bad_terminal_call,-24.856368345845897,-9.116303665857432,74,222,0.3391927083333333,768,iteration_limit,tracked range estimate,9.116303665857432
New main,t000349-g0-c0:4:7,preflop,fold,"[""As"", ""9s""]",[],207,195,probable_missed_terminal_call,5.436150002919222,18.20408446168129,-5,1565,0.4322916666666667,768,iteration_limit,tracked range estimate,5.436150002919222
New main,t000350-g3-c0:61:9,flop,fold,"[""9h"", ""Th""]","[""9c"", ""4s"", ""Kd""]",221,182,probable_missed_terminal_call,6.078261904321961,66.49735423011208,-18,307,0.3990885416666667,768,iteration_limit,tracked range estimate,6.078261904321961
New main,t000350-g3-c0:85:8,flop,fold,"[""Ks"", ""Qs""]","[""Js"", ""6s"", ""3c""]",207,195,probable_missed_terminal_call,29.51658226847512,59.81659852138597,-5,307,0.4973958333333333,768,iteration_limit,tracked range estimate,29.51658226847512
New main,t000350-g5-c0:9:10,flop,fold,"[""As"", ""Qd""]","[""Qc"", ""Ks"", ""8c""]",274,127,probable_missed_terminal_call,9.962759681958664,91.81487880311488,-73,42,0.3821614583333333,768,iteration_limit,tracked range estimate,9.962759681958664
New main,t000350-g5-c0:78:7,preflop,fold,"[""7c"", ""7h""]",[],407,195,probable_missed_terminal_call,8.159583615540976,29.370863585130042,-5,42,0.27858880778588807,685,time_budget,tracked range estimate,8.159583615540976
New main,t000351-g1-c0:52:14,river,call,"[""As"", ""Kh""]","[""6s"", ""Th"", ""5c"", ""8s"", ""2d""]",188,37,probable_bad_terminal_call,-35.17028299339884,-5.996391895886932,3,-168,0.3444010416666667,768,iteration_limit,tracked range estimate,5.996391895886932
New main,t000353-g1-c0:63:6,preflop,fold,"[""Ah"", ""Jd""]",[],405,195,probable_missed_terminal_call,2.9989375847605135,65.3633273949971,-5,1491,0.3407766990291262,515,time_budget,tracked range estimate,2.9989375847605135
New main,t000360-g2-c0:6:11,river,call,"[""Js"", ""As""]","[""6c"", ""Qc"", ""5s"", ""Kd"", ""7h""]",41,8,probable_bad_terminal_call,-7.317198285725062,-3.5223967854882345,-24,422,0.26171875,768,iteration_limit,tracked range estimate,3.5223967854882345
New main,t000361-g5-c0:45:14,river,call,"[""4d"", ""5d""]","[""5s"", ""Th"", ""9s"", ""6d"", ""Kc""]",34,11,probable_bad_terminal_call,-8.814064705858938,-2.364819046076746,-22,149,0.3958333333333333,768,iteration_limit,tracked range estimate,2.364819046076746
New main,t000364-g3-c0:97:8,preflop,fold,"[""6c"", ""6s""]",[],223,193,probable_missed_terminal_call,11.858606998511293,23.394615169793965,-7,86,0.4401041666666667,768,iteration_limit,tracked range estimate,11.858606998511293
New main,t000364-g4-c0:62:7,preflop,fold,"[""7d"", ""7h""]",[],212,194,probable_missed_terminal_call,10.475234182327355,19.67166265355262,-6,172,0.4641927083333333,768,iteration_limit,tracked range estimate,10.475234182327355
New main,t000370-g3-c0:63:9,flop,fold,"[""9s"", ""8s""]","[""Js"", ""9d"", ""8c""]",416,184,probable_missed_terminal_call,91.54036031074085,152.99346190389002,-16,-5,,,,no accepted equity estimate,91.54036031074085
New main,t000375-g1-c0:53:12,river,call,"[""Qs"", ""Tc""]","[""As"", ""2d"", ""Kd"", ""5h"", ""5c""]",48,9,probable_bad_terminal_call,-8.707462915782454,-2.9182470760824044,-26,-98,0.22786458333333334,768,iteration_limit,tracked range estimate,2.9182470760824044
New main,t000379-g1-c0:54:19,river,fold,"[""9c"", ""Ac""]","[""6c"", ""5h"", ""9d"", ""9s"", ""8s""]",243,181,probable_missed_terminal_call,98.47053478375376,146.02272383827753,-19,34,0.43359375,768,iteration_limit,tracked range estimate,98.47053478375376
New main,t000380-g1-c0:47:10,flop,fold,"[""8c"", ""8s""]","[""9s"", ""7d"", ""2s""]",224,189,probable_missed_terminal_call,23.326363762082806,74.75050183756267,-11,34,0.451171875,768,iteration_limit,tracked range estimate,23.326363762082806
New main,t000380-g2-c0:61:12,river,call,"[""Kh"", ""As""]","[""4s"", ""5c"", ""8c"", ""5d"", ""2c""]",101,20,probable_bad_terminal_call,-16.920425953724724,-2.5916702501874096,-57,-63,0.263671875,768,iteration_limit,tracked range estimate,2.5916702501874096
New main,t000380-g3-c0:31:8,flop,fold,"[""Jc"", ""Th""]","[""Qd"", ""3d"", ""Ts""]",221,182,probable_missed_terminal_call,4.104092859180424,77.08943118649927,-18,52,0.3717447916666667,768,iteration_limit,tracked range estimate,4.104092859180424
New main,t000383-g4-c0:93:16,turn,fold,"[""Qh"", ""Qc""]","[""Ah"", ""4c"", ""5d"", ""Kc""]",466,134,probable_missed_terminal_call,9.570212583096307,50.95424210350296,-66,778,0.2513020833333333,768,iteration_limit,tracked range estimate,9.570212583096307
New main,t000386-g2-c0:56:15,turn,fold,"[""Jc"", ""Jh""]","[""Kd"", ""3c"", ""2d"", ""5d""]",228,189,probable_missed_terminal_call,3.592353379253618,62.420145444208366,-11,-165,0.4817708333333333,768,iteration_limit,tracked range estimate,3.592353379253618
New main,t000388-g4-c0:39:12,river,call,"[""Jc"", ""Ah""]","[""9c"", ""3h"", ""2d"", ""9d"", ""6c""]",103,34,probable_bad_terminal_call,-32.756535276035606,-5.43002527979164,-68,-21,0.392578125,768,iteration_limit,tracked range estimate,5.43002527979164
New main,t000389-g0-c0:71:7,preflop,fold,"[""6c"", ""6d""]",[],212,194,probable_missed_terminal_call,5.465666675885414,16.801339529528246,-6,444,0.44905008635578586,579,time_budget,tracked range estimate,5.465666675885414
New main,t000389-g0-c0:96:6,preflop,fold,"[""7c"", ""7h""]",[],205,195,probable_missed_terminal_call,4.198771611673684,23.65539977567218,-5,444,0.4225260416666667,768,iteration_limit,tracked range estimate,4.198771611673684
New main,t000389-g3-c0:29:15,river,call,"[""8c"", ""8h""]","[""Qs"", ""Ts"", ""4s"", ""9s"", ""2h""]",48,9,probable_bad_terminal_call,-8.724159011061415,-5.2399520019315,-25,207,0.25,768,iteration_limit,tracked range estimate,5.2399520019315
New main,t000393-g0-c0:79:11,river,fold,"[""Qs"", ""Js""]","[""8h"", ""Jc"", ""8d"", ""5s"", ""9d""]",49,16,probable_missed_terminal_call,2.4808888858305114,24.924757845426637,-16,712,0.2884114583333333,768,iteration_limit,tracked range estimate,2.4808888858305114
New main,t000395-g2-c0:95:19,river,call,"[""2s"", ""2d""]","[""5d"", ""Kh"", ""3d"", ""As"", ""Th""]",52,10,probable_bad_terminal_call,-9.4552121393077,-2.6792763584765886,-22,270,0.2786458333333333,768,iteration_limit,tracked range estimate,2.6792763584765886
New main,t000397-g3-c0:8:7,preflop,fold,"[""9d"", ""9s""]",[],405,195,probable_missed_terminal_call,4.557614419534325,50.76290092829917,-5,71,0.32410106899902813,343,time_budget,tracked range estimate,4.557614419534325
New main,t000397-g3-c0:52:14,river,fold,"[""Jc"", ""Qc""]","[""Td"", ""9s"", ""3h"", ""Jh"", ""6s""]",258,172,probable_missed_terminal_call,11.316175281571683,103.36145279670829,-28,71,0.4055989583333333,768,iteration_limit,tracked range estimate,11.316175281571683
New main,t000398-g1-c0:3:12,river,fold,"[""Td"", ""Js""]","[""8c"", ""8d"", ""Ts"", ""Jc"", ""2c""]",225,176,probable_missed_terminal_call,51.19061904689855,72.82901273357608,-24,317,0.4303385416666667,768,iteration_limit,tracked range estimate,51.19061904689855
New main,t000398-g1-c0:78:6,preflop,fold,"[""Tc"", ""Ac""]",[],208,195,probable_missed_terminal_call,13.654931877639534,32.37057165572624,-5,317,0.494140625,768,iteration_limit,tracked range estimate,13.654931877639534
New main,t000405-g3-c0:39:14,river,call,"[""8s"", ""Ac""]","[""5s"", ""7c"", ""4d"", ""2c"", ""Ts""]",43,8,probable_bad_terminal_call,-7.623911214999223,-2.1052648484008603,-25,-210,0.22330729166666666,768,iteration_limit,tracked range estimate,2.1052648484008603
New main,t000408-g0-c0:45:11,river,fold,"[""9s"", ""9h""]","[""2s"", ""4s"", ""7c"", ""2d"", ""Ks""]",180,90,probable_missed_terminal_call,12.02851376578916,45.25301661335296,-45,90,0.3990885416666667,768,iteration_limit,tracked range estimate,12.02851376578916
New main,t000411-g2-c0:57:12,river,call,"[""Kh"", ""Ac""]","[""4h"", ""6d"", ""3d"", ""Qh"", ""9c""]",61,12,probable_bad_terminal_call,-10.305083967664212,-2.369149073940629,-36,-17,0.3033854166666667,768,iteration_limit,tracked range estimate,2.369149073940629
New main,t000414-g2-c0:31:6,preflop,fold,"[""Ac"", ""Qd""]",[],420,180,probable_missed_terminal_call,7.182512676101956,39.891187696946794,-20,-268,0.302734375,768,iteration_limit,tracked range estimate,7.182512676101956
New main,t000416-g2-c0:30:11,river,call,"[""3c"", ""Ac""]","[""9h"", ""2h"", ""9d"", ""Kc"", ""2c""]",97,32,probable_bad_terminal_call,-26.361598197303042,-4.736483585194527,-63,-464,0.5169270833333334,768,iteration_limit,tracked range estimate,4.736483585194527
New main,t000419-g1-c0:21:11,flop,fold,"[""Ad"", ""Jc""]","[""4d"", ""4c"", ""5s""]",211,195,probable_missed_terminal_call,8.914691937194707,26.40141918376887,-5,-482,0.22395833333333334,768,iteration_limit,tracked range estimate,8.914691937194707
New main,t000420-g2-c0:46:11,river,call,"[""Kc"", ""Ad""]","[""Ts"", ""3h"", ""Qc"", ""9h"", ""4h""]",31,6,probable_bad_terminal_call,-5.764485637402123,-2.352519332632851,-18,-15,0.3020833333333333,768,iteration_limit,tracked range estimate,2.352519332632851
New main,t000423-g2-c0:26:6,preflop,fold,"[""Jh"", ""Ac""]",[],206,195,probable_missed_terminal_call,13.21298577883071,32.16611591442961,-5,-132,0.5,768,iteration_limit,tracked range estimate,13.21298577883071
New main,t000425-g3-c0:59:4,preflop,fold,"[""Kd"", ""Jd""]",[],403,198,probable_missed_terminal_call,12.083218302499526,45.528164177048254,-2,421,0.3543836805555556,768,iteration_limit,tracked range estimate,12.083218302499526
New main,t000426-g3-c0:72:12,river,fold,"[""Jd"", ""Jc""]","[""9c"", ""Kd"", ""7h"", ""8d"", ""9d""]",247,148,probable_missed_terminal_call,26.899989524208028,146.95065154953713,-49,-130,0.37254901960784315,663,time_budget,tracked range estimate,26.899989524208028
New main,t000429-g4-c0:17:10,turn,fold,"[""Tc"", ""Ad""]","[""8d"", ""Qd"", ""Th"", ""7h""]",219,183,probable_missed_terminal_call,15.064431854022882,69.16776620091792,-17,-147,0.4482758620689655,348,time_budget,tracked range estimate,15.064431854022882
New main,t000430-g3-c0:61:5,preflop,fold,"[""8c"", ""8s""]",[],207,195,probable_missed_terminal_call,13.37710777870268,31.94493478736952,-5,-488,0.4915364583333333,768,iteration_limit,tracked range estimate,13.37710777870268
New main,t000433-g0-c0:26:15,river,call,"[""Ad"", ""8d""]","[""Jc"", ""Ts"", ""Kc"", ""6d"", ""Jd""]",46,9,probable_bad_terminal_call,-8.669418305750995,-2.3024321798362504,-25,995,0.4654947916666667,768,iteration_limit,uniform range estimate,2.3024321798362504
New main,t000433-g2-c0:12:10,turn,fold,"[""Ts"", ""Th""]","[""4d"", ""5h"", ""9s"", ""Jc""]",217,184,probable_missed_terminal_call,46.02416706659254,86.82688155666452,-16,396,0.4674479166666667,768,iteration_limit,tracked range estimate,46.02416706659254
New main,t000445-g2-c0:66:6,preflop,fold,"[""Qs"", ""Kd""]",[],208,195,probable_missed_terminal_call,3.9452928857320844,13.496965442083305,-5,252,0.4485677083333333,768,iteration_limit,tracked range estimate,3.9452928857320844
New main,t000446-g0-c0:64:7,preflop,fold,"[""Jd"", ""Ah""]",[],406,195,probable_missed_terminal_call,7.777070772336204,63.49408767687834,-5,2609,0.34526909722222215,768,iteration_limit,tracked range estimate,7.777070772336204
New main,t000446-g2-c0:76:9,preflop,fold,"[""Th"", ""Tc""]",[],426,182,probable_missed_terminal_call,6.270649048286235,94.37254012300626,-18,738,0.30467289719626167,535,time_budget,tracked range estimate,6.270649048286235
New main,t000446-g4-c0:63:8,preflop,fold,"[""Tc"", ""Td""]",[],420,180,probable_missed_terminal_call,20.57402545887623,102.31952982578687,-20,-193,0.3283420138888889,768,iteration_limit,tracked range estimate,20.57402545887623
New main,t000448-g3-c0:80:11,river,fold,"[""Kc"", ""Qd""]","[""Ks"", ""2d"", ""4h"", ""6d"", ""5c""]",217,184,probable_missed_terminal_call,63.58822063572568,83.28380299164523,-16,-1,0.5,768,iteration_limit,tracked range estimate,63.58822063572568
New main,t000451-g3-c0:53:10,river,fold,"[""As"", ""Tc""]","[""9d"", ""8c"", ""7c"", ""Qc"", ""6c""]",235,168,probable_missed_terminal_call,24.267257450986307,81.00393256234842,-32,100,0.4622395833333333,768,iteration_limit,tracked range estimate,24.267257450986307
New main,t000453-g0-c0:52:10,river,call,"[""As"", ""Th""]","[""5c"", ""6d"", ""3d"", ""Jh"", ""Kh""]",42,8,probable_bad_terminal_call,-7.136307213123887,-2.287365457226087,-24,-106,0.2545572916666667,768,iteration_limit,tracked range estimate,2.287365457226087
New main,t000457-g4-c0:11:12,river,fold,"[""Jh"", ""Th""]","[""Jc"", ""7s"", ""Td"", ""2s"", ""8h""]",248,155,probable_missed_terminal_call,77.4661508966431,93.70866937472631,-45,-53,0.3541666666666667,768,iteration_limit,tracked range estimate,77.4661508966431
New main,t000461-g4-c0:39:12,river,call,"[""Td"", ""Th""]","[""As"", ""3d"", ""8s"", ""7d"", ""4d""]",270,90,probable_bad_terminal_call,-55.78416591571249,-2.6962485969711145,181,605,0.3248697916666667,768,iteration_limit,tracked range estimate,2.6962485969711145
New main,t000465-g3-c0:94:17,river,call,"[""Kc"", ""Tc""]","[""3d"", ""8c"", ""Jc"", ""Ah"", ""Jh""]",63,12,probable_bad_terminal_call,-11.555364967147161,-3.1267248329064383,-31,-273,0.380859375,768,iteration_limit,tracked range estimate,3.1267248329064383
New main,t000470-g0-c0:80:12,river,call,"[""9c"", ""9s""]","[""Jc"", ""4h"", ""7c"", ""Kc"", ""5s""]",285,123,probable_bad_terminal_call,-105.6117776011324,-24.043591683091556,-200,-168,0.392578125,768,iteration_limit,tracked range estimate,24.043591683091556
New main,t000471-g1-c0:22:8,preflop,fold,"[""Ac"", ""Kh""]",[],221,182,probable_missed_terminal_call,2.797485471101467,53.82738271086446,-18,194,0.42578125,768,iteration_limit,tracked range estimate,2.797485471101467
New main,t000471-g3-c0:88:10,flop,fold,"[""Ad"", ""6d""]","[""5d"", ""7s"", ""8c""]",212,194,probable_missed_terminal_call,11.647760069353396,25.096655375527213,-6,166,0.38671875,768,iteration_limit,tracked range estimate,11.647760069353396
New main,t000474-g0-c0:98:12,river,fold,"[""6d"", ""Jd""]","[""Jh"", ""7c"", ""6c"", ""5h"", ""8s""]",24,12,probable_missed_terminal_call,5.048731873368795,7.508089166497304,-6,-186,0.3404947916666667,768,iteration_limit,tracked range estimate,5.048731873368795
New main,t000474-g4-c0:55:12,river,call,"[""6c"", ""6d""]","[""5h"", ""Ad"", ""8h"", ""4d"", ""Ah""]",92,39,probable_bad_terminal_call,-36.54282480595091,-14.026589449379388,-64,-166,0.4498697916666667,768,iteration_limit,tracked range estimate,14.026589449379388
New main,t000477-g1-c0:25:16,river,fold,"[""5c"", ""Kc""]","[""7d"", ""4s"", ""5h"", ""6c"", ""3c""]",47,28,probable_missed_terminal_call,2.8929053982792596,4.132722891726663,-6,-86,0.3391927083333333,768,iteration_limit,tracked range estimate,2.8929053982792596
New main,t000477-g3-c0:46:9,flop,fold,"[""As"", ""4s""]","[""Kd"", ""9h"", ""Ad""]",207,195,probable_missed_terminal_call,8.076553137553583,64.45504969935479,-5,275,0.5026041666666666,768,iteration_limit,tracked range estimate,8.076553137553583
New main,t000480-g5-c0:63:14,river,fold,"[""Jd"", ""As""]","[""2h"", ""3c"", ""4h"", ""5c"", ""Ad""]",114,57,probable_missed_terminal_call,5.319685813507725,16.293257153976427,-28,1162,0.3483072916666667,768,iteration_limit,tracked range estimate,5.319685813507725
New main,t000481-g3-c0:99:11,river,fold,"[""2d"", ""Kc""]","[""Qh"", ""Kd"", ""3d"", ""8h"", ""5s""]",28,12,probable_missed_terminal_call,2.220900163288477,12.86103433816688,-8,-39,0.3587239583333333,768,iteration_limit,tracked range estimate,2.220900163288477
New main,t000484-g2-c0:63:7,preflop,fold,"[""Tc"", ""Ah""]",[],208,195,probable_missed_terminal_call,4.220513587007396,20.950596750925893,-5,149,0.5082720588235294,544,time_budget,tracked range estimate,4.220513587007396
New main,t000484-g5-c0:77:7,preflop,fold,"[""Qd"", ""Kh""]",[],408,195,probable_missed_terminal_call,3.041358119308489,18.285522958171935,-5,-213,0.29687500000000006,768,iteration_limit,tracked range estimate,3.041358119308489
New main,t000485-g0-c0:15:11,river,call,"[""7c"", ""As""]","[""Kd"", ""5s"", ""2d"", ""3d"", ""8h""]",33,6,probable_bad_terminal_call,-5.804271909098061,-2.8107925764746637,-19,44,0.3567708333333333,768,iteration_limit,tracked range estimate,2.8107925764746637
New main,t000485-g2-c0:49:15,river,fold,"[""Kc"", ""Qc""]","[""Qh"", ""6s"", ""3d"", ""9h"", ""As""]",192,96,probable_missed_terminal_call,21.95043341965185,59.55236313573949,-44,126,0.400390625,768,iteration_limit,tracked range estimate,21.95043341965185
New main,t000492-g3-c0:3:11,river,fold,"[""4s"", ""4d""]","[""Ad"", ""9s"", ""6s"", ""7s"", ""Ts""]",70,42,probable_missed_terminal_call,3.289249396131,22.094171203503503,-14,332,0.3450520833333333,768,iteration_limit,tracked range estimate,3.289249396131
New main,t000494-g2-c0:13:6,preflop,fold,"[""Qc"", ""Ks""]",[],207,195,probable_missed_terminal_call,2.873485968550079,19.40440569256369,-5,366,0.513671875,768,iteration_limit,tracked range estimate,2.873485968550079
New main,t000494-g2-c0:79:6,preflop,fold,"[""Jh"", ""Ac""]",[],205,195,probable_missed_terminal_call,13.179992872711132,32.69897897973536,-5,366,0.5013020833333334,768,iteration_limit,tracked range estimate,13.179992872711132
New main,t000495-g2-c0:69:10,river,fold,"[""Ts"", ""Td""]","[""9h"", ""7s"", ""Tc"", ""6s"", ""Ad""]",162,81,probable_missed_terminal_call,9.02286326828181,60.81202424916051,-40,472,0.3385416666666667,768,iteration_limit,tracked range estimate,9.02286326828181
New main,t000500-g1-c0:69:16,river,fold,"[""Qd"", ""Js""]","[""2d"", ""5c"", ""Qc"", ""3c"", ""Kh""]",148,63,probable_missed_terminal_call,9.73276134432718,52.31899839904215,-26,-23,0.359375,768,iteration_limit,tracked range estimate,9.73276134432718
New main,t000502-g3-c0:93:6,preflop,fold,"[""Kd"", ""Qc""]",[],210,193,probable_missed_terminal_call,3.8946585528293465,19.502308348297618,-7,-165,0.4654947916666667,768,iteration_limit,tracked range estimate,3.8946585528293465
New main,t000504-g4-c0:33:7,flop,fold,"[""Kh"", ""Th""]","[""2h"", ""2d"", ""3h""]",206,194,probable_missed_terminal_call,4.809316817816466,39.261518160592075,-6,-112,0.466796875,768,iteration_limit,tracked range estimate,4.809316817816466
New main,t000504-g4-c0:88:7,flop,fold,"[""9s"", ""Ts""]","[""9c"", ""Tc"", ""Qs""]",206,194,probable_missed_terminal_call,32.17350876787074,65.9176319714415,-6,-112,0.5286458333333334,768,iteration_limit,tracked range estimate,32.17350876787074
New main,t000505-g0-c0:18:15,river,call,"[""2h"", ""2c""]","[""Ts"", ""5d"", ""4h"", ""Kh"", ""8s""]",55,11,probable_bad_terminal_call,-10.109104332074493,-2.2732333009811136,36,-321,0.34388489208633094,695,time_budget,tracked range estimate,2.2732333009811136
New main,t000507-g1-c0:62:8,flop,fold,"[""Js"", ""Ac""]","[""9h"", ""Td"", ""Jc""]",221,182,probable_missed_terminal_call,18.17354010869311,64.80616123374458,-18,170,0.4427083333333333,768,iteration_limit,tracked range estimate,18.17354010869311
New main,t000508-g0-c0:49:13,river,call,"[""4h"", ""4d""]","[""9d"", ""6h"", ""8h"", ""5c"", ""Qs""]",50,10,probable_bad_terminal_call,-9.06882324435935,-4.8129469605703745,-29,92,0.2545572916666667,768,iteration_limit,tracked range estimate,4.8129469605703745
New main,t000509-g3-c0:14:14,river,call,"[""6d"", ""Ad""]","[""Jh"", ""8h"", ""4c"", ""3c"", ""Jc""]",43,8,probable_bad_terminal_call,-7.708954033636653,-2.8587807891755603,-25,-5,0.2975260416666667,768,iteration_limit,tracked range estimate,2.8587807891755603
New main,t000515-g0-c0:85:11,river,fold,"[""Td"", ""Ah""]","[""5d"", ""7h"", ""9c"", ""Th"", ""5c""]",242,159,probable_missed_terminal_call,2.001621935755459,98.24647021294356,-41,212,0.4694010416666667,768,iteration_limit,tracked range estimate,2.001621935755459
New main,t000516-g5-c0:23:7,preflop,fold,"[""Ah"", ""9h""]",[],408,195,probable_missed_terminal_call,3.080594175185496,49.59822963095279,-5,-41,0.3233506944444445,768,iteration_limit,tracked range estimate,3.080594175185496
New main,t000521-g4-c0:10:7,flop,fold,"[""8d"", ""Ad""]","[""Ts"", ""6d"", ""3d""]",206,195,probable_missed_terminal_call,26.049268670841464,63.07696493614905,-5,-359,0.5345052083333334,768,iteration_limit,tracked range estimate,26.049268670841464
New main,t000522-g5-c0:58:7,preflop,fold,"[""8c"", ""8d""]",[],208,195,probable_missed_terminal_call,22.99184833913355,33.712622112021855,-5,223,0.4466145833333333,768,iteration_limit,tracked range estimate,22.99184833913355
New main,t000529-g1-c0:93:11,river,fold,"[""Qh"", ""Ah""]","[""5s"", ""Ts"", ""9c"", ""6s"", ""Qc""]",55,33,probable_missed_terminal_call,10.31476588251287,26.652113272915567,-10,238,0.4348958333333333,768,iteration_limit,tracked range estimate,10.31476588251287
New main,t000529-g4-c0:30:6,preflop,fold,"[""7d"", ""7s""]",[],206,195,probable_missed_terminal_call,7.810809109932164,17.09109888233922,-5,-75,0.4557291666666667,768,iteration_limit,tracked range estimate,7.810809109932164
New main,t000532-g2-c0:11:6,preflop,fold,"[""7s"", ""7h""]",[],208,195,probable_missed_terminal_call,8.031482446028493,21.808395171379377,-5,104,0.4778645833333333,768,iteration_limit,tracked range estimate,8.031482446028493
New main,t000532-g2-c0:57:16,river,fold,"[""Ac"", ""Ah""]","[""9s"", ""Qh"", ""Th"", ""3s"", ""Qc""]",150,90,probable_missed_terminal_call,14.909129279861702,90.78803872432036,-25,104,0.44075829383886256,211,time_budget,tracked range estimate,14.909129279861702
New main,t000532-g4-c0:91:7,preflop,fold,"[""9c"", ""9d""]",[],213,194,probable_missed_terminal_call,33.50568128271505,47.3890437088752,-6,-262,0.5065104166666666,768,iteration_limit,tracked range estimate,33.50568128271505
New main,t000536-g1-c0:8:12,river,call,"[""Jc"", ""Kh""]","[""7h"", ""5c"", ""8h"", ""2d"", ""4c""]",78,15,probable_bad_terminal_call,-13.644603109044146,-4.9764123559608215,-46,214,0.2552083333333333,768,iteration_limit,tracked range estimate,4.9764123559608215
New main,t000540-g0-c0:42:8,flop,fold,"[""As"", ""Jd""]","[""3h"", ""9h"", ""Ah""]",223,178,probable_missed_terminal_call,27.81415482559192,78.03992706955621,-22,83,0.4954427083333333,768,iteration_limit,tracked range estimate,27.81415482559192
New main,t000540-g2-c0:67:7,preflop,fold,"[""Kd"", ""Jd""]",[],215,194,probable_missed_terminal_call,10.848480659658364,21.037211256806067,-6,-121,0.4889322916666667,768,iteration_limit,tracked range estimate,10.848480659658364
New main,t000541-g2-c0:22:12,river,fold,"[""8h"", ""Th""]","[""8d"", ""2d"", ""3s"", ""7c"", ""Qd""]",198,99,probable_missed_terminal_call,6.059459847375624,84.90197084999188,-49,-13,0.3736979166666667,768,iteration_limit,tracked range estimate,6.059459847375624
New main,t000541-g2-c0:43:12,river,call,"[""Js"", ""Kc""]","[""8h"", ""6h"", ""4s"", ""2s"", ""Ac""]",55,11,probable_bad_terminal_call,-10.139673967415344,-2.3554460895467844,33,-13,0.2903645833333333,768,iteration_limit,tracked range estimate,2.3554460895467844
New main,t000544-g2-c0:13:11,river,fold,"[""Ac"", ""8c""]","[""8d"", ""6s"", ""5c"", ""7d"", ""3s""]",60,36,probable_missed_terminal_call,10.57678503717019,21.695007161200675,-11,120,0.392578125,768,iteration_limit,tracked range estimate,10.57678503717019
New main,t000546-g4-c0:42:16,river,call,"[""Kd"", ""As""]","[""6h"", ""8d"", ""5c"", ""9s"", ""4c""]",342,60,probable_bad_terminal_call,-59.184591924787924,-5.831592560985522,-200,-15,0.24739583333333334,768,iteration_limit,tracked range estimate,5.831592560985522
New main,t000547-g1-c0:14:8,turn,fold,"[""Td"", ""Th""]","[""7h"", ""6h"", ""5d"", ""Kh""]",222,179,probable_missed_terminal_call,2.120871154454014,47.597657102791615,-21,-268,0.12186534575010138,91,time_budget,conservative sparse estimate,2.120871154454014
New main,t000552-g2-c0:71:6,preflop,fold,"[""Ad"", ""Tc""]",[],207,195,probable_missed_terminal_call,3.6695379181019856,20.241811965760718,-5,368,0.4830729166666667,768,iteration_limit,tracked range estimate,3.6695379181019856
New main,t000560-g2-c0:79:14,river,call,"[""Qs"", ""Ac""]","[""4c"", ""8h"", ""7h"", ""2h"", ""6d""]",62,12,probable_bad_terminal_call,-11.07418445602646,-3.4649419391821135,38,88,0.3111979166666667,768,iteration_limit,tracked range estimate,3.4649419391821135
New main,t000560-g2-c0:98:8,flop,fold,"[""Ts"", ""Ks""]","[""8d"", ""Kd"", ""7d""]",217,184,probable_missed_terminal_call,4.86752511381875,28.819709124006827,-16,88,0.3697916666666667,768,iteration_limit,tracked range estimate,4.86752511381875
New main,t000560-g4-c0:2:11,flop,fold,"[""Qh"", ""Qs""]","[""5c"", ""6h"", ""Kh""]",246,177,probable_missed_terminal_call,33.42783373351158,68.04274341632029,-23,398,0.416015625,768,iteration_limit,tracked range estimate,33.42783373351158
New main,t000561-g4-c0:85:16,river,fold,"[""Ah"", ""Qh""]","[""7h"", ""Jc"", ""Qc"", ""As"", ""Td""]",66,28,probable_missed_terminal_call,10.799328328750704,14.352720645405876,-16,95,0.3671875,768,iteration_limit,tracked range estimate,10.799328328750704
New main,t000564-g0-c0:58:8,flop,fold,"[""Qc"", ""Jd""]","[""8s"", ""Kd"", ""Jc""]",221,182,probable_missed_terminal_call,14.196348606968552,81.15302222469377,-18,104,0.515625,768,iteration_limit,tracked range estimate,14.196348606968552
New main,t000564-g1-c0:54:7,preflop,fold,"[""Kh"", ""Jh""]",[],211,195,probable_missed_terminal_call,7.473052802039267,18.67723486054356,-5,266,0.4915364583333333,768,iteration_limit,tracked range estimate,7.473052802039267
New main,t000564-g2-c0:36:6,preflop,fold,"[""Qh"", ""Kc""]",[],208,195,probable_missed_terminal_call,5.193502561781595,15.743429613248594,-5,-194,0.5045572916666666,768,iteration_limit,tracked range estimate,5.193502561781595
New main,t000567-g0-c0:72:10,turn,fold,"[""As"", ""4d""]","[""Kc"", ""Ac"", ""Kh"", ""4h""]",232,169,probable_missed_terminal_call,10.05244681909463,121.92161554950472,-31,-55,0.4147135416666667,768,iteration_limit,tracked range estimate,10.05244681909463
New main,t000567-g1-c0:74:10,river,call,"[""Ts"", ""Ac""]","[""7s"", ""5c"", ""8c"", ""Kc"", ""8h""]",42,8,probable_bad_terminal_call,-7.2699066626971405,-2.001634176438532,26,-17,0.384765625,768,iteration_limit,tracked range estimate,2.001634176438532
New main,t000569-g0-c0:91:10,river,call,"[""Ad"", ""Qc""]","[""3d"", ""4c"", ""8d"", ""3c"", ""8h""]",129,55,probable_bad_terminal_call,-46.49776507065237,-13.676679931381134,1,553,0.3834635416666667,768,iteration_limit,tracked range estimate,13.676679931381134
New main,t000571-g0-c0:6:12,turn,call,"[""As"", ""Kc""]","[""7h"", ""8d"", ""6d"", ""9h""]",289,118,probable_bad_terminal_call,-44.61738975922555,-18.26278502680471,-200,-146,0.349609375,768,iteration_limit,tracked range estimate,18.26278502680471
New main,t000573-g3-c0:43:8,preflop,fold,"[""5s"", ""5c""]",[],215,195,probable_missed_terminal_call,2.429062002856581,13.56588707940296,-5,-20,0.3958333333333333,768,iteration_limit,tracked range estimate,2.429062002856581
New main,t000576-g2-c0:41:6,preflop,fold,"[""8c"", ""8s""]",[],406,195,probable_missed_terminal_call,19.032840141463897,76.30795282449267,-5,1539,0.3368055555555555,768,iteration_limit,tracked range estimate,19.032840141463897
New main,t000582-g2-c0:66:6,preflop,fold,"[""Ad"", ""Js""]",[],405,195,probable_missed_terminal_call,7.150179270638381,60.80461992080976,-5,-441,0.3424479166666667,768,iteration_limit,tracked range estimate,7.150179270638381
New main,t000584-g0-c0:3:7,preflop,fold,"[""Kc"", ""Qh""]",[],206,195,probable_missed_terminal_call,3.6859450243386087,14.753232682916947,-5,120,0.4466145833333333,768,iteration_limit,tracked range estimate,3.6859450243386087
New main,t000589-g3-c0:23:12,turn,fold,"[""Kd"", ""Qd""]","[""3c"", ""Ad"", ""8s"", ""Ac""]",267,135,probable_missed_terminal_call,5.84282668417649,55.449392559120525,-65,-164,0.3203125,768,iteration_limit,tracked range estimate,5.84282668417649
New main,t000590-g1-c0:77:6,preflop,fold,"[""Qh"", ""Kd""]",[],408,195,probable_missed_terminal_call,8.177173859427992,57.40981909610803,-5,654,0.33094618055555564,768,iteration_limit,tracked range estimate,8.177173859427992
New main,t000590-g3-c0:5:6,preflop,fold,"[""Qd"", ""Ks""]",[],408,195,probable_missed_terminal_call,3.660481374054431,20.85531716047044,-5,968,0.3272569444444445,768,iteration_limit,tracked range estimate,3.660481374054431
New main,t000601-g5-c0:72:8,preflop,fold,"[""Jd"", ""Ac""]",[],211,193,probable_missed_terminal_call,12.897516601367826,36.14249370154925,-7,-8,0.4544270833333333,768,iteration_limit,tracked range estimate,12.897516601367826
New main,t000604-g0-c0:83:13,river,fold,"[""Jc"", ""Jd""]","[""3h"", ""Td"", ""7s"", ""7c"", ""Ks""]",144,72,probable_missed_terminal_call,18.95961130597747,51.16255296693042,-35,-21,0.2942708333333333,768,iteration_limit,tracked range estimate,18.95961130597747
New main,t000604-g3-c0:16:7,preflop,fold,"[""Th"", ""Ah""]",[],205,195,probable_missed_terminal_call,7.459991626104386,28.44354450008075,-5,-586,0.4869791666666667,768,iteration_limit,tracked range estimate,7.459991626104386
New main,t000604-g4-c0:71:15,river,call,"[""Ad"", ""Jh""]","[""5d"", ""Qh"", ""Th"", ""6s"", ""8c""]",301,60,probable_bad_terminal_call,-57.15508347763176,-32.397455180359,-179,203,0.291015625,768,iteration_limit,tracked range estimate,32.397455180359
New main,t000604-g5-c0:64:14,turn,fold,"[""Qh"", ""Ah""]","[""9h"", ""9s"", ""5s"", ""Qs""]",245,161,probable_missed_terminal_call,12.05981392461733,88.247645561379,-39,50,0.4654947916666667,768,iteration_limit,tracked range estimate,12.05981392461733
New main,t000611-g5-c0:81:6,preflop,fold,"[""Qd"", ""Kd""]",[],203,198,probable_missed_terminal_call,9.344302266244217,30.769952851083126,-2,-3,0.5075125208681135,599,time_budget,tracked range estimate,9.344302266244217
New main,t000614-g2-c0:81:6,preflop,fold,"[""7h"", ""7c""]",[],207,195,probable_missed_terminal_call,4.83059052308083,20.58204833149017,-5,343,0.513671875,768,iteration_limit,tracked range estimate,4.83059052308083
New main,t000625-g3-c0:45:14,river,call,"[""Qc"", ""Ac""]","[""2d"", ""7c"", ""6c"", ""4h"", ""3h""]",286,115,probable_bad_terminal_call,-81.08216642779541,-21.657989062816064,-200,59,0.4283854166666667,768,iteration_limit,tracked range estimate,21.657989062816064
New main,t000628-g1-c0:75:10,river,call,"[""Td"", ""Ac""]","[""4s"", ""6s"", ""Kc"", ""3s"", ""3d""]",49,16,probable_bad_terminal_call,-15.24906727660399,-7.07960354370914,-32,93,0.33984375,768,iteration_limit,tracked range estimate,7.07960354370914
New main,t000631-g1-c0:43:10,turn,fold,"[""Tc"", ""Td""]","[""5d"", ""7s"", ""4s"", ""6h""]",221,182,probable_missed_terminal_call,6.3579462356835394,16.766074769338992,-18,-102,0.3463541666666667,768,iteration_limit,tracked range estimate,6.3579462356835394
New main,t000633-g1-c0:28:6,preflop,fold,"[""8s"", ""8c""]",[],407,195,probable_missed_terminal_call,19.088727629269552,80.08614151194227,-5,674,0.3465711805555555,768,iteration_limit,tracked range estimate,19.088727629269552
New main,t000633-g1-c0:97:6,preflop,fold,"[""7d"", ""7h""]",[],406,195,probable_missed_terminal_call,9.279853299722518,57.79586345688438,-5,674,0.3090277777777778,768,iteration_limit,tracked range estimate,9.279853299722518
New main,t000633-g3-c0:75:6,preflop,fold,"[""Kh"", ""Th""]",[],406,195,probable_missed_terminal_call,2.6063346919680477,48.84226011151375,-5,418,0.3215464403583216,707,time_budget,tracked range estimate,2.6063346919680477
New main,t000634-g3-c0:99:15,river,call,"[""Ad"", ""Jd""]","[""2s"", ""8d"", ""5h"", ""9s"", ""Qd""]",51,10,probable_bad_terminal_call,-9.432589575021662,-3.302964793257938,34,73,0.3020833333333333,768,iteration_limit,tracked range estimate,3.302964793257938
New main,t000635-g3-c0:32:10,river,call,"[""As"", ""Jh""]","[""Qs"", ""5s"", ""3h"", ""4h"", ""6h""]",42,8,probable_bad_terminal_call,-7.117605251655998,-3.717142385162065,26,123,0.23111979166666666,768,iteration_limit,tracked range estimate,3.717142385162065
New main,t000638-g3-c0:79:13,river,call,"[""Ad"", ""7d""]","[""Js"", ""7s"", ""9s"", ""4c"", ""Kd""]",146,29,probable_bad_terminal_call,-26.942419596482292,-6.538703046792908,-87,37,0.2682291666666667,768,iteration_limit,tracked range estimate,6.538703046792908
New main,t000640-g0-c0:7:11,turn,fold,"[""Ts"", ""As""]","[""8d"", ""9d"", ""Th"", ""8h""]",245,155,probable_missed_terminal_call,43.921522510725445,99.65518168896467,-45,-66,0.404296875,768,iteration_limit,tracked range estimate,43.921522510725445
New main,t000641-g0-c0:94:13,river,fold,"[""Ts"", ""Td""]","[""5h"", ""Ks"", ""Jh"", ""3s"", ""4s""]",247,148,probable_missed_terminal_call,20.47798867118285,125.32692071566761,-49,-215,0.3932291666666667,768,iteration_limit,tracked range estimate,20.47798867118285
New main,t000643-g3-c0:68:7,preflop,fold,"[""6s"", ""6d""]",[],212,194,probable_missed_terminal_call,3.530675400502707,19.495890188511297,-6,36,0.4388020833333333,768,iteration_limit,tracked range estimate,3.530675400502707
New main,t000644-g1-c0:83:6,preflop,fold,"[""Ad"", ""Jh""]",[],214,194,probable_missed_terminal_call,10.542581181704868,39.179931930813055,-6,-518,0.45137976346911957,761,time_budget,tracked range estimate,10.542581181704868
New main,t000645-g3-c0:26:6,preflop,fold,"[""Kd"", ""Qd""]",[],207,195,probable_missed_terminal_call,10.474614921334156,26.268244496625933,-5,412,0.4856770833333333,768,iteration_limit,tracked range estimate,10.474614921334156
New main,t000652-g1-c0:38:7,preflop,fold,"[""Jd"", ""As""]",[],407,195,probable_missed_terminal_call,10.718243062516184,63.311712041205325,-5,43,0.34722222222222227,768,iteration_limit,tracked range estimate,10.718243062516184
New main,t000652-g2-c0:79:7,preflop,fold,"[""Kd"", ""Jd""]",[],408,195,probable_missed_terminal_call,10.345461333473772,60.230147362297814,-5,365,0.34926958831341304,753,time_budget,tracked range estimate,10.345461333473772
New main,t000654-g0-c0:21:7,preflop,fold,"[""Ah"", ""Js""]",[],407,195,probable_missed_terminal_call,3.188775021606756,66.7340227997967,-5,1179,0.2999131944444445,768,iteration_limit,tracked range estimate,3.188775021606756
New main,t000658-g1-c0:28:15,river,fold,"[""Tc"", ""Th""]","[""5h"", ""3d"", ""Kc"", ""Ks"", ""Qs""]",77,46,probable_missed_terminal_call,5.825071442198281,22.569074063095883,-10,211,0.24088541666666666,768,iteration_limit,tracked range estimate,5.825071442198281
New main,t000662-g4-c0:41:12,river,fold,"[""Ks"", ""Kd""]","[""Th"", ""8c"", ""4h"", ""6d"", ""7d""]",157,67,probable_missed_terminal_call,9.557752656374026,27.836299519377874,-44,-9,0.3359375,768,iteration_limit,tracked range estimate,9.557752656374026
New main,t000663-g2-c0:12:10,flop,fold,"[""As"", ""Ks""]","[""6s"", ""4h"", ""5h""]",274,127,probable_missed_terminal_call,27.164146411470277,96.52470547201226,-73,-194,0.380859375,768,iteration_limit,tracked range estimate,27.164146411470277
New main,t000667-g1-c0:79:5,preflop,fold,"[""Qd"", ""Ah""]",[],206,195,probable_missed_terminal_call,22.182472399427205,48.05347452213304,-5,34,0.4954427083333333,768,iteration_limit,tracked range estimate,22.182472399427205
New main,t000668-g0-c0:98:6,preflop,fold,"[""Ts"", ""As""]",[],406,195,probable_missed_terminal_call,16.074735803964394,38.1837454264161,-5,154,0.29665798611111116,768,iteration_limit,tracked range estimate,16.074735803964394
New main,t000670-g0-c0:49:11,river,call,"[""7d"", ""Ad""]","[""9h"", ""6s"", ""3d"", ""6d"", ""8c""]",42,8,probable_bad_terminal_call,-7.375444805733664,-2.1849057020842118,26,124,0.3209635416666667,768,iteration_limit,tracked range estimate,2.1849057020842118
New main,t000672-g1-c0:15:7,preflop,fold,"[""9h"", ""9d""]",[],208,195,probable_missed_terminal_call,28.273390082435768,49.15578496350189,-5,327,0.51171875,768,iteration_limit,tracked range estimate,28.273390082435768
New main,t000684-g1-c0:28:6,preflop,fold,"[""2h"", ""2d""]",[],208,195,probable_missed_terminal_call,4.091374838590378,14.026629858030432,-5,1726,0.5045572916666666,768,iteration_limit,uniform range estimate,4.091374838590378
New main,t000687-g1-c0:93:6,preflop,fold,"[""8h"", ""8d""]",[],406,195,probable_missed_terminal_call,23.68744155343182,70.70228040937025,-5,-695,0.3528645833333333,768,iteration_limit,tracked range estimate,23.68744155343182
New main,t000687-g3-c0:90:6,preflop,fold,"[""8s"", ""8c""]",[],406,195,probable_missed_terminal_call,16.209729290463383,82.17537456203887,-5,1383,0.3528645833333333,768,iteration_limit,tracked range estimate,16.209729290463383
New main,t000688-g3-c0:78:15,river,fold,"[""Ac"", ""Tc""]","[""Js"", ""4d"", ""3h"", ""2d"", ""5s""]",45,15,probable_missed_terminal_call,3.9046816239823308,10.178167851425064,-5,175,0.21679687500000003,768,iteration_limit,tracked range estimate,3.9046816239823308
New main,t000689-g0-c0:39:6,preflop,fold,"[""Qh"", ""Kd""]",[],406,195,probable_missed_terminal_call,3.781371529728915,49.44991536404641,-5,1160,0.3187934027777778,768,iteration_limit,tracked range estimate,3.781371529728915
New main,t000689-g3-c0:16:7,preflop,fold,"[""6d"", ""6s""]",[],413,194,probable_missed_terminal_call,3.0867294538787844,47.030987969403824,-6,146,0.3346354166666667,768,iteration_limit,tracked range estimate,3.0867294538787844
New main,t000693-g1-c0:32:6,preflop,fold,"[""Ad"", ""Jc""]",[],406,195,probable_missed_terminal_call,7.282770565016597,64.71852595613873,-5,377,0.34027777777777785,768,iteration_limit,tracked range estimate,7.282770565016597
New main,t000693-g4-c0:1:6,preflop,fold,"[""Ts"", ""Ad""]",[],207,195,probable_missed_terminal_call,8.2186444184221,22.64664432535709,-5,496,0.498046875,768,iteration_limit,tracked range estimate,8.2186444184221
New main,t000694-g2-c0:71:6,preflop,fold,"[""9c"", ""Ac""]",[],206,195,probable_missed_terminal_call,2.0772803531932116,17.917716822117278,-5,464,0.455078125,768,iteration_limit,tracked range estimate,2.0772803531932116
New main,t000694-g2-c0:81:6,preflop,fold,"[""Qs"", ""Kc""]",[],206,195,probable_missed_terminal_call,4.037296005394601,12.971438656924661,-5,464,0.4381510416666667,768,iteration_limit,tracked range estimate,4.037296005394601
New main,t000698-g4-c0:15:8,preflop,fold,"[""Jh"", ""Jd""]",[],222,180,probable_missed_terminal_call,15.692706296142823,62.399092691731184,-20,20,0.474609375,768,iteration_limit,tracked range estimate,15.692706296142823
New main,t000700-g1-c0:64:8,preflop,fold,"[""8d"", ""8c""]",[],213,194,probable_missed_terminal_call,19.75395198529432,36.663576472527886,-6,129,0.4368489583333333,768,iteration_limit,tracked range estimate,19.75395198529432
New main,t000702-g0-c0:25:6,preflop,fold,"[""Th"", ""Tc""]",[],420,180,probable_missed_terminal_call,16.857788824677428,79.9648126120672,-20,14,0.2582465277777778,768,iteration_limit,tracked range estimate,16.857788824677428
New main,t000703-g2-c0:36:7,flop,fold,"[""Ah"", ""Js""]","[""3h"", ""6h"", ""5h""]",207,195,probable_missed_terminal_call,40.47600692810972,54.36009729268667,-5,-86,0.4759114583333333,768,iteration_limit,tracked range estimate,40.47600692810972
New main,t000709-g0-c0:42:11,river,fold,"[""Ah"", ""5h""]","[""Ad"", ""4d"", ""Qh"", ""6d"", ""2s""]",90,54,probable_missed_terminal_call,2.2683580331007347,37.73396807085824,-18,155,0.3450520833333333,768,iteration_limit,tracked range estimate,2.2683580331007347
New main,t000712-g4-c0:91:12,river,fold,"[""As"", ""Jh""]","[""8s"", ""Jc"", ""3h"", ""Th"", ""7c""]",237,165,probable_missed_terminal_call,45.35171638309228,93.62494207336343,-35,237,0.341796875,768,iteration_limit,tracked range estimate,45.35171638309228
New main,t000713-g3-c0:22:13,river,call,"[""Ks"", ""8c""]","[""Js"", ""3d"", ""2c"", ""Th"", ""5c""]",212,42,probable_bad_terminal_call,-40.13456580484237,-14.110612394648715,-126,-175,0.3671875,768,iteration_limit,tracked range estimate,14.110612394648715
New main,t000715-g1-c0:26:7,preflop,fold,"[""8d"", ""8h""]",[],408,195,probable_missed_terminal_call,17.73503330731637,43.178327445987804,-5,-484,0.3103298611111111,768,iteration_limit,tracked range estimate,17.73503330731637
New main,t000715-g3-c0:16:7,preflop,fold,"[""Kh"", ""Jh""]",[],205,195,probable_missed_terminal_call,2.082320065836125,11.516946686571838,-5,328,0.4563802083333333,768,iteration_limit,tracked range estimate,2.082320065836125
New main,t000721-g2-c0:41:8,preflop,fold,"[""As"", ""Jd""]",[],212,194,probable_missed_terminal_call,13.62708716869481,38.492839237755476,-6,643,0.462890625,768,iteration_limit,tracked range estimate,13.62708716869481
New main,t000721-g4-c0:57:10,preflop,fold,"[""9h"", ""9d""]",[],613,189,probable_missed_terminal_call,11.45134785031546,59.14906910584962,-11,605,0.2574869791666667,768,iteration_limit,tracked range estimate,11.45134785031546
New main,t000721-g5-c0:11:13,river,call,"[""Qs"", ""Jh""]","[""2c"", ""7d"", ""Ac"", ""3h"", ""5d""]",78,15,probable_bad_terminal_call,-13.811365813200123,-2.1017124260522415,47,2,0.265625,768,iteration_limit,tracked range estimate,2.1017124260522415
New main,t000725-g0-c0:2:10,river,fold,"[""As"", ""9s""]","[""2c"", ""4h"", ""7h"", ""Ad"", ""6s""]",237,163,probable_missed_terminal_call,31.529279552476744,85.08009220755432,-37,-59,0.4609375,768,iteration_limit,tracked range estimate,31.529279552476744
New main,t000726-g0-c0:85:7,preflop,fold,"[""7s"", ""7d""]",[],213,194,probable_missed_terminal_call,11.470073038283669,25.382401948558844,-6,1194,0.47852233676975947,582,time_budget,tracked range estimate,11.470073038283669
New main,t000735-g4-c0:73:8,flop,fold,"[""Ts"", ""Jh""]","[""Jc"", ""9s"", ""3h""]",211,190,probable_missed_terminal_call,19.73468455488573,87.12095807521543,-10,-217,0.48046875,768,iteration_limit,tracked range estimate,19.73468455488573
New main,t000736-g1-c0:92:6,preflop,fold,"[""Jd"", ""Ah""]",[],406,195,probable_missed_terminal_call,7.113852668863371,61.84502818407856,-5,296,0.35394965277777785,768,iteration_limit,tracked range estimate,7.113852668863371
New main,t000736-g3-c0:94:8,flop,fold,"[""Ad"", ""6d""]","[""Ac"", ""7s"", ""Jd""]",211,190,probable_missed_terminal_call,28.488356256834688,82.68733678100357,-10,417,0.5032552083333334,768,iteration_limit,tracked range estimate,28.488356256834688
New main,t000744-g2-c0:59:8,flop,fold,"[""Ac"", ""3h""]","[""2c"", ""6d"", ""3c""]",215,185,probable_missed_terminal_call,46.230244528806345,61.90692686935517,-15,497,0.4309895833333333,768,iteration_limit,tracked range estimate,46.230244528806345
New main,t000748-g2-c0:96:6,preflop,fold,"[""7h"", ""7d""]",[],207,195,probable_missed_terminal_call,10.992521783633881,21.048506724097756,-5,-186,0.4752604166666667,768,iteration_limit,tracked range estimate,10.992521783633881
New main,t000755-g4-c0:80:8,preflop,fold,"[""6d"", ""6c""]",[],211,195,probable_missed_terminal_call,4.389972069815477,17.357214946776892,-5,274,0.4850260416666667,768,iteration_limit,tracked range estimate,4.389972069815477
New main,t000757-g3-c0:19:15,river,call,"[""Ad"", ""Kc""]","[""6d"", ""Js"", ""4c"", ""Th"", ""8d""]",354,47,probable_bad_terminal_call,-44.36823783091952,-8.653243841391802,-200,-217,0.3072916666666667,768,iteration_limit,tracked range estimate,8.653243841391802
New main,t000759-g0-c0:80:8,flop,fold,"[""9h"", ""Qc""]","[""2s"", ""Jc"", ""9c""]",210,195,probable_missed_terminal_call,7.456506381067158,72.48836384505903,-5,529,0.49609375,768,iteration_limit,tracked range estimate,7.456506381067158
New main,t000759-g4-c0:1:7,preflop,fold,"[""Ah"", ""Tc""]",[],212,195,probable_missed_terminal_call,4.238753996738665,25.805876082845877,-5,153,0.4778645833333333,768,iteration_limit,tracked range estimate,4.238753996738665
New main,t000761-g0-c0:13:9,flop,fold,"[""Kd"", ""Js""]","[""6s"", ""Qc"", ""Ts""]",219,183,probable_missed_terminal_call,13.502076715583659,70.27443934747377,-17,-223,0.470703125,768,iteration_limit,tracked range estimate,13.502076715583659
New main,t000768-g2-c0:41:14,river,call,"[""Qc"", ""Ad""]","[""2d"", ""6d"", ""2s"", ""Ts"", ""Td""]",262,87,probable_bad_terminal_call,-65.64209209239911,-6.7307181929242414,176,148,0.3645833333333333,768,iteration_limit,tracked range estimate,6.7307181929242414
New main,t000771-g3-c0:75:6,preflop,fold,"[""Ad"", ""Qs""]",[],406,195,probable_missed_terminal_call,22.184861656058565,53.31751370490503,-5,-467,0.3487413194444445,768,iteration_limit,tracked range estimate,22.184861656058565
New main,t000778-g2-c0:67:12,river,call,"[""Ah"", ""8c""]","[""Js"", ""2d"", ""5h"", ""Qc"", ""Tc""]",55,11,probable_bad_terminal_call,-10.423470147074017,-2.36138078322222,-33,160,0.3717447916666667,768,iteration_limit,tracked range estimate,2.36138078322222
New main,t000778-g2-c0:86:10,river,call,"[""Ad"", ""Jh""]","[""5s"", ""6c"", ""Ks"", ""3d"", ""Ts""]",60,12,probable_bad_terminal_call,-11.687073678114091,-5.582830105305326,-35,160,0.3821614583333333,768,iteration_limit,tracked range estimate,5.582830105305326
New main,t000782-g3-c0:93:12,river,fold,"[""Kc"", ""Tc""]","[""4h"", ""Td"", ""3c"", ""5c"", ""As""]",274,133,probable_missed_terminal_call,28.679304459354363,42.586645552686775,-67,-95,0.3326822916666667,768,iteration_limit,tracked range estimate,28.679304459354363
New main,t000785-g0-c0:68:6,preflop,fold,"[""7d"", ""7h""]",[],208,195,probable_missed_terminal_call,6.929056026100869,21.198191134272655,-5,-16,0.4602864583333333,768,iteration_limit,tracked range estimate,6.929056026100869
New main,t000786-g0-c0:27:5,preflop,fold,"[""7h"", ""7d""]",[],208,195,probable_missed_terminal_call,7.072436206138389,20.6036811011943,-5,173,0.451171875,768,iteration_limit,tracked range estimate,7.072436206138389
New main,t000787-g4-c0:11:12,river,fold,"[""8c"", ""Ad""]","[""9d"", ""Qd"", ""2h"", ""6d"", ""Ac""]",255,147,probable_missed_terminal_call,16.491099273535106,124.95712318290445,-53,120,0.4134466769706337,647,time_budget,tracked range estimate,16.491099273535106
New main,t000792-g5-c0:45:12,river,call,"[""9d"", ""Ac""]","[""Jd"", ""7d"", ""5s"", ""4h"", ""3c""]",45,9,probable_bad_terminal_call,-8.682959748672008,-5.060231591105905,27,226,0.24674479166666666,768,iteration_limit,tracked range estimate,5.060231591105905
New main,t000801-g4-c0:50:15,river,call,"[""Ad"", ""Qd""]","[""5h"", ""2d"", ""7h"", ""Jd"", ""6c""]",178,76,probable_bad_terminal_call,-65.06059217188538,-24.201703311185547,-115,764,0.431640625,768,iteration_limit,tracked range estimate,24.201703311185547
New main,t000802-g1-c0:82:15,river,fold,"[""3h"", ""3c""]","[""6d"", ""4s"", ""Tc"", ""7s"", ""5c""]",37,22,probable_missed_terminal_call,11.119603449881748,13.323018651162059,-5,-294,0.408203125,768,iteration_limit,tracked range estimate,11.119603449881748
New main,t000810-g1-c0:41:13,river,call,"[""Kc"", ""5c""]","[""6d"", ""7c"", ""Jd"", ""Ad"", ""7s""]",43,18,probable_bad_terminal_call,-15.947003239715206,-7.372008676373143,-30,-665,0.3736979166666667,768,iteration_limit,tracked range estimate,7.372008676373143
New main,t000810-g2-c0:7:6,preflop,fold,"[""Td"", ""Ac""]",[],206,195,probable_missed_terminal_call,3.963041320214993,23.57214496464017,-5,534,0.4602864583333333,768,iteration_limit,tracked range estimate,3.963041320214993
New main,t000811-g0-c0:29:8,preflop,fold,"[""As"", ""Js""]",[],209,196,probable_missed_terminal_call,24.29789495729088,43.024950137644765,-4,-429,0.4947916666666667,768,iteration_limit,tracked range estimate,24.29789495729088
New main,t000811-g1-c0:51:15,river,fold,"[""5s"", ""5d""]","[""6h"", ""3c"", ""4d"", ""5c"", ""Th""]",246,123,probable_missed_terminal_call,17.465906464787064,83.58399402168278,-54,27,0.13802083333333334,768,iteration_limit,tracked range estimate,17.465906464787064
New main,t000817-g0-c0:70:6,preflop,fold,"[""Tc"", ""Ac""]",[],206,195,probable_missed_terminal_call,12.783680309041925,31.378200077369655,-5,212,0.4563802083333333,768,iteration_limit,tracked range estimate,12.783680309041925
New main,t000817-g1-c0:87:9,flop,fold,"[""Qd"", ""Qs""]","[""2c"", ""Ks"", ""4c""]",217,184,probable_missed_terminal_call,69.09628070134801,121.88693992653609,-16,-177,0.4312688821752266,662,time_budget,tracked range estimate,69.09628070134801
New main,t000827-g3-c0:8:13,river,call,"[""7c"", ""As""]","[""8s"", ""9s"", ""5h"", ""4h"", ""Jd""]",55,11,probable_bad_terminal_call,-10.128798364415118,-2.115821408955312,-33,100,0.28515625,768,iteration_limit,tracked range estimate,2.115821408955312
New main,t000828-g3-c0:85:13,river,call,"[""Ad"", ""Qd""]","[""8h"", ""Kc"", ""4d"", ""7d"", ""4h""]",76,15,probable_bad_terminal_call,-13.80895919959615,-3.5130397401314295,-44,-1,0.3125,768,iteration_limit,tracked range estimate,3.5130397401314295
New main,t000828-g4-c0:53:15,river,call,"[""Qc"", ""Ac""]","[""4d"", ""2h"", ""5s"", ""Js"", ""7d""]",338,65,probable_bad_terminal_call,-54.052909488012446,-21.799718039280236,203,183,0.31640625,768,iteration_limit,tracked range estimate,21.799718039280236
New main,t000829-g1-c0:20:7,preflop,fold,"[""Qd"", ""Ac""]",[],225,180,probable_missed_terminal_call,37.4074504127685,51.42553919642225,-20,-123,0.4446614583333333,768,iteration_limit,tracked range estimate,37.4074504127685
New main,t000834-g0-c0:54:10,flop,fold,"[""Qd"", ""Td""]","[""Tc"", ""6c"", ""7h""]",212,195,probable_missed_terminal_call,22.753352464718976,76.47451206865286,-5,131,0.5208333333333334,768,iteration_limit,tracked range estimate,22.753352464718976
New main,t000834-g2-c0:86:6,preflop,fold,"[""Jc"", ""Kc""]",[],208,195,probable_missed_terminal_call,5.709236721108712,15.17762648722966,-5,6,0.5130208333333334,768,iteration_limit,tracked range estimate,5.709236721108712
New main,t000844-g2-c0:38:11,river,call,"[""2d"", ""2c""]","[""4c"", ""7d"", ""3s"", ""Th"", ""Ac""]",51,10,probable_bad_terminal_call,-9.322632576136478,-4.833953797616378,31,207,0.45703125,768,iteration_limit,tracked range estimate,4.833953797616378
New main,t000845-g2-c0:64:16,river,fold,"[""Jc"", ""Td""]","[""Ks"", ""Qc"", ""7d"", ""Qd"", ""Tc""]",55,33,probable_missed_terminal_call,4.967767444944463,26.570558386840784,-7,111,0.3192446043165468,556,time_budget,tracked range estimate,4.967767444944463
New main,t000848-g2-c0:71:8,preflop,fold,"[""Js"", ""As""]",[],210,195,probable_missed_terminal_call,19.717475891463362,42.83537338840677,-5,-294,0.486328125,768,iteration_limit,tracked range estimate,19.717475891463362
New main,t000849-g3-c0:42:10,turn,fold,"[""Ah"", ""9h""]","[""Th"", ""8d"", ""7h"", ""2c""]",252,150,probable_missed_terminal_call,2.6826725248103624,35.19878211607494,-50,1014,0.4088541666666667,768,iteration_limit,tracked range estimate,2.6826725248103624
New main,t000850-g3-c0:33:9,turn,fold,"[""Ts"", ""Tc""]","[""Kc"", ""2h"", ""3d"", ""5d""]",216,185,probable_missed_terminal_call,2.5588737932264287,47.985711803275166,-15,120,0.3567708333333333,768,iteration_limit,tracked range estimate,2.5588737932264287
New main,t000850-g3-c0:63:7,flop,fold,"[""Qd"", ""Kc""]","[""8c"", ""Jd"", ""Qh""]",214,187,probable_missed_terminal_call,25.52621473362251,78.35294797281809,-13,120,0.4700520833333333,768,iteration_limit,tracked range estimate,25.52621473362251
New main,t000861-g3-c0:86:9,flop,fold,"[""Qh"", ""Qd""]","[""9h"", ""Ac"", ""9c""]",263,139,probable_missed_terminal_call,4.558514759436512,40.814938001967434,-61,-360,0.3776041666666667,768,iteration_limit,tracked range estimate,4.558514759436512
New main,t000863-g4-c0:72:14,river,call,"[""Ac"", ""Th""]","[""Qs"", ""Js"", ""6s"", ""6d"", ""3h""]",45,9,probable_bad_terminal_call,-8.484851059950362,-2.4587417468433315,-26,67,0.24074074074074073,513,time_budget,tracked range estimate,2.4587417468433315
New main,t000867-g0-c0:4:11,turn,fold,"[""Ad"", ""Kc""]","[""9h"", ""Qh"", ""Tc"", ""Kd""]",268,133,probable_missed_terminal_call,28.171024635926628,75.54284305802287,-67,-397,0.3717447916666667,768,iteration_limit,tracked range estimate,28.171024635926628
New main,t000867-g0-c0:24:12,river,call,"[""3d"", ""Ad""]","[""5c"", ""2h"", ""Td"", ""9s"", ""Kc""]",121,24,probable_bad_terminal_call,-23.24391489212644,-9.521864110911528,-72,-397,0.23567708333333334,768,iteration_limit,tracked range estimate,9.521864110911528
New main,t000867-g1-c0:67:13,river,fold,"[""9s"", ""9h""]","[""Kd"", ""3s"", ""3h"", ""Qd"", ""7d""]",40,24,probable_missed_terminal_call,4.805508625130706,18.751199896007044,-5,151,0.2526041666666667,768,iteration_limit,tracked range estimate,4.805508625130706
New main,t000867-g1-c0:92:11,river,fold,"[""Jh"", ""Ad""]","[""Js"", ""Tc"", ""Td"", ""Kc"", ""2s""]",132,66,probable_missed_terminal_call,11.979488772217074,46.57211800128502,-32,151,0.3567708333333333,768,iteration_limit,tracked range estimate,11.979488772217074
New main,t000870-g4-c0:55:6,preflop,fold,"[""Qd"", ""Kc""]",[],206,195,probable_missed_terminal_call,4.0498314256946095,13.894310693371995,-5,403,0.4772135416666667,768,iteration_limit,tracked range estimate,4.0498314256946095
New main,t000871-g2-c0:63:8,flop,fold,"[""5d"", ""Qd""]","[""8d"", ""Qh"", ""Js""]",405,195,probable_missed_terminal_call,4.009666079526538,104.46199100350341,-5,960,0.3828125,768,iteration_limit,tracked range estimate,4.009666079526538
New main,t000871-g3-c0:61:7,preflop,fold,"[""Kc"", ""Ah""]",[],421,182,probable_missed_terminal_call,33.11990697475086,66.14616401150927,-18,169,0.32445355191256836,732,time_budget,tracked range estimate,33.11990697475086
New main,t000879-g3-c0:6:7,preflop,fold,"[""Qh"", ""Kd""]",[],407,195,probable_missed_terminal_call,4.308534099501268,16.885457621702145,-5,408,0.31423611111111116,768,iteration_limit,tracked range estimate,4.308534099501268
New main,t000881-g1-c0:60:19,river,fold,"[""4d"", ""4c""]","[""Qh"", ""Qs"", ""8h"", ""Kc"", ""Qd""]",235,186,probable_missed_terminal_call,28.065693522454605,117.91897132537547,-14,-41,0.4622395833333333,768,iteration_limit,tracked range estimate,28.065693522454605
New main,t000883-g4-c0:24:11,turn,fold,"[""Ah"", ""6h""]","[""Kc"", ""Ad"", ""Ts"", ""2c""]",234,168,probable_missed_terminal_call,18.84827664435229,135.824307326847,-32,-181,0.482421875,768,iteration_limit,tracked range estimate,18.84827664435229
New main,t000884-g1-c0:22:6,preflop,fold,"[""As"", ""Jc""]",[],406,195,probable_missed_terminal_call,10.106910521750923,58.81233096751518,-5,1039,0.326328079392878,571,time_budget,tracked range estimate,10.106910521750923
New main,t000884-g3-c0:5:6,preflop,fold,"[""Kc"", ""Jc""]",[],208,195,probable_missed_terminal_call,4.247106590515858,13.534393193874715,-5,823,0.4856770833333333,768,iteration_limit,tracked range estimate,4.247106590515858
New main,t000886-g3-c0:2:13,river,fold,"[""Qs"", ""Ah""]","[""5s"", ""Td"", ""3c"", ""Ac"", ""Ts""]",85,28,probable_missed_terminal_call,18.459061471919796,52.603972261776015,-26,-55,,,,no accepted equity estimate,18.459061471919796
New main,t000888-g3-c0:31:11,river,fold,"[""Ad"", ""Ah""]","[""9c"", ""Js"", ""5d"", ""7s"", ""6c""]",66,33,probable_missed_terminal_call,18.127165369833808,20.64482503894807,-16,-280,0.3815104166666667,768,iteration_limit,tracked range estimate,18.127165369833808
New main,t000894-g4-c0:77:14,river,fold,"[""Td"", ""Ah""]","[""8c"", ""6h"", ""5s"", ""Js"", ""As""]",216,108,probable_missed_terminal_call,33.01894329425698,72.15698641191197,-53,-51,0.3450520833333333,768,iteration_limit,tracked range estimate,33.01894329425698
New main,t000898-g3-c0:46:11,river,fold,"[""3s"", ""8s""]","[""4s"", ""2d"", ""Ts"", ""Qc"", ""3d""]",180,90,probable_missed_terminal_call,12.501322028661699,59.38206216275627,-45,482,0.3854166666666667,768,iteration_limit,tracked range estimate,12.501322028661699
New main,t000898-g3-c0:83:13,river,call,"[""Jd"", ""Ac""]","[""7h"", ""5h"", ""9d"", ""6d"", ""6c""]",43,8,probable_bad_terminal_call,-7.2580341434386435,-2.7511448274884316,-25,482,0.4147135416666667,768,iteration_limit,tracked range estimate,2.7511448274884316
New main,t000902-g2-c0:92:6,preflop,fold,"[""Kd"", ""Qd""]",[],208,195,probable_missed_terminal_call,15.6675949355404,24.385614336522284,-5,139,0.486328125,768,iteration_limit,tracked range estimate,15.6675949355404
New main,t000903-g0-c0:8:7,flop,fold,"[""5c"", ""As""]","[""3h"", ""3s"", ""2c""]",210,195,probable_missed_terminal_call,17.156811287801002,44.84298491257099,-5,10,0.4309895833333333,768,iteration_limit,tracked range estimate,17.156811287801002
New main,t000903-g0-c0:26:12,river,fold,"[""Qc"", ""2h""]","[""3h"", ""6s"", ""6h"", ""5h"", ""4s""]",54,27,probable_missed_terminal_call,19.16019243529177,25.039124609469322,-13,10,0.3977864583333333,768,iteration_limit,tracked range estimate,19.16019243529177
New main,t000908-g1-c0:21:18,river,call,"[""Jh"", ""Ac""]","[""Ks"", ""3c"", ""Td"", ""7c"", ""Kc""]",157,31,probable_bad_terminal_call,-30.089979841580742,-8.812784254783065,-79,939,0.2962239583333333,768,iteration_limit,tracked range estimate,8.812784254783065
New main,t000909-g0-c0:58:13,river,call,"[""Ac"", ""2c""]","[""7h"", ""4s"", ""7d"", ""Qh"", ""3s""]",49,21,probable_bad_terminal_call,-16.890933768280117,-3.007566047925671,-32,50,0.5887656033287101,721,time_budget,tracked range estimate,3.007566047925671
New main,t000910-g0-c0:10:4,preflop,fold,"[""7d"", ""7h""]",[],403,198,probable_missed_terminal_call,15.129541874465149,41.55421167774048,-2,216,0.3361545138888889,768,iteration_limit,tracked range estimate,15.129541874465149
New main,t000911-g3-c0:62:13,river,fold,"[""Qh"", ""Qd""]","[""9c"", ""7s"", ""Ts"", ""7c"", ""Th""]",198,99,probable_missed_terminal_call,5.606409253172355,117.79107878106603,-49,589,0.392578125,768,iteration_limit,tracked range estimate,5.606409253172355
New main,t000912-g1-c0:30:7,preflop,fold,"[""Qd"", ""Ah""]",[],420,180,probable_missed_terminal_call,10.047454803194903,36.20102709263167,-20,-159,0.32618639222412804,583,time_budget,tracked range estimate,10.047454803194903
New main,t000912-g3-c0:35:6,preflop,fold,"[""Ac"", ""Jc""]",[],208,195,probable_missed_terminal_call,19.556268093705995,41.92356813876661,-5,-420,0.4889322916666667,768,iteration_limit,tracked range estimate,19.556268093705995
New main,t000913-g0-c0:90:13,river,call,"[""Ts"", ""Td""]","[""Ks"", ""3h"", ""6h"", ""7s"", ""Ah""]",323,78,probable_bad_terminal_call,-19.15562747235732,-6.962844036930344,-200,-414,0.265625,768,iteration_limit,tracked range estimate,6.962844036930344
New main,t000917-g2-c0:49:7,preflop,fold,"[""6s"", ""6d""]",[],212,194,probable_missed_terminal_call,4.476036271451891,16.952118828246554,-6,320,0.4876302083333333,768,iteration_limit,tracked range estimate,4.476036271451891
New main,t000918-g3-c0:54:7,preflop,fold,"[""7c"", ""7d""]",[],208,195,probable_missed_terminal_call,8.52856633032171,21.981173259595764,-5,-30,0.4596354166666667,768,iteration_limit,tracked range estimate,8.52856633032171
New main,t000921-g0-c0:63:5,preflop,fold,"[""8c"", ""8s""]",[],206,195,probable_missed_terminal_call,16.118385921259083,33.431221344875325,-5,240,0.4544270833333333,768,iteration_limit,tracked range estimate,16.118385921259083
New main,t000921-g0-c0:78:10,river,call,"[""8h"", ""8d""]","[""Qd"", ""Jd"", ""As"", ""6d"", ""2s""]",35,7,probable_bad_terminal_call,-6.73358583625524,-2.2047624010334648,-21,240,0.26419213973799127,687,time_budget,tracked range estimate,2.2047624010334648
New main,t000925-g2-c0:85:14,river,call,"[""Jh"", ""As""]","[""Kh"", ""5d"", ""4s"", ""9h"", ""Qh""]",71,14,probable_bad_terminal_call,-12.74448145850502,-2.272968549596825,-41,93,0.2682291666666667,768,iteration_limit,tracked range estimate,2.272968549596825
New main,t000934-g5-c0:36:8,preflop,fold,"[""7d"", ""7c""]",[],211,195,probable_missed_terminal_call,8.57615882616099,19.658377520325047,-5,-300,0.4869791666666667,768,iteration_limit,tracked range estimate,8.57615882616099
New main,t000935-g4-c0:61:20,river,fold,"[""7d"", ""7h""]","[""2s"", ""Qd"", ""5s"", ""Qc"", ""Tc""]",74,37,probable_missed_terminal_call,7.622928085679238,32.8646651013048,-9,-255,0.376953125,768,iteration_limit,tracked range estimate,7.622928085679238
New main,t000944-g1-c0:56:6,preflop,fold,"[""Ac"", ""Qd""]",[],238,164,probable_missed_terminal_call,2.8917927361282594,44.7356539487598,-36,-30,0.4088541666666667,768,iteration_limit,tracked range estimate,2.8917927361282594
New main,t000945-g3-c0:71:6,preflop,fold,"[""7c"", ""7s""]",[],405,195,probable_missed_terminal_call,6.794660617765926,29.58624715057845,-5,226,0.2586805555555555,768,iteration_limit,tracked range estimate,6.794660617765926
New main,t000953-g2-c0:48:12,river,call,"[""Qh"", ""Th""]","[""Kd"", ""As"", ""5s"", ""6h"", ""2h""]",113,48,probable_bad_terminal_call,-44.83619930268031,-4.881478506298423,-80,729,0.4739583333333333,768,iteration_limit,tracked range estimate,4.881478506298423
New main,t000953-g4-c0:51:7,preflop,fold,"[""Th"", ""Tc""]",[],226,182,probable_missed_terminal_call,64.26357079090397,78.34084079966982,-18,245,0.4537760416666667,768,iteration_limit,tracked range estimate,64.26357079090397
New main,t000954-g0-c0:29:7,preflop,fold,"[""Th"", ""Ah""]",[],405,195,probable_missed_terminal_call,15.162603147688703,36.52754127254416,-5,0,0.3333333333333334,768,iteration_limit,tracked range estimate,15.162603147688703
New main,t000954-g2-c0:24:17,river,fold,"[""Ts"", ""Qs""]","[""Qd"", ""Kc"", ""6c"", ""5d"", ""Tc""]",426,175,probable_missed_terminal_call,29.93901154460317,144.43660743943224,-25,-110,0.3780381944444444,768,iteration_limit,tracked range estimate,29.93901154460317
New main,t000954-g3-c0:36:7,preflop,fold,"[""6h"", ""6c""]",[],206,195,probable_missed_terminal_call,4.137633744113481,13.152607251762596,-5,346,0.4140625,768,iteration_limit,tracked range estimate,4.137633744113481
New main,t000954-g5-c0:54:12,turn,call,"[""Ah"", ""5h""]","[""9h"", ""9c"", ""8d"", ""2s""]",285,132,probable_bad_terminal_call,-98.36008422871264,-25.096425113725427,-200,-473,0.53125,768,iteration_limit,uniform range estimate,25.096425113725427
New main,t000955-g4-c0:87:13,river,call,"[""2d"", ""2c""]","[""4d"", ""Ac"", ""5h"", ""6c"", ""8c""]",73,31,probable_bad_terminal_call,-21.74617366436469,-3.0546262832298567,-51,450,0.3880208333333333,768,iteration_limit,tracked range estimate,3.0546262832298567
New main,t000958-g0-c0:95:14,river,fold,"[""Qd"", ""Qs""]","[""Th"", ""5c"", ""2d"", ""Tc"", ""4s""]",238,170,probable_missed_terminal_call,7.041054512124226,88.53743467534288,-30,424,0.4921875,768,iteration_limit,tracked range estimate,7.041054512124226
New main,t000959-g0-c0:31:5,preflop,fold,"[""Kc"", ""Qd""]",[],406,195,probable_missed_terminal_call,4.093828642836665,18.52098390765686,-5,1373,0.3430989583333333,768,iteration_limit,tracked range estimate,4.093828642836665
New main,t000964-g2-c0:65:12,river,call,"[""Ah"", ""2h""]","[""6h"", ""5d"", ""8s"", ""4d"", ""9d""]",361,40,probable_bad_terminal_call,-27.30081989559581,-9.052506799528615,-200,-236,0.2610677083333333,768,iteration_limit,tracked range estimate,9.052506799528615
New main,t000966-g0-c0:50:15,river,call,"[""5d"", ""Ad""]","[""8c"", ""Qs"", ""3s"", ""8d"", ""6s""]",43,8,probable_bad_terminal_call,-7.840343660743879,-3.6722214189384093,26,69,0.3092447916666667,768,iteration_limit,tracked range estimate,3.6722214189384093
New main,t000966-g1-c0:13:14,turn,fold,"[""3d"", ""3s""]","[""4c"", ""8d"", ""7h"", ""2s""]",218,191,probable_missed_terminal_call,31.490304860457726,56.79002549780526,-9,-37,0.46596858638743455,573,time_budget,tracked range estimate,31.490304860457726
New main,t000972-g0-c0:76:5,preflop,fold,"[""Td"", ""Ad""]",[],207,195,probable_missed_terminal_call,16.408682413288727,27.810491457775214,-5,196,0.49609375,768,iteration_limit,tracked range estimate,16.408682413288727
New main,t000977-g2-c0:13:7,preflop,fold,"[""9d"", ""9h""]",[],406,195,probable_missed_terminal_call,12.331478624015169,76.61250896160516,-5,743,0.345703125,768,iteration_limit,tracked range estimate,12.331478624015169
New main,t000982-g2-c0:85:15,river,fold,"[""Qc"", ""As""]","[""7c"", ""7s"", ""Qs"", ""7d"", ""Kd""]",273,133,probable_missed_terminal_call,59.31985722592394,71.37074656001093,-67,330,0.396484375,768,iteration_limit,tracked range estimate,59.31985722592394
New main,t000987-g0-c0:73:7,flop,fold,"[""Ac"", ""Td""]","[""6d"", ""6h"", ""6c""]",207,195,probable_missed_terminal_call,11.97706396958815,47.899707178769205,-5,454,0.474609375,768,iteration_limit,tracked range estimate,11.97706396958815
New main,t000993-g2-c0:68:6,preflop,fold,"[""Ad"", ""9d""]",[],206,195,probable_missed_terminal_call,3.5864080497231745,18.795267679781695,-5,111,0.451171875,768,iteration_limit,tracked range estimate,3.5864080497231745
New main,t000993-g3-c0:79:8,flop,fold,"[""Jc"", ""Ts""]","[""5s"", ""Tc"", ""5c""]",214,187,probable_missed_terminal_call,36.287827779523404,87.68398996049851,-13,-354,0.521484375,768,iteration_limit,tracked range estimate,36.287827779523404
New main,t000994-g2-c0:63:11,river,fold,"[""Ac"", ""5h""]","[""3s"", ""3c"", ""9s"", ""4s"", ""2s""]",157,67,probable_missed_terminal_call,17.256099309366085,43.97714294637251,-45,9,0.3736979166666667,768,iteration_limit,tracked range estimate,17.256099309366085
New main,t000995-g2-c0:79:14,river,call,"[""4s"", ""4d""]","[""8h"", ""As"", ""9c"", ""5h"", ""6h""]",45,9,probable_bad_terminal_call,-8.669486053444194,-4.573287430362153,-26,391,0.3138020833333333,768,iteration_limit,tracked range estimate,4.573287430362153
New main,t000999-g0-c0:54:8,preflop,fold,"[""Td"", ""As""]",[],211,195,probable_missed_terminal_call,4.437651827639888,24.279606669704748,-5,16,0.3977864583333333,768,iteration_limit,tracked range estimate,4.437651827639888
New main,t001000-g3-c0:87:14,river,fold,"[""5c"", ""5d""]","[""6h"", ""7d"", ""Tc"", ""9c"", ""9h""]",42,25,probable_missed_terminal_call,2.2808144358143885,10.193434338240555,-5,-122,0.3645833333333333,768,iteration_limit,tracked range estimate,2.2808144358143885
New main,t001003-g0-c0:89:12,river,call,"[""6h"", ""Ah""]","[""4c"", ""5h"", ""Jd"", ""9s"", ""Ks""]",63,12,probable_bad_terminal_call,-11.847406728157148,-7.926162597318409,38,51,0.24934895833333334,768,iteration_limit,tracked range estimate,7.926162597318409
New main,t001005-g1-c0:32:6,preflop,fold,"[""7c"", ""7s""]",[],208,195,probable_missed_terminal_call,10.032022396313,20.186764689193673,-5,-86,0.462890625,768,iteration_limit,tracked range estimate,10.032022396313
New main,t001006-g0-c0:99:7,preflop,fold,"[""8c"", ""8h""]",[],406,195,probable_missed_terminal_call,20.597873364950726,73.85707020250487,-5,1108,0.34765625,768,iteration_limit,tracked range estimate,20.597873364950726
New main,t001006-g3-c0:2:7,preflop,fold,"[""9s"", ""As""]",[],207,195,probable_missed_terminal_call,7.620207845466578,16.324134300439866,-5,112,0.4895833333333333,768,iteration_limit,tracked range estimate,7.620207845466578
New main,t001007-g2-c0:81:12,river,call,"[""Kd"", ""Ah""]","[""Jc"", ""2d"", ""6s"", ""Qs"", ""8c""]",52,10,probable_bad_terminal_call,-9.219811960212958,-2.916066275740795,-28,97,0.3190104166666667,768,iteration_limit,tracked range estimate,2.916066275740795
New main,t001008-g2-c0:57:7,preflop,fold,"[""7d"", ""7s""]",[],211,195,probable_missed_terminal_call,8.950492340507568,23.151439016952796,-5,295,0.484375,768,iteration_limit,tracked range estimate,8.950492340507568
New main,t001014-g3-c0:88:19,river,call,"[""Ad"", ""4d""]","[""5d"", ""Th"", ""7h"", ""2c"", ""8s""]",67,13,probable_bad_terminal_call,-12.527234569769798,-7.070125097367174,-34,-126,0.2916666666666667,768,iteration_limit,tracked range estimate,7.070125097367174
New main,t001020-g0-c0:49:13,river,fold,"[""2s"", ""2c""]","[""4c"", ""Ah"", ""4h"", ""9s"", ""5d""]",90,45,probable_missed_terminal_call,33.82819834508149,54.511196962650075,-21,-358,0.3580729166666667,768,iteration_limit,tracked range estimate,33.82819834508149
New main,t001022-g1-c0:3:10,river,fold,"[""7s"", ""5s""]","[""6h"", ""7h"", ""9s"", ""2d"", ""8c""]",217,184,probable_missed_terminal_call,74.94948892421492,83.98966208755672,-16,-525,0.3522135416666667,768,iteration_limit,tracked range estimate,74.94948892421492
New main,t001023-g3-c0:44:10,river,call,"[""Qh"", ""Kc""]","[""7c"", ""4c"", ""Ad"", ""As"", ""6s""]",49,16,probable_bad_terminal_call,-14.83313952048931,-3.643386997761139,-32,543,0.37028301886792453,212,time_budget,tracked range estimate,3.643386997761139
New main,t001030-g1-c0:50:7,preflop,fold,"[""As"", ""Ts""]",[],606,195,probable_missed_terminal_call,16.380013890616425,64.3919938809431,-5,548,0.23242187500000003,768,iteration_limit,tracked range estimate,16.380013890616425
New main,t001030-g1-c0:79:6,preflop,fold,"[""Qh"", ""Kc""]",[],402,198,probable_missed_terminal_call,2.783020941822352,66.950453067657,-2,548,0.3487413194444445,768,iteration_limit,tracked range estimate,2.783020941822352
New main,t001030-g4-c0:2:7,preflop,fold,"[""9s"", ""9d""]",[],206,195,probable_missed_terminal_call,30.093371060327417,39.2152165876873,-5,125,0.5032552083333334,768,iteration_limit,tracked range estimate,30.093371060327417
New main,t001039-g0-c0:68:10,river,fold,"[""Jc"", ""Jd""]","[""4s"", ""3s"", ""8c"", ""4c"", ""5s""]",110,66,probable_missed_terminal_call,6.030746039372726,46.38795354381735,-21,437,0.4212239583333333,768,iteration_limit,tracked range estimate,6.030746039372726
New main,t001040-g3-c0:84:10,river,call,"[""3c"", ""3h""]","[""Qs"", ""9c"", ""8h"", ""Jd"", ""Qd""]",49,16,probable_bad_terminal_call,-15.570404098768229,-9.438874931927918,33,231,0.33203125,768,iteration_limit,tracked range estimate,9.438874931927918
New main,t001041-g1-c0:82:15,river,call,"[""Qd"", ""Jc""]","[""Ac"", ""Ah"", ""6c"", ""As"", ""2c""]",297,108,probable_bad_terminal_call,-97.97162786900108,-20.299025803805705,-200,-473,0.33984375,768,iteration_limit,tracked range estimate,20.299025803805705
New main,t001047-g0-c0:29:12,river,call,"[""Ac"", ""Jh""]","[""6s"", ""5s"", ""9d"", ""2s"", ""6c""]",132,44,probable_bad_terminal_call,-43.19962892714252,-22.455310635489333,-87,-181,0.435546875,768,iteration_limit,tracked range estimate,22.455310635489333
New main,t001050-g5-c0:43:14,river,call,"[""2c"", ""2h""]","[""5h"", ""Jc"", ""8s"", ""Ks"", ""Tc""]",121,24,probable_bad_terminal_call,-21.961493678245432,-5.689774144158417,-72,-88,0.3268229166666667,768,iteration_limit,tracked range estimate,5.689774144158417
New main,t001054-g1-c0:81:16,river,fold,"[""Ks"", ""Th""]","[""4s"", ""5c"", ""Kd"", ""Ah"", ""4d""]",195,65,probable_missed_terminal_call,6.675782495167891,41.99441295874689,-56,56,0.2858072916666667,768,iteration_limit,tracked range estimate,6.675782495167891
New main,t001060-g1-c0:85:6,preflop,fold,"[""Ad"", ""Td""]",[],205,195,probable_missed_terminal_call,14.367496511843811,28.185197046478187,-5,62,0.4759114583333333,768,iteration_limit,tracked range estimate,14.367496511843811
New main,t001062-g2-c0:66:12,river,call,"[""Kd"", ""9h""]","[""Qh"", ""8d"", ""3s"", ""2c"", ""4c""]",198,39,probable_bad_terminal_call,-36.93742141294148,-14.286604762214596,119,68,0.4186197916666667,768,iteration_limit,tracked range estimate,14.286604762214596
New main,t001062-g2-c0:70:10,river,call,"[""2d"", ""2h""]","[""3h"", ""4d"", ""9s"", ""Js"", ""Qc""]",56,11,probable_bad_terminal_call,-10.192877276406525,-2.9168485011904695,34,68,0.3216145833333333,768,iteration_limit,tracked range estimate,2.9168485011904695
New main,t001062-g2-c0:95:13,river,call,"[""2c"", ""2d""]","[""6c"", ""3h"", ""Jc"", ""8h"", ""9s""]",72,24,probable_bad_terminal_call,-22.779286238047703,-10.820338234877543,-47,68,0.3776041666666667,768,iteration_limit,tracked range estimate,10.820338234877543
New main,t001064-g1-c0:50:8,flop,fold,"[""Qh"", ""Ts""]","[""Td"", ""7h"", ""8d""]",215,185,probable_missed_terminal_call,17.540738114108734,67.17603168985262,-15,691,0.4700520833333333,768,iteration_limit,tracked range estimate,17.540738114108734
New main,t001065-g1-c0:77:6,preflop,fold,"[""7h"", ""7s""]",[],208,195,probable_missed_terminal_call,9.705836655875029,21.65776988292636,-5,-388,0.3938802083333333,768,iteration_limit,tracked range estimate,9.705836655875029
New main,t001065-g2-c0:7:7,preflop,fold,"[""Th"", ""Ah""]",[],210,196,probable_missed_terminal_call,13.255584154654308,34.970054983669016,-4,819,0.5084635416666666,768,iteration_limit,tracked range estimate,13.255584154654308
New main,t001065-g2-c0:63:7,preflop,fold,"[""9c"", ""Ac""]",[],209,196,probable_missed_terminal_call,5.706939371351329,16.79580516069147,-4,819,0.46484375,768,iteration_limit,tracked range estimate,5.706939371351329
New main,t001069-g2-c0:8:13,river,call,"[""Ad"", ""7d""]","[""6h"", ""2c"", ""Jh"", ""Kd"", ""5d""]",121,24,probable_bad_terminal_call,-21.91674398107213,-3.513884141074838,-72,-229,0.380859375,768,iteration_limit,tracked range estimate,3.513884141074838
New main,t001071-g3-c0:29:14,turn,fold,"[""4d"", ""4s""]","[""9s"", ""Ts"", ""3s"", ""5s""]",234,183,probable_missed_terminal_call,9.334828710526459,81.64265341056424,-17,103,0.4036458333333333,768,iteration_limit,tracked range estimate,9.334828710526459
New main,t001071-g3-c0:60:18,river,fold,"[""Jc"", ""Jh""]","[""7s"", ""3c"", ""3h"", ""4h"", ""Kc""]",229,181,probable_missed_terminal_call,53.50454217295935,62.359106194346474,-19,103,0.2265625,768,iteration_limit,tracked range estimate,53.50454217295935
New main,t001072-g3-c0:60:5,preflop,fold,"[""9s"", ""9d""]",[],206,195,probable_missed_terminal_call,33.394833035996456,95.45628664220838,-5,-219,,14,time_budget,no accepted equity estimate,33.394833035996456
New main,t001078-g2-c0:85:8,preflop,fold,"[""Qc"", ""Ah""]",[],437,164,probable_missed_terminal_call,15.453204935442093,54.252751911751645,-36,10,0.30273437500000006,768,iteration_limit,tracked range estimate,15.453204935442093
New main,t001080-g4-c0:36:8,preflop,fold,"[""Ts"", ""As""]",[],415,194,probable_missed_terminal_call,22.2452424642597,40.53300978800857,-6,324,0.2862413194444444,768,iteration_limit,tracked range estimate,22.2452424642597
New main,t001086-g4-c0:79:11,river,call,"[""Kh"", ""Jd""]","[""3h"", ""5h"", ""3c"", ""8c"", ""6c""]",43,8,probable_bad_terminal_call,-7.406604314593064,-2.9219985116371125,26,378,0.2734375,768,iteration_limit,tracked range estimate,2.9219985116371125
New main,t001088-g5-c0:73:12,river,call,"[""Ad"", ""4s""]","[""3s"", ""2d"", ""7c"", ""Td"", ""Jc""]",48,9,probable_bad_terminal_call,-8.615895908988241,-4.986924881422241,29,-33,0.2805989583333333,768,iteration_limit,tracked range estimate,4.986924881422241
New main,t001090-g2-c0:54:5,preflop,fold,"[""8c"", ""8h""]",[],206,195,probable_missed_terminal_call,12.908835876989032,30.0150601859852,-5,-308,0.48828125,768,iteration_limit,tracked range estimate,12.908835876989032
New main,t001092-g4-c0:48:7,preflop,fold,"[""Qh"", ""Kd""]",[],206,195,probable_missed_terminal_call,2.975197402203955,15.612332256106807,-5,324,0.4759114583333333,768,iteration_limit,tracked range estimate,2.975197402203955
New main,t001094-g3-c0:16:12,river,fold,"[""Qd"", ""As""]","[""8h"", ""Ac"", ""9c"", ""6c"", ""Th""]",202,121,probable_missed_terminal_call,13.452846113603162,59.25122544013661,-40,62,0.3209635416666667,768,iteration_limit,tracked range estimate,13.452846113603162
New main,t001095-g3-c0:14:14,river,call,"[""9h"", ""Kh""]","[""Th"", ""2h"", ""3d"", ""Tc"", ""6s""]",33,6,probable_bad_terminal_call,-5.960529712851801,-3.5020586140462515,-19,-95,0.22395833333333334,768,iteration_limit,tracked range estimate,3.5020586140462515
New main,t001095-g4-c0:78:16,river,fold,"[""Ah"", ""7h""]","[""Kd"", ""5d"", ""4c"", ""2c"", ""3d""]",228,114,probable_missed_terminal_call,89.36756286844441,116.5271662696637,-54,-326,0.2643229166666667,768,iteration_limit,tracked range estimate,89.36756286844441
New main,t001097-g0-c0:18:6,preflop,fold,"[""Jc"", ""Kc""]",[],208,195,probable_missed_terminal_call,3.9237410717890846,14.617362870071368,-5,-397,0.48046875,768,iteration_limit,tracked range estimate,3.9237410717890846
New main,t001097-g3-c0:15:6,preflop,fold,"[""Jh"", ""Ad""]",[],208,195,probable_missed_terminal_call,8.046902938191753,37.32200475540269,-5,182,0.466796875,768,iteration_limit,tracked range estimate,8.046902938191753
New main,t001098-g2-c0:34:7,preflop,fold,"[""7h"", ""7s""]",[],212,194,probable_missed_terminal_call,12.285774293562103,23.924082786077314,-6,-20,0.4401041666666667,768,iteration_limit,tracked range estimate,12.285774293562103
New main,t001101-g5-c0:16:13,river,call,"[""Ad"", ""Kh""]","[""4c"", ""2h"", ""Td"", ""8h"", ""2s""]",139,46,probable_bad_terminal_call,-43.8207021308199,-8.634193101457303,93,144,0.4055989583333333,768,iteration_limit,tracked range estimate,8.634193101457303
New main,t001102-g4-c0:62:10,flop,fold,"[""Td"", ""Ah""]","[""Tc"", ""9h"", ""Ks""]",219,183,probable_missed_terminal_call,38.24527832026428,97.07545116792608,-17,169,0.4876302083333333,768,iteration_limit,tracked range estimate,38.24527832026428
New main,t001104-g1-c0:99:10,river,fold,"[""As"", ""9d""]","[""Ah"", ""2d"", ""2s"", ""5c"", ""3h""]",105,45,probable_missed_terminal_call,3.4483844560060657,41.18489123534589,-29,-105,0.322265625,768,iteration_limit,tracked range estimate,3.4483844560060657
New main,t001109-g0-c0:49:6,preflop,fold,"[""Qs"", ""Ks""]",[],206,195,probable_missed_terminal_call,8.354919982490646,19.026551561108644,-5,-18,0.4156804733727811,676,time_budget,tracked range estimate,8.354919982490646
New main,t001109-g1-c0:95:7,preflop,fold,"[""Th"", ""Tc""]",[],225,180,probable_missed_terminal_call,67.02030579732512,80.55749878406901,-20,341,0.4654947916666667,768,iteration_limit,tracked range estimate,67.02030579732512
New main,t001109-g3-c0:75:6,preflop,fold,"[""Jd"", ""Kd""]",[],207,195,probable_missed_terminal_call,4.553609527342227,17.275740763969957,-5,4,0.4348958333333333,768,iteration_limit,tracked range estimate,4.553609527342227
New main,t001111-g0-c0:88:6,preflop,fold,"[""8d"", ""Ad""]",[],207,195,probable_missed_terminal_call,2.4134356837451474,11.814084461591577,-5,-131,0.4583333333333333,768,iteration_limit,tracked range estimate,2.4134356837451474
New main,t001114-g0-c0:1:7,preflop,fold,"[""Qs"", ""Ks""]",[],235,175,probable_missed_terminal_call,33.48976026868878,57.165160829200275,-25,189,0.4244791666666667,768,iteration_limit,tracked range estimate,33.48976026868878
New main,t001115-g2-c0:64:8,preflop,fold,"[""As"", ""Qc""]",[],417,185,probable_missed_terminal_call,8.240059951961081,31.657321592670144,-15,-130,0.27409372236958446,377,time_budget,tracked range estimate,8.240059951961081
New main,t001115-g4-c0:68:9,flop,fold,"[""Ad"", ""Qs""]","[""Tc"", ""Qh"", ""Kc""]",222,179,probable_missed_terminal_call,6.270665444885328,25.386281318612472,-21,590,0.3932291666666667,768,iteration_limit,tracked range estimate,6.270665444885328
New main,t001115-g5-c0:0:8,preflop,fold,"[""Jh"", ""Kh""]",[],212,195,probable_missed_terminal_call,7.635353012618631,18.75731105731006,-5,-35,0.4595300261096606,766,time_budget,tracked range estimate,7.635353012618631
New main,t001124-g2-c0:13:7,preflop,fold,"[""Jc"", ""As""]",[],406,195,probable_missed_terminal_call,6.709935220790375,60.81347852599181,-5,-196,0.33940972222222215,768,iteration_limit,tracked range estimate,6.709935220790375
New main,t001128-g3-c0:52:6,preflop,fold,"[""9h"", ""9c""]",[],206,195,probable_missed_terminal_call,33.74410338317931,42.8754753597894,-5,379,0.5110677083333334,768,iteration_limit,tracked range estimate,33.74410338317931
New main,t001131-g1-c0:64:6,preflop,fold,"[""Ad"", ""Qc""]",[],225,180,probable_missed_terminal_call,41.71540280991124,51.618941196119316,-20,374,0.4680989583333333,768,iteration_limit,tracked range estimate,41.71540280991124
New main,t001136-g3-c0:78:14,river,fold,"[""Js"", ""Ad""]","[""7c"", ""8d"", ""Jh"", ""8s"", ""7s""]",294,114,probable_missed_terminal_call,27.720139738491653,107.79503076416077,-86,-105,0.3483072916666667,768,iteration_limit,tracked range estimate,27.720139738491653
New main,t001137-g4-c0:92:8,flop,fold,"[""Ad"", ""Tc""]","[""Js"", ""Th"", ""3d""]",215,185,probable_missed_terminal_call,25.96528688111691,91.09924090468394,-15,272,0.5247395833333334,768,iteration_limit,tracked range estimate,25.96528688111691
New main,t001145-g3-c0:47:6,preflop,fold,"[""6s"", ""6d""]",[],602,198,probable_missed_terminal_call,4.273240933292333,52.139320581446256,-2,505,0.271484375,768,iteration_limit,tracked range estimate,4.273240933292333
New main,t001152-g4-c0:69:6,preflop,fold,"[""Ah"", ""Js""]",[],207,195,probable_missed_terminal_call,9.043284949776556,36.56959222044811,-5,-297,0.4993489583333333,768,iteration_limit,tracked range estimate,9.043284949776556
New main,t001161-g2-c0:60:14,river,call,"[""Jd"", ""Ah""]","[""3c"", ""Qs"", ""5d"", ""8c"", ""6s""]",47,20,probable_bad_terminal_call,-13.699776485895125,-5.15715223752141,-31,230,0.376953125,768,iteration_limit,tracked range estimate,5.15715223752141
New main,t001162-g3-c0:65:6,preflop,fold,"[""8h"", ""8d""]",[],203,198,probable_missed_terminal_call,15.330334064110511,43.02583145126583,-2,-297,0.517578125,768,iteration_limit,tracked range estimate,15.330334064110511
New main,t001162-g4-c0:17:7,preflop,fold,"[""7d"", ""7s""]",[],406,195,probable_missed_terminal_call,4.616093092317297,32.52152496553086,-5,106,0.27191840277777773,768,iteration_limit,tracked range estimate,4.616093092317297
New main,t001167-g3-c0:73:12,river,call,"[""5d"", ""Ad""]","[""Qd"", ""6c"", ""2s"", ""9h"", ""4c""]",41,8,probable_bad_terminal_call,-7.77800110920839,-4.060542239210925,-24,-12,0.3040364583333333,768,iteration_limit,tracked range estimate,4.060542239210925
New main,t001168-g2-c0:11:16,river,call,"[""Kh"", ""Qc""]","[""5h"", ""2s"", ""4s"", ""7s"", ""6c""]",36,7,probable_bad_terminal_call,-4.788995909889311,-2.739397151810673,-19,-117,0.265625,768,iteration_limit,tracked range estimate,2.739397151810673
New main,t001172-g1-c0:78:5,preflop,fold,"[""Qs"", ""Kh""]",[],208,195,probable_missed_terminal_call,3.9398917806403286,15.512014242968117,-5,-131,0.4459635416666667,768,iteration_limit,tracked range estimate,3.9398917806403286
New main,t001177-g3-c0:34:13,river,call,"[""Kc"", ""Ac""]","[""8d"", ""6s"", ""9d"", ""9h"", ""7s""]",317,63,probable_bad_terminal_call,-51.23520568415741,-2.0218800055762114,-189,-491,0.3697916666666667,768,iteration_limit,tracked range estimate,2.0218800055762114
New main,t001185-g2-c0:51:14,river,call,"[""Td"", ""Ad""]","[""7d"", ""2d"", ""9h"", ""Qs"", ""5h""]",40,13,probable_bad_terminal_call,-10.572909218225776,-2.0246164822947947,-24,309,0.4499314128943759,729,time_budget,tracked range estimate,2.0246164822947947
New main,t001193-g3-c0:18:13,river,call,"[""6c"", ""As""]","[""Kc"", ""5h"", ""7h"", ""3d"", ""2h""]",130,26,probable_bad_terminal_call,-25.04053295602708,-16.70560796497185,-78,-306,0.3072916666666667,768,iteration_limit,tracked range estimate,16.70560796497185
New main,t001193-g3-c0:41:12,river,call,"[""As"", ""Th""]","[""5h"", ""8s"", ""Jh"", ""6d"", ""9s""]",297,99,probable_bad_terminal_call,-88.21692258296532,-49.336294098907054,-197,-306,0.359375,768,iteration_limit,tracked range estimate,49.336294098907054
New main,t001196-g3-c0:0:6,preflop,fold,"[""Ah"", ""Ts""]",[],208,195,probable_missed_terminal_call,3.0883236418341475,27.032401032507188,-5,400,0.4720052083333333,768,iteration_limit,tracked range estimate,3.0883236418341475
New main,t001199-g1-c0:92:10,preflop,fold,"[""Qc"", ""Qd""]",[],456,146,probable_missed_terminal_call,25.803070662039467,124.14129406164966,-54,312,0.2530381944444445,768,iteration_limit,tracked range estimate,25.803070662039467
New main,t001203-g3-c0:36:7,preflop,fold,"[""Ks"", ""Js""]",[],213,195,probable_missed_terminal_call,8.97751295387337,19.918581115467504,-5,611,0.466796875,768,iteration_limit,tracked range estimate,8.97751295387337
New main,t001207-g2-c0:44:8,preflop,fold,"[""9s"", ""9c""]",[],605,195,probable_missed_terminal_call,15.55227623904209,80.78318683337967,-5,-457,0.22330729166666666,768,iteration_limit,tracked range estimate,15.55227623904209
New main,t001207-g3-c0:31:6,preflop,fold,"[""7h"", ""7s""]",[],406,195,probable_missed_terminal_call,6.341006368345056,54.576902118025366,-5,1026,0.3072916666666667,768,iteration_limit,tracked range estimate,6.341006368345056
New main,t001209-g4-c0:61:11,river,fold,"[""8s"", ""8h""]","[""2h"", ""Ks"", ""6s"", ""Ts"", ""4s""]",106,53,probable_missed_terminal_call,4.707082782866577,44.19897770822387,-25,-124,0.4010416666666667,768,iteration_limit,tracked range estimate,4.707082782866577
New main,t001212-g5-c0:11:18,river,call,"[""As"", ""Kd""]","[""9d"", ""6s"", ""Qd"", ""Ts"", ""Qh""]",127,25,probable_bad_terminal_call,-23.070839586220984,-5.081305417298585,-68,-106,0.23828125,768,iteration_limit,tracked range estimate,5.081305417298585
New main,t001216-g0-c0:64:14,river,call,"[""Ad"", ""Jh""]","[""3h"", ""4d"", ""6h"", ""9c"", ""Qc""]",68,13,probable_bad_terminal_call,-11.420390109684003,-3.067834435635068,43,65,0.412109375,768,iteration_limit,tracked range estimate,3.067834435635068
New main,t001219-g4-c0:67:7,preflop,fold,"[""Jd"", ""Jc""]",[],222,180,probable_missed_terminal_call,13.404125803602609,60.27103634314882,-20,-143,0.4381510416666667,768,iteration_limit,tracked range estimate,13.404125803602609
New main,t001222-g1-c0:56:7,preflop,fold,"[""Ac"", ""Jd""]",[],408,195,probable_missed_terminal_call,7.284823564291207,37.6970280473375,-5,760,0.33862433862433866,693,time_budget,tracked range estimate,7.284823564291207
New main,t001223-g1-c0:48:10,flop,fold,"[""5h"", ""5d""]","[""6h"", ""7s"", ""8c""]",225,177,probable_missed_terminal_call,21.893435785877937,32.820021133579104,-23,566,0.4153645833333333,768,iteration_limit,tracked range estimate,21.893435785877937
New main,t001225-g0-c0:89:8,flop,fold,"[""Jh"", ""Ac""]","[""7d"", ""9d"", ""Ad""]",215,185,probable_missed_terminal_call,19.185732909812984,48.03586594670567,-15,208,0.4635416666666667,768,iteration_limit,tracked range estimate,19.185732909812984
New main,t001225-g2-c0:18:5,preflop,fold,"[""Qd"", ""Ks""]",[],207,195,probable_missed_terminal_call,2.4722094572069286,12.06573934071691,-5,-209,0.4654947916666667,768,iteration_limit,tracked range estimate,2.4722094572069286
New main,t001225-g2-c0:41:5,preflop,fold,"[""7c"", ""7s""]",[],208,195,probable_missed_terminal_call,10.006065245346019,19.430610703209656,-5,-209,0.484375,768,iteration_limit,tracked range estimate,10.006065245346019
New main,t001225-g2-c0:75:5,preflop,fold,"[""Ac"", ""Ts""]",[],205,195,probable_missed_terminal_call,4.108297358891074,20.171039066879757,-5,-209,0.5169270833333334,768,iteration_limit,tracked range estimate,4.108297358891074
New main,t001225-g3-c0:79:10,river,call,"[""Td"", ""Ah""]","[""6c"", ""7d"", ""5c"", ""4s"", ""5d""]",42,8,probable_bad_terminal_call,-7.3652423274884535,-3.5673347939215265,25,-101,0.3203125,768,iteration_limit,tracked range estimate,3.5673347939215265
New main,t001225-g3-c0:86:5,preflop,fold,"[""Qc"", ""Kh""]",[],205,195,probable_missed_terminal_call,2.073083167029555,14.571757795034976,-5,-101,0.4928385416666667,768,iteration_limit,tracked range estimate,2.073083167029555
New main,t001226-g0-c0:56:7,preflop,fold,"[""Ts"", ""Ah""]",[],212,194,probable_missed_terminal_call,6.357096103097251,22.3950120755318,-6,-266,0.4479166666666667,768,iteration_limit,tracked range estimate,6.357096103097251
New main,t001228-g2-c0:60:14,river,fold,"[""7s"", ""7c""]","[""4s"", ""Ks"", ""Js"", ""5c"", ""Qs""]",256,145,probable_missed_terminal_call,23.200914450142328,82.62471998877325,-55,464,0.3893229166666667,768,iteration_limit,tracked range estimate,23.200914450142328
New main,t001229-g1-c0:30:7,preflop,fold,"[""Jh"", ""Jc""]",[],222,180,probable_missed_terminal_call,14.882331906867325,61.81098733230004,-20,614,0.439453125,768,iteration_limit,tracked range estimate,14.882331906867325
New main,t001229-g2-c0:57:7,preflop,fold,"[""9c"", ""9h""]",[],406,195,probable_missed_terminal_call,7.87443262472325,81.07675900370928,-5,1030,0.2712673611111111,768,iteration_limit,tracked range estimate,7.87443262472325
New main,t001229-g4-c0:15:6,preflop,fold,"[""Jd"", ""Ah""]",[],207,195,probable_missed_terminal_call,15.522372675645492,35.03237074435328,-5,-68,0.4635416666666667,768,iteration_limit,tracked range estimate,15.522372675645492
New main,t001234-g4-c0:55:6,preflop,fold,"[""8s"", ""8c""]",[],407,195,probable_missed_terminal_call,24.516950550922193,80.21828111783054,-5,-124,0.3326822916666667,768,iteration_limit,tracked range estimate,24.516950550922193
New main,t001238-g5-c0:67:10,flop,fold,"[""9s"", ""9d""]","[""3d"", ""Ac"", ""Ah""]",215,188,probable_missed_terminal_call,13.976135313098837,66.93649732688795,-12,-165,0.4817708333333333,768,iteration_limit,tracked range estimate,13.976135313098837
New main,t001246-g4-c0:42:7,preflop,fold,"[""Kd"", ""Qc""]",[],208,195,probable_missed_terminal_call,6.6579378153994595,15.820693937649207,-5,-492,0.4309895833333333,768,iteration_limit,tracked range estimate,6.6579378153994595
New main,t001248-g1-c0:56:5,preflop,fold,"[""7d"", ""7s""]",[],402,198,probable_missed_terminal_call,8.089797949330404,49.134038009326055,-2,206,0.3439670138888889,768,iteration_limit,tracked range estimate,8.089797949330404
New main,t001251-g2-c0:99:7,preflop,fold,"[""Kh"", ""Qh""]",[],208,195,probable_missed_terminal_call,14.792405215294124,25.004962565932775,-5,527,0.4609375,768,iteration_limit,tracked range estimate,14.792405215294124
New main,t001251-g5-c0:31:8,preflop,fold,"[""Ts"", ""Th""]",[],419,182,probable_missed_terminal_call,20.13380130292708,71.36070165596692,-18,-195,0.31488715277777785,768,iteration_limit,tracked range estimate,20.13380130292708
New main,t001253-g1-c0:56:11,flop,fold,"[""Jh"", ""Js""]","[""Qd"", ""Qh"", ""Ts""]",221,190,probable_missed_terminal_call,58.372412036781995,118.24001528387542,-10,992,0.53125,768,iteration_limit,tracked range estimate,58.372412036781995
New main,t001254-g3-c0:52:13,river,call,"[""Ad"", ""Kh""]","[""7s"", ""8h"", ""Qd"", ""2c"", ""7c""]",322,81,probable_bad_terminal_call,-79.61957576073871,-23.03181880394166,-200,782,0.2766927083333333,768,iteration_limit,tracked range estimate,23.03181880394166
New main,t001259-g0-c0:5:6,preflop,fold,"[""Ad"", ""9d""]",[],207,195,probable_missed_terminal_call,4.650707555078763,22.151437895670465,-5,1544,0.4876302083333333,768,iteration_limit,tracked range estimate,4.650707555078763
New main,t001259-g1-c0:82:6,preflop,fold,"[""7c"", ""7d""]",[],407,195,probable_missed_terminal_call,6.504828861279912,59.962287340993996,-5,157,0.3231336805555556,768,iteration_limit,tracked range estimate,6.504828861279912
New main,t001259-g4-c0:6:6,preflop,fold,"[""Qd"", ""Kh""]",[],207,195,probable_missed_terminal_call,4.186807760348472,12.976885084829568,-5,1492,0.4934895833333333,768,iteration_limit,tracked range estimate,4.186807760348472
New main,t001260-g2-c0:83:7,preflop,fold,"[""7h"", ""7s""]",[],210,193,probable_missed_terminal_call,12.766845716558528,22.013953348252148,-7,799,0.423828125,768,iteration_limit,tracked range estimate,12.766845716558528
New main,t001264-g3-c0:66:13,river,call,"[""3d"", ""3s""]","[""Ah"", ""7d"", ""5d"", ""4h"", ""9c""]",66,22,probable_bad_terminal_call,-17.002596108239754,-3.0692984639471472,48,125,0.35546875,768,iteration_limit,tracked range estimate,3.0692984639471472
New main,t001265-g0-c0:32:12,river,fold,"[""7s"", ""8s""]","[""8d"", ""Ac"", ""Ah"", ""9s"", ""4s""]",217,184,probable_missed_terminal_call,63.558907412408765,88.70881014914258,-16,945,0.3359375,768,iteration_limit,tracked range estimate,63.558907412408765
New main,t001266-g0-c0:13:12,river,call,"[""4c"", ""Ac""]","[""Ks"", ""3s"", ""Td"", ""6h"", ""5d""]",55,11,probable_bad_terminal_call,-10.087693692766722,-2.067300794037565,-33,-22,0.2903645833333333,768,iteration_limit,tracked range estimate,2.067300794037565
New main,t001277-g0-c0:72:5,preflop,fold,"[""Kc"", ""Qh""]",[],203,198,probable_missed_terminal_call,3.0641511546990436,22.934959444292844,-2,15,0.5149739583333334,768,iteration_limit,tracked range estimate,3.0641511546990436
New main,t001277-g1-c0:43:10,flop,fold,"[""Kc"", ""Ah""]","[""8c"", ""6s"", ""6c""]",211,195,probable_missed_terminal_call,11.34828841631407,20.27680761379597,-5,66,0.2721354166666667,768,iteration_limit,tracked range estimate,11.34828841631407
New main,t001277-g4-c0:59:8,flop,fold,"[""Jh"", ""Kh""]","[""Tc"", ""8s"", ""Jc""]",221,182,probable_missed_terminal_call,32.77201693817217,75.11587642385722,-18,236,0.4791666666666667,768,iteration_limit,tracked range estimate,32.77201693817217
New main,t001279-g4-c0:14:7,preflop,fold,"[""Ad"", ""Th""]",[],207,195,probable_missed_terminal_call,2.6275377995748057,22.230914144495614,-5,253,0.498046875,768,iteration_limit,tracked range estimate,2.6275377995748057
New main,t001281-g0-c0:98:13,river,fold,"[""Ah"", ""As""]","[""8h"", ""Qs"", ""6c"", ""Td"", ""4s""]",185,111,probable_missed_terminal_call,71.75601571807198,96.2229258502663,-34,-532,0.4485677083333333,768,iteration_limit,tracked range estimate,71.75601571807198
New main,t001288-g3-c0:18:18,river,fold,"[""Ah"", ""Qh""]","[""Qs"", ""Tc"", ""3d"", ""2h"", ""Kh""]",346,100,probable_missed_terminal_call,36.49055607770686,79.11388704945146,-100,-228,0.2571614583333333,768,iteration_limit,tracked range estimate,36.49055607770686
New main,t001288-g3-c0:69:13,river,fold,"[""Qc"", ""Ts""]","[""8s"", ""6s"", ""6c"", ""Td"", ""4c""]",270,132,probable_missed_terminal_call,19.81172084591269,156.4870830463436,-68,-228,0.3528645833333333,768,iteration_limit,tracked range estimate,19.81172084591269
New main,t001293-g0-c0:62:12,river,call,"[""Th"", ""Ad""]","[""6c"", ""2s"", ""8h"", ""4c"", ""5h""]",232,99,probable_bad_terminal_call,-43.70260660073848,-8.511260322163894,-165,-45,0.4147135416666667,768,iteration_limit,tracked range estimate,8.511260322163894
New main,t001297-g3-c0:91:12,river,fold,"[""Ks"", ""Ts""]","[""6d"", ""5s"", ""3s"", ""3d"", ""Kc""]",233,172,probable_missed_terminal_call,26.518118956542036,104.16252823123045,-28,-110,0.470703125,768,iteration_limit,tracked range estimate,26.518118956542036
New main,t001299-g1-c0:68:15,river,call,"[""Ad"", ""Ks""]","[""Qh"", ""3h"", ""7c"", ""6h"", ""2s""]",91,18,probable_bad_terminal_call,-17.467124134691556,-4.659064804904463,-53,-202,0.3313802083333333,768,iteration_limit,tracked range estimate,4.659064804904463
New main,t001300-g0-c0:16:8,preflop,fold,"[""6h"", ""6d""]",[],218,194,probable_missed_terminal_call,4.390489119496566,20.216633275560792,-6,294,0.4752604166666667,768,iteration_limit,tracked range estimate,4.390489119496566
New main,t001300-g0-c0:69:6,preflop,fold,"[""Kc"", ""Jc""]",[],208,195,probable_missed_terminal_call,3.8085250653218674,15.575874045220147,-5,294,0.5006510416666666,768,iteration_limit,tracked range estimate,3.8085250653218674
New main,t001300-g1-c0:60:7,preflop,fold,"[""Ks"", ""Qs""]",[],424,176,probable_missed_terminal_call,18.899149598703005,34.64814522802814,-24,-199,0.3103298611111111,768,iteration_limit,tracked range estimate,18.899149598703005
New main,t001305-g3-c0:33:10,river,call,"[""7c"", ""Ah""]","[""Js"", ""Kc"", ""8h"", ""5h"", ""6c""]",35,7,probable_bad_terminal_call,-6.80661330387698,-3.4433543845420784,-20,-151,0.2897135416666667,768,iteration_limit,tracked range estimate,3.4433543845420784
New main,t001306-g0-c0:99:11,river,fold,"[""9d"", ""9c""]","[""Jh"", ""8h"", ""7s"", ""5d"", ""9h""]",110,66,probable_missed_terminal_call,15.284582849589329,22.380092140877068,-21,-380,0.3138020833333333,768,iteration_limit,tracked range estimate,15.284582849589329
New main,t001306-g2-c0:75:5,preflop,fold,"[""8c"", ""8h""]",[],203,198,probable_missed_terminal_call,19.077700968797643,45.60617584993987,-2,51,0.521484375,768,iteration_limit,tracked range estimate,19.077700968797643
New main,t001309-g4-c0:35:12,river,fold,"[""Tc"", ""Ad""]","[""Ts"", ""7h"", ""6s"", ""8c"", ""2d""]",234,168,probable_missed_terminal_call,24.265178013480977,133.12505820260407,-32,345,0.4283854166666667,768,iteration_limit,tracked range estimate,24.265178013480977
New main,t001309-g4-c0:60:6,preflop,fold,"[""Tc"", ""As""]",[],207,195,probable_missed_terminal_call,3.681946916445103,22.620775126439096,-5,345,0.5013020833333334,768,iteration_limit,tracked range estimate,3.681946916445103
New main,t001311-g1-c0:63:6,preflop,fold,"[""Kh"", ""Qc""]",[],208,195,probable_missed_terminal_call,3.836629734204938,16.93888338386555,-5,189,0.48613037447988905,721,time_budget,tracked range estimate,3.836629734204938
New main,t001311-g4-c0:46:6,preflop,fold,"[""7c"", ""7h""]",[],207,195,probable_missed_terminal_call,6.176637734468853,20.363871297644867,-5,448,0.4088541666666667,768,iteration_limit,tracked range estimate,6.176637734468853
New main,t001311-g4-c0:82:8,preflop,fold,"[""Ts"", ""Tc""]",[],430,185,probable_missed_terminal_call,15.978186661352213,75.58303177622126,-15,448,0.3053385416666667,768,iteration_limit,tracked range estimate,15.978186661352213
New main,t001312-g2-c0:73:6,preflop,fold,"[""Tc"", ""As""]",[],207,195,probable_missed_terminal_call,2.8448765503479905,23.510469626395313,-5,-119,0.4661458333333333,768,iteration_limit,tracked range estimate,2.8448765503479905
New main,t001313-g5-c0:90:7,preflop,fold,"[""8d"", ""8h""]",[],206,195,probable_missed_terminal_call,14.942816023316851,34.654950152608144,-5,29,0.4908854166666667,768,iteration_limit,tracked range estimate,14.942816023316851
New main,t001316-g0-c0:95:10,turn,fold,"[""8c"", ""8s""]","[""4h"", ""6d"", ""6c"", ""2c""]",211,190,probable_missed_terminal_call,27.835779501208116,76.54683411904456,-10,299,0.505859375,768,iteration_limit,tracked range estimate,27.835779501208116
New main,t001317-g3-c0:67:8,preflop,fold,"[""Ks"", ""Qs""]",[],214,194,probable_missed_terminal_call,17.093003933397753,27.306278393254473,-6,-179,0.4381510416666667,768,iteration_limit,tracked range estimate,17.093003933397753
New main,t001327-g1-c0:65:8,preflop,fold,"[""9d"", ""9h""]",[],213,194,probable_missed_terminal_call,35.08136315043958,45.3075318218892,-6,192,0.5,666,time_budget,tracked range estimate,35.08136315043958
New main,t001327-g3-c0:21:8,preflop,fold,"[""Qh"", ""Ad""]",[],416,185,probable_missed_terminal_call,10.887081572639914,29.56433756855975,-15,406,0.2901475694444445,768,iteration_limit,tracked range estimate,10.887081572639914
New main,t001331-g1-c0:60:6,preflop,fold,"[""Jc"", ""Jh""]",[],226,176,probable_missed_terminal_call,19.71750865118624,66.46886101756829,-24,-71,0.4544270833333333,768,iteration_limit,tracked range estimate,19.71750865118624
New main,t001331-g2-c0:61:5,preflop,fold,"[""Js"", ""Qs""]",[],605,195,probable_missed_terminal_call,5.778520837612099,41.536953646271186,-5,-158,0.24348958333333334,768,iteration_limit,tracked range estimate,5.778520837612099
New main,t001333-g4-c0:42:15,river,call,"[""Qc"", ""Ac""]","[""Th"", ""3s"", ""4d"", ""2d"", ""7d""]",61,12,probable_bad_terminal_call,-11.15873480241869,-4.244135411500057,38,-171,0.2623697916666667,768,iteration_limit,tracked range estimate,4.244135411500057
New main,t001336-g4-c0:62:8,flop,fold,"[""5d"", ""Js""]","[""9d"", ""6s"", ""Jh""]",215,185,probable_missed_terminal_call,38.05678082648212,91.7052978583341,-15,6,0.46484375,768,iteration_limit,tracked range estimate,38.05678082648212
New main,t001345-g1-c0:26:5,preflop,fold,"[""Kd"", ""Qs""]",[],203,198,probable_missed_terminal_call,2.129847180376254,23.340811246203145,-2,-230,0.5143229166666666,768,iteration_limit,tracked range estimate,2.129847180376254
New main,t001354-g1-c0:93:7,preflop,fold,"[""6h"", ""6c""]",[],208,195,probable_missed_terminal_call,3.234035840454915,12.148919701054638,-5,27,0.47807757166947723,593,time_budget,tracked range estimate,3.234035840454915
New main,t001356-g1-c0:2:6,preflop,fold,"[""Jc"", ""Kc""]",[],405,195,probable_missed_terminal_call,12.392723034714097,26.78872764466187,-5,163,0.3229166666666667,768,iteration_limit,tracked range estimate,12.392723034714097
New main,t001357-g2-c0:84:9,preflop,fold,"[""Kd"", ""As""]",[],425,175,probable_missed_terminal_call,28.961284259025902,71.00395652100214,-25,-438,0.3213107024988213,707,time_budget,tracked range estimate,28.961284259025902
New main,t001358-g3-c0:1:5,preflop,fold,"[""Ad"", ""Jc""]",[],405,195,probable_missed_terminal_call,5.435269132418727,39.49067738267397,-5,1392,0.3279079861111112,768,iteration_limit,tracked range estimate,5.435269132418727
New main,t001368-g4-c0:94:6,preflop,fold,"[""Ks"", ""Qs""]",[],207,195,probable_missed_terminal_call,13.598278200297848,25.77946598916456,-5,-50,0.4954427083333333,768,iteration_limit,tracked range estimate,13.598278200297848
New main,t001370-g4-c0:91:15,river,fold,"[""Qc"", ""Ac""]","[""3c"", ""2s"", ""Kh"", ""5h"", ""7s""]",210,195,probable_missed_terminal_call,31.473322463585024,50.7946238213181,-5,-497,0.46484375,768,iteration_limit,tracked range estimate,31.473322463585024
New main,t001372-g4-c0:65:14,river,fold,"[""Ks"", ""Ts""]","[""Jh"", ""7c"", ""Kc"", ""7s"", ""Tc""]",262,157,probable_missed_terminal_call,19.417888070871975,102.69763809858314,-35,-151,0.3938802083333333,768,iteration_limit,tracked range estimate,19.417888070871975
New main,t001373-g3-c0:41:7,preflop,fold,"[""Ac"", ""Kh""]",[],418,185,probable_missed_terminal_call,31.287607215370784,66.30400089229138,-15,-38,0.33441840277777773,768,iteration_limit,tracked range estimate,31.287607215370784
New main,t001378-g2-c0:32:7,preflop,fold,"[""Qd"", ""Kd""]",[],219,191,probable_missed_terminal_call,21.799050341494436,31.993608305255638,-9,-224,0.4609375,768,iteration_limit,tracked range estimate,21.799050341494436
New main,t001383-g2-c0:9:7,flop,fold,"[""As"", ""Ts""]","[""Ah"", ""8h"", ""4h""]",221,182,probable_missed_terminal_call,32.982799982814996,81.4514230109331,-18,-139,0.4401041666666667,768,iteration_limit,tracked range estimate,32.982799982814996
New main,t001394-g4-c0:15:12,river,fold,"[""6s"", ""6c""]","[""3h"", ""Qc"", ""2d"", ""Tc"", ""9d""]",45,15,probable_missed_terminal_call,3.536327285363229,6.850431752053629,-14,487,0.28515625,768,iteration_limit,tracked range estimate,3.536327285363229
New main,t001399-g0-c0:56:15,river,call,"[""4h"", ""Ah""]","[""5d"", ""7d"", ""5s"", ""Kh"", ""8h""]",43,8,probable_bad_terminal_call,-7.575732228460609,-2.614308519701236,-25,113,0.2701822916666667,768,iteration_limit,tracked range estimate,2.614308519701236
New main,t001399-g2-c0:4:7,preflop,fold,"[""As"", ""9s""]",[],207,195,probable_missed_terminal_call,3.3680480783621816,15.938663742875184,-5,769,0.474609375,768,iteration_limit,tracked range estimate,3.3680480783621816
New main,t001401-g2-c0:4:8,flop,fold,"[""Tc"", ""Qd""]","[""Kc"", ""Qc"", ""6h""]",215,185,probable_missed_terminal_call,11.82519233668652,80.9602233635029,-15,31,0.451171875,768,iteration_limit,tracked range estimate,11.82519233668652
New main,t001403-g3-c0:63:6,preflop,fold,"[""Td"", ""As""]",[],205,195,probable_missed_terminal_call,4.247855830351793,20.421945619913554,-5,57,0.4895833333333333,768,iteration_limit,tracked range estimate,4.247855830351793
New main,t001408-g2-c0:35:8,preflop,fold,"[""7d"", ""7c""]",[],210,195,probable_missed_terminal_call,9.58703040055719,22.763339450222137,-5,-469,0.4440104166666667,768,iteration_limit,tracked range estimate,9.58703040055719
New main,t001409-g1-c0:19:7,preflop,fold,"[""Jh"", ""Kh""]",[],214,194,probable_missed_terminal_call,7.534577956271212,18.027525853012083,-6,115,0.4811197916666667,768,iteration_limit,tracked range estimate,7.534577956271212
New main,t001409-g2-c0:27:6,preflop,fold,"[""Ac"", ""Tc""]",[],208,195,probable_missed_terminal_call,12.25151643525692,33.52901263529507,-5,379,0.5006510416666666,768,iteration_limit,tracked range estimate,12.25151643525692
New main,t001409-g3-c0:6:8,flop,fold,"[""Kc"", ""Ac""]","[""9s"", ""2c"", ""5h""]",221,182,probable_missed_terminal_call,13.847669061487078,35.87912718876692,-18,-212,0.4244791666666667,768,iteration_limit,tracked range estimate,13.847669061487078
New main,t001412-g3-c0:68:12,river,fold,"[""Jh"", ""Js""]","[""Td"", ""Ah"", ""8d"", ""6h"", ""Jc""]",247,154,probable_missed_terminal_call,100.89153856170785,140.39928815198775,-46,182,0.4205729166666667,768,iteration_limit,tracked range estimate,100.89153856170785
New main,t001414-g2-c0:25:5,preflop,fold,"[""Kd"", ""Qd""]",[],208,195,probable_missed_terminal_call,8.203212005477369,25.211879563404484,-5,556,0.4908854166666667,768,iteration_limit,tracked range estimate,8.203212005477369
New main,t001420-g3-c0:48:10,river,fold,"[""As"", ""Tc""]","[""3c"", ""6d"", ""Ts"", ""9c"", ""8h""]",47,20,probable_missed_terminal_call,5.46008812061938,18.32725801552138,-13,71,0.35327868852459016,610,time_budget,tracked range estimate,5.46008812061938
New main,t001429-g0-c0:99:12,river,fold,"[""9c"", ""Ah""]","[""3h"", ""2c"", ""Ac"", ""4d"", ""6c""]",88,17,probable_missed_terminal_call,4.993716949064193,27.143212605688927,-33,236,0.17643229166666666,768,iteration_limit,tracked range estimate,4.993716949064193
New main,t001431-g1-c0:91:11,river,call,"[""Ad"", ""Kd""]","[""5c"", ""Th"", ""6h"", ""7s"", ""Js""]",91,18,probable_bad_terminal_call,-16.52980148248852,-3.594749037948197,56,109,0.3287760416666667,768,iteration_limit,tracked range estimate,3.594749037948197
New main,t001431-g2-c0:75:13,river,call,"[""Qd"", ""Kc""]","[""7c"", ""Ah"", ""5h"", ""3h"", ""9s""]",55,11,probable_bad_terminal_call,-10.6343133156657,-5.551595480948307,-32,199,0.2727864583333333,768,iteration_limit,tracked range estimate,5.551595480948307
New main,t001432-g2-c0:38:12,river,call,"[""Qh"", ""Ac""]","[""6s"", ""9c"", ""3h"", ""8h"", ""Jh""]",52,10,probable_bad_terminal_call,-9.2862051886172,-4.251325601565796,-26,370,0.3190104166666667,768,iteration_limit,tracked range estimate,4.251325601565796
New main,t001433-g4-c0:84:6,preflop,fold,"[""7d"", ""7h""]",[],208,195,probable_missed_terminal_call,9.338993476102223,23.354708153624475,-5,-164,0.44921875,768,iteration_limit,tracked range estimate,9.338993476102223
New main,t001434-g4-c0:81:7,preflop,fold,"[""Ad"", ""Th""]",[],210,193,probable_missed_terminal_call,6.687163100708939,22.92301291187453,-7,841,0.4739583333333333,768,iteration_limit,tracked range estimate,6.687163100708939
New main,t001439-g0-c0:12:13,turn,fold,"[""Ah"", ""7h""]","[""Kc"", ""7d"", ""2h"", ""6d""]",210,195,probable_missed_terminal_call,7.6752708766607975,65.81103033977983,-5,124,0.4986979166666667,768,iteration_limit,tracked range estimate,7.6752708766607975
New main,t001439-g1-c0:62:6,preflop,fold,"[""7s"", ""7h""]",[],208,195,probable_missed_terminal_call,5.470504359935606,21.707442681621252,-5,542,0.4296875,768,iteration_limit,tracked range estimate,5.470504359935606
New main,t001439-g4-c0:1:7,preflop,fold,"[""Kc"", ""Qd""]",[],213,194,probable_missed_terminal_call,7.7641940334030615,17.163507706278068,-6,-13,0.4765625,768,iteration_limit,tracked range estimate,7.7641940334030615
New main,t001440-g4-c0:36:14,river,fold,"[""Qd"", ""Js""]","[""4c"", ""7c"", ""Td"", ""9d"", ""Jh""]",283,118,probable_missed_terminal_call,31.16023034021552,96.16519138903179,-82,-196,0.3268229166666667,768,iteration_limit,tracked range estimate,31.16023034021552
New main,t001441-g3-c0:93:17,river,fold,"[""Ks"", ""Js""]","[""Jc"", ""6h"", ""9s"", ""7h"", ""5c""]",52,22,probable_missed_terminal_call,9.98343917927819,23.587146480064412,-10,186,0.3177083333333333,768,iteration_limit,tracked range estimate,9.98343917927819
New main,t001442-g1-c0:99:11,river,fold,"[""Ks"", ""Qh""]","[""4d"", ""Qc"", ""7c"", ""8d"", ""6h""]",255,148,probable_missed_terminal_call,4.374456019184257,93.39418787886844,-52,-12,0.4036458333333333,768,iteration_limit,tracked range estimate,4.374456019184257
New main,t001447-g4-c0:74:15,river,fold,"[""Qd"", ""Qs""]","[""9c"", ""8c"", ""3c"", ""6d"", ""Ts""]",37,22,probable_missed_terminal_call,9.196710399326129,13.239093116587554,-5,-201,0.31640625,768,iteration_limit,tracked range estimate,9.196710399326129
New main,t001448-g1-c0:9:7,preflop,fold,"[""7c"", ""7h""]",[],406,195,probable_missed_terminal_call,6.306958257256654,32.62960707184234,-5,339,0.2994791666666667,768,iteration_limit,tracked range estimate,6.306958257256654
New main,t001451-g2-c0:56:8,flop,fold,"[""Kc"", ""As""]","[""7c"", ""7h"", ""5c""]",207,195,probable_missed_terminal_call,17.27674938812994,30.137931984388572,-5,489,0.31875,640,time_budget,tracked range estimate,17.27674938812994
New main,t001452-g1-c0:17:7,preflop,fold,"[""Qd"", ""Kc""]",[],206,195,probable_missed_terminal_call,2.560392331629936,12.619123300022789,-5,-273,0.443359375,768,iteration_limit,tracked range estimate,2.560392331629936
New main,t001453-g0-c0:92:13,river,fold,"[""Qh"", ""Kc""]","[""7c"", ""Ks"", ""3d"", ""6h"", ""As""]",126,63,probable_missed_terminal_call,3.850677135798314,22.171718697048142,-31,184,0.345703125,768,iteration_limit,tracked range estimate,3.850677135798314
New main,t001453-g4-c0:4:13,river,fold,"[""Qh"", ""Kc""]","[""6d"", ""7d"", ""Ks"", ""2h"", ""Ah""]",162,81,probable_missed_terminal_call,6.02753526148018,26.80117266220336,-40,526,0.2916666666666667,768,iteration_limit,tracked range estimate,6.02753526148018
New main,t001454-g2-c0:83:11,river,call,"[""5d"", ""5h""]","[""9h"", ""8d"", ""3h"", ""9s"", ""3s""]",250,151,probable_bad_terminal_call,-130.52444935026872,-56.12235110048665,-200,233,0.466796875,768,iteration_limit,tracked range estimate,56.12235110048665
New main,t001454-g3-c0:8:9,flop,fold,"[""Jd"", ""Js""]","[""2c"", ""Ad"", ""2s""]",284,122,probable_missed_terminal_call,49.922840827658405,94.7935050993981,-78,121,0.3509114583333333,768,iteration_limit,tracked range estimate,49.922840827658405
New main,t001454-g4-c0:38:14,river,fold,"[""Qd"", ""Th""]","[""4h"", ""7h"", ""9d"", ""8h"", ""2h""]",210,105,probable_missed_terminal_call,14.182895029833466,71.58240644476909,-52,468,0.3893229166666667,768,iteration_limit,tracked range estimate,14.182895029833466
New main,t001456-g3-c0:39:11,flop,fold,"[""9c"", ""Ac""]","[""8h"", ""2s"", ""7c""]",262,140,probable_missed_terminal_call,13.84096583999581,68.63148507938301,-60,-59,0.39805825242718446,721,time_budget,tracked range estimate,13.84096583999581
New main,t001457-g3-c0:53:7,preflop,fold,"[""Kc"", ""Qs""]",[],210,195,probable_missed_terminal_call,4.552810441034678,13.409449904948378,-5,-82,0.4908854166666667,768,iteration_limit,tracked range estimate,4.552810441034678
New main,t001458-g1-c0:47:11,river,fold,"[""Ah"", ""Jc""]","[""4s"", ""Th"", ""Js"", ""6d"", ""9s""]",82,49,probable_missed_terminal_call,3.0494112400909588,28.697115624216522,-16,-301,0.4095052083333333,768,iteration_limit,tracked range estimate,3.0494112400909588
New main,t001458-g4-c0:51:7,preflop,fold,"[""Kc"", ""Qs""]",[],213,194,probable_missed_terminal_call,4.998536928020041,20.987426666754548,-6,44,0.451171875,768,iteration_limit,tracked range estimate,4.998536928020041
New main,t001458-g4-c0:82:7,preflop,fold,"[""Jc"", ""Js""]",[],420,180,probable_missed_terminal_call,64.11496790032905,98.64755877045651,-20,44,0.3233506944444445,768,iteration_limit,tracked range estimate,64.11496790032905
New main,t001459-g0-c0:18:13,river,call,"[""Tc"", ""Ad""]","[""Qh"", ""5c"", ""8s"", ""9d"", ""8d""]",51,10,probable_bad_terminal_call,-9.574017581059435,-2.839067883627736,-29,343,0.3463541666666667,768,iteration_limit,tracked range estimate,2.839067883627736
New main,t001463-g3-c0:66:7,preflop,fold,"[""8s"", ""8h""]",[],407,195,probable_missed_terminal_call,18.957633732832043,78.74690831550494,-5,-738,0.32188109161793377,684,time_budget,tracked range estimate,18.957633732832043
New main,t001468-g0-c0:17:12,river,call,"[""Ad"", ""9h""]","[""6d"", ""2s"", ""Kh"", ""3d"", ""Tc""]",41,8,probable_bad_terminal_call,-7.685286851545625,-2.91242073430335,25,131,0.3977864583333333,768,iteration_limit,tracked range estimate,2.91242073430335
New main,t001468-g2-c0:57:8,flop,fold,"[""As"", ""Kc""]","[""5c"", ""4d"", ""2s""]",206,195,probable_missed_terminal_call,10.948134805167815,31.29083519772763,-5,163,0.4166666666666667,768,iteration_limit,tracked range estimate,10.948134805167815
New main,t001470-g3-c0:31:7,preflop,fold,"[""Ad"", ""Td""]",[],211,195,probable_missed_terminal_call,15.405593496641401,31.02060551140564,-5,215,0.4928385416666667,768,iteration_limit,tracked range estimate,15.405593496641401
New main,t001470-g3-c0:63:8,flop,fold,"[""Js"", ""6c""]","[""Jc"", ""8d"", ""8h""]",215,185,probable_missed_terminal_call,25.252365107210494,77.11627542748649,-15,215,0.4518229166666667,768,iteration_limit,tracked range estimate,25.252365107210494
New main,t001470-g3-c0:90:6,preflop,fold,"[""Th"", ""As""]",[],208,195,probable_missed_terminal_call,2.110890837665308,22.23030726518467,-5,215,0.48828125,768,iteration_limit,tracked range estimate,2.110890837665308
New main,t001471-g2-c0:86:9,turn,fold,"[""Jh"", ""Js""]","[""5h"", ""2d"", ""9c"", ""6c""]",230,173,probable_missed_terminal_call,7.570172994782521,128.0322338125402,-27,317,0.4772135416666667,768,iteration_limit,tracked range estimate,7.570172994782521
New main,t001475-g3-c0:0:15,river,call,"[""Ac"", ""Qd""]","[""5s"", ""4d"", ""9s"", ""8d"", ""6h""]",52,10,probable_bad_terminal_call,-8.622853530218558,-4.896308678004821,-28,-202,0.32421875,768,iteration_limit,tracked range estimate,4.896308678004821
New main,t001475-g3-c0:65:10,river,call,"[""Ah"", ""6d""]","[""Th"", ""Qh"", ""8h"", ""5s"", ""5d""]",42,8,probable_bad_terminal_call,-7.665061307450962,-3.22000265841533,1,-202,0.3157552083333333,768,iteration_limit,tracked range estimate,3.22000265841533
New main,t001475-g3-c0:76:12,river,fold,"[""5h"", ""5c""]","[""4d"", ""3c"", ""2c"", ""7c"", ""Ac""]",263,143,probable_missed_terminal_call,4.549797757446319,67.46851304603747,-57,-202,0.2877604166666667,768,iteration_limit,tracked range estimate,4.549797757446319
New main,t001476-g4-c0:33:11,river,fold,"[""5d"", ""5c""]","[""8d"", ""9h"", ""3h"", ""Js"", ""2c""]",30,18,probable_missed_terminal_call,4.964866697406947,10.336199395994988,-6,186,0.3138020833333333,768,iteration_limit,tracked range estimate,4.964866697406947
New main,t001482-g0-c0:66:9,flop,fold,"[""8d"", ""8h""]","[""2h"", ""3s"", ""9d""]",212,194,probable_missed_terminal_call,6.739915772302132,51.773443074567474,-6,-247,0.4251302083333333,768,iteration_limit,tracked range estimate,6.739915772302132
New main,t001482-g1-c0:2:6,preflop,fold,"[""Qs"", ""Kd""]",[],208,195,probable_missed_terminal_call,5.240529972779773,13.968890814795312,-5,218,0.4739583333333333,768,iteration_limit,tracked range estimate,5.240529972779773
New main,t001482-g2-c0:18:6,preflop,fold,"[""9h"", ""9d""]",[],207,195,probable_missed_terminal_call,34.03961779551507,46.026787158693736,-5,-245,0.4908854166666667,768,iteration_limit,tracked range estimate,34.03961779551507
New main,t001482-g4-c0:50:8,flop,fold,"[""As"", ""Qs""]","[""6d"", ""Ks"", ""3s""]",221,182,probable_missed_terminal_call,58.71083326006307,93.8224176451823,-18,124,0.5188802083333334,768,iteration_limit,tracked range estimate,58.71083326006307
New main,t001486-g0-c0:60:7,preflop,fold,"[""Ac"", ""9c""]",[],211,195,probable_missed_terminal_call,6.589882215200076,23.19650921550084,-5,175,0.4622395833333333,768,iteration_limit,tracked range estimate,6.589882215200076
New main,t001486-g2-c0:60:14,river,fold,"[""8d"", ""Jd""]","[""Ts"", ""7h"", ""8c"", ""2h"", ""Js""]",198,99,probable_missed_terminal_call,51.67331984278639,68.76365497967788,-49,139,0.40234375,768,iteration_limit,tracked range estimate,51.67331984278639
New main,t001490-g3-c0:77:13,river,call,"[""Ac"", ""Td""]","[""5c"", ""Qh"", ""7s"", ""6c"", ""2c""]",46,9,probable_bad_terminal_call,-8.533733847532893,-3.3256805424166496,30,-171,0.3352864583333333,768,iteration_limit,tracked range estimate,3.3256805424166496
New main,t001490-g3-c0:95:6,preflop,fold,"[""Ah"", ""Th""]",[],208,195,probable_missed_terminal_call,11.264432587359618,35.53844630832331,-5,-171,0.49609375,768,iteration_limit,tracked range estimate,11.264432587359618
New main,t001499-g1-c0:58:6,preflop,fold,"[""Kc"", ""Jc""]",[],206,195,probable_missed_terminal_call,4.297203037100196,16.28544950506622,-5,230,0.4876302083333333,768,iteration_limit,tracked range estimate,4.297203037100196
New main,t001501-g3-c0:24:7,preflop,fold,"[""8s"", ""8d""]",[],206,195,probable_missed_terminal_call,20.120260895424686,30.746592476258925,-5,657,0.4993489583333333,768,iteration_limit,tracked range estimate,20.120260895424686
New main,t001503-g3-c0:1:14,river,fold,"[""Jh"", ""Th""]","[""Jc"", ""2h"", ""4s"", ""7c"", ""Kd""]",102,51,probable_missed_terminal_call,3.3480871817285425,26.909661090069417,-21,-6,0.3776041666666667,768,iteration_limit,tracked range estimate,3.3480871817285425
New main,t001504-g0-c0:44:15,river,fold,"[""8s"", ""7s""]","[""Ts"", ""2d"", ""9d"", ""7c"", ""8h""]",72,43,probable_missed_terminal_call,6.091479460017737,11.9158140279561,-14,161,0.25,768,iteration_limit,tracked range estimate,6.091479460017737
New main,t001505-g1-c0:2:6,preflop,fold,"[""Qs"", ""Kc""]",[],208,195,probable_missed_terminal_call,3.7107674273691593,14.830264643607649,-5,-251,0.4544270833333333,768,iteration_limit,tracked range estimate,3.7107674273691593
New main,t001508-g2-c0:75:10,flop,fold,"[""4c"", ""Ah""]","[""Ad"", ""6d"", ""6s""]",209,193,probable_missed_terminal_call,69.54696075492826,104.59792677530821,-7,-293,0.4609375,768,iteration_limit,tracked range estimate,69.54696075492826
New main,t001509-g3-c0:5:6,preflop,fold,"[""7d"", ""7h""]",[],208,195,probable_missed_terminal_call,8.135284552998208,24.339890802798088,-5,360,0.4694010416666667,768,iteration_limit,tracked range estimate,8.135284552998208
New main,t001512-g0-c0:1:8,preflop,fold,"[""Jd"", ""Kd""]",[],209,193,probable_missed_terminal_call,5.55528051100614,16.908425779657943,-7,-24,0.44140625,768,iteration_limit,tracked range estimate,5.55528051100614
New main,t001512-g2-c0:40:12,river,fold,"[""As"", ""Ts""]","[""3d"", ""4c"", ""5h"", ""2s"", ""9c""]",221,182,probable_missed_terminal_call,27.076718880756864,47.75644322728955,-18,-372,0.5286458333333334,768,iteration_limit,tracked range estimate,27.076718880756864
New main,t001512-g4-c0:56:7,preflop,fold,"[""Jd"", ""Kd""]",[],207,195,probable_missed_terminal_call,3.5390271517560183,15.342747792337896,-5,138,0.4375,768,iteration_limit,tracked range estimate,3.5390271517560183
New main,t001512-g4-c0:89:7,preflop,fold,"[""Kh"", ""Qh""]",[],208,195,probable_missed_terminal_call,10.885640184142975,25.36524003135339,-5,138,0.498046875,768,iteration_limit,tracked range estimate,10.885640184142975
New main,t001513-g0-c0:30:7,preflop,fold,"[""9h"", ""9s""]",[],408,194,probable_missed_terminal_call,11.471605085820215,52.89862011144989,-6,564,0.2649739583333333,768,iteration_limit,tracked range estimate,11.471605085820215
New main,t001513-g3-c0:67:7,preflop,fold,"[""Jd"", ""Kd""]",[],212,195,probable_missed_terminal_call,6.803118111711375,15.727563997659736,-5,-51,0.4720052083333333,768,iteration_limit,tracked range estimate,6.803118111711375
New main,t001513-g4-c0:17:7,preflop,fold,"[""Qs"", ""Kc""]",[],210,195,probable_missed_terminal_call,5.030424619430225,16.146064861974693,-5,178,0.4798177083333333,768,iteration_limit,tracked range estimate,5.030424619430225
New main,t001514-g1-c0:95:14,river,fold,"[""5h"", ""Ah""]","[""Kh"", ""Kc"", ""6h"", ""Ad"", ""2d""]",189,63,probable_missed_terminal_call,4.306050759582177,52.09009572103288,-62,-21,0.3053385416666667,768,iteration_limit,tracked range estimate,4.306050759582177
New main,t001515-g1-c0:93:12,flop,fold,"[""Qc"", ""Qd""]","[""Ah"", ""8c"", ""Ad""]",232,185,probable_missed_terminal_call,43.38628461430092,73.33906761348014,-15,-38,0.4661458333333333,768,iteration_limit,tracked range estimate,43.38628461430092
New main,t001519-g3-c0:68:13,river,call,"[""2c"", ""2d""]","[""7s"", ""9c"", ""Jd"", ""5d"", ""3h""]",80,40,probable_bad_terminal_call,-23.383772044115243,-4.3788166330825495,63,197,0.4427083333333333,768,iteration_limit,tracked range estimate,4.3788166330825495
New main,t001520-g3-c0:58:15,river,call,"[""Qc"", ""Ac""]","[""Ts"", ""4s"", ""6d"", ""7c"", ""Ks""]",130,26,probable_bad_terminal_call,-24.325069434070468,-14.055524569928782,-78,-196,0.3157552083333333,768,iteration_limit,tracked range estimate,14.055524569928782
New main,t001527-g1-c0:80:7,preflop,fold,"[""Qs"", ""Ad""]",[],225,180,probable_missed_terminal_call,41.5755650072914,52.03774814960291,-20,532,0.46484375,768,iteration_limit,tracked range estimate,41.5755650072914
New main,t001527-g2-c0:26:6,preflop,fold,"[""Qc"", ""Ks""]",[],206,195,probable_missed_terminal_call,5.154966131970477,14.020987367923173,-5,-219,0.48046875,768,iteration_limit,tracked range estimate,5.154966131970477
New main,t001535-g0-c0:4:6,preflop,fold,"[""Ks"", ""Qs""]",[],208,195,probable_missed_terminal_call,13.671155203169677,23.845818194190706,-5,110,0.4915364583333333,768,iteration_limit,tracked range estimate,13.671155203169677
New main,t001535-g0-c0:67:5,preflop,fold,"[""7d"", ""7c""]",[],402,198,probable_missed_terminal_call,12.03030782230204,44.98456660933093,-2,110,0.3324652777777778,768,iteration_limit,tracked range estimate,12.03030782230204
New main,t001535-g1-c0:92:6,preflop,fold,"[""Jd"", ""Ad""]",[],407,195,probable_missed_terminal_call,25.46753691734417,82.71802404733656,-5,390,0.4945746527777776,768,iteration_limit,uniform range estimate,25.46753691734417
New main,t001535-g3-c0:45:6,preflop,fold,"[""Qs"", ""Kh""]",[],406,195,probable_missed_terminal_call,3.0549090023527956,54.409205463537944,-5,-611,0.34006076388888884,768,iteration_limit,tracked range estimate,3.0549090023527956
New main,t001536-g0-c0:83:6,preflop,fold,"[""Qc"", ""Kh""]",[],407,195,probable_missed_terminal_call,5.393789206589312,54.6654375481421,-5,735,0.31503267973856214,510,time_budget,tracked range estimate,5.393789206589312
New main,t001536-g4-c0:94:6,preflop,fold,"[""Jc"", ""Ad""]",[],407,195,probable_missed_terminal_call,4.584817304441089,59.91720473389784,-5,1019,0.34396701388888884,768,iteration_limit,tracked range estimate,4.584817304441089
New main,t001543-g1-c0:38:7,preflop,fold,"[""8d"", ""8h""]",[],408,195,probable_missed_terminal_call,16.058762718713112,81.17223430372964,-5,593,0.3463881636205396,383,time_budget,tracked range estimate,16.058762718713112
New main,t001547-g2-c0:3:6,preflop,fold,"[""8d"", ""8s""]",[],210,195,probable_missed_terminal_call,18.027849636072066,32.01565151880054,-5,1147,0.505859375,768,iteration_limit,tracked range estimate,18.027849636072066
New main,t001548-g0-c0:96:10,river,call,"[""Ad"", ""Tc""]","[""2s"", ""3s"", ""5d"", ""9d"", ""Qc""]",50,10,probable_bad_terminal_call,-9.00417324788792,-3.1397213015821515,-29,-274,0.3248697916666667,768,iteration_limit,tracked range estimate,3.1397213015821515
New main,t001550-g0-c0:71:13,river,call,"[""4c"", ""4h""]","[""6c"", ""Kh"", ""8s"", ""9s"", ""Qc""]",46,9,probable_bad_terminal_call,-8.603938748506796,-4.026293915939546,-24,-304,0.2526041666666667,768,iteration_limit,tracked range estimate,4.026293915939546
New main,t001552-g3-c0:15:6,preflop,fold,"[""Ah"", ""Jh""]",[],607,195,probable_missed_terminal_call,34.136119922868176,84.18822047792679,-5,-1249,0.2632378472222222,768,iteration_limit,tracked range estimate,34.136119922868176
New main,t001552-g4-c0:65:6,preflop,fold,"[""Kc"", ""Tc""]",[],406,195,probable_missed_terminal_call,3.7163160340399504,45.19035585877424,-5,423,0.35004340277777773,768,iteration_limit,tracked range estimate,3.7163160340399504
New main,t001553-g4-c0:49:12,turn,fold,"[""Tc"", ""Ts""]","[""9h"", ""Js"", ""3c"", ""8s""]",232,169,probable_missed_terminal_call,38.69267503552224,129.77056744072212,-31,77,0.4915364583333333,768,iteration_limit,tracked range estimate,38.69267503552224
New main,t001554-g2-c0:57:11,river,call,"[""Qh"", ""Ks""]","[""2h"", ""4c"", ""5c"", ""6d"", ""5s""]",48,9,probable_bad_terminal_call,-7.958735241930649,-3.8718677674716373,-28,176,0.314453125,768,iteration_limit,tracked range estimate,3.8718677674716373
New main,t001556-g4-c0:59:6,preflop,fold,"[""9d"", ""Ad""]",[],208,195,probable_missed_terminal_call,3.3494664499996842,18.974741597867514,-5,90,0.431640625,768,iteration_limit,tracked range estimate,3.3494664499996842
New main,t001556-g4-c0:81:6,preflop,fold,"[""Ad"", ""Jc""]",[],207,195,probable_missed_terminal_call,6.785510951215087,31.388882928827503,-5,90,0.4329427083333333,768,iteration_limit,tracked range estimate,6.785510951215087
New main,t001567-g2-c0:26:14,river,call,"[""As"", ""Tc""]","[""9c"", ""6c"", ""7s"", ""7c"", ""4h""]",322,79,probable_bad_terminal_call,-59.069419220360864,-2.308994589945486,-200,201,0.34765625,768,iteration_limit,tracked range estimate,2.308994589945486
New main,t001567-g5-c0:34:9,flop,fold,"[""Td"", ""9d""]","[""Qd"", ""Kd"", ""4s""]",221,182,probable_missed_terminal_call,16.89026332446094,46.98000875349088,-18,567,0.4440104166666667,768,iteration_limit,tracked range estimate,16.89026332446094
New main,t001572-g2-c0:62:6,flop,fold,"[""Kd"", ""4d""]","[""5s"", ""8d"", ""7d""]",207,195,probable_missed_terminal_call,20.415075735708825,31.769282631738527,-5,-137,0.4986979166666667,768,iteration_limit,tracked range estimate,20.415075735708825
New main,t001573-g1-c0:54:11,turn,fold,"[""9c"", ""Tc""]","[""7c"", ""5s"", ""Ts"", ""5h""]",246,156,probable_missed_terminal_call,33.034434741309894,127.28300104701135,-44,-260,0.46484375,768,iteration_limit,tracked range estimate,33.034434741309894
New main,t001585-g0-c0:73:6,preflop,fold,"[""Kh"", ""Jh""]",[],208,195,probable_missed_terminal_call,4.9636058469791955,14.522253203931243,-5,136,0.4973958333333333,768,iteration_limit,tracked range estimate,4.9636058469791955
New main,t001589-g3-c0:25:11,flop,fold,"[""Jd"", ""Ac""]","[""6d"", ""2h"", ""4s""]",283,118,probable_missed_terminal_call,19.76199063939204,98.34615563970169,-82,120,0.4733072916666667,768,iteration_limit,uniform range estimate,19.76199063939204
New main,t001591-g3-c0:69:7,preflop,fold,"[""Jc"", ""Jd""]",[],221,180,probable_missed_terminal_call,18.849539425326796,62.010863769776975,-20,750,0.4329427083333333,768,iteration_limit,tracked range estimate,18.849539425326796
New main,t001594-g4-c0:85:11,river,call,"[""Kd"", ""Qc""]","[""7s"", ""5h"", ""3c"", ""7h"", ""Ah""]",43,8,probable_bad_terminal_call,-7.196011385028887,-2.34772075560519,26,1220,0.2649739583333333,768,iteration_limit,tracked range estimate,2.34772075560519
New main,t001595-g3-c0:48:5,preflop,fold,"[""Qs"", ""Kh""]",[],206,195,probable_missed_terminal_call,3.060195215866891,16.09117184700659,-5,515,0.4739583333333333,768,iteration_limit,tracked range estimate,3.060195215866891
New main,t001598-g1-c0:76:8,preflop,fold,"[""Jc"", ""Ac""]",[],215,194,probable_missed_terminal_call,26.054724660757145,46.068128831962014,-6,19,0.490234375,768,iteration_limit,tracked range estimate,26.054724660757145
New main,t001598-g5-c0:24:18,river,call,"[""Ah"", ""Th""]","[""3c"", ""7d"", ""Jc"", ""5c"", ""3h""]",127,25,probable_bad_terminal_call,-24.3001243378405,-9.641894202315523,-68,-271,0.2845052083333333,768,iteration_limit,tracked range estimate,9.641894202315523
New main,t001600-g3-c0:88:12,river,fold,"[""Qh"", ""Qs""]","[""9s"", ""9c"", ""8d"", ""9d"", ""Kd""]",198,99,probable_missed_terminal_call,28.923690117163485,59.67299469007912,-49,-154,0.34715821812596004,651,time_budget,tracked range estimate,28.923690117163485
New main,t001602-g0-c0:98:13,river,call,"[""Kd"", ""Qd""]","[""8s"", ""Ah"", ""Th"", ""4h"", ""7c""]",312,88,probable_bad_terminal_call,-87.59768372625398,-61.459851957117436,-200,17,0.2955729166666667,768,iteration_limit,uniform range estimate,61.459851957117436
New main,t001606-g3-c0:75:14,river,fold,"[""Jh"", ""Jd""]","[""2s"", ""8c"", ""7d"", ""Tc"", ""7c""]",217,130,probable_missed_terminal_call,19.555735521452487,84.60944096461324,-41,35,0.4192708333333333,768,iteration_limit,tracked range estimate,19.555735521452487
New main,t001606-g3-c0:95:13,river,fold,"[""Tc"", ""Qs""]","[""As"", ""9d"", ""Qd"", ""Th"", ""8h""]",55,22,probable_missed_terminal_call,9.525796300321826,24.815619102682763,-16,35,0.3326822916666667,768,iteration_limit,tracked range estimate,9.525796300321826
New main,t001606-g5-c0:83:17,river,call,"[""Ks"", ""Qs""]","[""6c"", ""8s"", ""4c"", ""3d"", ""4d""]",70,14,probable_bad_terminal_call,-13.167450868766467,-7.148565735551826,-39,290,0.3372395833333333,768,iteration_limit,tracked range estimate,7.148565735551826
New main,t001608-g0-c0:25:7,flop,fold,"[""6s"", ""As""]","[""2d"", ""6d"", ""5h""]",218,184,probable_missed_terminal_call,9.526494933071344,73.61395188635123,-16,389,0.5299479166666666,768,iteration_limit,tracked range estimate,9.526494933071344
New main,t001608-g1-c0:50:5,preflop,fold,"[""Ad"", ""Th""]",[],207,195,probable_missed_terminal_call,10.403366081424732,21.029888488966705,-5,18,0.50390625,768,iteration_limit,tracked range estimate,10.403366081424732
New main,t001613-g2-c0:68:7,preflop,fold,"[""Jh"", ""Jc""]",[],426,175,probable_missed_terminal_call,32.331108511208384,104.76029461773987,-25,28,0.30208333333333337,768,iteration_limit,tracked range estimate,32.331108511208384
New main,t001614-g4-c0:40:6,preflop,fold,"[""Jh"", ""Ad""]",[],405,195,probable_missed_terminal_call,7.687546620934864,38.970795067542944,-5,-41,0.26813800101471336,657,time_budget,tracked range estimate,7.687546620934864
New main,t001622-g2-c0:25:8,flop,fold,"[""7d"", ""6d""]","[""8h"", ""7c"", ""3d""]",211,190,probable_missed_terminal_call,6.97966089276056,45.90026653352882,-10,401,0.6988636363636364,704,time_budget,uniform range estimate,6.97966089276056
New main,t001627-g0-c0:37:9,flop,fold,"[""8c"", ""8s""]","[""6h"", ""Qs"", ""7c""]",211,189,probable_missed_terminal_call,9.853138800143629,66.6398726438252,-11,455,0.4641927083333333,768,iteration_limit,tracked range estimate,9.853138800143629
New main,t001630-g0-c0:48:6,preflop,fold,"[""9d"", ""Ad""]",[],407,195,probable_missed_terminal_call,7.207700387117718,54.816187116779645,-5,196,0.3283420138888889,768,iteration_limit,tracked range estimate,7.207700387117718
New main,t001640-g0-c0:70:6,preflop,fold,"[""Jd"", ""Ah""]",[],206,195,probable_missed_terminal_call,14.463760191105386,33.26164348179782,-5,-345,0.4674479166666667,768,iteration_limit,tracked range estimate,14.463760191105386
New main,t001640-g3-c0:43:15,turn,fold,"[""Ah"", ""9h""]","[""8c"", ""9d"", ""5d"", ""Qd""]",222,189,probable_missed_terminal_call,4.975140306135012,75.76978795282427,-11,-236,0.3704427083333333,768,iteration_limit,tracked range estimate,4.975140306135012
New main,t001640-g3-c0:65:6,preflop,fold,"[""Kd"", ""Jd""]",[],207,195,probable_missed_terminal_call,3.4609189413048087,15.176298262003407,-5,-236,0.4212239583333333,768,iteration_limit,tracked range estimate,3.4609189413048087
New main,t001650-g4-c0:20:6,preflop,fold,"[""9s"", ""As""]",[],207,195,probable_missed_terminal_call,9.238088324637925,21.633303540414836,-5,211,0.4466145833333333,768,iteration_limit,tracked range estimate,9.238088324637925
New main,t001653-g0-c0:37:16,river,call,"[""As"", ""Qd""]","[""6c"", ""8h"", ""Jd"", ""3s"", ""6h""]",315,91,probable_bad_terminal_call,-89.15303873874875,-28.119556719683835,-200,43,0.3776041666666667,768,iteration_limit,tracked range estimate,28.119556719683835
New main,t001655-g2-c0:27:6,preflop,fold,"[""Qd"", ""Kc""]",[],206,195,probable_missed_terminal_call,3.3916321902924143,18.378240978189936,-5,-160,0.4915364583333333,768,iteration_limit,tracked range estimate,3.3916321902924143
New main,t001662-g2-c0:40:10,turn,fold,"[""Js"", ""Qs""]","[""Ks"", ""8h"", ""Jd"", ""8d""]",217,184,probable_missed_terminal_call,24.595386923550382,75.67335237361762,-16,154,0.4752604166666667,768,iteration_limit,tracked range estimate,24.595386923550382
New main,t001663-g2-c0:28:7,preflop,fold,"[""Kc"", ""Qc""]",[],221,185,probable_missed_terminal_call,23.085065122872155,43.54399548267879,-15,-238,0.47265625,768,iteration_limit,tracked range estimate,23.085065122872155
New main,t001664-g1-c0:86:5,preflop,fold,"[""6c"", ""6h""]",[],208,195,probable_missed_terminal_call,4.762037679007271,15.245602782007197,-5,284,0.4954427083333333,768,iteration_limit,tracked range estimate,4.762037679007271
New main,t001664-g2-c0:64:11,river,fold,"[""Td"", ""Qd""]","[""Th"", ""5d"", ""4h"", ""5c"", ""4s""]",68,34,probable_missed_terminal_call,2.599875238883339,27.802001097185215,-15,-77,0.2942708333333333,768,iteration_limit,tracked range estimate,2.599875238883339
New main,t001665-g1-c0:36:14,river,call,"[""9s"", ""Ac""]","[""5h"", ""8c"", ""3s"", ""6c"", ""Td""]",81,16,probable_bad_terminal_call,-15.342153547584541,-6.587531100813803,-48,-153,0.2721354166666667,768,iteration_limit,tracked range estimate,6.587531100813803
New main,t001667-g2-c0:62:10,river,call,"[""Tc"", ""Ah""]","[""Ks"", ""3c"", ""6c"", ""2d"", ""5d""]",51,10,probable_bad_terminal_call,-9.142833632685592,-3.895479433206168,-30,-142,0.3776041666666667,768,iteration_limit,tracked range estimate,3.895479433206168
New main,t001668-g3-c0:87:6,preflop,fold,"[""Kc"", ""Jc""]",[],207,195,probable_missed_terminal_call,6.601051520503395,15.940519919049276,-5,385,0.4921875,768,iteration_limit,tracked range estimate,6.601051520503395
New main,t001669-g1-c0:51:7,preflop,fold,"[""8s"", ""As""]",[],208,195,probable_missed_terminal_call,2.470922110834869,12.570125679571806,-5,311,0.4244791666666667,768,iteration_limit,tracked range estimate,2.470922110834869
New main,t001669-g4-c0:3:8,preflop,fold,"[""8s"", ""8c""]",[],210,195,probable_missed_terminal_call,18.94640152951142,30.55838587159487,-5,294,0.466796875,768,iteration_limit,tracked range estimate,18.94640152951142
New main,t001669-g4-c0:98:8,preflop,fold,"[""5c"", ""5h""]",[],220,191,probable_missed_terminal_call,4.076496002396884,14.218471210404852,-9,294,0.447265625,768,iteration_limit,tracked range estimate,4.076496002396884
New main,t001669-g5-c0:56:8,preflop,fold,"[""Qc"", ""Kh""]",[],210,195,probable_missed_terminal_call,3.8676455932883655,13.883133282857628,-5,128,0.5,768,iteration_limit,tracked range estimate,3.8676455932883655
New main,t001671-g3-c0:12:7,preflop,fold,"[""Qd"", ""Kh""]",[],213,194,probable_missed_terminal_call,4.928101917463245,14.929433749558305,-6,-128,0.4290364583333333,768,iteration_limit,tracked range estimate,4.928101917463245
New main,t001674-g0-c0:58:15,river,fold,"[""Jh"", ""Jc""]","[""3d"", ""7h"", ""8s"", ""8d"", ""Kd""]",269,136,probable_missed_terminal_call,6.104109819880283,70.21772364321922,-64,293,0.37109375,768,iteration_limit,tracked range estimate,6.104109819880283
New main,t001675-g4-c0:65:7,preflop,fold,"[""Qh"", ""Kh""]",[],213,194,probable_missed_terminal_call,17.9100431558533,27.95558208057125,-6,-101,0.5032552083333334,768,iteration_limit,tracked range estimate,17.9100431558533
New main,t001678-g3-c0:60:9,flop,fold,"[""Td"", ""Th""]","[""Qd"", ""4d"", ""9c""]",237,164,probable_missed_terminal_call,52.415660047538154,80.34321247044659,-36,16,0.3567708333333333,768,iteration_limit,tracked range estimate,52.415660047538154
New main,t001685-g1-c0:86:5,preflop,fold,"[""Qh"", ""Kh""]",[],202,198,probable_missed_terminal_call,7.367209830968489,36.69743853827823,-2,-5,0.5208333333333334,768,iteration_limit,tracked range estimate,7.367209830968489
New main,t001685-g3-c0:2:7,preflop,fold,"[""8c"", ""8d""]",[],213,194,probable_missed_terminal_call,17.81295334597697,32.849318303039304,-6,485,0.470703125,768,iteration_limit,tracked range estimate,17.81295334597697
New main,t001686-g0-c0:13:16,river,fold,"[""Kd"", ""Kc""]","[""5d"", ""6h"", ""8c"", ""7s"", ""9h""]",84,36,probable_missed_terminal_call,2.3669581041079204,9.909749074733142,-21,-48,0.3092447916666667,768,iteration_limit,tracked range estimate,2.3669581041079204
New main,t001686-g1-c0:36:17,river,call,"[""Ac"", ""8s""]","[""9d"", ""2c"", ""3h"", ""5s"", ""5h""]",68,13,probable_bad_terminal_call,-12.29610837926328,-2.6624701900442593,-31,293,0.3828125,768,iteration_limit,tracked range estimate,2.6624701900442593
New main,t001686-g4-c0:21:6,preflop,fold,"[""9c"", ""Ac""]",[],207,195,probable_missed_terminal_call,4.722993358325704,15.280663432800653,-5,15,0.4596354166666667,768,iteration_limit,tracked range estimate,4.722993358325704
New main,t001687-g0-c0:54:6,preflop,fold,"[""Kh"", ""Qd""]",[],207,195,probable_missed_terminal_call,4.210542154589365,14.421518460045423,-5,222,0.4895833333333333,768,iteration_limit,tracked range estimate,4.210542154589365
New main,t001687-g3-c0:49:5,preflop,fold,"[""7d"", ""7s""]",[],203,198,probable_missed_terminal_call,6.798396575053557,31.121700315099574,-2,-84,0.5169270833333334,768,iteration_limit,tracked range estimate,6.798396575053557
New main,t001688-g0-c0:55:8,preflop,fold,"[""Jc"", ""Jd""]",[],226,176,probable_missed_terminal_call,18.53675033611062,65.61113446019043,-24,-12,0.37890625,768,iteration_limit,tracked range estimate,18.53675033611062
New main,t001688-g0-c0:63:7,preflop,fold,"[""Ks"", ""Js""]",[],208,195,probable_missed_terminal_call,3.8739937957976247,13.904583533732502,-5,-12,0.44921875,768,iteration_limit,tracked range estimate,3.8739937957976247
New main,t001688-g2-c0:17:8,preflop,fold,"[""Td"", ""As""]",[],212,194,probable_missed_terminal_call,5.3853641584455705,23.673918971528636,-6,103,0.46484375,768,iteration_limit,tracked range estimate,5.3853641584455705
New main,t001689-g3-c0:85:6,preflop,fold,"[""7h"", ""7d""]",[],207,195,probable_missed_terminal_call,6.252682419532972,19.135645041276945,-5,551,0.5130208333333334,768,iteration_limit,tracked range estimate,6.252682419532972
New main,t001691-g3-c0:41:6,preflop,fold,"[""Qc"", ""As""]",[],406,195,probable_missed_terminal_call,26.868242758584078,50.84805183496156,-5,-266,0.3244357638888889,768,iteration_limit,tracked range estimate,26.868242758584078
New main,t001691-g4-c0:69:6,preflop,fold,"[""Ah"", ""Qc""]",[],407,195,probable_missed_terminal_call,21.669391253441276,52.64132648567582,-5,296,0.3410301953818828,563,time_budget,tracked range estimate,21.669391253441276
New main,t001694-g1-c0:12:13,river,call,"[""Ac"", ""Jh""]","[""5d"", ""Qs"", ""6h"", ""2h"", ""Kd""]",45,9,probable_bad_terminal_call,-8.653852314822341,-3.324263301867937,-26,275,0.3684895833333333,768,iteration_limit,tracked range estimate,3.324263301867937
New main,t001701-g1-c0:16:7,preflop,fold,"[""Qd"", ""Ad""]",[],232,172,probable_missed_terminal_call,7.29640218315951,45.453307541091775,-28,-567,0.45234375,640,time_budget,tracked range estimate,7.29640218315951
New main,t001701-g2-c0:35:6,preflop,fold,"[""9s"", ""9d""]",[],405,195,probable_missed_terminal_call,4.0282246902195435,49.54064465807244,-5,178,0.3209635416666667,768,iteration_limit,tracked range estimate,4.0282246902195435
New main,t001705-g3-c0:67:7,preflop,fold,"[""Ad"", ""Qs""]",[],420,185,probable_missed_terminal_call,36.2568816901727,57.04764075689624,-15,-18,0.3101128472222222,768,iteration_limit,tracked range estimate,36.2568816901727
New main,t001710-g2-c0:71:6,preflop,fold,"[""Qc"", ""Ks""]",[],208,195,probable_missed_terminal_call,3.1056266652170414,11.718694930589105,-5,125,0.4485677083333333,768,iteration_limit,tracked range estimate,3.1056266652170414
New main,t001713-g0-c0:95:12,river,fold,"[""8h"", ""8c""]","[""2s"", ""5s"", ""Ac"", ""4d"", ""3h""]",78,39,probable_missed_terminal_call,5.954784616534629,9.509738967056625,-18,-76,0.3958333333333333,768,iteration_limit,tracked range estimate,5.954784616534629
New main,t001713-g3-c0:92:6,preflop,fold,"[""7h"", ""7d""]",[],206,195,probable_missed_terminal_call,10.283573548018992,20.485292451324938,-5,656,0.46484375,768,iteration_limit,tracked range estimate,10.283573548018992
New main,t001714-g4-c0:93:8,flop,fold,"[""Ks"", ""5s""]","[""2s"", ""6d"", ""5d""]",216,185,probable_missed_terminal_call,2.1610567854251768,55.51060218957576,-15,84,0.4765625,768,iteration_limit,tracked range estimate,2.1610567854251768
New main,t001716-g3-c0:67:13,river,call,"[""Ks"", ""Jd""]","[""2d"", ""5s"", ""2s"", ""9d"", ""7s""]",33,6,probable_bad_terminal_call,-5.7528312191273425,-2.698273842186662,-19,261,0.22981770833333334,768,iteration_limit,tracked range estimate,2.698273842186662
New main,t001720-g3-c0:99:10,flop,fold,"[""Kh"", ""Kc""]","[""7s"", ""6d"", ""Ad""]",257,148,probable_missed_terminal_call,41.42852640529506,69.66188615871422,-52,-20,0.4108072916666667,768,iteration_limit,tracked range estimate,41.42852640529506
New main,t001720-g4-c0:35:11,river,fold,"[""Jc"", ""Ah""]","[""Tc"", ""8c"", ""Ad"", ""Jd"", ""Td""]",82,49,probable_missed_terminal_call,4.666759651527543,32.086246709530116,-16,220,0.423828125,768,iteration_limit,tracked range estimate,4.666759651527543
New main,t001720-g4-c0:82:8,preflop,fold,"[""7c"", ""7h""]",[],215,195,probable_missed_terminal_call,10.706752592148785,25.895132809304457,-5,220,0.435546875,768,iteration_limit,tracked range estimate,10.706752592148785
New main,t001722-g1-c0:52:8,preflop,fold,"[""Js"", ""Jd""]",[],420,182,probable_missed_terminal_call,58.339691160640356,101.61804770661057,-18,-8,0.3170572916666667,768,iteration_limit,tracked range estimate,58.339691160640356
New main,t001722-g2-c0:33:9,flop,fold,"[""Qc"", ""Kc""]","[""Tc"", ""5d"", ""4c""]",222,179,probable_missed_terminal_call,24.890682543721184,46.60651210078686,-21,118,0.4837239583333333,768,iteration_limit,tracked range estimate,24.890682543721184
New main,t001722-g5-c0:99:14,river,fold,"[""2h"", ""2s""]","[""As"", ""Ts"", ""6s"", ""6h"", ""Ks""]",222,111,probable_missed_terminal_call,31.19105692367042,69.87034210450733,-55,-101,0.3776041666666667,768,iteration_limit,tracked range estimate,31.19105692367042
New main,t001723-g3-c0:95:6,preflop,fold,"[""Ks"", ""Qs""]",[],207,195,probable_missed_terminal_call,9.275320482664526,20.36274592498771,-5,-30,0.4583333333333333,768,iteration_limit,tracked range estimate,9.275320482664526
New main,t001723-g4-c0:79:11,river,fold,"[""Ac"", ""Ad""]","[""9d"", ""7h"", ""Jh"", ""4h"", ""8s""]",51,17,probable_missed_terminal_call,4.914427932894025,14.241272918715131,-16,32,0.2923177083333333,768,iteration_limit,tracked range estimate,4.914427932894025
New main,t001725-g2-c0:42:6,preflop,fold,"[""Kc"", ""Qh""]",[],207,195,probable_missed_terminal_call,3.1016029413143062,18.054276310650632,-5,195,0.4934895833333333,768,iteration_limit,tracked range estimate,3.1016029413143062
New main,t001737-g5-c0:62:13,flop,fold,"[""8c"", ""8h""]","[""3c"", ""Kc"", ""Qc""]",220,190,probable_missed_terminal_call,30.706390524143572,92.96200673160212,-10,319,0.416015625,768,iteration_limit,tracked range estimate,30.706390524143572
New main,t001737-g5-c0:79:12,river,call,"[""Qh"", ""As""]","[""4s"", ""8h"", ""6d"", ""2c"", ""4d""]",79,26,probable_bad_terminal_call,-24.489811102264625,-5.37781005221902,-51,319,0.4127604166666667,768,iteration_limit,tracked range estimate,5.37781005221902
New main,t001738-g0-c0:2:12,river,fold,"[""Tc"", ""Kd""]","[""Qh"", ""7h"", ""Jh"", ""4h"", ""9c""]",232,169,probable_missed_terminal_call,38.79190948471705,105.46334089456988,-31,-119,0.5084635416666666,768,iteration_limit,tracked range estimate,38.79190948471705
New main,t001740-g2-c0:39:8,preflop,fold,"[""9d"", ""9c""]",[],218,194,probable_missed_terminal_call,35.06333890979586,55.113150664987764,-6,-18,0.4596354166666667,768,iteration_limit,tracked range estimate,35.06333890979586
New main,t001741-g1-c0:74:7,preflop,fold,"[""9s"", ""9c""]",[],407,195,probable_missed_terminal_call,4.672976831243011,78.25891637130664,-5,141,0.3274739583333333,768,iteration_limit,tracked range estimate,4.672976831243011
New main,t001741-g3-c0:88:7,preflop,fold,"[""As"", ""Qd""]",[],420,180,probable_missed_terminal_call,9.776212925284986,69.8791049678846,-20,1429,0.320362212432697,681,time_budget,tracked range estimate,9.776212925284986
New main,t001744-g0-c0:66:14,river,call,"[""4h"", ""Ac""]","[""2s"", ""9h"", ""7d"", ""Qd"", ""9d""]",37,7,probable_bad_terminal_call,-6.64189139869451,-3.017055822755168,22,246,0.24934895833333334,768,iteration_limit,tracked range estimate,3.017055822755168
New main,t001749-g0-c0:84:10,river,call,"[""Ad"", ""8s""]","[""Ts"", ""Qd"", ""7d"", ""2d"", ""2h""]",41,8,probable_bad_terminal_call,-7.517698243559611,-2.5293189619096252,-24,84,0.23111979166666666,768,iteration_limit,tracked range estimate,2.5293189619096252
New main,t001750-g1-c0:62:9,flop,fold,"[""Ac"", ""Jc""]","[""6c"", ""6d"", ""Td""]",217,184,probable_missed_terminal_call,25.501122686920382,73.16104359452163,-16,22,0.412109375,768,iteration_limit,tracked range estimate,25.501122686920382
New main,t001751-g2-c0:87:7,preflop,fold,"[""Qd"", ""Ad""]",[],227,182,probable_missed_terminal_call,50.67772664990987,64.32625021496959,-18,28,0.4720052083333333,768,iteration_limit,tracked range estimate,50.67772664990987
New main,t001756-g1-c0:21:12,river,fold,"[""Qd"", ""Qh""]","[""5s"", ""3d"", ""2c"", ""Ac"", ""6s""]",264,132,probable_missed_terminal_call,72.32559770463911,97.65010097603962,-63,17,0.408203125,768,iteration_limit,tracked range estimate,72.32559770463911
New main,t001759-g0-c0:79:15,river,call,"[""As"", ""7s""]","[""6h"", ""Qd"", ""8c"", ""Th"", ""6s""]",45,9,probable_bad_terminal_call,-8.750186805204141,-4.22980437554023,-26,-42,0.23372395833333334,768,iteration_limit,tracked range estimate,4.22980437554023
New main,t001775-g4-c0:33:14,river,call,"[""Ac"", ""Th""]","[""5c"", ""4h"", ""9d"", ""2h"", ""8h""]",43,8,probable_bad_terminal_call,-7.58855583479563,-3.5075673437152304,-25,-292,0.23502604166666666,768,iteration_limit,tracked range estimate,3.5075673437152304
New main,t001778-g3-c0:37:7,preflop,fold,"[""Ts"", ""Ah""]",[],208,195,probable_missed_terminal_call,3.0888646199932097,21.70536083362063,-5,-258,0.4498697916666667,768,iteration_limit,tracked range estimate,3.0888646199932097
New main,t001781-g0-c0:22:8,flop,fold,"[""Th"", ""Ah""]","[""Ts"", ""Qs"", ""6c""]",223,178,probable_missed_terminal_call,6.336978150065114,76.73124644308811,-22,510,0.4889322916666667,768,iteration_limit,tracked range estimate,6.336978150065114
New main,t001783-g0-c0:29:6,preflop,fold,"[""9d"", ""9c""]",[],208,195,probable_missed_terminal_call,30.766466697904626,46.613017703052655,-5,-174,0.4973958333333333,768,iteration_limit,tracked range estimate,30.766466697904626
New main,t001783-g2-c0:79:15,river,fold,"[""Qh"", ""Ac""]","[""Jd"", ""Ah"", ""8s"", ""9d"", ""9c""]",279,129,probable_missed_terminal_call,43.31463860287375,113.54561860573052,-71,-164,0.35546875,768,iteration_limit,tracked range estimate,43.31463860287375
New main,t001783-g4-c0:75:6,preflop,fold,"[""Ah"", ""Tc""]",[],208,195,probable_missed_terminal_call,5.815764757504027,19.52819560456564,-5,387,0.4498697916666667,768,iteration_limit,tracked range estimate,5.815764757504027
New main,t001785-g0-c0:80:13,river,fold,"[""Jc"", ""As""]","[""Th"", ""2c"", ""7d"", ""8d"", ""Js""]",38,19,probable_missed_terminal_call,4.22484075446056,17.09470846830084,-6,132,0.3333333333333333,768,iteration_limit,tracked range estimate,4.22484075446056
New main,t001788-g2-c0:91:11,river,fold,"[""Tc"", ""9s""]","[""4h"", ""9d"", ""Js"", ""Kd"", ""Td""]",225,135,probable_missed_terminal_call,25.60110503059795,67.17136314773052,-45,105,0.318359375,768,iteration_limit,tracked range estimate,25.60110503059795
New main,t001790-g0-c0:16:7,preflop,fold,"[""Tc"", ""Ah""]",[],210,195,probable_missed_terminal_call,3.804625898080354,21.91858780332228,-5,-37,0.4947916666666667,768,iteration_limit,tracked range estimate,3.804625898080354
New main,t001790-g0-c0:49:13,river,fold,"[""Jd"", ""Ks""]","[""Th"", ""Qs"", ""2c"", ""Jh"", ""Kc""]",145,58,probable_missed_terminal_call,16.31716870611584,57.82905005639473,-43,-37,0.3873697916666667,768,iteration_limit,tracked range estimate,16.31716870611584
New main,t001790-g0-c0:81:7,preflop,fold,"[""Qs"", ""Kc""]",[],210,195,probable_missed_terminal_call,5.9705355083087195,17.02093993473872,-5,-37,0.4322916666666667,768,iteration_limit,tracked range estimate,5.9705355083087195
New main,t001790-g4-c0:6:7,preflop,fold,"[""Ac"", ""Tc""]",[],212,195,probable_missed_terminal_call,17.672788794578047,33.31466202229339,-5,0,0.505859375,768,iteration_limit,tracked range estimate,17.672788794578047
New main,t001790-g4-c0:39:6,preflop,fold,"[""7h"", ""7s""]",[],208,195,probable_missed_terminal_call,7.200571256921627,16.084146844079232,-5,0,0.470703125,768,iteration_limit,tracked range estimate,7.200571256921627
New main,t001791-g1-c0:11:6,preflop,fold,"[""As"", ""Qh""]",[],420,182,probable_missed_terminal_call,8.226376461367964,40.23938861379162,-18,-117,0.28667534722222227,768,iteration_limit,tracked range estimate,8.226376461367964
New main,t001791-g2-c0:91:13,river,call,"[""Ah"", ""Kh""]","[""Jd"", ""8h"", ""Tc"", ""7s"", ""Td""]",40,8,probable_bad_terminal_call,-7.4851969616916545,-3.8092564743013244,24,-180,0.24283854166666666,768,iteration_limit,tracked range estimate,3.8092564743013244
New main,t001792-g2-c0:98:18,river,fold,"[""5d"", ""5c""]","[""9c"", ""8c"", ""8h"", ""3h"", ""7c""]",215,195,probable_missed_terminal_call,4.710716442904513,33.08879796049613,-5,82,0.2877604166666667,768,iteration_limit,tracked range estimate,4.710716442904513
New main,t001793-g0-c0:20:12,turn,fold,"[""Ts"", ""Kh""]","[""9d"", ""3s"", ""Js"", ""Kd""]",238,163,probable_missed_terminal_call,44.75573453922574,106.68681142639606,-37,90,0.4596354166666667,768,iteration_limit,tracked range estimate,44.75573453922574
New main,t001796-g1-c0:59:12,river,call,"[""Ah"", ""9h""]","[""4h"", ""5s"", ""3s"", ""4s"", ""Tc""]",202,40,probable_bad_terminal_call,-37.58885935980086,-6.160206700073475,-117,480,0.4127604166666667,768,iteration_limit,tracked range estimate,6.160206700073475
New main,t001797-g0-c0:74:6,preflop,fold,"[""8d"", ""8h""]",[],208,195,probable_missed_terminal_call,18.77961264233533,29.69482458496106,-5,-416,0.4583333333333333,768,iteration_limit,tracked range estimate,18.77961264233533
New main,t001799-g1-c0:94:9,turn,fold,"[""As"", ""Th""]","[""3h"", ""3d"", ""Ac"", ""Qh""]",217,188,probable_missed_terminal_call,41.24999517907263,117.75655536212533,-12,191,0.4609375,768,iteration_limit,tracked range estimate,41.24999517907263
New main,t001799-g3-c0:70:6,preflop,fold,"[""Kc"", ""Qc""]",[],225,180,probable_missed_terminal_call,29.52019138430359,53.04010197097834,-20,253,0.4296875,768,iteration_limit,tracked range estimate,29.52019138430359
New main,t001800-g0-c0:40:7,preflop,fold,"[""Td"", ""Ts""]",[],416,185,probable_missed_terminal_call,14.659281760077128,99.13068302101622,-15,-298,0.3246527777777778,768,iteration_limit,tracked range estimate,14.659281760077128
New main,t001800-g2-c0:8:7,preflop,fold,"[""Qd"", ""Ah""]",[],419,182,probable_missed_terminal_call,10.763753038618624,36.55963637204137,-18,455,0.27973090277777785,768,iteration_limit,tracked range estimate,10.763753038618624
New main,t001800-g3-c0:16:6,preflop,fold,"[""Qh"", ""Jh""]",[],405,195,probable_missed_terminal_call,2.1103872632512486,40.23187967876949,-5,353,0.3502604166666667,768,iteration_limit,tracked range estimate,2.1103872632512486
New main,t001800-g4-c0:83:14,river,call,"[""Ah"", ""Th""]","[""Kd"", ""6h"", ""8d"", ""Js"", ""5d""]",48,9,probable_bad_terminal_call,-8.83857452078313,-4.840286347467188,-28,38,0.263671875,768,iteration_limit,tracked range estimate,4.840286347467188
New main,t001803-g1-c0:11:10,turn,fold,"[""As"", ""8s""]","[""Qs"", ""4c"", ""7c"", ""Ac""]",223,178,probable_missed_terminal_call,9.009672757825573,81.2584904140489,-22,-254,0.4583333333333333,768,iteration_limit,tracked range estimate,9.009672757825573
New main,t001805-g3-c0:85:11,river,fold,"[""Ad"", ""Kc""]","[""8c"", ""8h"", ""8d"", ""5h"", ""7c""]",121,40,probable_missed_terminal_call,11.577107390399677,79.79428989079109,-39,145,0.296875,768,iteration_limit,tracked range estimate,11.577107390399677
New main,t001807-g4-c0:55:7,preflop,fold,"[""Kh"", ""Ac""]",[],221,182,probable_missed_terminal_call,4.089232374735936,54.715444207352604,-18,-17,0.4440104166666667,768,iteration_limit,tracked range estimate,4.089232374735936
New main,t001815-g0-c0:60:11,river,call,"[""Ah"", ""4s""]","[""Qh"", ""6s"", ""3s"", ""8c"", ""3h""]",41,8,probable_bad_terminal_call,-7.5630523844583735,-2.3703800544618305,25,304,0.3196614583333333,768,iteration_limit,tracked range estimate,2.3703800544618305
New main,t001816-g1-c0:26:7,preflop,fold,"[""Qc"", ""Kd""]",[],405,195,probable_missed_terminal_call,32.10001430394077,48.143132758257615,-5,-42,0.3322482638888889,768,iteration_limit,tracked range estimate,32.10001430394077
New main,t001824-g3-c0:97:12,river,call,"[""Qh"", ""As""]","[""7d"", ""6h"", ""5d"", ""7c"", ""4h""]",66,13,probable_bad_terminal_call,-10.601615056485956,-5.402133207635182,40,241,0.33203125,768,iteration_limit,tracked range estimate,5.402133207635182
New main,t001826-g1-c0:62:7,preflop,fold,"[""8d"", ""8h""]",[],408,195,probable_missed_terminal_call,20.340455256833835,44.47730862565296,-5,-112,0.3103298611111111,768,iteration_limit,tracked range estimate,20.340455256833835
New main,t001826-g2-c0:79:7,preflop,fold,"[""Kd"", ""Qs""]",[],206,195,probable_missed_terminal_call,3.597157016911071,15.752020792468148,-5,-30,0.4147135416666667,768,iteration_limit,tracked range estimate,3.597157016911071
New main,t001827-g4-c0:10:7,preflop,fold,"[""9h"", ""9s""]",[],214,194,probable_missed_terminal_call,39.30619257331632,48.62117278009764,-6,151,0.4908854166666667,768,iteration_limit,tracked range estimate,39.30619257331632
New main,t001830-g1-c0:52:6,preflop,fold,"[""Ks"", ""Js""]",[],208,195,probable_missed_terminal_call,2.7131215730887037,13.819622514381926,-5,-30,0.4622395833333333,768,iteration_limit,tracked range estimate,2.7131215730887037
New main,t001830-g3-c0:39:9,flop,fold,"[""7d"", ""6d""]","[""7c"", ""5d"", ""2h""]",211,195,probable_missed_terminal_call,13.65830770829937,68.79823076498022,-5,-105,0.451171875,768,iteration_limit,tracked range estimate,13.65830770829937
New main,t001831-g0-c0:18:11,river,fold,"[""Kc"", ""Ks""]","[""Qc"", ""6h"", ""Js"", ""Ac"", ""Kd""]",228,174,probable_missed_terminal_call,67.55954352674954,113.55714444209627,-26,343,0.5065104166666666,768,iteration_limit,tracked range estimate,67.55954352674954
New main,t001833-g1-c0:64:15,river,call,"[""5c"", ""Kc""]","[""6h"", ""3s"", ""4h"", ""4s"", ""9s""]",61,12,probable_bad_terminal_call,-11.425202137384758,-7.578471691892927,-31,190,0.240234375,768,iteration_limit,tracked range estimate,7.578471691892927
New main,t001836-g0-c0:4:6,preflop,fold,"[""Kd"", ""Jd""]",[],207,195,probable_missed_terminal_call,3.8551097111106225,14.996171364865809,-5,1457,0.4537037037037037,594,time_budget,tracked range estimate,3.8551097111106225
New main,t001836-g4-c0:31:6,preflop,fold,"[""As"", ""9s""]",[],206,195,probable_missed_terminal_call,6.517220521698113,16.00388771676162,-5,434,0.4479166666666667,768,iteration_limit,tracked range estimate,6.517220521698113
New main,t001843-g1-c0:23:5,preflop,fold,"[""Ad"", ""Th""]",[],206,195,probable_missed_terminal_call,3.176410026019453,18.732772834446816,-5,122,0.5,768,iteration_limit,tracked range estimate,3.176410026019453
New main,t001846-g3-c0:80:6,preflop,fold,"[""Kd"", ""Qs""]",[],207,195,probable_missed_terminal_call,2.1497143511474377,13.756874165974747,-5,15,0.4752604166666667,768,iteration_limit,tracked range estimate,2.1497143511474377
New main,t001846-g4-c0:35:6,preflop,fold,"[""Kc"", ""Qs""]",[],206,195,probable_missed_terminal_call,2.604113760290968,11.349691905139426,-5,138,0.4147135416666667,768,iteration_limit,tracked range estimate,2.604113760290968
New main,t001849-g2-c0:29:11,flop,fold,"[""Ad"", ""Ks""]","[""3d"", ""Qh"", ""9c""]",325,85,probable_missed_terminal_call,24.357984753616762,74.0749995991697,-115,85,0.197265625,768,iteration_limit,tracked range estimate,24.357984753616762
New main,t001856-g3-c0:51:12,river,fold,"[""Tc"", ""Ks""]","[""4c"", ""Kh"", ""6c"", ""6h"", ""5h""]",175,75,probable_missed_terminal_call,11.565784910074342,78.29877795200329,-47,379,0.361328125,768,iteration_limit,tracked range estimate,11.565784910074342
New main,t001856-g4-c0:63:14,river,call,"[""Qs"", ""Kc""]","[""6h"", ""6s"", ""4h"", ""3s"", ""8h""]",41,8,probable_bad_terminal_call,-7.592472105913676,-3.006947696919453,-24,130,0.2760416666666667,768,iteration_limit,tracked range estimate,3.006947696919453
New main,t001857-g5-c0:63:6,preflop,fold,"[""Ks"", ""Qd""]",[],203,198,probable_missed_terminal_call,2.444636012194449,25.549558143651986,-2,-97,0.4850260416666667,768,iteration_limit,tracked range estimate,2.444636012194449
New main,t001858-g1-c0:77:13,river,call,"[""6s"", ""6d""]","[""3h"", ""Js"", ""3s"", ""8s"", ""Td""]",180,60,probable_bad_terminal_call,-52.8795312202218,-12.229544423576455,121,545,0.3333333333333333,768,iteration_limit,tracked range estimate,12.229544423576455
New main,t001860-g0-c0:94:11,turn,fold,"[""9d"", ""Qd""]","[""Td"", ""4c"", ""5d"", ""8c""]",279,124,probable_missed_terminal_call,3.4589743657300733,33.34277288910337,-76,156,0.3359375,768,iteration_limit,tracked range estimate,3.4589743657300733
New main,t001861-g5-c0:79:8,preflop,fold,"[""Td"", ""Ad""]",[],210,196,probable_missed_terminal_call,13.662908502986461,29.669406964763198,-4,-1,0.51171875,768,iteration_limit,tracked range estimate,13.662908502986461
New main,t001864-g3-c0:0:5,preflop,fold,"[""Ks"", ""Qd""]",[],207,195,probable_missed_terminal_call,2.323363819999285,14.199431550594634,-5,1541,0.4830729166666667,768,iteration_limit,tracked range estimate,2.323363819999285
New main,t001866-g0-c0:30:7,preflop,fold,"[""7h"", ""7c""]",[],214,194,probable_missed_terminal_call,8.982913257491322,22.18721507563301,-6,74,0.4635416666666667,768,iteration_limit,tracked range estimate,8.982913257491322
New main,t001866-g2-c0:91:6,preflop,fold,"[""Ah"", ""Js""]",[],406,195,probable_missed_terminal_call,10.103795783661207,34.96671315290212,-5,-77,0.34722222222222227,768,iteration_limit,tracked range estimate,10.103795783661207
New main,t001867-g0-c0:53:13,river,fold,"[""As"", ""Qs""]","[""4h"", ""2s"", ""8d"", ""5d"", ""Ah""]",50,25,probable_missed_terminal_call,21.13983894389703,28.79703445856304,-10,-188,0.3372395833333333,768,iteration_limit,tracked range estimate,21.13983894389703
New main,t001867-g0-c0:73:15,river,fold,"[""5c"", ""5d""]","[""6h"", ""7h"", ""Qs"", ""8d"", ""5s""]",147,63,probable_missed_terminal_call,54.051469630643304,63.25730308051858,-41,-188,0.3958333333333333,768,iteration_limit,tracked range estimate,54.051469630643304
New main,t001867-g4-c0:89:12,river,fold,"[""Ah"", ""Ks""]","[""7d"", ""3h"", ""5c"", ""Kd"", ""8d""]",246,156,probable_missed_terminal_call,3.7907666363850314,94.2664977394976,-44,207,0.3268229166666667,768,iteration_limit,tracked range estimate,3.7907666363850314
New main,t001868-g2-c0:39:8,flop,fold,"[""Ks"", ""6s""]","[""9c"", ""5s"", ""4s""]",215,185,probable_missed_terminal_call,19.81839629615808,58.052337817875845,-15,145,0.51171875,768,iteration_limit,tracked range estimate,19.81839629615808
New main,t001869-g3-c0:35:6,preflop,fold,"[""Kc"", ""Qc""]",[],207,195,probable_missed_terminal_call,12.266295995828369,22.172948397241104,-5,-57,0.4947916666666667,768,iteration_limit,tracked range estimate,12.266295995828369
New main,t001876-g0-c0:91:7,preflop,fold,"[""Td"", ""Tc""]",[],225,180,probable_missed_terminal_call,62.91639851295495,79.11525400307296,-20,-21,0.4661458333333333,768,iteration_limit,tracked range estimate,62.91639851295495
New main,t001876-g0-c0:98:6,preflop,fold,"[""As"", ""Td""]",[],207,195,probable_missed_terminal_call,6.702931308785196,23.081110431617223,-5,-21,0.4270833333333333,768,iteration_limit,tracked range estimate,6.702931308785196
New main,t001884-g0-c0:13:6,preflop,fold,"[""Ac"", ""Td""]",[],406,195,probable_missed_terminal_call,4.436274542974476,47.98168157025631,-5,406,0.3352864583333333,768,iteration_limit,tracked range estimate,4.436274542974476
New main,t001884-g1-c0:95:8,flop,fold,"[""7h"", ""6d""]","[""7c"", ""4d"", ""8h""]",215,185,probable_missed_terminal_call,49.08698129272556,66.14841215833853,-15,807,0.6634114583333334,768,iteration_limit,uniform range estimate,49.08698129272556
New main,t001884-g4-c0:21:7,preflop,fold,"[""Ks"", ""Ts""]",[],409,193,probable_missed_terminal_call,5.429985161594308,46.92274256243057,-7,1259,0.3348524305555555,768,iteration_limit,tracked range estimate,5.429985161594308
New main,t001885-g2-c0:37:5,preflop,fold,"[""Kc"", ""Qs""]",[],206,195,probable_missed_terminal_call,2.488299267972331,13.683376705734155,-5,345,0.5149739583333334,768,iteration_limit,tracked range estimate,2.488299267972331
New main,t001889-g0-c0:63:6,preflop,fold,"[""Qd"", ""Kc""]",[],206,195,probable_missed_terminal_call,5.705498346901915,14.780138500240806,-5,-244,0.423828125,768,iteration_limit,tracked range estimate,5.705498346901915
New main,t001896-g3-c0:31:10,turn,fold,"[""As"", ""5s""]","[""Js"", ""Jc"", ""4s"", ""Ad""]",235,166,probable_missed_terminal_call,32.607526502063024,94.4834446512076,-34,69,0.4674479166666667,768,iteration_limit,tracked range estimate,32.607526502063024
New main,t001898-g0-c0:89:7,preflop,fold,"[""As"", ""Jh""]",[],206,195,probable_missed_terminal_call,12.277429636300027,33.87819752828326,-5,-45,0.509765625,768,iteration_limit,tracked range estimate,12.277429636300027
New main,t001898-g2-c0:69:13,river,call,"[""Ad"", ""6d""]","[""2h"", ""4d"", ""8d"", ""3c"", ""7c""]",48,9,probable_bad_terminal_call,-8.16580294252361,-3.7622187464654715,-26,-719,0.4108072916666667,768,iteration_limit,tracked range estimate,3.7622187464654715
New main,t001906-g1-c0:19:12,river,call,"[""Tc"", ""7c""]","[""7h"", ""4h"", ""Jh"", ""Kh"", ""4d""]",61,12,probable_bad_terminal_call,-10.59960847284492,-2.866124753155939,-36,153,0.412109375,768,iteration_limit,tracked range estimate,2.866124753155939
New main,t001909-g1-c0:61:9,flop,fold,"[""9d"", ""9s""]","[""6s"", ""7c"", ""5h""]",416,184,probable_missed_terminal_call,38.53226749736473,117.14859893880393,-16,-2,0.3936631944444445,768,iteration_limit,tracked range estimate,38.53226749736473
New main,t001913-g3-c0:78:7,preflop,fold,"[""Qs"", ""Ks""]",[],206,195,probable_missed_terminal_call,14.206227905470355,25.421378646925625,-5,-58,0.4772135416666667,768,iteration_limit,tracked range estimate,14.206227905470355
New main,t001916-g4-c0:90:13,river,call,"[""Ks"", ""Tc""]","[""Js"", ""Jc"", ""Ad"", ""2c"", ""3c""]",72,24,probable_bad_terminal_call,-22.511294784425274,-5.077631574978577,-42,-211,0.3561197916666667,768,iteration_limit,tracked range estimate,5.077631574978577
New main,t001917-g1-c0:51:7,preflop,fold,"[""Kc"", ""Ah""]",[],225,176,probable_missed_terminal_call,7.73043402091127,53.22547744244641,-24,347,0.443359375,768,iteration_limit,tracked range estimate,7.73043402091127
New main,t001920-g0-c0:34:15,river,call,"[""Ks"", ""Qd""]","[""Js"", ""6c"", ""5d"", ""7d"", ""7h""]",41,6,probable_bad_terminal_call,-5.82731548948913,-2.74612139481488,-22,353,0.2658569500674764,741,time_budget,tracked range estimate,2.74612139481488
New main,t001920-g4-c0:68:7,preflop,fold,"[""6d"", ""6c""]",[],206,195,probable_missed_terminal_call,3.9449669828043508,14.78983720392609,-5,296,0.4114583333333333,768,iteration_limit,tracked range estimate,3.9449669828043508
New main,t001930-g2-c0:93:11,river,fold,"[""Kd"", ""Kh""]","[""Ts"", ""9c"", ""Jd"", ""7h"", ""2c""]",61,20,probable_missed_terminal_call,4.637678705629947,16.777893654460463,-20,-313,0.25390625,768,iteration_limit,tracked range estimate,4.637678705629947
New main,t001940-g0-c0:81:7,preflop,fold,"[""7c"", ""7s""]",[],408,195,probable_missed_terminal_call,9.538845712450367,64.16249869303813,-5,503,0.3483072916666667,768,iteration_limit,tracked range estimate,9.538845712450367
New main,t001943-g2-c0:99:13,river,call,"[""3s"", ""3c""]","[""2d"", ""9h"", ""8s"", ""2s"", ""Kd""]",81,27,probable_bad_terminal_call,-24.261111432866837,-5.656685939757474,55,156,0.3723958333333333,768,iteration_limit,tracked range estimate,5.656685939757474
New main,t001945-g2-c0:60:7,flop,fold,"[""5h"", ""5d""]","[""7c"", ""6s"", ""4c""]",216,185,probable_missed_terminal_call,20.44432314350568,63.054003256185055,-15,-198,0.4973958333333333,768,iteration_limit,tracked range estimate,20.44432314350568
New main,t001946-g2-c0:68:13,river,call,"[""2c"", ""Ac""]","[""Kd"", ""8h"", ""2s"", ""6s"", ""3s""]",75,15,probable_bad_terminal_call,-14.18885821748147,-3.398435048007803,-41,-404,0.3639322916666667,768,iteration_limit,tracked range estimate,3.398435048007803
New main,t001949-g0-c0:51:7,preflop,fold,"[""Jh"", ""Jc""]",[],222,180,probable_missed_terminal_call,11.324642693973905,63.15574590279686,-20,395,0.4134114583333333,768,iteration_limit,tracked range estimate,11.324642693973905
New main,t001954-g2-c0:94:13,river,call,"[""Ah"", ""9h""]","[""6s"", ""4s"", ""3c"", ""Qs"", ""7d""]",59,25,probable_bad_terminal_call,-16.63556148518475,-6.639915742265407,-36,520,0.4420572916666667,768,iteration_limit,tracked range estimate,6.639915742265407
New main,t001959-g1-c0:83:10,river,call,"[""Ac"", ""Kc""]","[""4h"", ""Td"", ""7d"", ""5c"", ""8h""]",41,8,probable_bad_terminal_call,-7.2073823510538295,-3.932217224695065,25,349,0.28125,768,iteration_limit,tracked range estimate,3.932217224695065
New main,t001960-g1-c0:8:6,preflop,fold,"[""Qd"", ""Kc""]",[],207,195,probable_missed_terminal_call,2.3719003834072643,11.373938471203251,-5,45,0.4921875,768,iteration_limit,tracked range estimate,2.3719003834072643
New main,t001961-g4-c0:82:12,river,fold,"[""7s"", ""3s""]","[""Ad"", ""5h"", ""Ah"", ""Jd"", ""7h""]",60,30,probable_missed_terminal_call,15.367205060159408,26.035296118773623,-15,-60,0.3832781456953642,604,time_budget,tracked range estimate,15.367205060159408
New main,t001969-g2-c0:67:9,turn,fold,"[""9s"", ""6d""]","[""6s"", ""7d"", ""8d"", ""4s""]",245,155,probable_missed_terminal_call,9.024918396237354,45.27116721348868,-45,-215,0.2877604166666667,768,iteration_limit,tracked range estimate,9.024918396237354
New main,t001971-g4-c0:75:12,river,fold,"[""Jc"", ""Js""]","[""7s"", ""2h"", ""As"", ""4s"", ""Ac""]",192,64,probable_missed_terminal_call,16.735923955182074,48.98394669780766,-63,-276,0.3190104166666667,768,iteration_limit,tracked range estimate,16.735923955182074
New main,t001975-g0-c0:9:11,flop,fold,"[""Ad"", ""Qh""]","[""4h"", ""5s"", ""3c""]",243,179,probable_missed_terminal_call,13.434922128711714,60.620100080752785,-21,-124,0.4609375,768,iteration_limit,tracked range estimate,13.434922128711714
New main,t001976-g3-c0:93:12,river,call,"[""Ac"", ""Kd""]","[""4s"", ""Jh"", ""9d"", ""6s"", ""5h""]",221,94,probable_bad_terminal_call,-78.97285898510584,-10.351661821427491,-157,-246,0.4192708333333333,768,iteration_limit,tracked range estimate,10.351661821427491
New main,t001977-g1-c0:9:7,preflop,fold,"[""Ad"", ""Qd""]",[],419,182,probable_missed_terminal_call,31.262685153912134,57.04686346498466,-18,330,0.3196614583333333,768,iteration_limit,tracked range estimate,31.262685153912134
New main,t001977-g2-c0:32:11,river,fold,"[""As"", ""Kd""]","[""8s"", ""Ah"", ""6d"", ""8h"", ""9s""]",225,176,probable_missed_terminal_call,34.44334553988499,92.46272502273877,-24,45,0.517578125,768,iteration_limit,tracked range estimate,34.44334553988499
New main,t001979-g1-c0:41:14,river,call,"[""Kc"", ""6c""]","[""2c"", ""8h"", ""7s"", ""4h"", ""Td""]",43,8,probable_bad_terminal_call,-7.846072268120962,-6.121758127033623,-25,155,0.22591145833333334,768,iteration_limit,tracked range estimate,6.121758127033623
New main,t001980-g1-c0:92:11,river,call,"[""7d"", ""7h""]","[""Qs"", ""8d"", ""Th"", ""4c"", ""9h""]",45,9,probable_bad_terminal_call,-8.601788345293295,-2.387750509519986,-26,91,0.31968810916179335,513,time_budget,tracked range estimate,2.387750509519986
New main,t001985-g0-c0:25:8,preflop,fold,"[""Js"", ""Ad""]",[],212,194,probable_missed_terminal_call,12.809399464967317,36.90562836343979,-6,277,0.4765625,768,iteration_limit,tracked range estimate,12.809399464967317
New main,t001985-g5-c0:23:9,flop,fold,"[""Kh"", ""Qh""]","[""9h"", ""9s"", ""8h""]",221,182,probable_missed_terminal_call,18.32255959940892,57.382806889781385,-18,86,0.46484375,768,iteration_limit,tracked range estimate,18.32255959940892
New main,t001987-g4-c0:61:14,turn,fold,"[""9s"", ""As""]","[""6d"", ""2h"", ""6s"", ""7s""]",230,188,probable_missed_terminal_call,71.78667121351094,105.69909247412006,-12,7,0.484375,768,iteration_limit,tracked range estimate,71.78667121351094
New main,t001988-g0-c0:84:8,preflop,fold,"[""7h"", ""7c""]",[],213,194,probable_missed_terminal_call,10.152411712263909,28.336845047301782,-6,291,0.4420572916666667,768,iteration_limit,tracked range estimate,10.152411712263909
New main,t001988-g1-c0:57:7,preflop,fold,"[""Kd"", ""Qs""]",[],207,195,probable_missed_terminal_call,2.3860821887843153,11.444802805552392,-5,16,0.4973958333333333,768,iteration_limit,tracked range estimate,2.3860821887843153
New main,t001993-g2-c0:29:7,preflop,fold,"[""Kd"", ""Qd""]",[],225,180,probable_missed_terminal_call,25.550274139297407,45.687451023755415,-20,-66,0.4309895833333333,768,iteration_limit,tracked range estimate,25.550274139297407
New main,t001997-g5-c0:94:7,preflop,fold,"[""Kc"", ""Qd""]",[],208,195,probable_missed_terminal_call,2.6721308452649417,13.31065089440996,-5,-16,0.4303385416666667,768,iteration_limit,tracked range estimate,2.6721308452649417
New main,t002000-g1-c0:84:6,preflop,fold,"[""Ad"", ""Jd""]",[],420,180,probable_missed_terminal_call,8.291854331860105,37.76711185894104,-20,126,0.279296875,768,iteration_limit,tracked range estimate,8.291854331860105
New main,t002000-g3-c0:13:13,river,call,"[""Th"", ""As""]","[""2d"", ""Jc"", ""5d"", ""6h"", ""7h""]",103,44,probable_bad_terminal_call,-41.686167371998806,-26.63212698153462,84,643,0.3873697916666667,768,iteration_limit,tracked range estimate,26.63212698153462
New main,t002002-g1-c0:40:13,river,call,"[""Qd"", ""Kh""]","[""8s"", ""4s"", ""4h"", ""2c"", ""3s""]",45,9,probable_bad_terminal_call,-8.626397775758791,-3.7107861654099863,-26,-192,0.337890625,768,iteration_limit,tracked range estimate,3.7107861654099863
New main,t002005-g0-c0:88:7,preflop,fold,"[""Td"", ""Ac""]",[],208,195,probable_missed_terminal_call,3.7982234412855442,23.380720350845532,-5,413,0.4739583333333333,768,iteration_limit,tracked range estimate,3.7982234412855442
New main,t002008-g3-c0:42:7,preflop,fold,"[""8d"", ""8c""]",[],408,195,probable_missed_terminal_call,19.79461098368752,76.95737291720758,-5,-627,0.3502604166666667,768,iteration_limit,tracked range estimate,19.79461098368752
