bot,parameter,estimate,variance,low,high,newest_support,effective_support,status,older_versions
Allen Iverson,vpip,0.11,0.00010197881828316615,0.1,0.14,702,702,latest_sufficient,[]
Allen Iverson,pfr,0.11,0.00010197881828316615,0.1,0.14,709,709,latest_sufficient,[]
Allen Iverson,threebet,0.03,2.081939799331103e-05,0.02,0.03,636,636,latest_sufficient,[]
Allen Iverson,limp,0.05,0.0011822463768115946,0.0,0.1,709,709,latest_sufficient,[]
Allen Iverson,aggression,0.5,0.022219035674470453,0.047500000000000056,0.7000000000000001,198,198,latest_sufficient,[]
Allen Iverson,cbet,0.1,0.008217697881828318,0.0,0.32624999999999893,35,35,still_sparse,[]
Allen Iverson,bluff,0.2,0.01062015050167224,0.05,0.45,198,198,latest_sufficient,[]
Allen Iverson,stickiness,0.9500000000000001,0.0013386220735785972,0.8300000000000001,0.9500000000000001,104,104,latest_sufficient,[]
Allen Iverson,size,0.775,0.053006669732441475,0.36,1.085,44,44,still_sparse,[]
Allen Iverson,adaptive,0.0,0.0,0.0,0.0,302,302,latest_sufficient,[]
BigBaller,vpip,0.22,0.000505351170568562,0.18,0.27,1002,1002,latest_sufficient,[]
BigBaller,pfr,0.22,0.0005052073578595319,0.18,0.27,1011,1011,latest_sufficient,[]
BigBaller,threebet,0.07,1.2792642140468251e-05,0.06,0.07,897,897,latest_sufficient,[]
BigBaller,limp,0.1,0.0014952898550724641,0.0,0.15000000000000002,1011,1011,latest_sufficient,[]
BigBaller,aggression,0.2,0.011045039018952065,0.2,0.6000000000000001,577,577,latest_sufficient,[]
BigBaller,cbet,0.0,0.00029573578595317726,0.0,0.05,126,126,latest_sufficient,[]
BigBaller,bluff,0.5,0.01443913043478261,0.1,0.6000000000000001,577,577,latest_sufficient,[]
BigBaller,stickiness,0.8,0.02765716276477146,0.32,0.9,302,302,latest_sufficient,[]
BigBaller,size,0.605,0.0011531426978818287,0.6000000000000001,0.6326249999999999,168,168,latest_sufficient,[]
BigBaller,adaptive,0.0,0.1962095875139354,0.0,1.0,879,879,latest_sufficient,[]
Gladiator_v3,vpip,0.52,0.0,0.52,0.52,650,650,latest_sufficient,[]
Gladiator_v3,pfr,0.49,0.0003061137123745821,0.46,0.52,652,652,latest_sufficient,[]
Gladiator_v3,threebet,0.02,1.2931995540691195e-05,0.02,0.04,908,908,latest_sufficient,[]
Gladiator_v3,limp,0.5,0.002769537346711261,0.4,0.6000000000000001,652,652,latest_sufficient,[]
Gladiator_v3,aggression,0.5,0.019810590858416945,0.17375000000000004,0.7000000000000001,337,337,latest_sufficient,[]
Gladiator_v3,cbet,0.45,0.010900334448160538,0.30000000000000004,0.7000000000000001,75,75,latest_sufficient,[]
Gladiator_v3,bluff,1.0,0.0016403567447045692,0.8500000000000001,1.0,337,337,latest_sufficient,[]
Gladiator_v3,stickiness,0.41000000000000003,0.012172463768115944,0.41000000000000003,0.67,201,201,latest_sufficient,[]
Gladiator_v3,size,1.2149999999999999,0.00175750808249721,1.0550000000000002,1.24,163,163,latest_sufficient,[]
Gladiator_v3,adaptive,0.0,0.05065774804905239,0.0,1.0,538,538,latest_sufficient,[]
Jason_idea,vpip,1.0,0.1002066889632107,0.31,1.0,52,107.12597970961252,still_sparse,"[{""age"": 1, ""gap_hours"": 0.5613922222455343, ""age_discount"": 0.1, ""time_discount"": 0.9372037485034069, ""raw_opportunities"": 584, ""weight"": 0.0937203748503407, ""effective_opportunities"": 54.73269891259897}, {""age"": 2, ""gap_hours"": 0.5689775000015894, ""age_discount"": 0.010000000000000002, ""time_discount"": 0.9363828500322744, ""raw_opportunities"": 42, ""weight"": 0.009363828500322746, ""effective_opportunities"": 0.39328079701355534}]"
Jason_idea,pfr,1.0,0.1002066889632107,0.31,1.0,53,108.9694630832656,still_sparse,"[{""age"": 1, ""gap_hours"": 0.5613922222455343, ""age_discount"": 0.1, ""time_discount"": 0.9372037485034069, ""raw_opportunities"": 593, ""weight"": 0.0937203748503407, ""effective_opportunities"": 55.576182286252035}, {""age"": 2, ""gap_hours"": 0.5689775000015894, ""age_discount"": 0.010000000000000002, ""time_discount"": 0.9363828500322744, ""raw_opportunities"": 42, ""weight"": 0.009363828500322746, ""effective_opportunities"": 0.39328079701355534}]"
Jason_idea,threebet,0.91,0.16229457748049053,0.09,1.0,42,91.69947970694597,still_sparse,"[{""age"": 1, ""gap_hours"": 0.5613922222455343, ""age_discount"": 0.1, ""time_discount"": 0.9372037485034069, ""raw_opportunities"": 525, ""weight"": 0.0937203748503407, ""effective_opportunities"": 49.20319679642886}, {""age"": 2, ""gap_hours"": 0.5689775000015894, ""age_discount"": 0.010000000000000002, ""time_discount"": 0.9363828500322744, ""raw_opportunities"": 53, ""weight"": 0.009363828500322746, ""effective_opportunities"": 0.49628291051710555}]"
Jason_idea,limp,0.35000000000000003,0.012655072463768118,0.05,0.35000000000000003,53,108.9694630832656,still_sparse,"[{""age"": 1, ""gap_hours"": 0.5613922222455343, ""age_discount"": 0.1, ""time_discount"": 0.9372037485034069, ""raw_opportunities"": 593, ""weight"": 0.0937203748503407, ""effective_opportunities"": 55.576182286252035}, {""age"": 2, ""gap_hours"": 0.5689775000015894, ""age_discount"": 0.010000000000000002, ""time_discount"": 0.9363828500322744, ""raw_opportunities"": 42, ""weight"": 0.009363828500322746, ""effective_opportunities"": 0.39328079701355534}]"
Jason_idea,aggression,0.5,0.04826086956521739,0.0,0.5,19,19.084274456502904,still_sparse,"[{""age"": 2, ""gap_hours"": 0.5689775000015894, ""age_discount"": 0.010000000000000002, ""time_discount"": 0.9363828500322744, ""raw_opportunities"": 9, ""weight"": 0.009363828500322746, ""effective_opportunities"": 0.08427445650290472}]"
Jason_idea,cbet,0.2,0.0077217391304347845,0.0,0.2,8,8.018727657000646,still_sparse,"[{""age"": 2, ""gap_hours"": 0.5689775000015894, ""age_discount"": 0.010000000000000002, ""time_discount"": 0.9363828500322744, ""raw_opportunities"": 2, ""weight"": 0.009363828500322746, ""effective_opportunities"": 0.018727657000645492}]"
Jason_idea,bluff,0.0,0.0,0.0,0.0,19,19.084274456502904,still_sparse,"[{""age"": 2, ""gap_hours"": 0.5689775000015894, ""age_discount"": 0.010000000000000002, ""time_discount"": 0.9363828500322744, ""raw_opportunities"": 9, ""weight"": 0.009363828500322746, ""effective_opportunities"": 0.08427445650290472}]"
Jason_idea,stickiness,0.9500000000000001,0.02364782608695653,0.6,0.9500000000000001,7,7.046819142501613,still_sparse,"[{""age"": 2, ""gap_hours"": 0.5689775000015894, ""age_discount"": 0.010000000000000002, ""time_discount"": 0.9363828500322744, ""raw_opportunities"": 5, ""weight"": 0.009363828500322746, ""effective_opportunities"": 0.04681914250161373}]"
Jason_idea,size,0.395,0.0001737391304347829,0.365,0.395,3,3.0187276570006456,still_sparse,"[{""age"": 2, ""gap_hours"": 0.5689775000015894, ""age_discount"": 0.010000000000000002, ""time_discount"": 0.9363828500322744, ""raw_opportunities"": 2, ""weight"": 0.009363828500322746, ""effective_opportunities"": 0.018727657000645492}]"
Jason_idea,adaptive,0.0,0.0,0.0,0.0,26,26.13109359900452,still_sparse,"[{""age"": 2, ""gap_hours"": 0.5689775000015894, ""age_discount"": 0.010000000000000002, ""time_discount"": 0.9363828500322744, ""raw_opportunities"": 14, ""weight"": 0.009363828500322746, ""effective_opportunities"": 0.13109359900451845}]"
McSmart Meal,vpip,0.6,0.0018969130434782603,0.47000000000000003,0.62,3990,3990,latest_sufficient,[]
McSmart Meal,pfr,0.6,0.0018969130434782603,0.47000000000000003,0.62,4040,4040,latest_sufficient,[]
McSmart Meal,threebet,0.03,5.6654403567447055e-05,0.03,0.05,3495,3495,latest_sufficient,[]
McSmart Meal,limp,0.2,0.0003945373467112596,0.15000000000000002,0.2,4040,4040,latest_sufficient,[]
McSmart Meal,aggression,0.5,0.010427982162764778,0.5,0.7000000000000001,2860,2860,latest_sufficient,[]
McSmart Meal,cbet,0.5,0.002649804905239688,0.4,0.55,725,725,latest_sufficient,[]
McSmart Meal,bluff,0.1,0.0020328595317725753,0.0,0.1,2860,2860,latest_sufficient,[]
McSmart Meal,stickiness,0.26,0.010125060200668898,0.16,0.48,1497,1497,latest_sufficient,[]
McSmart Meal,size,0.64,1.1605351170568583e-06,0.635,0.64,569,569,latest_sufficient,[]
McSmart Meal,adaptive,0.0,0.21070234113712374,0.0,1.0,4357,4357,latest_sufficient,[]
Pot-Committed-GPT,vpip,0.22,0.0009474905239687851,0.15,0.22,1047,1047,latest_sufficient,[]
Pot-Committed-GPT,pfr,0.22,0.0008773366778149389,0.15,0.22,1052,1052,latest_sufficient,[]
Pot-Committed-GPT,threebet,0.03,4.9888517279821615e-06,0.02,0.03,937,937,latest_sufficient,[]
Pot-Committed-GPT,limp,0.15000000000000002,0.004980490523968785,0.0,0.2,1052,1052,latest_sufficient,[]
Pot-Committed-GPT,aggression,0.1,0.007919620958751396,0.0,0.30000000000000004,177,177,latest_sufficient,[]
Pot-Committed-GPT,cbet,0.25,0.0060416945373467125,0.1,0.4,52,52,latest_sufficient,[]
Pot-Committed-GPT,bluff,0.05,0.0010149386845039019,0.0,0.1,177,177,latest_sufficient,[]
Pot-Committed-GPT,stickiness,0.33,0.003865079152731327,0.16,0.47000000000000003,147,147,latest_sufficient,[]
Pot-Committed-GPT,size,0.79,0.003723405518394649,0.61,0.79,12,12,still_sparse,[]
Pot-Committed-GPT,adaptive,0.0,0.05952062430323299,0.0,1.0,324,324,latest_sufficient,[]
Tester67,vpip,0.18,4.790523968784838e-05,0.18,0.18,4375,4375,latest_sufficient,[]
Tester67,pfr,0.18,4.790523968784838e-05,0.18,0.18,4412,4412,latest_sufficient,[]
Tester67,threebet,0.05,2.2865105908584142e-06,0.05,0.05,4842,4842,latest_sufficient,[]
Tester67,limp,0.1,0.0002841694537346713,0.05,0.15000000000000002,4412,4412,latest_sufficient,[]
Tester67,aggression,0.7000000000000001,0.007657079152731333,0.5,0.7000000000000001,2112,2112,latest_sufficient,[]
Tester67,cbet,0.4,0.002965886287625417,0.30000000000000004,0.5,500,500,latest_sufficient,[]
Tester67,bluff,0.35000000000000003,0.002568115942028985,0.25,0.45,2112,2112,latest_sufficient,[]
Tester67,stickiness,0.93,0.01358646488294314,0.65,0.98,1073,1073,latest_sufficient,[]
Tester67,size,0.645,6.505016722408012e-05,0.64,0.6699999999999999,647,647,latest_sufficient,[]
Tester67,adaptive,1.0,0.0,1.0,1.0,3185,3185,latest_sufficient,[]
axiom,vpip,0.22,6.818283166109265e-06,0.22,0.23,1745,1745,latest_sufficient,[]
axiom,pfr,0.22,1.1615384615384634e-05,0.21,0.23,1761,1761,latest_sufficient,[]
axiom,threebet,0.06,0.00010128316610925306,0.06,0.09,1766,1766,latest_sufficient,[]
axiom,limp,0.2,0.0006047658862876252,0.15000000000000002,0.25,1761,1761,latest_sufficient,[]
axiom,aggression,0.7000000000000001,0.006348132664437014,0.5,0.8500000000000001,867,867,latest_sufficient,[]
axiom,cbet,0.1,0.0026336677814938693,0.0,0.2,193,193,latest_sufficient,[]
axiom,bluff,0.15000000000000002,0.004723383500557414,0.0,0.25,867,867,latest_sufficient,[]
axiom,stickiness,0.31,0.007393761426978818,0.26,0.65,431,431,latest_sufficient,[]
axiom,size,0.925,0.0001938249721293203,0.9,0.9326249999999999,226,226,latest_sufficient,[]
axiom,adaptive,0.0,0.2489520624303233,0.0,1.0,1298,1298,latest_sufficient,[]
data,vpip,0.6,0.0068870055741360086,0.44,0.77,151,156.3556779930433,still_sparse,"[{""age"": 1, ""gap_hours"": 0.0713411111301846, ""age_discount"": 0.1, ""time_discount"": 0.9917922209339435, ""raw_opportunities"": 54, ""weight"": 0.09917922209339436, ""effective_opportunities"": 5.355677993043296}]"
data,pfr,0.6,0.007314527313266444,0.44,0.77,153,158.45485721513668,still_sparse,"[{""age"": 1, ""gap_hours"": 0.0713411111301846, ""age_discount"": 0.1, ""time_discount"": 0.9917922209339435, ""raw_opportunities"": 55, ""weight"": 0.09917922209339436, ""effective_opportunities"": 5.454857215136689}]"
data,threebet,0.08,6.243032329988844e-06,0.07,0.08,162,162,latest_sufficient,[]
data,limp,0.45,0.007216722408026756,0.30000000000000004,0.6000000000000001,153,158.45485721513668,still_sparse,"[{""age"": 1, ""gap_hours"": 0.0713411111301846, ""age_discount"": 0.1, ""time_discount"": 0.9917922209339435, ""raw_opportunities"": 55, ""weight"": 0.09917922209339436, ""effective_opportunities"": 5.454857215136689}]"
data,aggression,0.65,0.04384515050167224,0.5,1.0,131,131,latest_sufficient,[]
data,cbet,0.7000000000000001,0.01090958751393534,0.5,0.8762499999999989,44,45.58686755349431,still_sparse,"[{""age"": 1, ""gap_hours"": 0.0713411111301846, ""age_discount"": 0.1, ""time_discount"": 0.9917922209339435, ""raw_opportunities"": 16, ""weight"": 0.09917922209339436, ""effective_opportunities"": 1.5868675534943097}]"
data,bluff,0.65,0.020424303232998885,0.5,1.0,131,131,latest_sufficient,[]
data,stickiness,0.31,0.017552297658862875,0.02,0.41000000000000003,82,84.87619744070844,still_sparse,"[{""age"": 1, ""gap_hours"": 0.0713411111301846, ""age_discount"": 0.1, ""time_discount"": 0.9917922209339435, ""raw_opportunities"": 29, ""weight"": 0.09917922209339436, ""effective_opportunities"": 2.8761974407084363}]"
data,size,0.54,0.04613145039018952,0.48,0.99,47,47.991792220933945,still_sparse,"[{""age"": 1, ""gap_hours"": 0.0713411111301846, ""age_discount"": 0.1, ""time_discount"": 0.9917922209339435, ""raw_opportunities"": 10, ""weight"": 0.09917922209339436, ""effective_opportunities"": 0.9917922209339436}]"
data,adaptive,0.0,0.0,0.0,0.0,213,213,latest_sufficient,[]
g5-veil-dot,vpip,0.4,0.013137046822742474,0.39,0.63,92,92,still_sparse,[]
g5-veil-dot,pfr,0.4,0.014069711259754735,0.25,0.61,93,93,still_sparse,[]
g5-veil-dot,threebet,0.05,0.003789520624303233,0.05,0.19,105,105,latest_sufficient,[]
g5-veil-dot,limp,0.35000000000000003,0.03782973801560759,0.15000000000000002,0.7000000000000001,93,93,still_sparse,[]
g5-veil-dot,aggression,0.2,0.013802982162764772,0.2,0.5,70,70,still_sparse,[]
g5-veil-dot,cbet,0.6000000000000001,0.003346571906354517,0.5,0.7000000000000001,26,26,still_sparse,[]
g5-veil-dot,bluff,0.8500000000000001,0.01485649386845039,0.65,1.0,70,70,still_sparse,[]
g5-veil-dot,stickiness,0.45,1.2367175562620377e-32,0.45,0.45,27,27,still_sparse,[]
g5-veil-dot,size,1.175,0.10895102424749165,0.485,1.185,22,22,still_sparse,[]
g5-veil-dot,adaptive,0.0,0.0,0.0,0.0,97,97,still_sparse,[]
jongwon,vpip,0.16,0.000430082497212932,0.14,0.22,0,95.89900847830748,still_sparse,"[{""age"": 1, ""gap_hours"": 1.0045950000153647, ""age_discount"": 0.1, ""time_discount"": 0.8904259232246751, ""raw_opportunities"": 1021, ""weight"": 0.08904259232246751, ""effective_opportunities"": 90.91248676123934}, {""age"": 2, ""gap_hours"": 1.3099586111307144, ""age_discount"": 0.010000000000000002, ""time_discount"": 0.8595619731868815, ""raw_opportunities"": 410, ""weight"": 0.008595619731868818, ""effective_opportunities"": 3.5242040900662155}, {""age"": 3, ""gap_hours"": 2.6680580555730398, ""age_discount"": 0.0010000000000000002, ""time_discount"": 0.7347491334005982, ""raw_opportunities"": 1808, ""weight"": 0.0007347491334005984, ""effective_opportunities"": 1.328426433188282}, {""age"": 4, ""gap_hours"": 3.8789602777693006, ""age_discount"": 0.00010000000000000002, ""time_discount"": 0.6388311737542999, ""raw_opportunities"": 1849, ""weight"": 6.388311737543e-05, ""effective_opportunities"": 0.11811988402717007}, {""age"": 5, ""gap_hours"": 6.07932388888465, ""age_discount"": 1.0000000000000003e-05, ""time_discount"": 0.4954390025830846, ""raw_opportunities"": 2939, ""weight"": 4.954390025830847e-06, ""effective_opportunities"": 0.01456095228591686}, {""age"": 6, ""gap_hours"": 8.80854333334499, ""age_discount"": 1.0000000000000004e-06, ""time_discount"": 0.3614603846598934, ""raw_opportunities"": 3134, ""weight"": 3.6146038465989354e-07, ""effective_opportunities"": 0.0011328168455241063}, {""age"": 7, ""gap_hours"": 11.9238747222556, ""age_discount"": 1.0000000000000004e-07, ""time_discount"": 0.25220828018248825, ""raw_opportunities"": 2968, ""weight"": 2.5220828018248835e-08, ""effective_opportunities"": 7.485541755816254e-05}, {""age"": 8, ""gap_hours"": 13.009520277778307, ""age_discount"": 1.0000000000000005e-08, ""time_discount"": 0.22247985588340194, ""raw_opportunities"": 995, ""weight"": 2.2247985588340205e-09, ""effective_opportunities"": 2.2136745660398503e-06}, {""age"": 9, ""gap_hours"": 15.692900555531184, ""age_discount"": 1.0000000000000005e-09, ""time_discount"": 0.1631777857444173, ""raw_opportunities"": 2722, ""weight"": 1.6317778574441737e-10, ""effective_opportunities"": 4.441699327963041e-07}, {""age"": 10, ""gap_hours"": 17.669745000004767, ""age_discount"": 1.0000000000000006e-10, ""time_discount"": 0.1298612134054814, ""raw_opportunities"": 2045, ""weight"": 1.2986121340548147e-11, ""effective_opportunities"": 2.655661814142096e-08}, {""age"": 11, ""gap_hours"": 18.389869166678853, ""age_discount"": 1.0000000000000006e-11, ""time_discount"": 0.11949497078727946, ""raw_opportunities"": 667, ""weight"": 1.1949497078727952e-12, ""effective_opportunities"": 7.970314551511544e-10}, {""age"": 12, ""gap_hours"": 18.69130638890796, ""age_discount"": 1.0000000000000006e-12, ""time_discount"": 0.11540537055237238, ""raw_opportunities"": 295, ""weight"": 1.1540537055237245e-13, ""effective_opportunities"": 3.4044584312949874e-11}, {""age"": 13, ""gap_hours"": 19.214530277782018, ""age_discount"": 1.0000000000000007e-13, ""time_discount"": 0.10863630998198263, ""raw_opportunities"": 473, ""weight"": 1.086363099819827e-14, ""effective_opportunities"": 5.138497462147782e-12}, {""age"": 14, ""gap_hours"": 19.780945833325386, ""age_discount"": 1.0000000000000008e-14, ""time_discount"": 0.10175528935308766, ""raw_opportunities"": 144, ""weight"": 1.0175528935308773e-15, ""effective_opportunities"": 1.4652761666844633e-13}]"
jongwon,pfr,0.16,0.000430082497212932,0.14,0.22,0,96.66856871676838,still_sparse,"[{""age"": 1, ""gap_hours"": 1.0045950000153647, ""age_discount"": 0.1, ""time_discount"": 0.8904259232246751, ""raw_opportunities"": 1029, ""weight"": 0.08904259232246751, ""effective_opportunities"": 91.62482749981908}, {""age"": 2, ""gap_hours"": 1.3099586111307144, ""age_discount"": 0.010000000000000002, ""time_discount"": 0.8595619731868815, ""raw_opportunities"": 415, ""weight"": 0.008595619731868818, ""effective_opportunities"": 3.5671821887255595}, {""age"": 3, ""gap_hours"": 2.6680580555730398, ""age_discount"": 0.0010000000000000002, ""time_discount"": 0.7347491334005982, ""raw_opportunities"": 1817, ""weight"": 0.0007347491334005984, ""effective_opportunities"": 1.3350391753888873}, {""age"": 4, ""gap_hours"": 3.8789602777693006, ""age_discount"": 0.00010000000000000002, ""time_discount"": 0.6388311737542999, ""raw_opportunities"": 1963, ""weight"": 6.388311737543e-05, ""effective_opportunities"": 0.1254025594079691}, {""age"": 5, ""gap_hours"": 6.07932388888465, ""age_discount"": 1.0000000000000003e-05, ""time_discount"": 0.4954390025830846, ""raw_opportunities"": 3008, ""weight"": 4.954390025830847e-06, ""effective_opportunities"": 0.014902805197699188}, {""age"": 6, ""gap_hours"": 8.80854333334499, ""age_discount"": 1.0000000000000004e-06, ""time_discount"": 0.3614603846598934, ""raw_opportunities"": 3144, ""weight"": 3.6146038465989354e-07, ""effective_opportunities"": 0.0011364314493707052}, {""age"": 7, ""gap_hours"": 11.9238747222556, ""age_discount"": 1.0000000000000004e-07, ""time_discount"": 0.25220828018248825, ""raw_opportunities"": 2988, ""weight"": 2.5220828018248835e-08, ""effective_opportunities"": 7.535983411852751e-05}, {""age"": 8, ""gap_hours"": 13.009520277778307, ""age_discount"": 1.0000000000000005e-08, ""time_discount"": 0.22247985588340194, ""raw_opportunities"": 998, ""weight"": 2.2247985588340205e-09, ""effective_opportunities"": 2.2203489617163525e-06}, {""age"": 9, ""gap_hours"": 15.692900555531184, ""age_discount"": 1.0000000000000005e-09, ""time_discount"": 0.1631777857444173, ""raw_opportunities"": 2751, ""weight"": 1.6317778574441737e-10, ""effective_opportunities"": 4.489020885828922e-07}, {""age"": 10, ""gap_hours"": 17.669745000004767, ""age_discount"": 1.0000000000000006e-10, ""time_discount"": 0.1298612134054814, ""raw_opportunities"": 2068, ""weight"": 1.2986121340548147e-11, ""effective_opportunities"": 2.6855298932253568e-08}, {""age"": 11, ""gap_hours"": 18.389869166678853, ""age_discount"": 1.0000000000000006e-11, ""time_discount"": 0.11949497078727946, ""raw_opportunities"": 669, ""weight"": 1.1949497078727952e-12, ""effective_opportunities"": 7.994213545669e-10}, {""age"": 12, ""gap_hours"": 18.69130638890796, ""age_discount"": 1.0000000000000006e-12, ""time_discount"": 0.11540537055237238, ""raw_opportunities"": 300, ""weight"": 1.1540537055237245e-13, ""effective_opportunities"": 3.4621611165711734e-11}, {""age"": 13, ""gap_hours"": 19.214530277782018, ""age_discount"": 1.0000000000000007e-13, ""time_discount"": 0.10863630998198263, ""raw_opportunities"": 475, ""weight"": 1.086363099819827e-14, ""effective_opportunities"": 5.1602247241441786e-12}, {""age"": 14, ""gap_hours"": 19.780945833325386, ""age_discount"": 1.0000000000000008e-14, ""time_discount"": 0.10175528935308766, ""raw_opportunities"": 144, ""weight"": 1.0175528935308773e-15, ""effective_opportunities"": 1.4652761666844633e-13}]"
jongwon,threebet,0.02,3.299888517279822e-05,0.01,0.03,0,88.45391613911274,still_sparse,"[{""age"": 1, ""gap_hours"": 1.0045950000153647, ""age_discount"": 0.1, ""time_discount"": 0.8904259232246751, ""raw_opportunities"": 946, ""weight"": 0.08904259232246751, ""effective_opportunities"": 84.23429233705427}, {""age"": 2, ""gap_hours"": 1.3099586111307144, ""age_discount"": 0.010000000000000002, ""time_discount"": 0.8595619731868815, ""raw_opportunities"": 340, ""weight"": 0.008595619731868818, ""effective_opportunities"": 2.922510708835398}, {""age"": 3, ""gap_hours"": 2.6680580555730398, ""age_discount"": 0.0010000000000000002, ""time_discount"": 0.7347491334005982, ""raw_opportunities"": 1626, ""weight"": 0.0007347491334005984, ""effective_opportunities"": 1.194702090909373}, {""age"": 4, ""gap_hours"": 3.8789602777693006, ""age_discount"": 0.00010000000000000002, ""time_discount"": 0.6388311737542999, ""raw_opportunities"": 1361, ""weight"": 6.388311737543e-05, ""effective_opportunities"": 0.08694492274796023}, {""age"": 5, ""gap_hours"": 6.07932388888465, ""age_discount"": 1.0000000000000003e-05, ""time_discount"": 0.4954390025830846, ""raw_opportunities"": 2819, ""weight"": 4.954390025830847e-06, ""effective_opportunities"": 0.013966425482817157}, {""age"": 6, ""gap_hours"": 8.80854333334499, ""age_discount"": 1.0000000000000004e-06, ""time_discount"": 0.3614603846598934, ""raw_opportunities"": 3924, ""weight"": 3.6146038465989354e-07, ""effective_opportunities"": 0.0014183705494054222}, {""age"": 7, ""gap_hours"": 11.9238747222556, ""age_discount"": 1.0000000000000004e-07, ""time_discount"": 0.25220828018248825, ""raw_opportunities"": 3110, ""weight"": 2.5220828018248835e-08, ""effective_opportunities"": 7.843677513675388e-05}, {""age"": 8, ""gap_hours"": 13.009520277778307, ""age_discount"": 1.0000000000000005e-08, ""time_discount"": 0.22247985588340194, ""raw_opportunities"": 1070, ""weight"": 2.2247985588340205e-09, ""effective_opportunities"": 2.380534457952402e-06}, {""age"": 9, ""gap_hours"": 15.692900555531184, ""age_discount"": 1.0000000000000005e-09, ""time_discount"": 0.1631777857444173, ""raw_opportunities"": 2716, ""weight"": 1.6317778574441737e-10, ""effective_opportunities"": 4.431908660818376e-07}, {""age"": 10, ""gap_hours"": 17.669745000004767, ""age_discount"": 1.0000000000000006e-10, ""time_discount"": 0.1298612134054814, ""raw_opportunities"": 1704, ""weight"": 1.2986121340548147e-11, ""effective_opportunities"": 2.212835076429404e-08}, {""age"": 11, ""gap_hours"": 18.389869166678853, ""age_discount"": 1.0000000000000006e-11, ""time_discount"": 0.11949497078727946, ""raw_opportunities"": 720, ""weight"": 1.1949497078727952e-12, ""effective_opportunities"": 8.603637896684125e-10}, {""age"": 12, ""gap_hours"": 18.69130638890796, ""age_discount"": 1.0000000000000006e-12, ""time_discount"": 0.11540537055237238, ""raw_opportunities"": 361, ""weight"": 1.1540537055237245e-13, ""effective_opportunities"": 4.166133876940645e-11}, {""age"": 13, ""gap_hours"": 19.214530277782018, ""age_discount"": 1.0000000000000007e-13, ""time_discount"": 0.10863630998198263, ""raw_opportunities"": 239, ""weight"": 1.086363099819827e-14, ""effective_opportunities"": 2.5964078085693866e-12}, {""age"": 14, ""gap_hours"": 19.780945833325386, ""age_discount"": 1.0000000000000008e-14, ""time_discount"": 0.10175528935308766, ""raw_opportunities"": 70, ""weight"": 1.0175528935308773e-15, ""effective_opportunities"": 7.122870254716142e-14}]"
jongwon,limp,0.1,0.0011800167224080274,0.05,0.2,0,96.66856871676838,still_sparse,"[{""age"": 1, ""gap_hours"": 1.0045950000153647, ""age_discount"": 0.1, ""time_discount"": 0.8904259232246751, ""raw_opportunities"": 1029, ""weight"": 0.08904259232246751, ""effective_opportunities"": 91.62482749981908}, {""age"": 2, ""gap_hours"": 1.3099586111307144, ""age_discount"": 0.010000000000000002, ""time_discount"": 0.8595619731868815, ""raw_opportunities"": 415, ""weight"": 0.008595619731868818, ""effective_opportunities"": 3.5671821887255595}, {""age"": 3, ""gap_hours"": 2.6680580555730398, ""age_discount"": 0.0010000000000000002, ""time_discount"": 0.7347491334005982, ""raw_opportunities"": 1817, ""weight"": 0.0007347491334005984, ""effective_opportunities"": 1.3350391753888873}, {""age"": 4, ""gap_hours"": 3.8789602777693006, ""age_discount"": 0.00010000000000000002, ""time_discount"": 0.6388311737542999, ""raw_opportunities"": 1963, ""weight"": 6.388311737543e-05, ""effective_opportunities"": 0.1254025594079691}, {""age"": 5, ""gap_hours"": 6.07932388888465, ""age_discount"": 1.0000000000000003e-05, ""time_discount"": 0.4954390025830846, ""raw_opportunities"": 3008, ""weight"": 4.954390025830847e-06, ""effective_opportunities"": 0.014902805197699188}, {""age"": 6, ""gap_hours"": 8.80854333334499, ""age_discount"": 1.0000000000000004e-06, ""time_discount"": 0.3614603846598934, ""raw_opportunities"": 3144, ""weight"": 3.6146038465989354e-07, ""effective_opportunities"": 0.0011364314493707052}, {""age"": 7, ""gap_hours"": 11.9238747222556, ""age_discount"": 1.0000000000000004e-07, ""time_discount"": 0.25220828018248825, ""raw_opportunities"": 2988, ""weight"": 2.5220828018248835e-08, ""effective_opportunities"": 7.535983411852751e-05}, {""age"": 8, ""gap_hours"": 13.009520277778307, ""age_discount"": 1.0000000000000005e-08, ""time_discount"": 0.22247985588340194, ""raw_opportunities"": 998, ""weight"": 2.2247985588340205e-09, ""effective_opportunities"": 2.2203489617163525e-06}, {""age"": 9, ""gap_hours"": 15.692900555531184, ""age_discount"": 1.0000000000000005e-09, ""time_discount"": 0.1631777857444173, ""raw_opportunities"": 2751, ""weight"": 1.6317778574441737e-10, ""effective_opportunities"": 4.489020885828922e-07}, {""age"": 10, ""gap_hours"": 17.669745000004767, ""age_discount"": 1.0000000000000006e-10, ""time_discount"": 0.1298612134054814, ""raw_opportunities"": 2068, ""weight"": 1.2986121340548147e-11, ""effective_opportunities"": 2.6855298932253568e-08}, {""age"": 11, ""gap_hours"": 18.389869166678853, ""age_discount"": 1.0000000000000006e-11, ""time_discount"": 0.11949497078727946, ""raw_opportunities"": 669, ""weight"": 1.1949497078727952e-12, ""effective_opportunities"": 7.994213545669e-10}, {""age"": 12, ""gap_hours"": 18.69130638890796, ""age_discount"": 1.0000000000000006e-12, ""time_discount"": 0.11540537055237238, ""raw_opportunities"": 300, ""weight"": 1.1540537055237245e-13, ""effective_opportunities"": 3.4621611165711734e-11}, {""age"": 13, ""gap_hours"": 19.214530277782018, ""age_discount"": 1.0000000000000007e-13, ""time_discount"": 0.10863630998198263, ""raw_opportunities"": 475, ""weight"": 1.086363099819827e-14, ""effective_opportunities"": 5.1602247241441786e-12}, {""age"": 14, ""gap_hours"": 19.780945833325386, ""age_discount"": 1.0000000000000008e-14, ""time_discount"": 0.10175528935308766, ""raw_opportunities"": 144, ""weight"": 1.0175528935308773e-15, ""effective_opportunities"": 1.4652761666844633e-13}]"
jongwon,aggression,0.7000000000000001,0.012687040133779262,0.7000000000000001,1.0,0,27.1608069495458,still_sparse,"[{""age"": 1, ""gap_hours"": 1.0045950000153647, ""age_discount"": 0.1, ""time_discount"": 0.8904259232246751, ""raw_opportunities"": 285, ""weight"": 0.08904259232246751, ""effective_opportunities"": 25.37713881190324}, {""age"": 2, ""gap_hours"": 1.3099586111307144, ""age_discount"": 0.010000000000000002, ""time_discount"": 0.8595619731868815, ""raw_opportunities"": 131, ""weight"": 0.008595619731868818, ""effective_opportunities"": 1.1260261848748152}, {""age"": 3, ""gap_hours"": 2.6680580555730398, ""age_discount"": 0.0010000000000000002, ""time_discount"": 0.7347491334005982, ""raw_opportunities"": 745, ""weight"": 0.0007347491334005984, ""effective_opportunities"": 0.5473881043834459}, {""age"": 4, ""gap_hours"": 3.8789602777693006, ""age_discount"": 0.00010000000000000002, ""time_discount"": 0.6388311737542999, ""raw_opportunities"": 1515, ""weight"": 6.388311737543e-05, ""effective_opportunities"": 0.09678292282377644}, {""age"": 5, ""gap_hours"": 6.07932388888465, ""age_discount"": 1.0000000000000003e-05, ""time_discount"": 0.4954390025830846, ""raw_opportunities"": 2601, ""weight"": 4.954390025830847e-06, ""effective_opportunities"": 0.012886368457186033}, {""age"": 6, ""gap_hours"": 8.80854333334499, ""age_discount"": 1.0000000000000004e-06, ""time_discount"": 0.3614603846598934, ""raw_opportunities"": 1546, ""weight"": 3.6146038465989354e-07, ""effective_opportunities"": 0.0005588177546841954}, {""age"": 7, ""gap_hours"": 11.9238747222556, ""age_discount"": 1.0000000000000004e-07, ""time_discount"": 0.25220828018248825, ""raw_opportunities"": 989, ""weight"": 2.5220828018248835e-08, ""effective_opportunities"": 2.4943398910048096e-05}, {""age"": 8, ""gap_hours"": 13.009520277778307, ""age_discount"": 1.0000000000000005e-08, ""time_discount"": 0.22247985588340194, ""raw_opportunities"": 295, ""weight"": 2.2247985588340205e-09, ""effective_opportunities"": 6.563155748560361e-07}, {""age"": 9, ""gap_hours"": 15.692900555531184, ""age_discount"": 1.0000000000000005e-09, ""time_discount"": 0.1631777857444173, ""raw_opportunities"": 805, ""weight"": 1.6317778574441737e-10, ""effective_opportunities"": 1.3135811752425599e-07}, {""age"": 10, ""gap_hours"": 17.669745000004767, ""age_discount"": 1.0000000000000006e-10, ""time_discount"": 0.1298612134054814, ""raw_opportunities"": 614, ""weight"": 1.2986121340548147e-11, ""effective_opportunities"": 7.973478503096562e-09}, {""age"": 11, ""gap_hours"": 18.389869166678853, ""age_discount"": 1.0000000000000006e-11, ""time_discount"": 0.11949497078727946, ""raw_opportunities"": 243, ""weight"": 1.1949497078727952e-12, ""effective_opportunities"": 2.9037277901308924e-10}, {""age"": 12, ""gap_hours"": 18.69130638890796, ""age_discount"": 1.0000000000000006e-12, ""time_discount"": 0.11540537055237238, ""raw_opportunities"": 98, ""weight"": 1.1540537055237245e-13, ""effective_opportunities"": 1.13097263141325e-11}, {""age"": 13, ""gap_hours"": 19.214530277782018, ""age_discount"": 1.0000000000000007e-13, ""time_discount"": 0.10863630998198263, ""raw_opportunities"": 82, ""weight"": 1.086363099819827e-14, ""effective_opportunities"": 8.908177418522582e-13}]"
jongwon,cbet,0.2,0.013533416945373467,0.0,0.4262499999999989,0,8.176531401025255,still_sparse,"[{""age"": 1, ""gap_hours"": 1.0045950000153647, ""age_discount"": 0.1, ""time_discount"": 0.8904259232246751, ""raw_opportunities"": 87, ""weight"": 0.08904259232246751, ""effective_opportunities"": 7.746705532054674}, {""age"": 2, ""gap_hours"": 1.3099586111307144, ""age_discount"": 0.010000000000000002, ""time_discount"": 0.8595619731868815, ""raw_opportunities"": 30, ""weight"": 0.008595619731868818, ""effective_opportunities"": 0.25786859195606454}, {""age"": 3, ""gap_hours"": 2.6680580555730398, ""age_discount"": 0.0010000000000000002, ""time_discount"": 0.7347491334005982, ""raw_opportunities"": 191, ""weight"": 0.0007347491334005984, ""effective_opportunities"": 0.1403370844795143}, {""age"": 4, ""gap_hours"": 3.8789602777693006, ""age_discount"": 0.00010000000000000002, ""time_discount"": 0.6388311737542999, ""raw_opportunities"": 437, ""weight"": 6.388311737543e-05, ""effective_opportunities"": 0.027916922293062908}, {""age"": 5, ""gap_hours"": 6.07932388888465, ""age_discount"": 1.0000000000000003e-05, ""time_discount"": 0.4954390025830846, ""raw_opportunities"": 715, ""weight"": 4.954390025830847e-06, ""effective_opportunities"": 0.003542388868469056}, {""age"": 6, ""gap_hours"": 8.80854333334499, ""age_discount"": 1.0000000000000004e-06, ""time_discount"": 0.3614603846598934, ""raw_opportunities"": 422, ""weight"": 3.6146038465989354e-07, ""effective_opportunities"": 0.00015253628232647507}, {""age"": 7, ""gap_hours"": 11.9238747222556, ""age_discount"": 1.0000000000000004e-07, ""time_discount"": 0.25220828018248825, ""raw_opportunities"": 321, ""weight"": 2.5220828018248835e-08, ""effective_opportunities"": 8.095885793857876e-06}, {""age"": 8, ""gap_hours"": 13.009520277778307, ""age_discount"": 1.0000000000000005e-08, ""time_discount"": 0.22247985588340194, ""raw_opportunities"": 92, ""weight"": 2.2247985588340205e-09, ""effective_opportunities"": 2.0468146741272988e-07}, {""age"": 9, ""gap_hours"": 15.692900555531184, ""age_discount"": 1.0000000000000005e-09, ""time_discount"": 0.1631777857444173, ""raw_opportunities"": 256, ""weight"": 1.6317778574441737e-10, ""effective_opportunities"": 4.177351315057085e-08}, {""age"": 10, ""gap_hours"": 17.669745000004767, ""age_discount"": 1.0000000000000006e-10, ""time_discount"": 0.1298612134054814, ""raw_opportunities"": 207, ""weight"": 1.2986121340548147e-11, ""effective_opportunities"": 2.6881271174934664e-09}, {""age"": 11, ""gap_hours"": 18.389869166678853, ""age_discount"": 1.0000000000000006e-11, ""time_discount"": 0.11949497078727946, ""raw_opportunities"": 49, ""weight"": 1.1949497078727952e-12, ""effective_opportunities"": 5.855253568576697e-11}, {""age"": 12, ""gap_hours"": 18.69130638890796, ""age_discount"": 1.0000000000000006e-12, ""time_discount"": 0.11540537055237238, ""raw_opportunities"": 30, ""weight"": 1.1540537055237245e-13, ""effective_opportunities"": 3.4621611165711735e-12}, {""age"": 13, ""gap_hours"": 19.214530277782018, ""age_discount"": 1.0000000000000007e-13, ""time_discount"": 0.10863630998198263, ""raw_opportunities"": 21, ""weight"": 1.086363099819827e-14, ""effective_opportunities"": 2.2813625096216366e-13}]"
jongwon,bluff,0.75,0.007674581939799332,0.5737500000000001,0.9,0,27.1608069495458,still_sparse,"[{""age"": 1, ""gap_hours"": 1.0045950000153647, ""age_discount"": 0.1, ""time_discount"": 0.8904259232246751, ""raw_opportunities"": 285, ""weight"": 0.08904259232246751, ""effective_opportunities"": 25.37713881190324}, {""age"": 2, ""gap_hours"": 1.3099586111307144, ""age_discount"": 0.010000000000000002, ""time_discount"": 0.8595619731868815, ""raw_opportunities"": 131, ""weight"": 0.008595619731868818, ""effective_opportunities"": 1.1260261848748152}, {""age"": 3, ""gap_hours"": 2.6680580555730398, ""age_discount"": 0.0010000000000000002, ""time_discount"": 0.7347491334005982, ""raw_opportunities"": 745, ""weight"": 0.0007347491334005984, ""effective_opportunities"": 0.5473881043834459}, {""age"": 4, ""gap_hours"": 3.8789602777693006, ""age_discount"": 0.00010000000000000002, ""time_discount"": 0.6388311737542999, ""raw_opportunities"": 1515, ""weight"": 6.388311737543e-05, ""effective_opportunities"": 0.09678292282377644}, {""age"": 5, ""gap_hours"": 6.07932388888465, ""age_discount"": 1.0000000000000003e-05, ""time_discount"": 0.4954390025830846, ""raw_opportunities"": 2601, ""weight"": 4.954390025830847e-06, ""effective_opportunities"": 0.012886368457186033}, {""age"": 6, ""gap_hours"": 8.80854333334499, ""age_discount"": 1.0000000000000004e-06, ""time_discount"": 0.3614603846598934, ""raw_opportunities"": 1546, ""weight"": 3.6146038465989354e-07, ""effective_opportunities"": 0.0005588177546841954}, {""age"": 7, ""gap_hours"": 11.9238747222556, ""age_discount"": 1.0000000000000004e-07, ""time_discount"": 0.25220828018248825, ""raw_opportunities"": 989, ""weight"": 2.5220828018248835e-08, ""effective_opportunities"": 2.4943398910048096e-05}, {""age"": 8, ""gap_hours"": 13.009520277778307, ""age_discount"": 1.0000000000000005e-08, ""time_discount"": 0.22247985588340194, ""raw_opportunities"": 295, ""weight"": 2.2247985588340205e-09, ""effective_opportunities"": 6.563155748560361e-07}, {""age"": 9, ""gap_hours"": 15.692900555531184, ""age_discount"": 1.0000000000000005e-09, ""time_discount"": 0.1631777857444173, ""raw_opportunities"": 805, ""weight"": 1.6317778574441737e-10, ""effective_opportunities"": 1.3135811752425599e-07}, {""age"": 10, ""gap_hours"": 17.669745000004767, ""age_discount"": 1.0000000000000006e-10, ""time_discount"": 0.1298612134054814, ""raw_opportunities"": 614, ""weight"": 1.2986121340548147e-11, ""effective_opportunities"": 7.973478503096562e-09}, {""age"": 11, ""gap_hours"": 18.389869166678853, ""age_discount"": 1.0000000000000006e-11, ""time_discount"": 0.11949497078727946, ""raw_opportunities"": 243, ""weight"": 1.1949497078727952e-12, ""effective_opportunities"": 2.9037277901308924e-10}, {""age"": 12, ""gap_hours"": 18.69130638890796, ""age_discount"": 1.0000000000000006e-12, ""time_discount"": 0.11540537055237238, ""raw_opportunities"": 98, ""weight"": 1.1540537055237245e-13, ""effective_opportunities"": 1.13097263141325e-11}, {""age"": 13, ""gap_hours"": 19.214530277782018, ""age_discount"": 1.0000000000000007e-13, ""time_discount"": 0.10863630998198263, ""raw_opportunities"": 82, ""weight"": 1.086363099819827e-14, ""effective_opportunities"": 8.908177418522582e-13}]"
jongwon,stickiness,0.44,0.01582463768115942,0.11,0.5,0,13.187834907638479,still_sparse,"[{""age"": 1, ""gap_hours"": 1.0045950000153647, ""age_discount"": 0.1, ""time_discount"": 0.8904259232246751, ""raw_opportunities"": 138, ""weight"": 0.08904259232246751, ""effective_opportunities"": 12.287877740500518}, {""age"": 2, ""gap_hours"": 1.3099586111307144, ""age_discount"": 0.010000000000000002, ""time_discount"": 0.8595619731868815, ""raw_opportunities"": 70, ""weight"": 0.008595619731868818, ""effective_opportunities"": 0.6016933812308173}, {""age"": 3, ""gap_hours"": 2.6680580555730398, ""age_discount"": 0.0010000000000000002, ""time_discount"": 0.7347491334005982, ""raw_opportunities"": 350, ""weight"": 0.0007347491334005984, ""effective_opportunities"": 0.25716219669020945}, {""age"": 4, ""gap_hours"": 3.8789602777693006, ""age_discount"": 0.00010000000000000002, ""time_discount"": 0.6388311737542999, ""raw_opportunities"": 562, ""weight"": 6.388311737543e-05, ""effective_opportunities"": 0.03590231196499166}, {""age"": 5, ""gap_hours"": 6.07932388888465, ""age_discount"": 1.0000000000000003e-05, ""time_discount"": 0.4954390025830846, ""raw_opportunities"": 974, ""weight"": 4.954390025830847e-06, ""effective_opportunities"": 0.004825575885159245}, {""age"": 6, ""gap_hours"": 8.80854333334499, ""age_discount"": 1.0000000000000004e-06, ""time_discount"": 0.3614603846598934, ""raw_opportunities"": 996, ""weight"": 3.6146038465989354e-07, ""effective_opportunities"": 0.00036001454312125394}, {""age"": 7, ""gap_hours"": 11.9238747222556, ""age_discount"": 1.0000000000000004e-07, ""time_discount"": 0.25220828018248825, ""raw_opportunities"": 529, ""weight"": 2.5220828018248835e-08, ""effective_opportunities"": 1.3341818021653634e-05}, {""age"": 8, ""gap_hours"": 13.009520277778307, ""age_discount"": 1.0000000000000005e-08, ""time_discount"": 0.22247985588340194, ""raw_opportunities"": 123, ""weight"": 2.2247985588340205e-09, ""effective_opportunities"": 2.7365022273658454e-07}, {""age"": 9, ""gap_hours"": 15.692900555531184, ""age_discount"": 1.0000000000000005e-09, ""time_discount"": 0.1631777857444173, ""raw_opportunities"": 415, ""weight"": 1.6317778574441737e-10, ""effective_opportunities"": 6.771878108393321e-08}, {""age"": 10, ""gap_hours"": 17.669745000004767, ""age_discount"": 1.0000000000000006e-10, ""time_discount"": 0.1298612134054814, ""raw_opportunities"": 267, ""weight"": 1.2986121340548147e-11, ""effective_opportunities"": 3.467294397926355e-09}, {""age"": 11, ""gap_hours"": 18.389869166678853, ""age_discount"": 1.0000000000000006e-11, ""time_discount"": 0.11949497078727946, ""raw_opportunities"": 137, ""weight"": 1.1949497078727952e-12, ""effective_opportunities"": 1.6370810997857295e-10}, {""age"": 12, ""gap_hours"": 18.69130638890796, ""age_discount"": 1.0000000000000006e-12, ""time_discount"": 0.11540537055237238, ""raw_opportunities"": 46, ""weight"": 1.1540537055237245e-13, ""effective_opportunities"": 5.308647045409132e-12}, {""age"": 13, ""gap_hours"": 19.214530277782018, ""age_discount"": 1.0000000000000007e-13, ""time_discount"": 0.10863630998198263, ""raw_opportunities"": 30, ""weight"": 1.086363099819827e-14, ""effective_opportunities"": 3.259089299459481e-13}]"
jongwon,size,0.89,2.0816889632107062e-05,0.885,0.905,0,10.759226136755425,still_sparse,"[{""age"": 1, ""gap_hours"": 1.0045950000153647, ""age_discount"": 0.1, ""time_discount"": 0.8904259232246751, ""raw_opportunities"": 113, ""weight"": 0.08904259232246751, ""effective_opportunities"": 10.06181293243883}, {""age"": 2, ""gap_hours"": 1.3099586111307144, ""age_discount"": 0.010000000000000002, ""time_discount"": 0.8595619731868815, ""raw_opportunities"": 51, ""weight"": 0.008595619731868818, ""effective_opportunities"": 0.4383766063253097}, {""age"": 3, ""gap_hours"": 2.6680580555730398, ""age_discount"": 0.0010000000000000002, ""time_discount"": 0.7347491334005982, ""raw_opportunities"": 301, ""weight"": 0.0007347491334005984, ""effective_opportunities"": 0.22115948915358014}, {""age"": 4, ""gap_hours"": 3.8789602777693006, ""age_discount"": 0.00010000000000000002, ""time_discount"": 0.6388311737542999, ""raw_opportunities"": 504, ""weight"": 6.388311737543e-05, ""effective_opportunities"": 0.032197091157216716}, {""age"": 5, ""gap_hours"": 6.07932388888465, ""age_discount"": 1.0000000000000003e-05, ""time_discount"": 0.4954390025830846, ""raw_opportunities"": 1106, ""weight"": 4.954390025830847e-06, ""effective_opportunities"": 0.005479555368568917}, {""age"": 6, ""gap_hours"": 8.80854333334499, ""age_discount"": 1.0000000000000004e-06, ""time_discount"": 0.3614603846598934, ""raw_opportunities"": 532, ""weight"": 3.6146038465989354e-07, ""effective_opportunities"": 0.00019229692463906337}, {""age"": 7, ""gap_hours"": 11.9238747222556, ""age_discount"": 1.0000000000000004e-07, ""time_discount"": 0.25220828018248825, ""raw_opportunities"": 312, ""weight"": 2.5220828018248835e-08, ""effective_opportunities"": 7.868898341693636e-06}, {""age"": 8, ""gap_hours"": 13.009520277778307, ""age_discount"": 1.0000000000000005e-08, ""time_discount"": 0.22247985588340194, ""raw_opportunities"": 111, ""weight"": 2.2247985588340205e-09, ""effective_opportunities"": 2.4695264003057627e-07}, {""age"": 9, ""gap_hours"": 15.692900555531184, ""age_discount"": 1.0000000000000005e-09, ""time_discount"": 0.1631777857444173, ""raw_opportunities"": 288, ""weight"": 1.6317778574441737e-10, ""effective_opportunities"": 4.69952022943922e-08}, {""age"": 10, ""gap_hours"": 17.669745000004767, ""age_discount"": 1.0000000000000006e-10, ""time_discount"": 0.1298612134054814, ""raw_opportunities"": 188, ""weight"": 1.2986121340548147e-11, ""effective_opportunities"": 2.4413908120230514e-09}, {""age"": 11, ""gap_hours"": 18.389869166678853, ""age_discount"": 1.0000000000000006e-11, ""time_discount"": 0.11949497078727946, ""raw_opportunities"": 81, ""weight"": 1.1949497078727952e-12, ""effective_opportunities"": 9.679092633769641e-11}, {""age"": 12, ""gap_hours"": 18.69130638890796, ""age_discount"": 1.0000000000000006e-12, ""time_discount"": 0.11540537055237238, ""raw_opportunities"": 23, ""weight"": 1.1540537055237245e-13, ""effective_opportunities"": 2.654323522704566e-12}, {""age"": 13, ""gap_hours"": 19.214530277782018, ""age_discount"": 1.0000000000000007e-13, ""time_discount"": 0.10863630998198263, ""raw_opportunities"": 24, ""weight"": 1.086363099819827e-14, ""effective_opportunities"": 2.607271439567585e-13}]"
jongwon,adaptive,0.0,0.0,0.0,0.0,0,40.348641857184276,still_sparse,"[{""age"": 1, ""gap_hours"": 1.0045950000153647, ""age_discount"": 0.1, ""time_discount"": 0.8904259232246751, ""raw_opportunities"": 423, ""weight"": 0.08904259232246751, ""effective_opportunities"": 37.665016552403756}, {""age"": 2, ""gap_hours"": 1.3099586111307144, ""age_discount"": 0.010000000000000002, ""time_discount"": 0.8595619731868815, ""raw_opportunities"": 201, ""weight"": 0.008595619731868818, ""effective_opportunities"": 1.7277195661056324}, {""age"": 3, ""gap_hours"": 2.6680580555730398, ""age_discount"": 0.0010000000000000002, ""time_discount"": 0.7347491334005982, ""raw_opportunities"": 1095, ""weight"": 0.0007347491334005984, ""effective_opportunities"": 0.8045503010736553}, {""age"": 4, ""gap_hours"": 3.8789602777693006, ""age_discount"": 0.00010000000000000002, ""time_discount"": 0.6388311737542999, ""raw_opportunities"": 2077, ""weight"": 6.388311737543e-05, ""effective_opportunities"": 0.13268523478876812}, {""age"": 5, ""gap_hours"": 6.07932388888465, ""age_discount"": 1.0000000000000003e-05, ""time_discount"": 0.4954390025830846, ""raw_opportunities"": 3575, ""weight"": 4.954390025830847e-06, ""effective_opportunities"": 0.017711944342345277}, {""age"": 6, ""gap_hours"": 8.80854333334499, ""age_discount"": 1.0000000000000004e-06, ""time_discount"": 0.3614603846598934, ""raw_opportunities"": 2542, ""weight"": 3.6146038465989354e-07, ""effective_opportunities"": 0.0009188322978054494}, {""age"": 7, ""gap_hours"": 11.9238747222556, ""age_discount"": 1.0000000000000004e-07, ""time_discount"": 0.25220828018248825, ""raw_opportunities"": 1518, ""weight"": 2.5220828018248835e-08, ""effective_opportunities"": 3.828521693170173e-05}, {""age"": 8, ""gap_hours"": 13.009520277778307, ""age_discount"": 1.0000000000000005e-08, ""time_discount"": 0.22247985588340194, ""raw_opportunities"": 418, ""weight"": 2.2247985588340205e-09, ""effective_opportunities"": 9.299657975926206e-07}, {""age"": 9, ""gap_hours"": 15.692900555531184, ""age_discount"": 1.0000000000000005e-09, ""time_discount"": 0.1631777857444173, ""raw_opportunities"": 1220, ""weight"": 1.6317778574441737e-10, ""effective_opportunities"": 1.990768986081892e-07}, {""age"": 10, ""gap_hours"": 17.669745000004767, ""age_discount"": 1.0000000000000006e-10, ""time_discount"": 0.1298612134054814, ""raw_opportunities"": 881, ""weight"": 1.2986121340548147e-11, ""effective_opportunities"": 1.1440772901022918e-08}, {""age"": 11, ""gap_hours"": 18.389869166678853, ""age_discount"": 1.0000000000000006e-11, ""time_discount"": 0.11949497078727946, ""raw_opportunities"": 380, ""weight"": 1.1949497078727952e-12, ""effective_opportunities"": 4.5408088899166216e-10}, {""age"": 12, ""gap_hours"": 18.69130638890796, ""age_discount"": 1.0000000000000006e-12, ""time_discount"": 0.11540537055237238, ""raw_opportunities"": 144, ""weight"": 1.1540537055237245e-13, ""effective_opportunities"": 1.661837335954163e-11}, {""age"": 13, ""gap_hours"": 19.214530277782018, ""age_discount"": 1.0000000000000007e-13, ""time_discount"": 0.10863630998198263, ""raw_opportunities"": 112, ""weight"": 1.086363099819827e-14, ""effective_opportunities"": 1.2167266717982063e-12}]"
let it go,vpip,0.06,0.0006421137123745821,0.06,0.11,1480,1480,latest_sufficient,[]
let it go,pfr,0.0,0.0,0.0,0.0,1484,1484,latest_sufficient,[]
let it go,threebet,0.0,0.0,0.0,0.0,1698,1698,latest_sufficient,[]
let it go,limp,0.05,4.830927954148585e-35,0.05,0.05,1484,1484,latest_sufficient,[]
let it go,aggression,0.2,0.009997324414715719,0.0,0.2,558,558,latest_sufficient,[]
let it go,cbet,0.0,0.0014083333333333335,0.0,0.0,7,7,still_sparse,[]
let it go,bluff,0.15000000000000002,0.002143227424749164,0.1,0.25,558,558,latest_sufficient,[]
let it go,stickiness,0.02,6.095317725752509e-05,0.02,0.05,437,437,latest_sufficient,[]
let it go,size,0.435,1.4077480490523994e-06,0.435,0.435,103,103,latest_sufficient,[]
let it go,adaptive,0.0,0.0033333333333333335,0.0,0.0,995,995,latest_sufficient,[]
netanyahu,vpip,0.23,7.729484726637736e-34,0.23,0.23,3867,3867,latest_sufficient,[]
netanyahu,pfr,0.23,7.729484726637736e-34,0.23,0.23,3884,3884,latest_sufficient,[]
netanyahu,threebet,0.03,0.0,0.03,0.03,4523,4523,latest_sufficient,[]
netanyahu,limp,0.1,0.00023901895206243046,0.05,0.1,3884,3884,latest_sufficient,[]
netanyahu,aggression,0.7000000000000001,0.0037052396878483854,0.5,0.7000000000000001,1726,1726,latest_sufficient,[]
netanyahu,cbet,0.5,0.00440356744704571,0.35000000000000003,0.6000000000000001,459,459,latest_sufficient,[]
netanyahu,bluff,0.9500000000000001,0.002039548494983276,0.8500000000000001,1.0,1726,1726,latest_sufficient,[]
netanyahu,stickiness,0.21,0.018307357859531775,0.08900000000000002,0.47574999999999934,975,975,latest_sufficient,[]
netanyahu,size,0.36,5.635172798216286e-06,0.36,0.365,793,793,latest_sufficient,[]
netanyahu,adaptive,0.0,0.0,0.0,0.0,2701,2701,latest_sufficient,[]
poke-bowl,vpip,0.32,0.0007789018952062435,0.23,0.35000000000000003,2465,2465,latest_sufficient,[]
poke-bowl,pfr,0.32,0.0007789018952062435,0.23,0.35000000000000003,2481,2481,latest_sufficient,[]
poke-bowl,threebet,0.03,0.00012853846153846156,0.03,0.06,2172,2172,latest_sufficient,[]
poke-bowl,limp,0.25,0.0011641861761426979,0.15000000000000002,0.30000000000000004,2481,2481,latest_sufficient,[]
poke-bowl,aggression,0.5,0.0169314381270903,0.2,0.5,1562,1562,latest_sufficient,[]
poke-bowl,cbet,0.15000000000000002,0.011469453734671127,0.0,0.4,227,227,latest_sufficient,[]
poke-bowl,bluff,1.0,0.00022898550724637632,0.9500000000000001,1.0,1562,1562,latest_sufficient,[]
poke-bowl,stickiness,0.31,0.004227273132664438,0.21,0.37,836,836,latest_sufficient,[]
poke-bowl,size,0.78,4.1109253065774864e-07,0.78,0.78,819,819,latest_sufficient,[]
poke-bowl,adaptive,0.0,0.15851727982162767,0.0,1.0,2398,2398,latest_sufficient,[]
regrets,vpip,0.23,0.001563259754738016,0.1595,0.28,317,317,latest_sufficient,[]
regrets,pfr,0.23,0.0015840758082497216,0.1595,0.28,322,322,latest_sufficient,[]
regrets,threebet,0.05,0.0001454804905239688,0.02,0.06,217,217,latest_sufficient,[]
regrets,limp,0.15000000000000002,0.005475919732441472,0.0,0.2,322,322,latest_sufficient,[]
regrets,aggression,0.5,0.002773244147157191,0.5,0.5,86,100.0,older_prior_used,"[{""age"": 1, ""gap_hours"": 3.3660897221830157, ""age_discount"": 0.1, ""time_discount"": 0.6778251376294218, ""raw_opportunities"": 1897, ""weight"": 0.007380073800738007, ""effective_opportunities"": 14.0}]"
regrets,cbet,0.0,0.00022575250836120403,0.0,0.05,26,50.0,older_prior_used,"[{""age"": 1, ""gap_hours"": 3.3660897221830157, ""age_discount"": 0.1, ""time_discount"": 0.6778251376294218, ""raw_opportunities"": 632, ""weight"": 0.0379746835443038, ""effective_opportunities"": 24.0}]"
regrets,bluff,0.05,0.0031821627647714607,0.0,0.15000000000000002,86,100.0,older_prior_used,"[{""age"": 1, ""gap_hours"": 3.3660897221830157, ""age_discount"": 0.1, ""time_discount"": 0.6778251376294218, ""raw_opportunities"": 1897, ""weight"": 0.007380073800738007, ""effective_opportunities"": 14.0}]"
regrets,stickiness,0.02,0.012891192865105908,0.01,0.35000000000000003,35,100.0,older_prior_used,"[{""age"": 1, ""gap_hours"": 3.3660897221830157, ""age_discount"": 0.1, ""time_discount"": 0.6778251376294218, ""raw_opportunities"": 1703, ""weight"": 0.03816793893129771, ""effective_opportunities"": 65.0}]"
regrets,size,0.645,1.3473801560758106e-05,0.64,0.655,19,33.91215302784728,still_sparse,"[{""age"": 1, ""gap_hours"": 3.3660897221830157, ""age_discount"": 0.1, ""time_discount"": 0.6778251376294218, ""raw_opportunities"": 220, ""weight"": 0.06778251376294218, ""effective_opportunities"": 14.91215302784728}]"
regrets,adaptive,0.0,0.152329988851728,0.0,1.0,121,200.0,older_prior_used,"[{""age"": 1, ""gap_hours"": 3.3660897221830157, ""age_discount"": 0.1, ""time_discount"": 0.6778251376294218, ""raw_opportunities"": 3600, ""weight"": 0.021944444444444444, ""effective_opportunities"": 79.0}]"
the GOON,vpip,0.23,0.0006521025641025646,0.22,0.28,730,730,latest_sufficient,[]
the GOON,pfr,0.23,0.0008216276477146049,0.21,0.28,733,733,latest_sufficient,[]
the GOON,threebet,0.02,2.4329988851727983e-05,0.01,0.02,663,663,latest_sufficient,[]
the GOON,limp,0.15000000000000002,0.0014744704570791526,0.1,0.25,733,733,latest_sufficient,[]
the GOON,aggression,0.1,0.06765841694537346,0.0,0.7000000000000001,290,290,latest_sufficient,[]
the GOON,cbet,0.0,0.0,0.0,0.0,51,51,latest_sufficient,[]
the GOON,bluff,0.5,0.027486371237458198,0.1,0.6000000000000001,290,290,latest_sufficient,[]
the GOON,stickiness,0.41000000000000003,0.032522604236343365,0.16,0.84,160,160,latest_sufficient,[]
the GOON,size,0.505,1.2888517279821647e-05,0.495,0.505,86,86,latest_sufficient,[]
the GOON,adaptive,0.0,0.07102564102564102,0.0,1.0,450,450,latest_sufficient,[]
tungbot,vpip,0.23,7.729484726637736e-34,0.23,0.23,4245,4245,latest_sufficient,[]
tungbot,pfr,0.23,7.729484726637736e-34,0.23,0.23,4389,4389,latest_sufficient,[]
tungbot,threebet,0.09,0.0001123065774804905,0.06,0.09,4135,4135,latest_sufficient,[]
tungbot,limp,0.15000000000000002,0.0002062430323299889,0.1,0.15000000000000002,4389,4389,latest_sufficient,[]
tungbot,aggression,0.15000000000000002,0.013719732441471575,0.05,0.45,3219,3219,latest_sufficient,[]
tungbot,cbet,0.55,0.0024130156075808265,0.5,0.65,689,689,latest_sufficient,[]
tungbot,bluff,1.0,0.000135869565217391,0.9500000000000001,1.0,3219,3219,latest_sufficient,[]
tungbot,stickiness,0.27,0.0031804804905239685,0.22475,0.43,1224,1224,latest_sufficient,[]
tungbot,size,0.36,6.0824972129320076e-06,0.36,0.365,1348,1348,latest_sufficient,[]
tungbot,adaptive,0.0,0.1847380156075808,0.0,1.0,4443,4443,latest_sufficient,[]
yep,vpip,0.15,0.000257819397993311,0.13,0.17,921,921,latest_sufficient,[]
yep,pfr,0.15,0.0002587056856187291,0.13,0.17,925,925,latest_sufficient,[]
yep,threebet,0.03,8.49052396878484e-06,0.03,0.04,925,925,latest_sufficient,[]
yep,limp,0.15000000000000002,0.0021407748049052404,0.0,0.2,925,925,latest_sufficient,[]
yep,aggression,0.35000000000000003,0.012637792642140471,0.35000000000000003,0.7000000000000001,245,245,latest_sufficient,[]
yep,cbet,0.7000000000000001,0.010217279821627645,0.45,0.8500000000000001,63,63,latest_sufficient,[]
yep,bluff,0.75,0.011101978818283167,0.5,0.9,245,245,latest_sufficient,[]
yep,stickiness,0.48,0.009836343366778149,0.18875000000000014,0.67,147,147,latest_sufficient,[]
yep,size,0.63,0.06775518701226309,0.612375,1.275,87,87,latest_sufficient,[]
yep,adaptive,0.0,0.01319955406911929,0.0,0.0,392,392,latest_sufficient,[]
Allen Iverson 2.0,vpip,0.1,0.00016929319955406914,0.1,0.14,4024,4024,latest_sufficient,[]
Allen Iverson 2.0,pfr,0.1,0.00014849498327759202,0.1,0.13,4064,4064,latest_sufficient,[]
Allen Iverson 2.0,threebet,0.03,0.0,0.03,0.03,3997,3997,latest_sufficient,[]
Allen Iverson 2.0,limp,0.0,0.0033247212931995546,0.0,0.15000000000000002,4064,4064,latest_sufficient,[]
Allen Iverson 2.0,aggression,0.5,0.010766889632107023,0.2,0.5,1063,1063,latest_sufficient,[]
Allen Iverson 2.0,cbet,0.05,0.00308458751393534,0.0,0.25,265,265,latest_sufficient,[]
Allen Iverson 2.0,bluff,0.30000000000000004,0.004689938684503902,0.2,0.5,1063,1063,latest_sufficient,[]
Allen Iverson 2.0,stickiness,1.0,8.809253065774796e-05,1.0,1.0,619,619,latest_sufficient,[]
Allen Iverson 2.0,size,0.375,0.038206669732441474,0.37,0.775,281,281,latest_sufficient,[]
Allen Iverson 2.0,adaptive,0.0,0.0033333333333333322,0.0,0.0,1682,1682,latest_sufficient,[]
Bluey,vpip,0.18,0.0014741627647714604,0.18,0.22,136,136,still_sparse,[]
Bluey,pfr,0.18,0.0013732396878483831,0.18,0.21,137,137,still_sparse,[]
Bluey,threebet,0.08,6.98717948717948e-05,0.07,0.09,143,143,latest_sufficient,[]
Bluey,limp,0.05,0.0031666387959866224,0.0,0.15000000000000002,137,137,still_sparse,[]
Bluey,aggression,0.45,0.031240691192865107,0.35000000000000003,1.0,82,82,still_sparse,[]
Bluey,cbet,0.1,0.03109395206243033,0.0,0.5,18,18,still_sparse,[]
Bluey,bluff,0.8,0.0064250557413600895,0.6000000000000001,0.8500000000000001,82,82,still_sparse,[]
Bluey,stickiness,0.23,0.1262969855072464,0.23,0.99,29,29,still_sparse,[]
Bluey,size,0.335,0.0005273567447045709,0.32,0.35,33,33,still_sparse,[]
Bluey,adaptive,0.0,0.0,0.0,0.0,111,111,still_sparse,[]
Gladiators,vpip,0.15,0.00022039687848383503,0.14,0.2,1323,1323,latest_sufficient,[]
Gladiators,pfr,0.15,0.00022039687848383503,0.14,0.2,1334,1334,latest_sufficient,[]
Gladiators,threebet,0.06,6.565886287625417e-05,0.04,0.06,1266,1266,latest_sufficient,[]
Gladiators,limp,0.05,0.0010876254180602009,0.0,0.1,1334,1334,latest_sufficient,[]
Gladiators,aggression,0.35000000000000003,0.00876619286510591,0.1,0.5,593,593,latest_sufficient,[]
Gladiators,cbet,0.5,0.010342112597547382,0.30000000000000004,0.7000000000000001,121,121,latest_sufficient,[]
Gladiators,bluff,1.0,0.0012845875139353387,0.9,1.0,593,593,latest_sufficient,[]
Gladiators,stickiness,0.19,0.002950015607580825,0.09,0.23,255,255,latest_sufficient,[]
Gladiators,size,0.89,0.004656554069119288,0.89,0.895,266,266,latest_sufficient,[]
Gladiators,adaptive,0.0,0.06531772575250837,0.0,1.0,848,848,latest_sufficient,[]
MAC Projects Team Testing Bot,vpip,0.23,0.00013157079152731325,0.17,0.23,2584,2584,latest_sufficient,[]
MAC Projects Team Testing Bot,pfr,0.23,0.00013157079152731325,0.17,0.23,2609,2609,latest_sufficient,[]
MAC Projects Team Testing Bot,threebet,0.04,7.538015607580827e-05,0.02,0.06,2279,2279,latest_sufficient,[]
MAC Projects Team Testing Bot,limp,0.15000000000000002,0.0006214046822742479,0.05,0.15000000000000002,2609,2609,latest_sufficient,[]
MAC Projects Team Testing Bot,aggression,0.15000000000000002,0.05081301560758083,0.15000000000000002,0.8500000000000001,894,894,latest_sufficient,[]
MAC Projects Team Testing Bot,cbet,0.6000000000000001,0.007052842809364547,0.5,0.8,269,269,latest_sufficient,[]
MAC Projects Team Testing Bot,bluff,1.0,0.0014146042363433662,0.9,1.0,894,894,latest_sufficient,[]
MAC Projects Team Testing Bot,stickiness,0.09,0.00611283835005574,0.02,0.37,421,421,latest_sufficient,[]
MAC Projects Team Testing Bot,size,0.365,6.751393534002242e-06,0.36,0.365,383,383,latest_sufficient,[]
MAC Projects Team Testing Bot,adaptive,1.0,0.24972129319955405,0.0,1.0,1315,1315,latest_sufficient,[]
Messi,vpip,0.1,4.098550724637679e-05,0.1,0.11,4656,4656,latest_sufficient,[]
Messi,pfr,0.01,2.401226309921962e-05,0.0,0.01,4678,4678,latest_sufficient,[]
Messi,threebet,0.0,0.0,0.0,0.0,4987,4987,latest_sufficient,[]
Messi,limp,0.9500000000000001,0.18798492196209587,0.05,0.9500000000000001,4678,4678,latest_sufficient,[]
Messi,aggression,0.0,0.00965841694537347,0.0,0.2,1610,1610,latest_sufficient,[]
Messi,cbet,0.4,0.02161438127090301,0.17375000000000004,0.75,11,16.01201664743655,still_sparse,"[{""age"": 1, ""gap_hours"": 0.3187225000063578, ""age_discount"": 0.1, ""time_discount"": 0.9638493552762593, ""raw_opportunities"": 52, ""weight"": 0.09638493552762593, ""effective_opportunities"": 5.012016647436549}]"
Messi,bluff,0.15000000000000002,0.0009635172798216279,0.1,0.2,1610,1610,latest_sufficient,[]
Messi,stickiness,0.0,6.253734671125976e-05,0.0,0.03,1382,1382,latest_sufficient,[]
Messi,size,0.435,1.0915273132664457e-05,0.435,0.445,296,296,latest_sufficient,[]
Messi,adaptive,0.0,0.0,0.0,0.0,2992,2992,latest_sufficient,[]
RaiseYourEdge,vpip,0.15,0.0007614269788182832,0.15,0.23,2030,2030,latest_sufficient,[]
RaiseYourEdge,pfr,0.15,0.0007614269788182832,0.15,0.23,2038,2038,latest_sufficient,[]
RaiseYourEdge,threebet,0.05,1.4799331103678936e-05,0.05,0.05,1904,1904,latest_sufficient,[]
RaiseYourEdge,limp,0.1,0.0022578316610925306,0.05,0.25,2038,2038,latest_sufficient,[]
RaiseYourEdge,aggression,0.0,0.08605785953177258,0.0,0.7000000000000001,563,563,latest_sufficient,[]
RaiseYourEdge,cbet,0.2,0.0036721293199554073,0.1,0.30000000000000004,182,182,latest_sufficient,[]
RaiseYourEdge,bluff,0.65,0.02390398550724638,0.2,0.7000000000000001,563,563,latest_sufficient,[]
RaiseYourEdge,stickiness,0.23,0.0007260590858416946,0.17,0.25,397,397,latest_sufficient,[]
RaiseYourEdge,size,0.44,0.01785267865105909,0.40900000000000003,0.895,139,139,latest_sufficient,[]
RaiseYourEdge,adaptive,0.0,0.08217391304347826,0.0,1.0,960,960,latest_sufficient,[]
Thanos,vpip,0.19,0.0010505016722408029,0.18,0.27,820,820,latest_sufficient,[]
Thanos,pfr,0.19,0.001179460423634337,0.18,0.27,831,831,latest_sufficient,[]
Thanos,threebet,0.07,7.72028985507247e-05,0.04,0.08,801,801,latest_sufficient,[]
Thanos,limp,0.05,0.004723829431438128,0.0,0.2,831,831,latest_sufficient,[]
Thanos,aggression,0.5,0.01940409698996656,0.0,0.8,479,479,latest_sufficient,[]
Thanos,cbet,0.2,0.00465381828316611,0.05,0.30000000000000004,97,97,latest_sufficient,[]
Thanos,bluff,0.35000000000000003,0.012037095875139354,0.25,0.65,479,479,latest_sufficient,[]
Thanos,stickiness,0.87,0.00043154849498327797,0.84,0.9,269,269,latest_sufficient,[]
Thanos,size,0.665,0.0215297488851728,0.347375,0.6799999999999999,152,152,latest_sufficient,[]
Thanos,adaptive,0.0,0.0,0.0,0.0,748,748,latest_sufficient,[]
best-bot,vpip,0.23,7.729484726637736e-34,0.23,0.23,3904,3904,latest_sufficient,[]
best-bot,pfr,0.23,7.729484726637736e-34,0.23,0.23,3921,3921,latest_sufficient,[]
best-bot,threebet,0.05,4.916387959866218e-05,0.05,0.07,4233,4233,latest_sufficient,[]
best-bot,limp,0.15000000000000002,0.00024247491638796005,0.1,0.15000000000000002,3921,3921,latest_sufficient,[]
best-bot,aggression,0.5,0.006046711259754742,0.5,0.7000000000000001,1367,1367,latest_sufficient,[]
best-bot,cbet,0.6000000000000001,0.00244804905239688,0.5,0.65,498,498,latest_sufficient,[]
best-bot,bluff,0.9,0.0026985507246376794,0.8500000000000001,1.0,1367,1367,latest_sufficient,[]
best-bot,stickiness,0.9,0.04551504570791527,0.31750000000000006,1.0,804,804,latest_sufficient,[]
best-bot,size,0.905,0.004843701226309923,0.745,0.9126249999999999,535,535,latest_sufficient,[]
best-bot,adaptive,0.0,0.0506577480490524,0.0,1.0,2171,2171,latest_sufficient,[]
finian sucks,vpip,0.03,0.0,0.03,0.03,5540,5540,latest_sufficient,[]
finian sucks,pfr,0.01,3.979821627647714e-05,0.004750000000000005,0.03,5568,5568,latest_sufficient,[]
finian sucks,threebet,0.01,3.979821627647714e-05,0.004750000000000005,0.03,5837,5837,latest_sufficient,[]
finian sucks,limp,0.9,0.021155072463768115,0.38250000000000034,0.9500000000000001,5568,5568,latest_sufficient,[]
finian sucks,aggression,0.9500000000000001,0.023660284280936455,0.65,1.0,720,720,latest_sufficient,[]
finian sucks,cbet,0.0,0.00013099219620958758,0.0,0.0,75,75,latest_sufficient,[]
finian sucks,bluff,0.25,0.005631438127090303,0.05,0.35000000000000003,720,720,latest_sufficient,[]
finian sucks,stickiness,0.18,0.005232013377926422,0.01,0.27,422,422,latest_sufficient,[]
finian sucks,size,0.54,1.776923076923054e-05,0.54,0.56,327,327,latest_sufficient,[]
finian sucks,adaptive,0.0,0.24948717948717947,0.0,1.0,1142,1142,latest_sufficient,[]
guaguanco 5,vpip,0.16,0.0005663277591973244,0.16,0.22,513,513,latest_sufficient,[]
guaguanco 5,pfr,0.16,0.0003924403567447044,0.16,0.21,516,516,latest_sufficient,[]
guaguanco 5,threebet,0.05,0.0001871337792642141,0.02,0.05,521,521,latest_sufficient,[]
guaguanco 5,limp,0.05,0.0029960702341137136,0.0,0.2,516,516,latest_sufficient,[]
guaguanco 5,aggression,0.5,0.03131602564102565,0.5,1.0,161,161,latest_sufficient,[]
guaguanco 5,cbet,0.30000000000000004,0.011874470457079154,0.05,0.5,38,50.0,older_prior_used,"[{""age"": 1, ""gap_hours"": 3.872008888853921, ""age_discount"": 0.1, ""time_discount"": 0.6393443969676208, ""raw_opportunities"": 745, ""weight"": 0.016107382550335572, ""effective_opportunities"": 12.000000000000002}]"
guaguanco 5,bluff,1.0,0.0035146042363433643,0.8,1.0,161,161,latest_sufficient,[]
guaguanco 5,stickiness,0.02,0.004089560758082497,0.02,0.3552499999999998,76,100.0,older_prior_used,"[{""age"": 1, ""gap_hours"": 3.872008888853921, ""age_discount"": 0.1, ""time_discount"": 0.6393443969676208, ""raw_opportunities"": 1109, ""weight"": 0.02164111812443643, ""effective_opportunities"": 24.0}]"
guaguanco 5,size,0.88,0.0004250624303233006,0.832375,0.885,86,86,latest_sufficient,[]
guaguanco 5,adaptive,0.0,0.0,0.0,0.0,237,237,latest_sufficient,[]
krestrel,vpip,0.39,0.010140266443701227,0.19,0.63,574,574,latest_sufficient,[]
krestrel,pfr,0.39,0.010406314381270905,0.19,0.63,587,587,latest_sufficient,[]
krestrel,threebet,0.07,0.0010253467112597548,0.05,0.15,470,470,latest_sufficient,[]
krestrel,limp,0.4,0.002872463768115941,0.25,0.45,587,587,latest_sufficient,[]
krestrel,aggression,0.6000000000000001,0.01345091973244147,0.5,1.0,305,305,latest_sufficient,[]
krestrel,cbet,0.7000000000000001,0.007171125975473801,0.55,0.9,116,116,latest_sufficient,[]
krestrel,bluff,1.0,0.0,1.0,1.0,305,305,latest_sufficient,[]
krestrel,stickiness,0.02,0.01726178260869565,0.02,0.45,89,89.9988454537888,still_sparse,"[{""age"": 1, ""gap_hours"": 0.009999722242355347, ""age_discount"": 0.1, ""time_discount"": 0.9988454537888042, ""raw_opportunities"": 10, ""weight"": 0.09988454537888042, ""effective_opportunities"": 0.9988454537888042}]"
krestrel,size,1.045,0.0698289286510591,0.25,1.085,135,135,latest_sufficient,[]
krestrel,adaptive,0.0,0.0,0.0,0.0,394,394,latest_sufficient,[]
love-of-da-game,vpip,0.22,0.00013564771460423627,0.17,0.22,648,648,latest_sufficient,[]
love-of-da-game,pfr,0.22,0.00013992865105908579,0.17,0.22,650,650,latest_sufficient,[]
love-of-da-game,threebet,0.03,0.00017579821627647718,0.03,0.07,522,522,latest_sufficient,[]
love-of-da-game,limp,0.15000000000000002,0.001511594202898551,0.023750000000000028,0.2,650,650,latest_sufficient,[]
love-of-da-game,aggression,0.15000000000000002,0.04200610367892976,0.0,0.65,183,183,latest_sufficient,[]
love-of-da-game,cbet,0.2,0.022875808249721297,0.0,0.5,54,54,latest_sufficient,[]
love-of-da-game,bluff,0.9,0.008330518394648826,0.7000000000000001,1.0,183,183,latest_sufficient,[]
love-of-da-game,stickiness,0.27,0.019986448160535117,0.19,0.7152499999999997,85,100.0,older_prior_used,"[{""age"": 1, ""gap_hours"": 11.068643611139722, ""age_discount"": 0.1, ""time_discount"": 0.27839902520484205, ""raw_opportunities"": 678, ""weight"": 0.022123893805309734, ""effective_opportunities"": 15.0}]"
love-of-da-game,size,0.89,0.0001377748049052397,0.88,0.895,67,67,latest_sufficient,[]
love-of-da-game,adaptive,0.0,0.01966555183946488,0.0,0.0,268,268,latest_sufficient,[]
orcabot,vpip,0.36,0.0015793266443701222,0.23,0.37,2570,2570,latest_sufficient,[]
orcabot,pfr,0.36,0.0016152463768115942,0.23,0.37,2609,2609,latest_sufficient,[]
orcabot,threebet,0.06,7.69186176142698e-05,0.06,0.09,2528,2528,latest_sufficient,[]
orcabot,limp,0.6000000000000001,0.000737346711259756,0.5,0.6000000000000001,2609,2609,latest_sufficient,[]
orcabot,aggression,0.1,0.013011677814938685,0.0,0.35000000000000003,1820,1820,latest_sufficient,[]
orcabot,cbet,0.5,0.002692614269788185,0.4,0.6000000000000001,387,387,latest_sufficient,[]
orcabot,bluff,0.8500000000000001,0.0021532608695652186,0.75,0.9,1820,1820,latest_sufficient,[]
orcabot,stickiness,0.31,0.008828605351170568,0.2,0.46,789,789,latest_sufficient,[]
orcabot,size,1.445,0.004207438963210702,1.205625,1.45,656,656,latest_sufficient,[]
orcabot,adaptive,0.0,0.0033333333333333322,0.0,0.0,2609,2609,latest_sufficient,[]
polygamous lavender marriage,vpip,0.21,5.87513935340023e-05,0.21,0.23,1057,1057,latest_sufficient,[]
polygamous lavender marriage,pfr,0.21,5.839018952062436e-05,0.21,0.23,1071,1071,latest_sufficient,[]
polygamous lavender marriage,threebet,0.03,2.44938684503902e-05,0.03,0.04,1067,1067,latest_sufficient,[]
polygamous lavender marriage,limp,0.05,0.0002591694537346711,0.0,0.1,1071,1071,latest_sufficient,[]
polygamous lavender marriage,aggression,0.35000000000000003,0.010751923076923079,0.0,0.45,344,344,latest_sufficient,[]
polygamous lavender marriage,cbet,0.6000000000000001,0.01279428651059086,0.45,0.8500000000000001,75,75,latest_sufficient,[]
polygamous lavender marriage,bluff,1.0,0.005370568561872908,0.75,1.0,344,344,latest_sufficient,[]
polygamous lavender marriage,stickiness,0.08,0.0013413366778149388,0.08,0.16,169,169,latest_sufficient,[]
polygamous lavender marriage,size,0.5549999999999999,0.0005986897993311034,0.505,0.5700000000000001,151,151,latest_sufficient,[]
polygamous lavender marriage,adaptive,1.0,0.24761426978818282,0.0,1.0,513,513,latest_sufficient,[]
renbot,vpip,0.23,0.001281333333333333,0.23,0.32,489,489,latest_sufficient,[]
renbot,pfr,0.23,0.001217590858416945,0.23,0.32,490,490,latest_sufficient,[]
renbot,threebet,0.03,8.63366778149387e-05,0.02,0.05,471,471,latest_sufficient,[]
renbot,limp,0.1,0.004205657748049054,0.05,0.30000000000000004,490,490,latest_sufficient,[]
renbot,aggression,1.0,0.0,1.0,1.0,170,170,latest_sufficient,[]
renbot,cbet,1.0,0.0,1.0,1.0,57,57,latest_sufficient,[]
renbot,bluff,1.0,0.0,1.0,1.0,170,170,latest_sufficient,[]
renbot,stickiness,0.41000000000000003,0.05337069788182833,0.03,0.9400000000000001,51,51.19954691974963,still_sparse,"[{""age"": 1, ""gap_hours"": 0.019631944431198967, ""age_discount"": 0.1, ""time_discount"": 0.9977345987481586, ""raw_opportunities"": 2, ""weight"": 0.09977345987481587, ""effective_opportunities"": 0.19954691974963173}]"
renbot,size,1.17,0.08366011594202896,0.605,1.3376249999999998,93,93,latest_sufficient,[]
renbot,adaptive,0.0,0.05658862876254181,0.0,1.0,221,221,latest_sufficient,[]
the big dog,vpip,0.17,0.0007837447045707914,0.15,0.23,2046,2046,latest_sufficient,[]
the big dog,pfr,0.17,0.0007837447045707914,0.15,0.23,2064,2064,latest_sufficient,[]
the big dog,threebet,0.03,5.1433667781493886e-05,0.03,0.05,1770,1770,latest_sufficient,[]
the big dog,limp,0.2,0.002332107023411371,0.12375000000000004,0.30000000000000004,2064,2064,latest_sufficient,[]
the big dog,aggression,0.5,0.007848383500557419,0.5,0.7000000000000001,659,659,latest_sufficient,[]
the big dog,cbet,0.55,0.005090189520624305,0.45,0.7000000000000001,136,136,latest_sufficient,[]
the big dog,bluff,0.15000000000000002,0.0031911928651059086,0.05,0.25,659,659,latest_sufficient,[]
the big dog,stickiness,0.71,0.006273590858416947,0.61,0.87,343,343,latest_sufficient,[]
the big dog,size,0.745,0.0020816343366778147,0.607375,0.75,196,196,latest_sufficient,[]
the big dog,adaptive,1.0,0.24146042363433665,0.0,1.0,1002,1002,latest_sufficient,[]
tutududu,vpip,0.18,7.729484726637736e-34,0.18,0.18,3106,3106,latest_sufficient,[]
tutududu,pfr,0.18,7.729484726637736e-34,0.18,0.18,3138,3138,latest_sufficient,[]
tutududu,threebet,0.04,1.914269788182832e-05,0.04,0.05,2861,2861,latest_sufficient,[]
tutududu,limp,0.0,0.00030200668896321076,0.0,0.05,3138,3138,latest_sufficient,[]
tutududu,aggression,0.65,0.006217948717948719,0.5,0.8,1420,1420,latest_sufficient,[]
tutududu,cbet,0.7000000000000001,0.0018020903010033437,0.6000000000000001,0.75,305,305,latest_sufficient,[]
tutududu,bluff,0.4,0.001376811594202898,0.35000000000000003,0.47624999999999884,1420,1420,latest_sufficient,[]
tutududu,stickiness,1.0,0.001511494983277591,0.87,1.0,599,599,latest_sufficient,[]
tutududu,size,0.45,0.003972487179487178,0.445,0.5800000000000001,466,466,latest_sufficient,[]
tutududu,adaptive,0.0,0.006644370122630991,0.0,0.0,2019,2019,latest_sufficient,[]
zinger box,vpip,0.38,1.333333333333336e-06,0.38,0.38,2685,2685,latest_sufficient,[]
zinger box,pfr,0.38,1.333333333333336e-06,0.38,0.38,2697,2697,latest_sufficient,[]
zinger box,threebet,0.03,1.5022296544035682e-05,0.03,0.04,2420,2420,latest_sufficient,[]
zinger box,limp,0.15000000000000002,4.1778149386845036e-05,0.15000000000000002,0.15000000000000002,2697,2697,latest_sufficient,[]
zinger box,aggression,0.5,0.007984698996655517,0.2,0.5,2077,2077,latest_sufficient,[]
zinger box,cbet,0.5,0.0027873745819398,0.4,0.55,382,382,latest_sufficient,[]
zinger box,bluff,0.05,0.0027006410256410263,0.0,0.2,2077,2077,latest_sufficient,[]
zinger box,stickiness,0.43,0.005799521739130433,0.22475,0.44,1677,1677,latest_sufficient,[]
zinger box,size,0.645,9.8985507246377e-06,0.64,0.65,349,349,latest_sufficient,[]
zinger box,adaptive,0.0,0.14594202898550726,0.0,1.0,3754,3754,latest_sufficient,[]
Althaf Productions v1,vpip,0.13,7.098662207357856e-05,0.13,0.15,4110,4110,latest_sufficient,[]
Althaf Productions v1,pfr,0.13,7.098662207357856e-05,0.13,0.15,4129,4129,latest_sufficient,[]
Althaf Productions v1,threebet,0.03,2.1862876254180613e-05,0.03,0.05,4618,4618,latest_sufficient,[]
Althaf Productions v1,limp,0.1,0.0010110089186176148,0.1,0.2,4129,4129,latest_sufficient,[]
Althaf Productions v1,aggression,0.8500000000000001,0.006777480490523969,0.7000000000000001,0.9500000000000001,1956,1956,latest_sufficient,[]
Althaf Productions v1,cbet,0.8500000000000001,0.0018222965440356743,0.75,0.9,431,431,latest_sufficient,[]
Althaf Productions v1,bluff,1.0,0.0,1.0,1.0,1956,1956,latest_sufficient,[]
Althaf Productions v1,stickiness,0.17,0.0024197279821627647,0.06,0.24,739,739,latest_sufficient,[]
Althaf Productions v1,size,0.36,0.07135793617614271,0.35,1.085,1112,1112,latest_sufficient,[]
Althaf Productions v1,adaptive,0.0,0.01966555183946488,0.0,0.0,2695,2695,latest_sufficient,[]
China #1,vpip,0.15,0.0010989253065774801,0.14,0.22,306,306,latest_sufficient,[]
China #1,pfr,0.15,0.000836534002229654,0.14,0.21,307,307,latest_sufficient,[]
China #1,threebet,0.07,0.000660428093645485,0.02,0.13,255,255,latest_sufficient,[]
China #1,limp,0.1,0.003519370122630993,0.0,0.2,307,307,latest_sufficient,[]
China #1,aggression,1.0,0.015489938684503903,0.5,1.0,86,86.59892985054911,still_sparse,"[{""age"": 1, ""gap_hours"": 0.015452777809566921, ""age_discount"": 0.1, ""time_discount"": 0.9982164175818586, ""raw_opportunities"": 6, ""weight"": 0.09982164175818586, ""effective_opportunities"": 0.5989298505491152}]"
China #1,cbet,0.30000000000000004,0.04847547380156077,0.0,0.8262499999999989,27,27.299464925274556,still_sparse,"[{""age"": 1, ""gap_hours"": 0.015452777809566921, ""age_discount"": 0.1, ""time_discount"": 0.9982164175818586, ""raw_opportunities"": 3, ""weight"": 0.09982164175818586, ""effective_opportunities"": 0.2994649252745576}]"
China #1,bluff,1.0,0.005677146042363432,0.7237500000000001,1.0,86,86.59892985054911,still_sparse,"[{""age"": 1, ""gap_hours"": 0.015452777809566921, ""age_discount"": 0.1, ""time_discount"": 0.9982164175818586, ""raw_opportunities"": 6, ""weight"": 0.09982164175818586, ""effective_opportunities"": 0.5989298505491152}]"
China #1,stickiness,0.45,0.012906381270903013,0.21,0.45,28,28.199643283516373,still_sparse,"[{""age"": 1, ""gap_hours"": 0.015452777809566921, ""age_discount"": 0.1, ""time_discount"": 0.9982164175818586, ""raw_opportunities"": 2, ""weight"": 0.09982164175818586, ""effective_opportunities"": 0.19964328351637173}]"
China #1,size,0.37,0.030093481326644366,0.355,0.845,43,43.19964328351637,still_sparse,"[{""age"": 1, ""gap_hours"": 0.015452777809566921, ""age_discount"": 0.1, ""time_discount"": 0.9982164175818586, ""raw_opportunities"": 2, ""weight"": 0.09982164175818586, ""effective_opportunities"": 0.19964328351637173}]"
China #1,adaptive,0.0,0.0,0.0,0.0,114,114.79857313406549,still_sparse,"[{""age"": 1, ""gap_hours"": 0.015452777809566921, ""age_discount"": 0.1, ""time_discount"": 0.9982164175818586, ""raw_opportunities"": 8, ""weight"": 0.09982164175818586, ""effective_opportunities"": 0.7985731340654869}]"
MAC Projects Team Testing Bot 2,vpip,0.23,0.00017458193979933114,0.17,0.23,2959,2959,latest_sufficient,[]
MAC Projects Team Testing Bot 2,pfr,0.23,0.00017458193979933114,0.17,0.23,2977,2977,latest_sufficient,[]
MAC Projects Team Testing Bot 2,threebet,0.06,0.0001024035674470457,0.03,0.06,3014,3014,latest_sufficient,[]
MAC Projects Team Testing Bot 2,limp,0.15000000000000002,0.0008891861761426978,0.1,0.2,2977,2977,latest_sufficient,[]
MAC Projects Team Testing Bot 2,aggression,0.30000000000000004,0.007650473801560756,0.30000000000000004,0.45,1134,1134,latest_sufficient,[]
MAC Projects Team Testing Bot 2,cbet,0.7000000000000001,0.002170875139353399,0.6000000000000001,0.8,363,363,latest_sufficient,[]
MAC Projects Team Testing Bot 2,bluff,1.0,4.972129319955401e-05,1.0,1.0,1134,1134,latest_sufficient,[]
MAC Projects Team Testing Bot 2,stickiness,0.0,0.0036388528428093645,0.0,0.21,430,430,latest_sufficient,[]
MAC Projects Team Testing Bot 2,size,0.36,1.1949554069119307e-05,0.35,0.36,458,458,latest_sufficient,[]
MAC Projects Team Testing Bot 2,adaptive,0.0,0.0,0.0,0.0,1564,1564,latest_sufficient,[]
Phil_Ivey_GOAT,vpip,0.07,2.2674470457079154e-05,0.07,0.08,2150,2150,latest_sufficient,[]
Phil_Ivey_GOAT,pfr,0.07,2.2674470457079154e-05,0.07,0.08,2163,2163,latest_sufficient,[]
Phil_Ivey_GOAT,threebet,0.01,6.644370122630994e-07,0.01,0.01,2261,2261,latest_sufficient,[]
Phil_Ivey_GOAT,limp,0.05,0.001092530657748049,0.0,0.15000000000000002,2163,2163,latest_sufficient,[]
Phil_Ivey_GOAT,aggression,0.5,0.007457748049052403,0.5,0.7000000000000001,495,495,latest_sufficient,[]
Phil_Ivey_GOAT,cbet,0.0,0.00043266443701226316,0.0,0.1,97,97,latest_sufficient,[]
Phil_Ivey_GOAT,bluff,0.75,0.008480351170568562,0.55,0.9,495,495,latest_sufficient,[]
Phil_Ivey_GOAT,stickiness,0.33,0.011603356744704573,0.08800000000000005,0.62,212,212,latest_sufficient,[]
Phil_Ivey_GOAT,size,0.6950000000000001,1.8617614269788208e-05,0.69,0.7,248,248,latest_sufficient,[]
Phil_Ivey_GOAT,adaptive,0.0,0.1683835005574136,0.0,1.0,707,707,latest_sufficient,[]
RiverForge,vpip,0.22,0.00015607580824972118,0.17,0.22,4188,4188,latest_sufficient,[]
RiverForge,pfr,0.22,0.00015607580824972118,0.17,0.22,4193,4193,latest_sufficient,[]
RiverForge,threebet,0.03,0.0,0.03,0.03,4661,4661,latest_sufficient,[]
RiverForge,limp,0.1,0.0006542642140468229,0.0,0.1,4193,4193,latest_sufficient,[]
RiverForge,aggression,0.0,0.012355072463768116,0.0,0.5,1470,1470,latest_sufficient,[]
RiverForge,cbet,0.1,0.0012090022296544038,0.05,0.15000000000000002,376,376,latest_sufficient,[]
RiverForge,bluff,0.30000000000000004,0.0033774804905239695,0.05,0.35000000000000003,1470,1470,latest_sufficient,[]
RiverForge,stickiness,0.45,0.014644025641025644,0.13,0.48,847,847,latest_sufficient,[]
RiverForge,size,0.47,0.0029369687848383496,0.46499999999999997,0.585,266,266,latest_sufficient,[]
RiverForge,adaptive,0.0,0.15851727982162767,0.0,1.0,2317,2317,latest_sufficient,[]
Tilted_Towers_2,vpip,0.13,0.00017063433667781496,0.1,0.13,3401,3401,latest_sufficient,[]
Tilted_Towers_2,pfr,0.13,0.00017258751393534,0.1,0.13,3423,3423,latest_sufficient,[]
Tilted_Towers_2,threebet,0.03,0.0,0.03,0.03,3221,3221,latest_sufficient,[]
Tilted_Towers_2,limp,0.1,0.002621070234113713,0.0,0.15000000000000002,3423,3423,latest_sufficient,[]
Tilted_Towers_2,aggression,0.5,0.00036778149386845044,0.5,0.5,844,844,latest_sufficient,[]
Tilted_Towers_2,cbet,0.0,8.333333333333334e-06,0.0,0.0,227,227,latest_sufficient,[]
Tilted_Towers_2,bluff,0.25,0.0020032329988851744,0.2,0.35000000000000003,844,844,latest_sufficient,[]
Tilted_Towers_2,stickiness,1.0,0.00019359085841694557,0.97,1.0,472,472,latest_sufficient,[]
Tilted_Towers_2,size,0.375,0.019293472408026754,0.36,0.77,215,215,latest_sufficient,[]
Tilted_Towers_2,adaptive,0.0,0.0,0.0,0.0,1316,1316,latest_sufficient,[]
catherine,vpip,0.17,0.00038405685618729085,0.17,0.23,342,342,latest_sufficient,[]
catherine,pfr,0.17,0.0003760802675585282,0.17,0.23,346,346,latest_sufficient,[]
catherine,threebet,0.06,4.964437012263097e-05,0.04,0.06,309,309,latest_sufficient,[]
catherine,limp,0.05,0.002129765886287626,0.0,0.17624999999999888,346,346,latest_sufficient,[]
catherine,aggression,0.7000000000000001,0.008268979933110364,0.7000000000000001,1.0,104,104,latest_sufficient,[]
catherine,cbet,1.0,0.0012223801560758067,0.9,1.0,13,15.797279078123852,still_sparse,"[{""age"": 1, ""gap_hours"": 0.06510972221692403, ""age_discount"": 0.1, ""time_discount"": 0.9925064476554388, ""raw_opportunities"": 4, ""weight"": 0.09925064476554389, ""effective_opportunities"": 0.39700257906217556}, {""age"": 2, ""gap_hours"": 9.11241527782546, ""age_discount"": 0.010000000000000002, ""time_discount"": 0.3489915765656549, ""raw_opportunities"": 663, ""weight"": 0.0034899157656565496, ""effective_opportunities"": 2.313814152630292}, {""age"": 3, ""gap_hours"": 14.48094111111429, ""age_discount"": 0.0010000000000000002, ""time_discount"": 0.1877012047035902, ""raw_opportunities"": 459, ""weight"": 0.00018770120470359023, ""effective_opportunities"": 0.08615485295894791}, {""age"": 4, ""gap_hours"": 14.549099166724417, ""age_discount"": 0.00010000000000000002, ""time_discount"": 0.18622906243146803, ""raw_opportunities"": 16, ""weight"": 1.8622906243146805e-05, ""effective_opportunities"": 0.0002979664998903489}, {""age"": 6, ""gap_hours"": 14.978017222219043, ""age_discount"": 1.0000000000000004e-06, ""time_discount"": 0.17722619909325082, ""raw_opportunities"": 51, ""weight"": 1.772261990932509e-07, ""effective_opportunities"": 9.038536153755796e-06}, {""age"": 7, ""gap_hours"": 15.049815555612247, ""age_discount"": 1.0000000000000004e-07, ""time_discount"": 0.1757622815294393, ""raw_opportunities"": 10, ""weight"": 1.7576228152943936e-08, ""effective_opportunities"": 1.7576228152943937e-07}, {""age"": 8, ""gap_hours"": 18.157479444477293, ""age_discount"": 1.0000000000000005e-08, ""time_discount"": 0.12274646875486687, ""raw_opportunities"": 244, ""weight"": 1.2274646875486693e-09, ""effective_opportunities"": 2.995013837618753e-07}, {""age"": 9, ""gap_hours"": 19.338194444444444, ""age_discount"": 1.0000000000000005e-09, ""time_discount"": 0.1070953386254211, ""raw_opportunities"": 123, ""weight"": 1.0709533862542115e-10, ""effective_opportunities"": 1.3172726650926801e-08}]"
catherine,bluff,0.30000000000000004,0.020585590858416946,0.0,0.55,104,104,latest_sufficient,[]
catherine,stickiness,0.33,0.01693529096989967,0.18,0.6900000000000001,76,85.06555825956107,still_sparse,"[{""age"": 1, ""gap_hours"": 0.06510972221692403, ""age_discount"": 0.1, ""time_discount"": 0.9925064476554388, ""raw_opportunities"": 22, ""weight"": 0.09925064476554389, ""effective_opportunities"": 2.1835141848419655}, {""age"": 2, ""gap_hours"": 9.11241527782546, ""age_discount"": 0.010000000000000002, ""time_discount"": 0.3489915765656549, ""raw_opportunities"": 1913, ""weight"": 0.0034899157656565496, ""effective_opportunities"": 6.67620885970098}, {""age"": 3, ""gap_hours"": 14.48094111111429, ""age_discount"": 0.0010000000000000002, ""time_discount"": 0.1877012047035902, ""raw_opportunities"": 1094, ""weight"": 0.00018770120470359023, ""effective_opportunities"": 0.2053451179457277}, {""age"": 4, ""gap_hours"": 14.549099166724417, ""age_discount"": 0.00010000000000000002, ""time_discount"": 0.18622906243146803, ""raw_opportunities"": 25, ""weight"": 1.8622906243146805e-05, ""effective_opportunities"": 0.0004655726560786701}, {""age"": 6, ""gap_hours"": 14.978017222219043, ""age_discount"": 1.0000000000000004e-06, ""time_discount"": 0.17722619909325082, ""raw_opportunities"": 130, ""weight"": 1.772261990932509e-07, ""effective_opportunities"": 2.3039405882122617e-05}, {""age"": 7, ""gap_hours"": 15.049815555612247, ""age_discount"": 1.0000000000000004e-07, ""time_discount"": 0.1757622815294393, ""raw_opportunities"": 20, ""weight"": 1.7576228152943936e-08, ""effective_opportunities"": 3.5152456305887874e-07}, {""age"": 8, ""gap_hours"": 18.157479444477293, ""age_discount"": 1.0000000000000005e-08, ""time_discount"": 0.12274646875486687, ""raw_opportunities"": 884, ""weight"": 1.2274646875486693e-09, ""effective_opportunities"": 1.0850787837930236e-06}, {""age"": 9, ""gap_hours"": 19.338194444444444, ""age_discount"": 1.0000000000000005e-09, ""time_discount"": 0.1070953386254211, ""raw_opportunities"": 452, ""weight"": 1.0709533862542115e-10, ""effective_opportunities"": 4.840709305869036e-08}]"
catherine,size,1.175,0.0054789197324414726,1.1600000000000001,1.185,35,39.11103142071451,still_sparse,"[{""age"": 1, ""gap_hours"": 0.06510972221692403, ""age_discount"": 0.1, ""time_discount"": 0.9925064476554388, ""raw_opportunities"": 16, ""weight"": 0.09925064476554389, ""effective_opportunities"": 1.5880103162487023}, {""age"": 2, ""gap_hours"": 9.11241527782546, ""age_discount"": 0.010000000000000002, ""time_discount"": 0.3489915765656549, ""raw_opportunities"": 700, ""weight"": 0.0034899157656565496, ""effective_opportunities"": 2.442941035959585}, {""age"": 3, ""gap_hours"": 14.48094111111429, ""age_discount"": 0.0010000000000000002, ""time_discount"": 0.1877012047035902, ""raw_opportunities"": 425, ""weight"": 0.00018770120470359023, ""effective_opportunities"": 0.07977301199902585}, {""age"": 4, ""gap_hours"": 14.549099166724417, ""age_discount"": 0.00010000000000000002, ""time_discount"": 0.18622906243146803, ""raw_opportunities"": 16, ""weight"": 1.8622906243146805e-05, ""effective_opportunities"": 0.0002979664998903489}, {""age"": 6, ""gap_hours"": 14.978017222219043, ""age_discount"": 1.0000000000000004e-06, ""time_discount"": 0.17722619909325082, ""raw_opportunities"": 47, ""weight"": 1.772261990932509e-07, ""effective_opportunities"": 8.329631357382793e-06}, {""age"": 7, ""gap_hours"": 15.049815555612247, ""age_discount"": 1.0000000000000004e-07, ""time_discount"": 0.1757622815294393, ""raw_opportunities"": 16, ""weight"": 1.7576228152943936e-08, ""effective_opportunities"": 2.81219650447103e-07}, {""age"": 8, ""gap_hours"": 18.157479444477293, ""age_discount"": 1.0000000000000005e-08, ""time_discount"": 0.12274646875486687, ""raw_opportunities"": 373, ""weight"": 1.2274646875486693e-09, ""effective_opportunities"": 4.5784432845565365e-07}, {""age"": 9, ""gap_hours"": 19.338194444444444, ""age_discount"": 1.0000000000000005e-09, ""time_discount"": 0.1070953386254211, ""raw_opportunities"": 199, ""weight"": 1.0709533862542115e-10, ""effective_opportunities"": 2.131197238645881e-08}]"
catherine,adaptive,0.0,0.1946376811594203,0.0,1.0,180,200.0,older_prior_used,"[{""age"": 1, ""gap_hours"": 0.06510972221692403, ""age_discount"": 0.1, ""time_discount"": 0.9925064476554388, ""raw_opportunities"": 64, ""weight"": 0.09925064476554389, ""effective_opportunities"": 6.352041264994809}, {""age"": 2, ""gap_hours"": 9.11241527782546, ""age_discount"": 0.010000000000000002, ""time_discount"": 0.3489915765656549, ""raw_opportunities"": 4723, ""weight"": 0.002889680020115433, ""effective_opportunities"": 13.64795873500519}]"
fold-a2,vpip,0.0,1.5441471571906355e-05,0.0,0.01,854,854,latest_sufficient,[]
fold-a2,pfr,0.0,6.644370122630993e-07,0.0,0.0,863,863,latest_sufficient,[]
fold-a2,threebet,0.0,0.0,0.0,0.0,960,960,latest_sufficient,[]
fold-a2,limp,0.05,4.830927954148585e-35,0.05,0.05,863,863,latest_sufficient,[]
fold-a2,aggression,0.0,0.0,0.0,0.0,541,541,latest_sufficient,[]
fold-a2,cbet,0.65,0.0,0.65,0.65,0,0,still_sparse,[]
fold-a2,bluff,0.0,0.0,0.0,0.0,541,541,latest_sufficient,[]
fold-a2,stickiness,1.0,1.1999999999999975e-05,1.0,1.0,414,414,latest_sufficient,[]
fold-a2,size,0.66,0.0,0.66,0.66,0,0,still_sparse,[]
fold-a2,adaptive,0.0,0.0,0.0,0.0,955,955,latest_sufficient,[]
idc,vpip,0.15,0.000491344481605351,0.1,0.15,1,110.3704736650769,still_sparse,"[{""age"": 1, ""gap_hours"": 1.1255930555529066, ""age_discount"": 0.1, ""time_discount"": 0.8780659196660294, ""raw_opportunities"": 1216, ""weight"": 0.08780659196660295, ""effective_opportunities"": 106.7728158313892}, {""age"": 2, ""gap_hours"": 1.2481266666783226, ""age_discount"": 0.010000000000000002, ""time_discount"": 0.8657238971952586, ""raw_opportunities"": 150, ""weight"": 0.008657238971952587, ""effective_opportunities"": 1.298585845792888}, {""age"": 3, ""gap_hours"": 2.4716899999645023, ""age_discount"": 0.0010000000000000002, ""time_discount"": 0.7516076555814648, ""raw_opportunities"": 1697, ""weight"": 0.000751607655581465, ""effective_opportunities"": 1.2754781915217461}, {""age"": 4, ""gap_hours"": 2.6769355555375416, ""age_discount"": 0.00010000000000000002, ""time_discount"": 0.7339959837274299, ""raw_opportunities"": 298, ""weight"": 7.3399598372743e-05, ""effective_opportunities"": 0.021873080315077415}, {""age"": 5, ""gap_hours"": 2.8185924999581444, ""age_discount"": 1.0000000000000003e-05, ""time_discount"": 0.7220819993131896, ""raw_opportunities"": 221, ""weight"": 7.220819993131898e-06, ""effective_opportunities"": 0.0015958012184821495}, {""age"": 6, ""gap_hours"": 2.8577997222211624, ""age_discount"": 1.0000000000000004e-06, ""time_discount"": 0.7188187997858261, ""raw_opportunities"": 52, ""weight"": 7.188187997858264e-07, ""effective_opportunities"": 3.737857758886297e-05}, {""age"": 7, ""gap_hours"": 12.197354999979337, ""age_discount"": 1.0000000000000004e-07, ""time_discount"": 0.24436464934669672, ""raw_opportunities"": 3516, ""weight"": 2.443646493466968e-08, ""effective_opportunities"": 8.591861071029859e-05}, {""age"": 8, ""gap_hours"": 12.96478388885657, ""age_discount"": 1.0000000000000005e-08, ""time_discount"": 0.22363264153804843, ""raw_opportunities"": 699, ""weight"": 2.2363264153804854e-09, ""effective_opportunities"": 1.5631921643509593e-06}, {""age"": 9, ""gap_hours"": 13.24930861108833, ""age_discount"": 1.0000000000000005e-09, ""time_discount"": 0.21640142405786436, ""raw_opportunities"": 228, ""weight"": 2.1640142405786446e-10, ""effective_opportunities"": 4.933952468519309e-08}, {""age"": 10, ""gap_hours"": 13.416470555530655, ""age_discount"": 1.0000000000000006e-10, ""time_discount"": 0.21226252255737443, ""raw_opportunities"": 193, ""weight"": 2.1226252255737454e-11, ""effective_opportunities"": 4.096666685357329e-09}, {""age"": 11, ""gap_hours"": 14.07984944442908, ""age_discount"": 1.0000000000000006e-11, ""time_discount"": 0.19660316143533177, ""raw_opportunities"": 364, ""weight"": 1.9660316143533187e-12, ""effective_opportunities"": 7.156355076246081e-10}, {""age"": 12, ""gap_hours"": 15.917173611124356, ""age_discount"": 1.0000000000000006e-12, ""time_discount"": 0.15900430497101983, ""raw_opportunities"": 1863, ""weight"": 1.5900430497101993e-13, ""effective_opportunities"": 2.9622502016101015e-10}, {""age"": 13, ""gap_hours"": 16.509026944438617, ""age_discount"": 1.0000000000000007e-13, ""time_discount"": 0.14849595204690735, ""raw_opportunities"": 595, ""weight"": 1.4849595204690745e-14, ""effective_opportunities"": 8.835509146790994e-12}, {""age"": 14, ""gap_hours"": 18.145224722226462, ""age_discount"": 1.0000000000000008e-14, ""time_discount"": 0.12292036657833205, ""raw_opportunities"": 1669, ""weight"": 1.2292036657833214e-15, ""effective_opportunities"": 2.0515409181923634e-12}, {""age"": 15, ""gap_hours"": 19.168809444440736, ""age_discount"": 1.0000000000000009e-15, ""time_discount"": 0.10921163174664965, ""raw_opportunities"": 934, ""weight"": 1.0921163174664975e-16, ""effective_opportunities"": 1.0200366405137087e-13}, {""age"": 16, ""gap_hours"": 19.687167499992583, ""age_discount"": 1.0000000000000008e-16, ""time_discount"": 0.10286366849841708, ""raw_opportunities"": 636, ""weight"": 1.0286366849841717e-17, ""effective_opportunities"": 6.542129316499332e-15}]"
idc,pfr,0.15,0.000491344481605351,0.1,0.15,2,112.54344501722098,still_sparse,"[{""age"": 1, ""gap_hours"": 1.1255930555529066, ""age_discount"": 0.1, ""time_discount"": 0.8780659196660294, ""raw_opportunities"": 1229, ""weight"": 0.08780659196660295, ""effective_opportunities"": 107.91430152695503}, {""age"": 2, ""gap_hours"": 1.2481266666783226, ""age_discount"": 0.010000000000000002, ""time_discount"": 0.8657238971952586, ""raw_opportunities"": 151, ""weight"": 0.008657238971952587, ""effective_opportunities"": 1.3072430847648406}, {""age"": 3, ""gap_hours"": 2.4716899999645023, ""age_discount"": 0.0010000000000000002, ""time_discount"": 0.7516076555814648, ""raw_opportunities"": 1725, ""weight"": 0.000751607655581465, ""effective_opportunities"": 1.2965232058780272}, {""age"": 4, ""gap_hours"": 2.6769355555375416, ""age_discount"": 0.00010000000000000002, ""time_discount"": 0.7339959837274299, ""raw_opportunities"": 321, ""weight"": 7.3399598372743e-05, ""effective_opportunities"": 0.023561271077650506}, {""age"": 5, ""gap_hours"": 2.8185924999581444, ""age_discount"": 1.0000000000000003e-05, ""time_discount"": 0.7220819993131896, ""raw_opportunities"": 234, ""weight"": 7.220819993131898e-06, ""effective_opportunities"": 0.001689671878392864}, {""age"": 6, ""gap_hours"": 2.8577997222211624, ""age_discount"": 1.0000000000000004e-06, ""time_discount"": 0.7188187997858261, ""raw_opportunities"": 53, ""weight"": 7.188187997858264e-07, ""effective_opportunities"": 3.80973963886488e-05}, {""age"": 7, ""gap_hours"": 12.197354999979337, ""age_discount"": 1.0000000000000004e-07, ""time_discount"": 0.24436464934669672, ""raw_opportunities"": 3541, ""weight"": 2.443646493466968e-08, ""effective_opportunities"": 8.652952233366533e-05}, {""age"": 8, ""gap_hours"": 12.96478388885657, ""age_discount"": 1.0000000000000005e-08, ""time_discount"": 0.22363264153804843, ""raw_opportunities"": 704, ""weight"": 2.2363264153804854e-09, ""effective_opportunities"": 1.5743737964278617e-06}, {""age"": 9, ""gap_hours"": 13.24930861108833, ""age_discount"": 1.0000000000000005e-09, ""time_discount"": 0.21640142405786436, ""raw_opportunities"": 232, ""weight"": 2.1640142405786446e-10, ""effective_opportunities"": 5.0205130381424555e-08}, {""age"": 10, ""gap_hours"": 13.416470555530655, ""age_discount"": 1.0000000000000006e-10, ""time_discount"": 0.21226252255737443, ""raw_opportunities"": 195, ""weight"": 2.1226252255737454e-11, ""effective_opportunities"": 4.139119189868803e-09}, {""age"": 11, ""gap_hours"": 14.07984944442908, ""age_discount"": 1.0000000000000006e-11, ""time_discount"": 0.19660316143533177, ""raw_opportunities"": 367, ""weight"": 1.9660316143533187e-12, ""effective_opportunities"": 7.21533602467668e-10}, {""age"": 12, ""gap_hours"": 15.917173611124356, ""age_discount"": 1.0000000000000006e-12, ""time_discount"": 0.15900430497101983, ""raw_opportunities"": 1872, ""weight"": 1.5900430497101993e-13, ""effective_opportunities"": 2.976560589057493e-10}, {""age"": 13, ""gap_hours"": 16.509026944438617, ""age_discount"": 1.0000000000000007e-13, ""time_discount"": 0.14849595204690735, ""raw_opportunities"": 600, ""weight"": 1.4849595204690745e-14, ""effective_opportunities"": 8.909757122814448e-12}, {""age"": 14, ""gap_hours"": 18.145224722226462, ""age_discount"": 1.0000000000000008e-14, ""time_discount"": 0.12292036657833205, ""raw_opportunities"": 1678, ""weight"": 1.2292036657833214e-15, ""effective_opportunities"": 2.0626037511844134e-12}, {""age"": 15, ""gap_hours"": 19.168809444440736, ""age_discount"": 1.0000000000000009e-15, ""time_discount"": 0.10921163174664965, ""raw_opportunities"": 942, ""weight"": 1.0921163174664975e-16, ""effective_opportunities"": 1.0287735710534406e-13}, {""age"": 16, ""gap_hours"": 19.687167499992583, ""age_discount"": 1.0000000000000008e-16, ""time_discount"": 0.10286366849841708, ""raw_opportunities"": 638, ""weight"": 1.0286366849841717e-17, ""effective_opportunities"": 6.562702050199015e-15}]"
idc,threebet,0.08,0.0005975072463768117,0.03,0.1,0,97.86809541838016,still_sparse,"[{""age"": 1, ""gap_hours"": 1.1255930555529066, ""age_discount"": 0.1, ""time_discount"": 0.8780659196660294, ""raw_opportunities"": 1088, ""weight"": 0.08780659196660295, ""effective_opportunities"": 95.53357205966401}, {""age"": 2, ""gap_hours"": 1.2481266666783226, ""age_discount"": 0.010000000000000002, ""time_discount"": 0.8657238971952586, ""raw_opportunities"": 133, ""weight"": 0.008657238971952587, ""effective_opportunities"": 1.151412783269694}, {""age"": 3, ""gap_hours"": 2.4716899999645023, ""age_discount"": 0.0010000000000000002, ""time_discount"": 0.7516076555814648, ""raw_opportunities"": 1556, ""weight"": 0.000751607655581465, ""effective_opportunities"": 1.1695015120847596}, {""age"": 4, ""gap_hours"": 2.6769355555375416, ""age_discount"": 0.00010000000000000002, ""time_discount"": 0.7339959837274299, ""raw_opportunities"": 170, ""weight"": 7.3399598372743e-05, ""effective_opportunities"": 0.01247793172336631}, {""age"": 5, ""gap_hours"": 2.8185924999581444, ""age_discount"": 1.0000000000000003e-05, ""time_discount"": 0.7220819993131896, ""raw_opportunities"": 139, ""weight"": 7.220819993131898e-06, ""effective_opportunities"": 0.001003693979045334}, {""age"": 6, ""gap_hours"": 2.8577997222211624, ""age_discount"": 1.0000000000000004e-06, ""time_discount"": 0.7188187997858261, ""raw_opportunities"": 44, ""weight"": 7.188187997858264e-07, ""effective_opportunities"": 3.162802719057636e-05}, {""age"": 7, ""gap_hours"": 12.197354999979337, ""age_discount"": 1.0000000000000004e-07, ""time_discount"": 0.24436464934669672, ""raw_opportunities"": 3851, ""weight"": 2.443646493466968e-08, ""effective_opportunities"": 9.410482646341293e-05}, {""age"": 8, ""gap_hours"": 12.96478388885657, ""age_discount"": 1.0000000000000005e-08, ""time_discount"": 0.22363264153804843, ""raw_opportunities"": 736, ""weight"": 2.2363264153804854e-09, ""effective_opportunities"": 1.6459362417200374e-06}, {""age"": 9, ""gap_hours"": 13.24930861108833, ""age_discount"": 1.0000000000000005e-09, ""time_discount"": 0.21640142405786436, ""raw_opportunities"": 249, ""weight"": 2.1640142405786446e-10, ""effective_opportunities"": 5.388395459040825e-08}, {""age"": 10, ""gap_hours"": 13.416470555530655, ""age_discount"": 1.0000000000000006e-10, ""time_discount"": 0.21226252255737443, ""raw_opportunities"": 184, ""weight"": 2.1226252255737454e-11, ""effective_opportunities"": 3.905630415055691e-09}, {""age"": 11, ""gap_hours"": 14.07984944442908, ""age_discount"": 1.0000000000000006e-11, ""time_discount"": 0.19660316143533177, ""raw_opportunities"": 397, ""weight"": 1.9660316143533187e-12, ""effective_opportunities"": 7.805145508982675e-10}, {""age"": 12, ""gap_hours"": 15.917173611124356, ""age_discount"": 1.0000000000000006e-12, ""time_discount"": 0.15900430497101983, ""raw_opportunities"": 1817, ""weight"": 1.5900430497101993e-13, ""effective_opportunities"": 2.889108221323432e-10}, {""age"": 13, ""gap_hours"": 16.509026944438617, ""age_discount"": 1.0000000000000007e-13, ""time_discount"": 0.14849595204690735, ""raw_opportunities"": 563, ""weight"": 1.4849595204690745e-14, ""effective_opportunities"": 8.36032210024089e-12}, {""age"": 14, ""gap_hours"": 18.145224722226462, ""age_discount"": 1.0000000000000008e-14, ""time_discount"": 0.12292036657833205, ""raw_opportunities"": 1554, ""weight"": 1.2292036657833214e-15, ""effective_opportunities"": 1.9101824966272814e-12}, {""age"": 15, ""gap_hours"": 19.168809444440736, ""age_discount"": 1.0000000000000009e-15, ""time_discount"": 0.10921163174664965, ""raw_opportunities"": 1004, ""weight"": 1.0921163174664975e-16, ""effective_opportunities"": 1.0964847827363635e-13}, {""age"": 16, ""gap_hours"": 19.687167499992583, ""age_discount"": 1.0000000000000008e-16, ""time_discount"": 0.10286366849841708, ""raw_opportunities"": 669, ""weight"": 1.0286366849841717e-17, ""effective_opportunities"": 6.881579422544108e-15}]"
idc,limp,0.2,0.0059258361204013385,0.0,0.2,2,112.54344501722098,still_sparse,"[{""age"": 1, ""gap_hours"": 1.1255930555529066, ""age_discount"": 0.1, ""time_discount"": 0.8780659196660294, ""raw_opportunities"": 1229, ""weight"": 0.08780659196660295, ""effective_opportunities"": 107.91430152695503}, {""age"": 2, ""gap_hours"": 1.2481266666783226, ""age_discount"": 0.010000000000000002, ""time_discount"": 0.8657238971952586, ""raw_opportunities"": 151, ""weight"": 0.008657238971952587, ""effective_opportunities"": 1.3072430847648406}, {""age"": 3, ""gap_hours"": 2.4716899999645023, ""age_discount"": 0.0010000000000000002, ""time_discount"": 0.7516076555814648, ""raw_opportunities"": 1725, ""weight"": 0.000751607655581465, ""effective_opportunities"": 1.2965232058780272}, {""age"": 4, ""gap_hours"": 2.6769355555375416, ""age_discount"": 0.00010000000000000002, ""time_discount"": 0.7339959837274299, ""raw_opportunities"": 321, ""weight"": 7.3399598372743e-05, ""effective_opportunities"": 0.023561271077650506}, {""age"": 5, ""gap_hours"": 2.8185924999581444, ""age_discount"": 1.0000000000000003e-05, ""time_discount"": 0.7220819993131896, ""raw_opportunities"": 234, ""weight"": 7.220819993131898e-06, ""effective_opportunities"": 0.001689671878392864}, {""age"": 6, ""gap_hours"": 2.8577997222211624, ""age_discount"": 1.0000000000000004e-06, ""time_discount"": 0.7188187997858261, ""raw_opportunities"": 53, ""weight"": 7.188187997858264e-07, ""effective_opportunities"": 3.80973963886488e-05}, {""age"": 7, ""gap_hours"": 12.197354999979337, ""age_discount"": 1.0000000000000004e-07, ""time_discount"": 0.24436464934669672, ""raw_opportunities"": 3541, ""weight"": 2.443646493466968e-08, ""effective_opportunities"": 8.652952233366533e-05}, {""age"": 8, ""gap_hours"": 12.96478388885657, ""age_discount"": 1.0000000000000005e-08, ""time_discount"": 0.22363264153804843, ""raw_opportunities"": 704, ""weight"": 2.2363264153804854e-09, ""effective_opportunities"": 1.5743737964278617e-06}, {""age"": 9, ""gap_hours"": 13.24930861108833, ""age_discount"": 1.0000000000000005e-09, ""time_discount"": 0.21640142405786436, ""raw_opportunities"": 232, ""weight"": 2.1640142405786446e-10, ""effective_opportunities"": 5.0205130381424555e-08}, {""age"": 10, ""gap_hours"": 13.416470555530655, ""age_discount"": 1.0000000000000006e-10, ""time_discount"": 0.21226252255737443, ""raw_opportunities"": 195, ""weight"": 2.1226252255737454e-11, ""effective_opportunities"": 4.139119189868803e-09}, {""age"": 11, ""gap_hours"": 14.07984944442908, ""age_discount"": 1.0000000000000006e-11, ""time_discount"": 0.19660316143533177, ""raw_opportunities"": 367, ""weight"": 1.9660316143533187e-12, ""effective_opportunities"": 7.21533602467668e-10}, {""age"": 12, ""gap_hours"": 15.917173611124356, ""age_discount"": 1.0000000000000006e-12, ""time_discount"": 0.15900430497101983, ""raw_opportunities"": 1872, ""weight"": 1.5900430497101993e-13, ""effective_opportunities"": 2.976560589057493e-10}, {""age"": 13, ""gap_hours"": 16.509026944438617, ""age_discount"": 1.0000000000000007e-13, ""time_discount"": 0.14849595204690735, ""raw_opportunities"": 600, ""weight"": 1.4849595204690745e-14, ""effective_opportunities"": 8.909757122814448e-12}, {""age"": 14, ""gap_hours"": 18.145224722226462, ""age_discount"": 1.0000000000000008e-14, ""time_discount"": 0.12292036657833205, ""raw_opportunities"": 1678, ""weight"": 1.2292036657833214e-15, ""effective_opportunities"": 2.0626037511844134e-12}, {""age"": 15, ""gap_hours"": 19.168809444440736, ""age_discount"": 1.0000000000000009e-15, ""time_discount"": 0.10921163174664965, ""raw_opportunities"": 942, ""weight"": 1.0921163174664975e-16, ""effective_opportunities"": 1.0287735710534406e-13}, {""age"": 16, ""gap_hours"": 19.687167499992583, ""age_discount"": 1.0000000000000008e-16, ""time_discount"": 0.10286366849841708, ""raw_opportunities"": 638, ""weight"": 1.0286366849841717e-17, ""effective_opportunities"": 6.562702050199015e-15}]"
idc,aggression,0.5,0.009455518394648836,0.5,0.7000000000000001,6,37.44251934569628,still_sparse,"[{""age"": 1, ""gap_hours"": 1.1255930555529066, ""age_discount"": 0.1, ""time_discount"": 0.8780659196660294, ""raw_opportunities"": 352, ""weight"": 0.08780659196660295, ""effective_opportunities"": 30.90792037224424}, {""age"": 2, ""gap_hours"": 1.2481266666783226, ""age_discount"": 0.010000000000000002, ""time_discount"": 0.8657238971952586, ""raw_opportunities"": 21, ""weight"": 0.008657238971952587, ""effective_opportunities"": 0.18180201841100432}, {""age"": 3, ""gap_hours"": 2.4716899999645023, ""age_discount"": 0.0010000000000000002, ""time_discount"": 0.7516076555814648, ""raw_opportunities"": 450, ""weight"": 0.000751607655581465, ""effective_opportunities"": 0.33822344501165924}, {""age"": 4, ""gap_hours"": 2.6769355555375416, ""age_discount"": 0.00010000000000000002, ""time_discount"": 0.7339959837274299, ""raw_opportunities"": 187, ""weight"": 7.3399598372743e-05, ""effective_opportunities"": 0.013725724895702942}, {""age"": 5, ""gap_hours"": 2.8185924999581444, ""age_discount"": 1.0000000000000003e-05, ""time_discount"": 0.7220819993131896, ""raw_opportunities"": 111, ""weight"": 7.220819993131898e-06, ""effective_opportunities"": 0.0008015110192376406}, {""age"": 6, ""gap_hours"": 2.8577997222211624, ""age_discount"": 1.0000000000000004e-06, ""time_discount"": 0.7188187997858261, ""raw_opportunities"": 21, ""weight"": 7.188187997858264e-07, ""effective_opportunities"": 1.5095194795502354e-05}, {""age"": 7, ""gap_hours"": 12.197354999979337, ""age_discount"": 1.0000000000000004e-07, ""time_discount"": 0.24436464934669672, ""raw_opportunities"": 1247, ""weight"": 2.443646493466968e-08, ""effective_opportunities"": 3.047227177353309e-05}, {""age"": 8, ""gap_hours"": 12.96478388885657, ""age_discount"": 1.0000000000000005e-08, ""time_discount"": 0.22363264153804843, ""raw_opportunities"": 307, ""weight"": 2.2363264153804854e-09, ""effective_opportunities"": 6.86552209521809e-07}, {""age"": 9, ""gap_hours"": 13.24930861108833, ""age_discount"": 1.0000000000000005e-09, ""time_discount"": 0.21640142405786436, ""raw_opportunities"": 86, ""weight"": 2.1640142405786446e-10, ""effective_opportunities"": 1.8610522468976342e-08}, {""age"": 10, ""gap_hours"": 13.416470555530655, ""age_discount"": 1.0000000000000006e-10, ""time_discount"": 0.21226252255737443, ""raw_opportunities"": 56, ""weight"": 2.1226252255737454e-11, ""effective_opportunities"": 1.1886701263212974e-09}, {""age"": 11, ""gap_hours"": 14.07984944442908, ""age_discount"": 1.0000000000000006e-11, ""time_discount"": 0.19660316143533177, ""raw_opportunities"": 97, ""weight"": 1.9660316143533187e-12, ""effective_opportunities"": 1.907050665922719e-10}, {""age"": 12, ""gap_hours"": 15.917173611124356, ""age_discount"": 1.0000000000000006e-12, ""time_discount"": 0.15900430497101983, ""raw_opportunities"": 646, ""weight"": 1.5900430497101993e-13, ""effective_opportunities"": 1.0271678101127887e-10}, {""age"": 13, ""gap_hours"": 16.509026944438617, ""age_discount"": 1.0000000000000007e-13, ""time_discount"": 0.14849595204690735, ""raw_opportunities"": 175, ""weight"": 1.4849595204690745e-14, ""effective_opportunities"": 2.5986791608208802e-12}, {""age"": 14, ""gap_hours"": 18.145224722226462, ""age_discount"": 1.0000000000000008e-14, ""time_discount"": 0.12292036657833205, ""raw_opportunities"": 340, ""weight"": 1.2292036657833214e-15, ""effective_opportunities"": 4.179292463663293e-13}, {""age"": 15, ""gap_hours"": 19.168809444440736, ""age_discount"": 1.0000000000000009e-15, ""time_discount"": 0.10921163174664965, ""raw_opportunities"": 219, ""weight"": 1.0921163174664975e-16, ""effective_opportunities"": 2.3917347352516296e-14}, {""age"": 16, ""gap_hours"": 19.687167499992583, ""age_discount"": 1.0000000000000008e-16, ""time_discount"": 0.10286366849841708, ""raw_opportunities"": 76, ""weight"": 1.0286366849841717e-17, ""effective_opportunities"": 7.817638805879705e-16}]"
idc,cbet,0.55,0.00768851727982163,0.4,0.7000000000000001,1,8.330509213710581,still_sparse,"[{""age"": 1, ""gap_hours"": 1.1255930555529066, ""age_discount"": 0.1, ""time_discount"": 0.8780659196660294, ""raw_opportunities"": 82, ""weight"": 0.08780659196660295, ""effective_opportunities"": 7.200140541261442}, {""age"": 2, ""gap_hours"": 1.2481266666783226, ""age_discount"": 0.010000000000000002, ""time_discount"": 0.8657238971952586, ""raw_opportunities"": 5, ""weight"": 0.008657238971952587, ""effective_opportunities"": 0.043286194859762935}, {""age"": 3, ""gap_hours"": 2.4716899999645023, ""age_discount"": 0.0010000000000000002, ""time_discount"": 0.7516076555814648, ""raw_opportunities"": 110, ""weight"": 0.000751607655581465, ""effective_opportunities"": 0.08267684211396116}, {""age"": 4, ""gap_hours"": 2.6769355555375416, ""age_discount"": 0.00010000000000000002, ""time_discount"": 0.7339959837274299, ""raw_opportunities"": 57, ""weight"": 7.3399598372743e-05, ""effective_opportunities"": 0.004183777107246351}, {""age"": 5, ""gap_hours"": 2.8185924999581444, ""age_discount"": 1.0000000000000003e-05, ""time_discount"": 0.7220819993131896, ""raw_opportunities"": 29, ""weight"": 7.220819993131898e-06, ""effective_opportunities"": 0.00020940377980082503}, {""age"": 6, ""gap_hours"": 2.8577997222211624, ""age_discount"": 1.0000000000000004e-06, ""time_discount"": 0.7188187997858261, ""raw_opportunities"": 6, ""weight"": 7.188187997858264e-07, ""effective_opportunities"": 4.312912798714958e-06}, {""age"": 7, ""gap_hours"": 12.197354999979337, ""age_discount"": 1.0000000000000004e-07, ""time_discount"": 0.24436464934669672, ""raw_opportunities"": 325, ""weight"": 2.443646493466968e-08, ""effective_opportunities"": 7.941851103767645e-06}, {""age"": 8, ""gap_hours"": 12.96478388885657, ""age_discount"": 1.0000000000000005e-08, ""time_discount"": 0.22363264153804843, ""raw_opportunities"": 87, ""weight"": 2.2363264153804854e-09, ""effective_opportunities"": 1.9456039813810224e-07}, {""age"": 9, ""gap_hours"": 13.24930861108833, ""age_discount"": 1.0000000000000005e-09, ""time_discount"": 0.21640142405786436, ""raw_opportunities"": 22, ""weight"": 2.1640142405786446e-10, ""effective_opportunities"": 4.760831329273018e-09}, {""age"": 10, ""gap_hours"": 13.416470555530655, ""age_discount"": 1.0000000000000006e-10, ""time_discount"": 0.21226252255737443, ""raw_opportunities"": 20, ""weight"": 2.1226252255737454e-11, ""effective_opportunities"": 4.245250451147491e-10}, {""age"": 11, ""gap_hours"": 14.07984944442908, ""age_discount"": 1.0000000000000006e-11, ""time_discount"": 0.19660316143533177, ""raw_opportunities"": 26, ""weight"": 1.9660316143533187e-12, ""effective_opportunities"": 5.111682197318629e-11}, {""age"": 12, ""gap_hours"": 15.917173611124356, ""age_discount"": 1.0000000000000006e-12, ""time_discount"": 0.15900430497101983, ""raw_opportunities"": 168, ""weight"": 1.5900430497101993e-13, ""effective_opportunities"": 2.671272323513135e-11}, {""age"": 13, ""gap_hours"": 16.509026944438617, ""age_discount"": 1.0000000000000007e-13, ""time_discount"": 0.14849595204690735, ""raw_opportunities"": 52, ""weight"": 1.4849595204690745e-14, ""effective_opportunities"": 7.721789506439188e-13}, {""age"": 14, ""gap_hours"": 18.145224722226462, ""age_discount"": 1.0000000000000008e-14, ""time_discount"": 0.12292036657833205, ""raw_opportunities"": 83, ""weight"": 1.2292036657833214e-15, ""effective_opportunities"": 1.0202390426001568e-13}, {""age"": 15, ""gap_hours"": 19.168809444440736, ""age_discount"": 1.0000000000000009e-15, ""time_discount"": 0.10921163174664965, ""raw_opportunities"": 55, ""weight"": 1.0921163174664975e-16, ""effective_opportunities"": 6.006639746065736e-15}, {""age"": 16, ""gap_hours"": 19.687167499992583, ""age_discount"": 1.0000000000000008e-16, ""time_discount"": 0.10286366849841708, ""raw_opportunities"": 23, ""weight"": 1.0286366849841717e-17, ""effective_opportunities"": 2.365864375463595e-16}]"
idc,bluff,0.25,0.0022630992196209588,0.1,0.30000000000000004,6,37.44251934569628,still_sparse,"[{""age"": 1, ""gap_hours"": 1.1255930555529066, ""age_discount"": 0.1, ""time_discount"": 0.8780659196660294, ""raw_opportunities"": 352, ""weight"": 0.08780659196660295, ""effective_opportunities"": 30.90792037224424}, {""age"": 2, ""gap_hours"": 1.2481266666783226, ""age_discount"": 0.010000000000000002, ""time_discount"": 0.8657238971952586, ""raw_opportunities"": 21, ""weight"": 0.008657238971952587, ""effective_opportunities"": 0.18180201841100432}, {""age"": 3, ""gap_hours"": 2.4716899999645023, ""age_discount"": 0.0010000000000000002, ""time_discount"": 0.7516076555814648, ""raw_opportunities"": 450, ""weight"": 0.000751607655581465, ""effective_opportunities"": 0.33822344501165924}, {""age"": 4, ""gap_hours"": 2.6769355555375416, ""age_discount"": 0.00010000000000000002, ""time_discount"": 0.7339959837274299, ""raw_opportunities"": 187, ""weight"": 7.3399598372743e-05, ""effective_opportunities"": 0.013725724895702942}, {""age"": 5, ""gap_hours"": 2.8185924999581444, ""age_discount"": 1.0000000000000003e-05, ""time_discount"": 0.7220819993131896, ""raw_opportunities"": 111, ""weight"": 7.220819993131898e-06, ""effective_opportunities"": 0.0008015110192376406}, {""age"": 6, ""gap_hours"": 2.8577997222211624, ""age_discount"": 1.0000000000000004e-06, ""time_discount"": 0.7188187997858261, ""raw_opportunities"": 21, ""weight"": 7.188187997858264e-07, ""effective_opportunities"": 1.5095194795502354e-05}, {""age"": 7, ""gap_hours"": 12.197354999979337, ""age_discount"": 1.0000000000000004e-07, ""time_discount"": 0.24436464934669672, ""raw_opportunities"": 1247, ""weight"": 2.443646493466968e-08, ""effective_opportunities"": 3.047227177353309e-05}, {""age"": 8, ""gap_hours"": 12.96478388885657, ""age_discount"": 1.0000000000000005e-08, ""time_discount"": 0.22363264153804843, ""raw_opportunities"": 307, ""weight"": 2.2363264153804854e-09, ""effective_opportunities"": 6.86552209521809e-07}, {""age"": 9, ""gap_hours"": 13.24930861108833, ""age_discount"": 1.0000000000000005e-09, ""time_discount"": 0.21640142405786436, ""raw_opportunities"": 86, ""weight"": 2.1640142405786446e-10, ""effective_opportunities"": 1.8610522468976342e-08}, {""age"": 10, ""gap_hours"": 13.416470555530655, ""age_discount"": 1.0000000000000006e-10, ""time_discount"": 0.21226252255737443, ""raw_opportunities"": 56, ""weight"": 2.1226252255737454e-11, ""effective_opportunities"": 1.1886701263212974e-09}, {""age"": 11, ""gap_hours"": 14.07984944442908, ""age_discount"": 1.0000000000000006e-11, ""time_discount"": 0.19660316143533177, ""raw_opportunities"": 97, ""weight"": 1.9660316143533187e-12, ""effective_opportunities"": 1.907050665922719e-10}, {""age"": 12, ""gap_hours"": 15.917173611124356, ""age_discount"": 1.0000000000000006e-12, ""time_discount"": 0.15900430497101983, ""raw_opportunities"": 646, ""weight"": 1.5900430497101993e-13, ""effective_opportunities"": 1.0271678101127887e-10}, {""age"": 13, ""gap_hours"": 16.509026944438617, ""age_discount"": 1.0000000000000007e-13, ""time_discount"": 0.14849595204690735, ""raw_opportunities"": 175, ""weight"": 1.4849595204690745e-14, ""effective_opportunities"": 2.5986791608208802e-12}, {""age"": 14, ""gap_hours"": 18.145224722226462, ""age_discount"": 1.0000000000000008e-14, ""time_discount"": 0.12292036657833205, ""raw_opportunities"": 340, ""weight"": 1.2292036657833214e-15, ""effective_opportunities"": 4.179292463663293e-13}, {""age"": 15, ""gap_hours"": 19.168809444440736, ""age_discount"": 1.0000000000000009e-15, ""time_discount"": 0.10921163174664965, ""raw_opportunities"": 219, ""weight"": 1.0921163174664975e-16, ""effective_opportunities"": 2.3917347352516296e-14}, {""age"": 16, ""gap_hours"": 19.687167499992583, ""age_discount"": 1.0000000000000008e-16, ""time_discount"": 0.10286366849841708, ""raw_opportunities"": 76, ""weight"": 1.0286366849841717e-17, ""effective_opportunities"": 7.817638805879705e-16}]"
idc,stickiness,0.5700000000000001,0.05068011594202898,0.42375000000000007,1.0,0,15.78950807715377,still_sparse,"[{""age"": 1, ""gap_hours"": 1.1255930555529066, ""age_discount"": 0.1, ""time_discount"": 0.8780659196660294, ""raw_opportunities"": 176, ""weight"": 0.08780659196660295, ""effective_opportunities"": 15.45396018612212}, {""age"": 2, ""gap_hours"": 1.2481266666783226, ""age_discount"": 0.010000000000000002, ""time_discount"": 0.8657238971952586, ""raw_opportunities"": 20, ""weight"": 0.008657238971952587, ""effective_opportunities"": 0.17314477943905174}, {""age"": 3, ""gap_hours"": 2.4716899999645023, ""age_discount"": 0.0010000000000000002, ""time_discount"": 0.7516076555814648, ""raw_opportunities"": 210, ""weight"": 0.000751607655581465, ""effective_opportunities"": 0.15783760767210767}, {""age"": 4, ""gap_hours"": 2.6769355555375416, ""age_discount"": 0.00010000000000000002, ""time_discount"": 0.7339959837274299, ""raw_opportunities"": 59, ""weight"": 7.3399598372743e-05, ""effective_opportunities"": 0.004330576303991837}, {""age"": 5, ""gap_hours"": 2.8185924999581444, ""age_discount"": 1.0000000000000003e-05, ""time_discount"": 0.7220819993131896, ""raw_opportunities"": 29, ""weight"": 7.220819993131898e-06, ""effective_opportunities"": 0.00020940377980082503}, {""age"": 6, ""gap_hours"": 2.8577997222211624, ""age_discount"": 1.0000000000000004e-06, ""time_discount"": 0.7188187997858261, ""raw_opportunities"": 9, ""weight"": 7.188187997858264e-07, ""effective_opportunities"": 6.469369198072437e-06}, {""age"": 7, ""gap_hours"": 12.197354999979337, ""age_discount"": 1.0000000000000004e-07, ""time_discount"": 0.24436464934669672, ""raw_opportunities"": 765, ""weight"": 2.443646493466968e-08, ""effective_opportunities"": 1.8693895675022304e-05}, {""age"": 8, ""gap_hours"": 12.96478388885657, ""age_discount"": 1.0000000000000005e-08, ""time_discount"": 0.22363264153804843, ""raw_opportunities"": 156, ""weight"": 2.2363264153804854e-09, ""effective_opportunities"": 3.488669207993557e-07}, {""age"": 9, ""gap_hours"": 13.24930861108833, ""age_discount"": 1.0000000000000005e-09, ""time_discount"": 0.21640142405786436, ""raw_opportunities"": 52, ""weight"": 2.1640142405786446e-10, ""effective_opportunities"": 1.1252874051008952e-08}, {""age"": 10, ""gap_hours"": 13.416470555530655, ""age_discount"": 1.0000000000000006e-10, ""time_discount"": 0.21226252255737443, ""raw_opportunities"": 15, ""weight"": 2.1226252255737454e-11, ""effective_opportunities"": 3.1839378383606184e-10}, {""age"": 11, ""gap_hours"": 14.07984944442908, ""age_discount"": 1.0000000000000006e-11, ""time_discount"": 0.19660316143533177, ""raw_opportunities"": 36, ""weight"": 1.9660316143533187e-12, ""effective_opportunities"": 7.077713811671948e-11}, {""age"": 12, ""gap_hours"": 15.917173611124356, ""age_discount"": 1.0000000000000006e-12, ""time_discount"": 0.15900430497101983, ""raw_opportunities"": 385, ""weight"": 1.5900430497101993e-13, ""effective_opportunities"": 6.121665741384267e-11}, {""age"": 13, ""gap_hours"": 16.509026944438617, ""age_discount"": 1.0000000000000007e-13, ""time_discount"": 0.14849595204690735, ""raw_opportunities"": 91, ""weight"": 1.4849595204690745e-14, ""effective_opportunities"": 1.3513131636268577e-12}, {""age"": 14, ""gap_hours"": 18.145224722226462, ""age_discount"": 1.0000000000000008e-14, ""time_discount"": 0.12292036657833205, ""raw_opportunities"": 222, ""weight"": 1.2292036657833214e-15, ""effective_opportunities"": 2.7288321380389734e-13}, {""age"": 15, ""gap_hours"": 19.168809444440736, ""age_discount"": 1.0000000000000009e-15, ""time_discount"": 0.10921163174664965, ""raw_opportunities"": 148, ""weight"": 1.0921163174664975e-16, ""effective_opportunities"": 1.6163321498504164e-14}, {""age"": 16, ""gap_hours"": 19.687167499992583, ""age_discount"": 1.0000000000000008e-16, ""time_discount"": 0.10286366849841708, ""raw_opportunities"": 46, ""weight"": 1.0286366849841717e-17, ""effective_opportunities"": 4.73172875092719e-16}]"
idc,size,0.92,0.0008008570234113708,0.887375,0.985,2,11.047513862707676,still_sparse,"[{""age"": 1, ""gap_hours"": 1.1255930555529066, ""age_discount"": 0.1, ""time_discount"": 0.8780659196660294, ""raw_opportunities"": 101, ""weight"": 0.08780659196660295, ""effective_opportunities"": 8.868465788626898}, {""age"": 2, ""gap_hours"": 1.2481266666783226, ""age_discount"": 0.010000000000000002, ""time_discount"": 0.8657238971952586, ""raw_opportunities"": 6, ""weight"": 0.008657238971952587, ""effective_opportunities"": 0.05194343383171553}, {""age"": 3, ""gap_hours"": 2.4716899999645023, ""age_discount"": 0.0010000000000000002, ""time_discount"": 0.7516076555814648, ""raw_opportunities"": 161, ""weight"": 0.000751607655581465, ""effective_opportunities"": 0.12100883254861587}, {""age"": 4, ""gap_hours"": 2.6769355555375416, ""age_discount"": 0.00010000000000000002, ""time_discount"": 0.7339959837274299, ""raw_opportunities"": 78, ""weight"": 7.3399598372743e-05, ""effective_opportunities"": 0.005725168673073954}, {""age"": 5, ""gap_hours"": 2.8185924999581444, ""age_discount"": 1.0000000000000003e-05, ""time_discount"": 0.7220819993131896, ""raw_opportunities"": 50, ""weight"": 7.220819993131898e-06, ""effective_opportunities"": 0.0003610409996565949}, {""age"": 6, ""gap_hours"": 2.8577997222211624, ""age_discount"": 1.0000000000000004e-06, ""time_discount"": 0.7188187997858261, ""raw_opportunities"": 2, ""weight"": 7.188187997858264e-07, ""effective_opportunities"": 1.4376375995716527e-06}, {""age"": 7, ""gap_hours"": 12.197354999979337, ""age_discount"": 1.0000000000000004e-07, ""time_discount"": 0.24436464934669672, ""raw_opportunities"": 326, ""weight"": 2.443646493466968e-08, ""effective_opportunities"": 7.966287568702315e-06}, {""age"": 8, ""gap_hours"": 12.96478388885657, ""age_discount"": 1.0000000000000005e-08, ""time_discount"": 0.22363264153804843, ""raw_opportunities"": 84, ""weight"": 2.2363264153804854e-09, ""effective_opportunities"": 1.8785141889196078e-07}, {""age"": 9, ""gap_hours"": 13.24930861108833, ""age_discount"": 1.0000000000000005e-09, ""time_discount"": 0.21640142405786436, ""raw_opportunities"": 27, ""weight"": 2.1640142405786446e-10, ""effective_opportunities"": 5.84283844956234e-09}, {""age"": 10, ""gap_hours"": 13.416470555530655, ""age_discount"": 1.0000000000000006e-10, ""time_discount"": 0.21226252255737443, ""raw_opportunities"": 15, ""weight"": 2.1226252255737454e-11, ""effective_opportunities"": 3.1839378383606184e-10}, {""age"": 11, ""gap_hours"": 14.07984944442908, ""age_discount"": 1.0000000000000006e-11, ""time_discount"": 0.19660316143533177, ""raw_opportunities"": 30, ""weight"": 1.9660316143533187e-12, ""effective_opportunities"": 5.898094843059956e-11}, {""age"": 12, ""gap_hours"": 15.917173611124356, ""age_discount"": 1.0000000000000006e-12, ""time_discount"": 0.15900430497101983, ""raw_opportunities"": 189, ""weight"": 1.5900430497101993e-13, ""effective_opportunities"": 3.005181363952277e-11}, {""age"": 13, ""gap_hours"": 16.509026944438617, ""age_discount"": 1.0000000000000007e-13, ""time_discount"": 0.14849595204690735, ""raw_opportunities"": 48, ""weight"": 1.4849595204690745e-14, ""effective_opportunities"": 7.127805698251557e-13}, {""age"": 14, ""gap_hours"": 18.145224722226462, ""age_discount"": 1.0000000000000008e-14, ""time_discount"": 0.12292036657833205, ""raw_opportunities"": 117, ""weight"": 1.2292036657833214e-15, ""effective_opportunities"": 1.4381682889664862e-13}, {""age"": 15, ""gap_hours"": 19.168809444440736, ""age_discount"": 1.0000000000000009e-15, ""time_discount"": 0.10921163174664965, ""raw_opportunities"": 63, ""weight"": 1.0921163174664975e-16, ""effective_opportunities"": 6.880332800038934e-15}, {""age"": 16, ""gap_hours"": 19.687167499992583, ""age_discount"": 1.0000000000000008e-16, ""time_discount"": 0.10286366849841708, ""raw_opportunities"": 26, ""weight"": 1.0286366849841717e-17, ""effective_opportunities"": 2.6744553809588462e-16}]"
idc,adaptive,0.0,0.0,0.0,0.0,6,53.232027422850045,still_sparse,"[{""age"": 1, ""gap_hours"": 1.1255930555529066, ""age_discount"": 0.1, ""time_discount"": 0.8780659196660294, ""raw_opportunities"": 528, ""weight"": 0.08780659196660295, ""effective_opportunities"": 46.36188055836636}, {""age"": 2, ""gap_hours"": 1.2481266666783226, ""age_discount"": 0.010000000000000002, ""time_discount"": 0.8657238971952586, ""raw_opportunities"": 41, ""weight"": 0.008657238971952587, ""effective_opportunities"": 0.35494679785005606}, {""age"": 3, ""gap_hours"": 2.4716899999645023, ""age_discount"": 0.0010000000000000002, ""time_discount"": 0.7516076555814648, ""raw_opportunities"": 660, ""weight"": 0.000751607655581465, ""effective_opportunities"": 0.49606105268376693}, {""age"": 4, ""gap_hours"": 2.6769355555375416, ""age_discount"": 0.00010000000000000002, ""time_discount"": 0.7339959837274299, ""raw_opportunities"": 246, ""weight"": 7.3399598372743e-05, ""effective_opportunities"": 0.01805630119969478}, {""age"": 5, ""gap_hours"": 2.8185924999581444, ""age_discount"": 1.0000000000000003e-05, ""time_discount"": 0.7220819993131896, ""raw_opportunities"": 140, ""weight"": 7.220819993131898e-06, ""effective_opportunities"": 0.0010109147990384657}, {""age"": 6, ""gap_hours"": 2.8577997222211624, ""age_discount"": 1.0000000000000004e-06, ""time_discount"": 0.7188187997858261, ""raw_opportunities"": 30, ""weight"": 7.188187997858264e-07, ""effective_opportunities"": 2.156456399357479e-05}, {""age"": 7, ""gap_hours"": 12.197354999979337, ""age_discount"": 1.0000000000000004e-07, ""time_discount"": 0.24436464934669672, ""raw_opportunities"": 2012, ""weight"": 2.443646493466968e-08, ""effective_opportunities"": 4.91661674485554e-05}, {""age"": 8, ""gap_hours"": 12.96478388885657, ""age_discount"": 1.0000000000000005e-08, ""time_discount"": 0.22363264153804843, ""raw_opportunities"": 463, ""weight"": 2.2363264153804854e-09, ""effective_opportunities"": 1.0354191303211648e-06}, {""age"": 9, ""gap_hours"": 13.24930861108833, ""age_discount"": 1.0000000000000005e-09, ""time_discount"": 0.21640142405786436, ""raw_opportunities"": 138, ""weight"": 2.1640142405786446e-10, ""effective_opportunities"": 2.9863396519985296e-08}, {""age"": 10, ""gap_hours"": 13.416470555530655, ""age_discount"": 1.0000000000000006e-10, ""time_discount"": 0.21226252255737443, ""raw_opportunities"": 71, ""weight"": 2.1226252255737454e-11, ""effective_opportunities"": 1.5070639101573593e-09}, {""age"": 11, ""gap_hours"": 14.07984944442908, ""age_discount"": 1.0000000000000006e-11, ""time_discount"": 0.19660316143533177, ""raw_opportunities"": 133, ""weight"": 1.9660316143533187e-12, ""effective_opportunities"": 2.614822047089914e-10}, {""age"": 12, ""gap_hours"": 15.917173611124356, ""age_discount"": 1.0000000000000006e-12, ""time_discount"": 0.15900430497101983, ""raw_opportunities"": 1031, ""weight"": 1.5900430497101993e-13, ""effective_opportunities"": 1.6393343842512154e-10}, {""age"": 13, ""gap_hours"": 16.509026944438617, ""age_discount"": 1.0000000000000007e-13, ""time_discount"": 0.14849595204690735, ""raw_opportunities"": 266, ""weight"": 1.4849595204690745e-14, ""effective_opportunities"": 3.9499923244477385e-12}, {""age"": 14, ""gap_hours"": 18.145224722226462, ""age_discount"": 1.0000000000000008e-14, ""time_discount"": 0.12292036657833205, ""raw_opportunities"": 562, ""weight"": 1.2292036657833214e-15, ""effective_opportunities"": 6.908124601702266e-13}, {""age"": 15, ""gap_hours"": 19.168809444440736, ""age_discount"": 1.0000000000000009e-15, ""time_discount"": 0.10921163174664965, ""raw_opportunities"": 367, ""weight"": 1.0921163174664975e-16, ""effective_opportunities"": 4.008066885102046e-14}, {""age"": 16, ""gap_hours"": 19.687167499992583, ""age_discount"": 1.0000000000000008e-16, ""time_discount"": 0.10286366849841708, ""raw_opportunities"": 122, ""weight"": 1.0286366849841717e-17, ""effective_opportunities"": 1.2549367556806894e-15}]"
kurimanju,vpip,0.38,0.00025486176142697843,0.34,0.38,4223,4223,latest_sufficient,[]
kurimanju,pfr,0.38,0.00025486176142697843,0.34,0.38,4259,4259,latest_sufficient,[]
kurimanju,threebet,0.02,7.641471571906354e-05,0.02,0.05,4242,4242,latest_sufficient,[]
kurimanju,limp,0.25,0.0006180602006688961,0.2,0.25,4259,4259,latest_sufficient,[]
kurimanju,aggression,0.2,0.001222826086956522,0.2,0.35000000000000003,3071,3071,latest_sufficient,[]
kurimanju,cbet,0.45,0.0026658584169453724,0.30000000000000004,0.5,556,556,latest_sufficient,[]
kurimanju,bluff,0.2,0.0016743311036789296,0.1,0.25,3071,3071,latest_sufficient,[]
kurimanju,stickiness,0.33,0.007726336677814939,0.09475,0.36,2296,2296,latest_sufficient,[]
kurimanju,size,0.71,2.4556856187289927e-06,0.7050000000000001,0.71,563,563,latest_sufficient,[]
kurimanju,adaptive,0.0,0.16645484949832778,0.0,1.0,5367,5367,latest_sufficient,[]
luck is all u need,vpip,0.23,0.0008905507246376812,0.17,0.23,4156,4156,latest_sufficient,[]
luck is all u need,pfr,0.23,0.0008905507246376812,0.17,0.23,4226,4226,latest_sufficient,[]
luck is all u need,threebet,0.09,3.973244147157189e-06,0.09,0.09,4149,4149,latest_sufficient,[]
luck is all u need,limp,0.15000000000000002,0.005239102564102566,0.0,0.15000000000000002,4226,4226,latest_sufficient,[]
luck is all u need,aggression,0.15000000000000002,0.005722296544035676,0.05,0.37624999999999886,3552,3552,latest_sufficient,[]
luck is all u need,cbet,0.30000000000000004,0.0025354236343366784,0.2,0.4,697,697,latest_sufficient,[]
luck is all u need,bluff,0.9,0.0011875975473801556,0.8500000000000001,0.9500000000000001,3552,3552,latest_sufficient,[]
luck is all u need,stickiness,0.31,0.0012959152731326644,0.19,0.36,1253,1253,latest_sufficient,[]
luck is all u need,size,0.36,1.3371237458194002e-05,0.35,0.36,1393,1393,latest_sufficient,[]
luck is all u need,adaptive,0.0,0.0,0.0,0.0,4805,4805,latest_sufficient,[]
percy-perc-filet,vpip,0.45,0.0006713667781493869,0.43,0.51,4463,4463,latest_sufficient,[]
percy-perc-filet,pfr,0.45,0.0006648149386845039,0.43,0.51,4478,4478,latest_sufficient,[]
percy-perc-filet,threebet,0.11,0.0,0.11,0.11,4106,4106,latest_sufficient,[]
percy-perc-filet,limp,0.15000000000000002,0.00047658862876254204,0.1,0.2,4478,4478,latest_sufficient,[]
percy-perc-filet,aggression,0.25,0.006617028985507247,0.05,0.45,3797,3797,latest_sufficient,[]
percy-perc-filet,cbet,0.05,0.0008832497212931998,0.0,0.1,865,865,latest_sufficient,[]
percy-perc-filet,bluff,0.5,0.0014597547380156084,0.45,0.6000000000000001,3797,3797,latest_sufficient,[]
percy-perc-filet,stickiness,0.9400000000000001,0.04337103567447047,0.46,0.99,1721,1721,latest_sufficient,[]
percy-perc-filet,size,0.605,4.865942028985515e-06,0.605,0.61,1020,1020,latest_sufficient,[]
percy-perc-filet,adaptive,0.0,0.0,0.0,0.0,5518,5518,latest_sufficient,[]
preflop-warrior,vpip,0.22,0.00022954738015607578,0.19,0.22,223,223,latest_sufficient,[]
preflop-warrior,pfr,0.22,0.00027189632107023413,0.18,0.22,224,224,latest_sufficient,[]
preflop-warrior,threebet,0.01,0.00018927090301003346,0.01,0.060499999999999554,254,254,latest_sufficient,[]
preflop-warrior,limp,0.05,0.0007140189520624305,0.0,0.1,224,224,latest_sufficient,[]
preflop-warrior,aggression,0.7000000000000001,0.045326086956521745,0.0,0.7000000000000001,127,127,latest_sufficient,[]
preflop-warrior,cbet,0.5,0.001644370122630993,0.4,0.55,16,34.53049085210627,still_sparse,"[{""age"": 1, ""gap_hours"": 4.49580638885498, ""age_discount"": 0.1, ""time_discount"": 0.5948916918781001, ""raw_opportunities"": 289, ""weight"": 0.05948916918781001, ""effective_opportunities"": 17.192369895277093}, {""age"": 2, ""gap_hours"": 7.642035277750757, ""age_discount"": 0.010000000000000002, ""time_discount"": 0.4136055511155342, ""raw_opportunities"": 313, ""weight"": 0.0041360555111553425, ""effective_opportunities"": 1.2945853749916223}, {""age"": 3, ""gap_hours"": 8.294718055526415, ""age_discount"": 0.0010000000000000002, ""time_discount"": 0.3835660645440067, ""raw_opportunities"": 95, ""weight"": 0.0003835660645440068, ""effective_opportunities"": 0.036438776131680645}, {""age"": 4, ""gap_hours"": 11.197850833336512, ""age_discount"": 0.00010000000000000002, ""time_discount"": 0.274274333705167, ""raw_opportunities"": 251, ""weight"": 2.7427433370516705e-05, ""effective_opportunities"": 0.006884285775999693}, {""age"": 5, ""gap_hours"": 12.41257777776983, ""age_discount"": 1.0000000000000003e-05, ""time_discount"": 0.23836379664730448, ""raw_opportunities"": 83, ""weight"": 2.3836379664730453e-06, ""effective_opportunities"": 0.00019784195121726276}, {""age"": 6, ""gap_hours"": 13.234138333333863, ""age_discount"": 1.0000000000000004e-06, ""time_discount"": 0.21678100855960947, ""raw_opportunities"": 50, ""weight"": 2.1678100855960954e-07, ""effective_opportunities"": 1.0839050427980477e-05}, {""age"": 7, ""gap_hours"": 16.147902499967152, ""age_discount"": 1.0000000000000004e-07, ""time_discount"": 0.15482205585357459, ""raw_opportunities"": 246, ""weight"": 1.5482205585357462e-08, ""effective_opportunities"": 3.808622573997936e-06}, {""age"": 8, ""gap_hours"": 16.311541388895776, ""age_discount"": 1.0000000000000005e-08, ""time_discount"": 0.15192274346117016, ""raw_opportunities"": 15, ""weight"": 1.5192274346117024e-09, ""effective_opportunities"": 2.2788411519175535e-08}, {""age"": 9, ""gap_hours"": 16.884713611072964, ""age_discount"": 1.0000000000000005e-09, ""time_discount"": 0.14218893100456811, ""raw_opportunities"": 48, ""weight"": 1.421889310045682e-10, ""effective_opportunities"": 6.825068688219273e-09}, {""age"": 10, ""gap_hours"": 17.422554166648123, ""age_discount"": 1.0000000000000006e-10, ""time_discount"": 0.1336230659938166, ""raw_opportunities"": 45, ""weight"": 1.3362306599381668e-11, ""effective_opportunities"": 6.01303796972175e-10}, {""age"": 11, ""gap_hours"": 19.454388611118, ""age_discount"": 1.0000000000000006e-11, ""time_discount"": 0.1056673737080132, ""raw_opportunities"": 86, ""weight"": 1.0566737370801326e-12, ""effective_opportunities"": 9.08739413888914e-11}]"
preflop-warrior,bluff,0.15000000000000002,0.012393394648829431,0.1,0.55,127,127,latest_sufficient,[]
preflop-warrior,stickiness,0.27,0.010545965440356745,0.16,0.45,83,100.0,older_prior_used,"[{""age"": 1, ""gap_hours"": 4.49580638885498, ""age_discount"": 0.1, ""time_discount"": 0.5948916918781001, ""raw_opportunities"": 935, ""weight"": 0.01818181818181818, ""effective_opportunities"": 17.0}]"
preflop-warrior,size,0.625,9.98826644370123e-05,0.6000000000000001,0.63,42,50.0,older_prior_used,"[{""age"": 1, ""gap_hours"": 4.49580638885498, ""age_discount"": 0.1, ""time_discount"": 0.5948916918781001, ""raw_opportunities"": 342, ""weight"": 0.023391812865497075, ""effective_opportunities"": 8.0}]"
preflop-warrior,adaptive,0.0,0.0,0.0,0.0,210,210,latest_sufficient,[]
samith pai is lowkey leng,vpip,0.22,0.0010380055741360087,0.15,0.29,208,208,latest_sufficient,[]
samith pai is lowkey leng,pfr,0.22,0.00100143143812709,0.15,0.29,209,209,latest_sufficient,[]
samith pai is lowkey leng,threebet,0.04,0.00011630323299888516,0.04,0.07,176,176,latest_sufficient,[]
samith pai is lowkey leng,limp,0.2,0.002691722408026756,0.0,0.25,209,209,latest_sufficient,[]
samith pai is lowkey leng,aggression,0.7000000000000001,0.01324690635451505,0.5,0.7000000000000001,97,97.7491064461476,still_sparse,"[{""age"": 1, ""gap_hours"": 0.010085277822282579, ""age_discount"": 0.1, ""time_discount"": 0.9988355814806912, ""raw_opportunities"": 6, ""weight"": 0.09988355814806912, ""effective_opportunities"": 0.5993013488884147}, {""age"": 2, ""gap_hours"": 0.011254722211096023, ""age_discount"": 0.010000000000000002, ""time_discount"": 0.998700648394481, ""raw_opportunities"": 15, ""weight"": 0.009987006483944813, ""effective_opportunities"": 0.14980509725917218}]"
samith pai is lowkey leng,cbet,0.8500000000000001,0.013048244147157188,0.55,1.0,24,24.119857571115958,still_sparse,"[{""age"": 1, ""gap_hours"": 0.010085277822282579, ""age_discount"": 0.1, ""time_discount"": 0.9988355814806912, ""raw_opportunities"": 1, ""weight"": 0.09988355814806912, ""effective_opportunities"": 0.09988355814806912}, {""age"": 2, ""gap_hours"": 0.011254722211096023, ""age_discount"": 0.010000000000000002, ""time_discount"": 0.998700648394481, ""raw_opportunities"": 2, ""weight"": 0.009987006483944813, ""effective_opportunities"": 0.019974012967889625}]"
samith pai is lowkey leng,bluff,0.25,0.011837764771460426,0.1,0.5,97,97.7491064461476,still_sparse,"[{""age"": 1, ""gap_hours"": 0.010085277822282579, ""age_discount"": 0.1, ""time_discount"": 0.9988355814806912, ""raw_opportunities"": 6, ""weight"": 0.09988355814806912, ""effective_opportunities"": 0.5993013488884147}, {""age"": 2, ""gap_hours"": 0.011254722211096023, ""age_discount"": 0.010000000000000002, ""time_discount"": 0.998700648394481, ""raw_opportunities"": 15, ""weight"": 0.009987006483944813, ""effective_opportunities"": 0.14980509725917218}]"
samith pai is lowkey leng,stickiness,0.88,2.2515050167224115e-05,0.87,0.88,49,49.119844077807336,still_sparse,"[{""age"": 2, ""gap_hours"": 0.011254722211096023, ""age_discount"": 0.010000000000000002, ""time_discount"": 0.998700648394481, ""raw_opportunities"": 12, ""weight"": 0.009987006483944813, ""effective_opportunities"": 0.11984407780733775}]"
samith pai is lowkey leng,size,0.745,0.00531275668896321,0.5800000000000001,0.76,27,27.149818590567794,still_sparse,"[{""age"": 1, ""gap_hours"": 0.010085277822282579, ""age_discount"": 0.1, ""time_discount"": 0.9988355814806912, ""raw_opportunities"": 1, ""weight"": 0.09988355814806912, ""effective_opportunities"": 0.09988355814806912}, {""age"": 2, ""gap_hours"": 0.011254722211096023, ""age_discount"": 0.010000000000000002, ""time_discount"": 0.998700648394481, ""raw_opportunities"": 5, ""weight"": 0.009987006483944813, ""effective_opportunities"": 0.049935032419724065}]"
samith pai is lowkey leng,adaptive,0.0,0.0,0.0,0.0,146,146.86895052395494,still_sparse,"[{""age"": 1, ""gap_hours"": 0.010085277822282579, ""age_discount"": 0.1, ""time_discount"": 0.9988355814806912, ""raw_opportunities"": 6, ""weight"": 0.09988355814806912, ""effective_opportunities"": 0.5993013488884147}, {""age"": 2, ""gap_hours"": 0.011254722211096023, ""age_discount"": 0.010000000000000002, ""time_discount"": 0.998700648394481, ""raw_opportunities"": 27, ""weight"": 0.009987006483944813, ""effective_opportunities"": 0.2696491750665099}]"
the notorious,vpip,0.14,0.0005352006688963209,0.14,0.22,1380,1380,latest_sufficient,[]
the notorious,pfr,0.14,0.0005176577480490521,0.14,0.22,1389,1389,latest_sufficient,[]
the notorious,threebet,0.09,3.249052396878481e-05,0.07475000000000001,0.09,1225,1225,latest_sufficient,[]
the notorious,limp,0.05,0.003653595317725753,0.0,0.2,1389,1389,latest_sufficient,[]
the notorious,aggression,0.05,0.002422965440356745,0.0,0.15000000000000002,544,544,latest_sufficient,[]
the notorious,cbet,0.35000000000000003,0.0060462374581939805,0.2,0.55,108,108,latest_sufficient,[]
the notorious,bluff,0.25,0.003418366778149388,0.2,0.4,544,544,latest_sufficient,[]
the notorious,stickiness,0.44,0.005192654403567447,0.44,0.67,347,347,latest_sufficient,[]
the notorious,size,0.36,0.14354131995540692,0.345,1.177625,102,102,latest_sufficient,[]
the notorious,adaptive,1.0,0.17948717948717952,0.0,1.0,891,891,latest_sufficient,[]
wicked wing combo,vpip,0.38,0.00016073132664437025,0.32,0.39,429,429,latest_sufficient,[]
wicked wing combo,pfr,0.38,0.00016073132664437025,0.32,0.39,430,430,latest_sufficient,[]
wicked wing combo,threebet,0.03,7.182162764771462e-05,0.01,0.04,425,425,latest_sufficient,[]
wicked wing combo,limp,0.15000000000000002,0.0006494983277591976,0.1,0.2,430,430,latest_sufficient,[]
wicked wing combo,aggression,0.5,0.012476477146042365,0.0,0.7000000000000001,213,213,latest_sufficient,[]
wicked wing combo,cbet,0.55,0.010349052396878488,0.35000000000000003,0.726249999999999,56,56,latest_sufficient,[]
wicked wing combo,bluff,0.30000000000000004,0.010890301003344484,0.1,0.5,213,213,latest_sufficient,[]
wicked wing combo,stickiness,0.41000000000000003,0.019090848383500558,0.21,0.7000000000000001,140,140,latest_sufficient,[]
wicked wing combo,size,0.66,4.1006410256410014e-05,0.65,0.6699999999999999,54,54,latest_sufficient,[]
wicked wing combo,adaptive,0.0,0.04765886287625417,0.0,1.0,353,353,latest_sufficient,[]
Bad Goy,vpip,0.14,0.001423209587513935,0.14,0.23,341,341,latest_sufficient,[]
Bad Goy,pfr,0.14,0.0011692430323299884,0.14,0.23,346,346,latest_sufficient,[]
Bad Goy,threebet,0.05,0.000123273132664437,0.04,0.09,332,332,latest_sufficient,[]
Bad Goy,limp,0.05,0.00605515607580825,0.0,0.2,346,346,latest_sufficient,[]
Bad Goy,aggression,0.15000000000000002,0.014598968784838353,0.0,0.45,163,163,latest_sufficient,[]
Bad Goy,cbet,0.30000000000000004,0.01688057413600892,0.0,0.5,30,30,still_sparse,[]
Bad Goy,bluff,0.8,0.018167530657748048,0.55,1.0,163,163,latest_sufficient,[]
Bad Goy,stickiness,0.22,0.00600205574136009,0.22,0.36,64,64,still_sparse,[]
Bad Goy,size,0.365,3.7959866220735786e-05,0.347375,0.37,61,61,latest_sufficient,[]
Bad Goy,adaptive,0.0,0.0,0.0,0.0,227,227,latest_sufficient,[]
Gladiator,vpip,0.28,0.024315968784838347,0.17,0.61,365,365,latest_sufficient,[]
Gladiator,pfr,0.21,0.000946411371237458,0.11,0.21,366,366,latest_sufficient,[]
Gladiator,threebet,0.06,0.0005483835005574136,0.02,0.1,443,443,latest_sufficient,[]
Gladiator,limp,0.25,0.006576672240802677,0.0,0.35000000000000003,366,366,latest_sufficient,[]
Gladiator,aggression,0.5,0.028021627647714608,0.2,0.7000000000000001,392,392,latest_sufficient,[]
Gladiator,cbet,0.8,0.015431995540691195,0.47375,0.9500000000000001,37,39.24443278128389,still_sparse,"[{""age"": 1, ""gap_hours"": 0.23107500003443823, ""age_discount"": 0.1, ""time_discount"": 0.9736583267286272, ""raw_opportunities"": 19, ""weight"": 0.09736583267286272, ""effective_opportunities"": 1.8499508207843918}, {""age"": 2, ""gap_hours"": 0.5425800000296699, ""age_discount"": 0.010000000000000002, ""time_discount"": 0.9392427630940399, ""raw_opportunities"": 42, ""weight"": 0.0093924276309404, ""effective_opportunities"": 0.39448196049949685}]"
Gladiator,bluff,0.30000000000000004,0.03388517279821628,0.12375000000000004,0.8,392,392,latest_sufficient,[]
Gladiator,stickiness,0.99,0.07262253177257526,0.12,1.0,166,166,latest_sufficient,[]
Gladiator,size,0.615,0.01475158862876254,0.51,0.96,122,122,latest_sufficient,[]
Gladiator,adaptive,0.0,0.162530657748049,0.0,1.0,558,558,latest_sufficient,[]
Invokerv2,vpip,0.93,0.00018432107023411403,0.91,0.9500000000000001,535,535,latest_sufficient,[]
Invokerv2,pfr,0.93,0.00017967781493868483,0.91,0.9500000000000001,541,541,latest_sufficient,[]
Invokerv2,threebet,0.02,8.532441471571908e-05,0.0,0.03,683,683,latest_sufficient,[]
Invokerv2,limp,0.2,0.0005354236343366777,0.15000000000000002,0.25,541,541,latest_sufficient,[]
Invokerv2,aggression,1.0,0.0,1.0,1.0,402,402,latest_sufficient,[]
Invokerv2,cbet,0.9500000000000001,0.007338350055741357,0.7000000000000001,1.0,77,77,latest_sufficient,[]
Invokerv2,bluff,1.0,0.0,1.0,1.0,402,402,latest_sufficient,[]
Invokerv2,stickiness,0.07,0.010922152731326644,0.07,0.4,166,166,latest_sufficient,[]
Invokerv2,size,0.33999999999999997,0.03180765301003345,0.335,0.935,257,257,latest_sufficient,[]
Invokerv2,adaptive,0.0,0.03232998885172798,0.0,1.0,568,568,latest_sufficient,[]
MAC Projects Team Testing Bot 3,vpip,0.23,2.3059085841694556e-05,0.22,0.23,3995,3995,latest_sufficient,[]
MAC Projects Team Testing Bot 3,pfr,0.23,2.3059085841694556e-05,0.22,0.23,4012,4012,latest_sufficient,[]
MAC Projects Team Testing Bot 3,threebet,0.06,3.466109253065775e-05,0.04,0.06,3969,3969,latest_sufficient,[]
MAC Projects Team Testing Bot 3,limp,0.15000000000000002,0.0003795707915273131,0.15000000000000002,0.2,4012,4012,latest_sufficient,[]
MAC Projects Team Testing Bot 3,aggression,0.15000000000000002,0.011747380156075809,0.15000000000000002,0.45,1514,1514,latest_sufficient,[]
MAC Projects Team Testing Bot 3,cbet,0.9,0.003074247491638796,0.75,0.9500000000000001,504,504,latest_sufficient,[]
MAC Projects Team Testing Bot 3,bluff,1.0,0.0,1.0,1.0,1514,1514,latest_sufficient,[]
MAC Projects Team Testing Bot 3,stickiness,0.18,0.006920624303232999,0.0,0.27,663,663,latest_sufficient,[]
MAC Projects Team Testing Bot 3,size,0.365,2.3468227424749205e-05,0.36,0.375,616,616,latest_sufficient,[]
MAC Projects Team Testing Bot 3,adaptive,0.0,0.1946376811594203,0.0,1.0,2177,2177,latest_sufficient,[]
Pookie Bot,vpip,0.9500000000000001,0.02598625975473802,0.0,0.9500000000000001,0,10.558703339719068,still_sparse,"[{""age"": 1, ""gap_hours"": 0.1842661111222373, ""age_discount"": 0.1, ""time_discount"": 0.9789377185416888, ""raw_opportunities"": 102, ""weight"": 0.09789377185416888, ""effective_opportunities"": 9.985164729125225}, {""age"": 2, ""gap_hours"": 0.24280611111058129, ""age_discount"": 0.010000000000000002, ""time_discount"": 0.972339688420425, ""raw_opportunities"": 45, ""weight"": 0.009723396884204252, ""effective_opportunities"": 0.43755285978919134}, {""age"": 3, ""gap_hours"": 0.3343477777640025, ""age_discount"": 0.0010000000000000002, ""time_discount"": 0.9621110773954881, ""raw_opportunities"": 94, ""weight"": 0.0009621110773954883, ""effective_opportunities"": 0.0904384412751759}, {""age"": 4, ""gap_hours"": 0.7609919444057677, ""age_discount"": 0.00010000000000000002, ""time_discount"": 0.9158403345306086, ""raw_opportunities"": 464, ""weight"": 9.158403345306089e-05, ""effective_opportunities"": 0.04249499152222025}, {""age"": 5, ""gap_hours"": 1.0350197221835453, ""age_discount"": 1.0000000000000003e-05, ""time_discount"": 0.8873017462953116, ""raw_opportunities"": 344, ""weight"": 8.873017462953118e-06, ""effective_opportunities"": 0.0030523180072558726}]"
Pookie Bot,pfr,0.9500000000000001,0.02598625975473802,0.0,0.9500000000000001,0,10.667474660619206,still_sparse,"[{""age"": 1, ""gap_hours"": 0.1842661111222373, ""age_discount"": 0.1, ""time_discount"": 0.9789377185416888, ""raw_opportunities"": 103, ""weight"": 0.09789377185416888, ""effective_opportunities"": 10.083058500979394}, {""age"": 2, ""gap_hours"": 0.24280611111058129, ""age_discount"": 0.010000000000000002, ""time_discount"": 0.972339688420425, ""raw_opportunities"": 46, ""weight"": 0.009723396884204252, ""effective_opportunities"": 0.4472762566733956}, {""age"": 3, ""gap_hours"": 0.3343477777640025, ""age_discount"": 0.0010000000000000002, ""time_discount"": 0.9621110773954881, ""raw_opportunities"": 95, ""weight"": 0.0009621110773954883, ""effective_opportunities"": 0.09140055235257138}, {""age"": 4, ""gap_hours"": 0.7609919444057677, ""age_discount"": 0.00010000000000000002, ""time_discount"": 0.9158403345306086, ""raw_opportunities"": 466, ""weight"": 9.158403345306089e-05, ""effective_opportunities"": 0.04267815958912637}, {""age"": 5, ""gap_hours"": 1.0350197221835453, ""age_discount"": 1.0000000000000003e-05, ""time_discount"": 0.8873017462953116, ""raw_opportunities"": 345, ""weight"": 8.873017462953118e-06, ""effective_opportunities"": 0.0030611910247188255}]"
Pookie Bot,threebet,0.55,0.028931326644370127,0.0,0.8300000000000001,0,8.784417742398496,still_sparse,"[{""age"": 1, ""gap_hours"": 0.1842661111222373, ""age_discount"": 0.1, ""time_discount"": 0.9789377185416888, ""raw_opportunities"": 83, ""weight"": 0.09789377185416888, ""effective_opportunities"": 8.125183063896017}, {""age"": 2, ""gap_hours"": 0.24280611111058129, ""age_discount"": 0.010000000000000002, ""time_discount"": 0.972339688420425, ""raw_opportunities"": 53, ""weight"": 0.009723396884204252, ""effective_opportunities"": 0.5153400348628253}, {""age"": 3, ""gap_hours"": 0.3343477777640025, ""age_discount"": 0.0010000000000000002, ""time_discount"": 0.9621110773954881, ""raw_opportunities"": 103, ""weight"": 0.0009621110773954883, ""effective_opportunities"": 0.0990974409717353}, {""age"": 4, ""gap_hours"": 0.7609919444057677, ""age_discount"": 0.00010000000000000002, ""time_discount"": 0.9158403345306086, ""raw_opportunities"": 453, ""weight"": 9.158403345306089e-05, ""effective_opportunities"": 0.041487567154236585}, {""age"": 5, ""gap_hours"": 1.0350197221835453, ""age_discount"": 1.0000000000000003e-05, ""time_discount"": 0.8873017462953116, ""raw_opportunities"": 373, ""weight"": 8.873017462953118e-06, ""effective_opportunities"": 0.0033096355136815127}]"
Pookie Bot,limp,0.30000000000000004,0.0030996655518394666,0.05,0.35000000000000003,0,10.667474660619206,still_sparse,"[{""age"": 1, ""gap_hours"": 0.1842661111222373, ""age_discount"": 0.1, ""time_discount"": 0.9789377185416888, ""raw_opportunities"": 103, ""weight"": 0.09789377185416888, ""effective_opportunities"": 10.083058500979394}, {""age"": 2, ""gap_hours"": 0.24280611111058129, ""age_discount"": 0.010000000000000002, ""time_discount"": 0.972339688420425, ""raw_opportunities"": 46, ""weight"": 0.009723396884204252, ""effective_opportunities"": 0.4472762566733956}, {""age"": 3, ""gap_hours"": 0.3343477777640025, ""age_discount"": 0.0010000000000000002, ""time_discount"": 0.9621110773954881, ""raw_opportunities"": 95, ""weight"": 0.0009621110773954883, ""effective_opportunities"": 0.09140055235257138}, {""age"": 4, ""gap_hours"": 0.7609919444057677, ""age_discount"": 0.00010000000000000002, ""time_discount"": 0.9158403345306086, ""raw_opportunities"": 466, ""weight"": 9.158403345306089e-05, ""effective_opportunities"": 0.04267815958912637}, {""age"": 5, ""gap_hours"": 1.0350197221835453, ""age_discount"": 1.0000000000000003e-05, ""time_discount"": 0.8873017462953116, ""raw_opportunities"": 345, ""weight"": 8.873017462953118e-06, ""effective_opportunities"": 0.0030611910247188255}]"
Pookie Bot,aggression,0.0,0.04608182831661092,0.0,0.65,0,0.3290056522915038,still_sparse,"[{""age"": 1, ""gap_hours"": 0.1842661111222373, ""age_discount"": 0.1, ""time_discount"": 0.9789377185416888, ""raw_opportunities"": 3, ""weight"": 0.09789377185416888, ""effective_opportunities"": 0.29368131556250665}, {""age"": 2, ""gap_hours"": 0.24280611111058129, ""age_discount"": 0.010000000000000002, ""time_discount"": 0.972339688420425, ""raw_opportunities"": 3, ""weight"": 0.009723396884204252, ""effective_opportunities"": 0.029170190652612754}, {""age"": 3, ""gap_hours"": 0.3343477777640025, ""age_discount"": 0.0010000000000000002, ""time_discount"": 0.9621110773954881, ""raw_opportunities"": 3, ""weight"": 0.0009621110773954883, ""effective_opportunities"": 0.002886333232186465}, {""age"": 4, ""gap_hours"": 0.7609919444057677, ""age_discount"": 0.00010000000000000002, ""time_discount"": 0.9158403345306086, ""raw_opportunities"": 4, ""weight"": 9.158403345306089e-05, ""effective_opportunities"": 0.00036633613381224355}, {""age"": 5, ""gap_hours"": 1.0350197221835453, ""age_discount"": 1.0000000000000003e-05, ""time_discount"": 0.8873017462953116, ""raw_opportunities"": 327, ""weight"": 8.873017462953118e-06, ""effective_opportunities"": 0.0029014767103856696}]"
Pookie Bot,cbet,0.35000000000000003,0.10571627647714604,0.0,1.0,0,7.985715716657806e-05,still_sparse,"[{""age"": 5, ""gap_hours"": 1.0350197221835453, ""age_discount"": 1.0000000000000003e-05, ""time_discount"": 0.8873017462953116, ""raw_opportunities"": 9, ""weight"": 8.873017462953118e-06, ""effective_opportunities"": 7.985715716657806e-05}]"
Pookie Bot,bluff,0.0,0.03294144370122631,0.0,0.7000000000000001,0,0.3290056522915038,still_sparse,"[{""age"": 1, ""gap_hours"": 0.1842661111222373, ""age_discount"": 0.1, ""time_discount"": 0.9789377185416888, ""raw_opportunities"": 3, ""weight"": 0.09789377185416888, ""effective_opportunities"": 0.29368131556250665}, {""age"": 2, ""gap_hours"": 0.24280611111058129, ""age_discount"": 0.010000000000000002, ""time_discount"": 0.972339688420425, ""raw_opportunities"": 3, ""weight"": 0.009723396884204252, ""effective_opportunities"": 0.029170190652612754}, {""age"": 3, ""gap_hours"": 0.3343477777640025, ""age_discount"": 0.0010000000000000002, ""time_discount"": 0.9621110773954881, ""raw_opportunities"": 3, ""weight"": 0.0009621110773954883, ""effective_opportunities"": 0.002886333232186465}, {""age"": 4, ""gap_hours"": 0.7609919444057677, ""age_discount"": 0.00010000000000000002, ""time_discount"": 0.9158403345306086, ""raw_opportunities"": 4, ""weight"": 9.158403345306089e-05, ""effective_opportunities"": 0.00036633613381224355}, {""age"": 5, ""gap_hours"": 1.0350197221835453, ""age_discount"": 1.0000000000000003e-05, ""time_discount"": 0.8873017462953116, ""raw_opportunities"": 327, ""weight"": 8.873017462953118e-06, ""effective_opportunities"": 0.0029014767103856696}]"
Pookie Bot,stickiness,1.0,0.0042107146042363415,0.8200000000000001,1.0,0,0.0013959176005071692,still_sparse,"[{""age"": 4, ""gap_hours"": 0.7609919444057677, ""age_discount"": 0.00010000000000000002, ""time_discount"": 0.9158403345306086, ""raw_opportunities"": 1, ""weight"": 9.158403345306089e-05, ""effective_opportunities"": 9.158403345306089e-05}, {""age"": 5, ""gap_hours"": 1.0350197221835453, ""age_discount"": 1.0000000000000003e-05, ""time_discount"": 0.8873017462953116, ""raw_opportunities"": 147, ""weight"": 8.873017462953118e-06, ""effective_opportunities"": 0.0013043335670541083}]"
Pookie Bot,size,0.625,0.00040848829431438193,0.585,0.6476249999999999,0,0.0021650162609605605,still_sparse,"[{""age"": 5, ""gap_hours"": 1.0350197221835453, ""age_discount"": 1.0000000000000003e-05, ""time_discount"": 0.8873017462953116, ""raw_opportunities"": 244, ""weight"": 8.873017462953118e-06, ""effective_opportunities"": 0.0021650162609605605}]"
Pookie Bot,adaptive,0.0,0.0,0.0,0.0,0,0.33040156989201097,still_sparse,"[{""age"": 1, ""gap_hours"": 0.1842661111222373, ""age_discount"": 0.1, ""time_discount"": 0.9789377185416888, ""raw_opportunities"": 3, ""weight"": 0.09789377185416888, ""effective_opportunities"": 0.29368131556250665}, {""age"": 2, ""gap_hours"": 0.24280611111058129, ""age_discount"": 0.010000000000000002, ""time_discount"": 0.972339688420425, ""raw_opportunities"": 3, ""weight"": 0.009723396884204252, ""effective_opportunities"": 0.029170190652612754}, {""age"": 3, ""gap_hours"": 0.3343477777640025, ""age_discount"": 0.0010000000000000002, ""time_discount"": 0.9621110773954881, ""raw_opportunities"": 3, ""weight"": 0.0009621110773954883, ""effective_opportunities"": 0.002886333232186465}, {""age"": 4, ""gap_hours"": 0.7609919444057677, ""age_discount"": 0.00010000000000000002, ""time_discount"": 0.9158403345306086, ""raw_opportunities"": 5, ""weight"": 9.158403345306089e-05, ""effective_opportunities"": 0.0004579201672653044}, {""age"": 5, ""gap_hours"": 1.0350197221835453, ""age_discount"": 1.0000000000000003e-05, ""time_discount"": 0.8873017462953116, ""raw_opportunities"": 474, ""weight"": 8.873017462953118e-06, ""effective_opportunities"": 0.004205810277439778}]"
Sus bot,vpip,0.22,3.174470457079155e-05,0.22,0.22,72,104.78060228141746,still_sparse,"[{""age"": 1, ""gap_hours"": 2.19163527780109, ""age_discount"": 0.1, ""time_discount"": 0.776322202471549, ""raw_opportunities"": 271, ""weight"": 0.07763222024715491, ""effective_opportunities"": 21.03833168697898}, {""age"": 2, ""gap_hours"": 10.663412222266198, ""age_discount"": 0.010000000000000002, ""time_discount"": 0.2917419249521945, ""raw_opportunities"": 3994, ""weight"": 0.0029174192495219453, ""effective_opportunities"": 11.65217248259065}, {""age"": 3, ""gap_hours"": 10.966038888891537, ""age_discount"": 0.0010000000000000002, ""time_discount"": 0.2817186250634336, ""raw_opportunities"": 297, ""weight"": 0.00028171862506343366, ""effective_opportunities"": 0.08367043164383979}, {""age"": 4, ""gap_hours"": 11.18483083334234, ""age_discount"": 0.00010000000000000002, ""time_discount"": 0.2746871882044402, ""raw_opportunities"": 234, ""weight"": 2.7468718820444027e-05, ""effective_opportunities"": 0.0064276802039839025}]"
Sus bot,pfr,0.22,3.174470457079155e-05,0.22,0.22,73,105.96149851861695,still_sparse,"[{""age"": 1, ""gap_hours"": 2.19163527780109, ""age_discount"": 0.1, ""time_discount"": 0.776322202471549, ""raw_opportunities"": 272, ""weight"": 0.07763222024715491, ""effective_opportunities"": 21.115963907226135}, {""age"": 2, ""gap_hours"": 10.663412222266198, ""age_discount"": 0.010000000000000002, ""time_discount"": 0.2917419249521945, ""raw_opportunities"": 4029, ""weight"": 0.0029174192495219453, ""effective_opportunities"": 11.754282156323917}, {""age"": 3, ""gap_hours"": 10.966038888891537, ""age_discount"": 0.0010000000000000002, ""time_discount"": 0.2817186250634336, ""raw_opportunities"": 301, ""weight"": 0.00028171862506343366, ""effective_opportunities"": 0.08479730614409353}, {""age"": 4, ""gap_hours"": 11.18483083334234, ""age_discount"": 0.00010000000000000002, ""time_discount"": 0.2746871882044402, ""raw_opportunities"": 235, ""weight"": 2.7468718820444027e-05, ""effective_opportunities"": 0.006455148922804346}]"
Sus bot,threebet,0.03,0.0,0.03,0.03,43,70.93949997381362,still_sparse,"[{""age"": 1, ""gap_hours"": 2.19163527780109, ""age_discount"": 0.1, ""time_discount"": 0.776322202471549, ""raw_opportunities"": 211, ""weight"": 0.07763222024715491, ""effective_opportunities"": 16.380398472149686}, {""age"": 2, ""gap_hours"": 10.663412222266198, ""age_discount"": 0.010000000000000002, ""time_discount"": 0.2917419249521945, ""raw_opportunities"": 3925, ""weight"": 0.0029174192495219453, ""effective_opportunities"": 11.450870554373635}, {""age"": 3, ""gap_hours"": 10.966038888891537, ""age_discount"": 0.0010000000000000002, ""time_discount"": 0.2817186250634336, ""raw_opportunities"": 360, ""weight"": 0.00028171862506343366, ""effective_opportunities"": 0.10141870502283612}, {""age"": 4, ""gap_hours"": 11.18483083334234, ""age_discount"": 0.00010000000000000002, ""time_discount"": 0.2746871882044402, ""raw_opportunities"": 248, ""weight"": 2.7468718820444027e-05, ""effective_opportunities"": 0.006812242267470119}]"
Sus bot,limp,0.05,0.0015356744704570794,0.0,0.1,73,105.96149851861695,still_sparse,"[{""age"": 1, ""gap_hours"": 2.19163527780109, ""age_discount"": 0.1, ""time_discount"": 0.776322202471549, ""raw_opportunities"": 272, ""weight"": 0.07763222024715491, ""effective_opportunities"": 21.115963907226135}, {""age"": 2, ""gap_hours"": 10.663412222266198, ""age_discount"": 0.010000000000000002, ""time_discount"": 0.2917419249521945, ""raw_opportunities"": 4029, ""weight"": 0.0029174192495219453, ""effective_opportunities"": 11.754282156323917}, {""age"": 3, ""gap_hours"": 10.966038888891537, ""age_discount"": 0.0010000000000000002, ""time_discount"": 0.2817186250634336, ""raw_opportunities"": 301, ""weight"": 0.00028171862506343366, ""effective_opportunities"": 0.08479730614409353}, {""age"": 4, ""gap_hours"": 11.18483083334234, ""age_discount"": 0.00010000000000000002, ""time_discount"": 0.2746871882044402, ""raw_opportunities"": 235, ""weight"": 2.7468718820444027e-05, ""effective_opportunities"": 0.006455148922804346}]"
Sus bot,aggression,0.5,0.02518559085841695,0.2,0.65,8,22.223831689747826,still_sparse,"[{""age"": 1, ""gap_hours"": 2.19163527780109, ""age_discount"": 0.1, ""time_discount"": 0.776322202471549, ""raw_opportunities"": 113, ""weight"": 0.07763222024715491, ""effective_opportunities"": 8.772440887928505}, {""age"": 2, ""gap_hours"": 10.663412222266198, ""age_discount"": 0.010000000000000002, ""time_discount"": 0.2917419249521945, ""raw_opportunities"": 1852, ""weight"": 0.0029174192495219453, ""effective_opportunities"": 5.403060450114642}, {""age"": 3, ""gap_hours"": 10.966038888891537, ""age_discount"": 0.0010000000000000002, ""time_discount"": 0.2817186250634336, ""raw_opportunities"": 162, ""weight"": 0.00028171862506343366, ""effective_opportunities"": 0.04563841726027625}, {""age"": 4, ""gap_hours"": 11.18483083334234, ""age_discount"": 0.00010000000000000002, ""time_discount"": 0.2746871882044402, ""raw_opportunities"": 98, ""weight"": 2.7468718820444027e-05, ""effective_opportunities"": 0.0026919344444035144}]"
Sus bot,cbet,0.05,0.05299941471571907,0.0,0.65,2,5.537262879557785,still_sparse,"[{""age"": 1, ""gap_hours"": 2.19163527780109, ""age_discount"": 0.1, ""time_discount"": 0.776322202471549, ""raw_opportunities"": 26, ""weight"": 0.07763222024715491, ""effective_opportunities"": 2.018437726426028}, {""age"": 2, ""gap_hours"": 10.663412222266198, ""age_discount"": 0.010000000000000002, ""time_discount"": 0.2917419249521945, ""raw_opportunities"": 517, ""weight"": 0.0029174192495219453, ""effective_opportunities"": 1.5083057520028458}, {""age"": 3, ""gap_hours"": 10.966038888891537, ""age_discount"": 0.0010000000000000002, ""time_discount"": 0.2817186250634336, ""raw_opportunities"": 35, ""weight"": 0.00028171862506343366, ""effective_opportunities"": 0.009860151877220178}, {""age"": 4, ""gap_hours"": 11.18483083334234, ""age_discount"": 0.00010000000000000002, ""time_discount"": 0.2746871882044402, ""raw_opportunities"": 24, ""weight"": 2.7468718820444027e-05, ""effective_opportunities"": 0.0006592492516906566}]"
Sus bot,bluff,0.6000000000000001,0.05811535674470457,0.25,1.0,8,22.223831689747826,still_sparse,"[{""age"": 1, ""gap_hours"": 2.19163527780109, ""age_discount"": 0.1, ""time_discount"": 0.776322202471549, ""raw_opportunities"": 113, ""weight"": 0.07763222024715491, ""effective_opportunities"": 8.772440887928505}, {""age"": 2, ""gap_hours"": 10.663412222266198, ""age_discount"": 0.010000000000000002, ""time_discount"": 0.2917419249521945, ""raw_opportunities"": 1852, ""weight"": 0.0029174192495219453, ""effective_opportunities"": 5.403060450114642}, {""age"": 3, ""gap_hours"": 10.966038888891537, ""age_discount"": 0.0010000000000000002, ""time_discount"": 0.2817186250634336, ""raw_opportunities"": 162, ""weight"": 0.00028171862506343366, ""effective_opportunities"": 0.04563841726027625}, {""age"": 4, ""gap_hours"": 11.18483083334234, ""age_discount"": 0.00010000000000000002, ""time_discount"": 0.2746871882044402, ""raw_opportunities"": 98, ""weight"": 2.7468718820444027e-05, ""effective_opportunities"": 0.0026919344444035144}]"
Sus bot,stickiness,0.19,0.006222457079152731,0.17,0.37,2,8.42249084739338,still_sparse,"[{""age"": 1, ""gap_hours"": 2.19163527780109, ""age_discount"": 0.1, ""time_discount"": 0.776322202471549, ""raw_opportunities"": 50, ""weight"": 0.07763222024715491, ""effective_opportunities"": 3.8816110123577454}, {""age"": 2, ""gap_hours"": 10.663412222266198, ""age_discount"": 0.010000000000000002, ""time_discount"": 0.2917419249521945, ""raw_opportunities"": 861, ""weight"": 0.0029174192495219453, ""effective_opportunities"": 2.511897973838395}, {""age"": 3, ""gap_hours"": 10.966038888891537, ""age_discount"": 0.0010000000000000002, ""time_discount"": 0.2817186250634336, ""raw_opportunities"": 98, ""weight"": 0.00028171862506343366, ""effective_opportunities"": 0.0276084252562165}, {""age"": 4, ""gap_hours"": 11.18483083334234, ""age_discount"": 0.00010000000000000002, ""time_discount"": 0.2746871882044402, ""raw_opportunities"": 50, ""weight"": 2.7468718820444027e-05, ""effective_opportunities"": 0.0013734359410222012}]"
Sus bot,size,0.325,7.03299888517281e-05,0.305,0.3326249999999999,2,7.5941931378988645,still_sparse,"[{""age"": 1, ""gap_hours"": 2.19163527780109, ""age_discount"": 0.1, ""time_discount"": 0.776322202471549, ""raw_opportunities"": 47, ""weight"": 0.07763222024715491, ""effective_opportunities"": 3.6487143516162805}, {""age"": 2, ""gap_hours"": 10.663412222266198, ""age_discount"": 0.010000000000000002, ""time_discount"": 0.2917419249521945, ""raw_opportunities"": 662, ""weight"": 0.0029174192495219453, ""effective_opportunities"": 1.9313315431835278}, {""age"": 3, ""gap_hours"": 10.966038888891537, ""age_discount"": 0.0010000000000000002, ""time_discount"": 0.2817186250634336, ""raw_opportunities"": 47, ""weight"": 0.00028171862506343366, ""effective_opportunities"": 0.013240775377981382}, {""age"": 4, ""gap_hours"": 11.18483083334234, ""age_discount"": 0.00010000000000000002, ""time_discount"": 0.2746871882044402, ""raw_opportunities"": 33, ""weight"": 2.7468718820444027e-05, ""effective_opportunities"": 0.0009064677210746529}]"
Sus bot,adaptive,0.0,0.0033333333333333327,0.0,0.0,10,30.646322537141206,still_sparse,"[{""age"": 1, ""gap_hours"": 2.19163527780109, ""age_discount"": 0.1, ""time_discount"": 0.776322202471549, ""raw_opportunities"": 163, ""weight"": 0.07763222024715491, ""effective_opportunities"": 12.65405190028625}, {""age"": 2, ""gap_hours"": 10.663412222266198, ""age_discount"": 0.010000000000000002, ""time_discount"": 0.2917419249521945, ""raw_opportunities"": 2713, ""weight"": 0.0029174192495219453, ""effective_opportunities"": 7.9149584239530375}, {""age"": 3, ""gap_hours"": 10.966038888891537, ""age_discount"": 0.0010000000000000002, ""time_discount"": 0.2817186250634336, ""raw_opportunities"": 260, ""weight"": 0.00028171862506343366, ""effective_opportunities"": 0.07324684251649276}, {""age"": 4, ""gap_hours"": 11.18483083334234, ""age_discount"": 0.00010000000000000002, ""time_discount"": 0.2746871882044402, ""raw_opportunities"": 148, ""weight"": 2.7468718820444027e-05, ""effective_opportunities"": 0.004065370385425716}]"
Versatile Devourer,vpip,0.16,0.00013972240802675594,0.13,0.17,985,985,latest_sufficient,[]
Versatile Devourer,pfr,0.16,0.00013918729096989977,0.13,0.17,990,990,latest_sufficient,[]
Versatile Devourer,threebet,0.05,0.00010832107023411371,0.03,0.07,962,962,latest_sufficient,[]
Versatile Devourer,limp,0.15000000000000002,0.0015044314381270907,0.05,0.2,990,990,latest_sufficient,[]
Versatile Devourer,aggression,0.30000000000000004,0.04672271460423635,0.2,0.8762499999999989,245,245,latest_sufficient,[]
Versatile Devourer,cbet,0.8500000000000001,0.013145903010033445,0.55,1.0,66,66,latest_sufficient,[]
Versatile Devourer,bluff,1.0,0.003100222965440355,0.8500000000000001,1.0,245,245,latest_sufficient,[]
Versatile Devourer,stickiness,0.15,0.005645952062430324,0.08,0.38,70,95.06891403769201,still_sparse,"[{""age"": 1, ""gap_hours"": 1.8938791667090522, ""age_discount"": 0.1, ""time_discount"": 0.8034908345414107, ""raw_opportunities"": 312, ""weight"": 0.08034908345414107, ""effective_opportunities"": 25.068914037692014}]"
Versatile Devourer,size,0.36,0.01833249136008919,0.342375,0.63,110,110,latest_sufficient,[]
Versatile Devourer,adaptive,0.0,0.09030100334448161,0.0,1.0,315,315,latest_sufficient,[]
dan_negreanu_on_ket,vpip,0.26,0.0001877491638795988,0.22,0.27,738,738,latest_sufficient,[]
dan_negreanu_on_ket,pfr,0.26,0.0001877491638795988,0.22,0.27,739,739,latest_sufficient,[]
dan_negreanu_on_ket,threebet,0.07,6.474470457079156e-05,0.04,0.07524999999999978,781,781,latest_sufficient,[]
dan_negreanu_on_ket,limp,0.1,0.0011921962095875142,0.05,0.15000000000000002,739,739,latest_sufficient,[]
dan_negreanu_on_ket,aggression,0.30000000000000004,0.01695373467112598,0.30000000000000004,0.7000000000000001,444,444,latest_sufficient,[]
dan_negreanu_on_ket,cbet,0.35000000000000003,0.008214353400222965,0.1,0.45,98,98,latest_sufficient,[]
dan_negreanu_on_ket,bluff,0.45,0.010127396878483836,0.1,0.5,444,444,latest_sufficient,[]
dan_negreanu_on_ket,stickiness,0.44,0.0122752497212932,0.27,0.7852499999999998,272,272,latest_sufficient,[]
dan_negreanu_on_ket,size,0.605,0.006554694537346712,0.362375,0.6476249999999999,124,124,latest_sufficient,[]
dan_negreanu_on_ket,adaptive,0.0,0.18812709030100336,0.0,1.0,716,716,latest_sufficient,[]
fullhouse,vpip,0.11,0.0011217346711259754,0.06,0.22,961,961,latest_sufficient,[]
fullhouse,pfr,0.11,0.0011341092530657748,0.06,0.21,967,967,latest_sufficient,[]
fullhouse,threebet,0.03,4.818729096989967e-05,0.02,0.045249999999999777,1138,1138,latest_sufficient,[]
fullhouse,limp,0.65,0.0029434503901895194,0.55,0.75,967,967,latest_sufficient,[]
fullhouse,aggression,0.2,0.011083918617614269,0.2,0.5,308,308,latest_sufficient,[]
fullhouse,cbet,0.7000000000000001,0.014169453734671125,0.42375000000000007,0.8500000000000001,45,45,still_sparse,[]
fullhouse,bluff,1.0,0.007661538461538458,0.7000000000000001,1.0,308,308,latest_sufficient,[]
fullhouse,stickiness,0.39,0.030426314381270914,0.1,0.75,155,155,latest_sufficient,[]
fullhouse,size,1.375,0.1365409765886288,0.525,1.41,146,146,latest_sufficient,[]
fullhouse,adaptive,0.0,0.21461538461538457,0.0,1.0,463,463,latest_sufficient,[]
jewhunter,vpip,0.24,0.0033048784838350053,0.12,0.37,27,35.23169921831309,still_sparse,"[{""age"": 1, ""gap_hours"": 0.053859166635407345, ""age_discount"": 0.1, ""time_discount"": 0.9937972619825528, ""raw_opportunities"": 28, ""weight"": 0.09937972619825529, ""effective_opportunities"": 2.782632333551148}, {""age"": 2, ""gap_hours"": 0.5700597221983804, ""age_discount"": 0.010000000000000002, ""time_discount"": 0.9362657877597838, ""raw_opportunities"": 582, ""weight"": 0.00936265787759784, ""effective_opportunities"": 5.449066884761943}]"
jewhunter,pfr,0.24,0.004252257525083612,0.1,0.37,28,36.34044160238894,still_sparse,"[{""age"": 1, ""gap_hours"": 0.053859166635407345, ""age_discount"": 0.1, ""time_discount"": 0.9937972619825528, ""raw_opportunities"": 29, ""weight"": 0.09937972619825529, ""effective_opportunities"": 2.882012059749403}, {""age"": 2, ""gap_hours"": 0.5700597221983804, ""age_discount"": 0.010000000000000002, ""time_discount"": 0.9362657877597838, ""raw_opportunities"": 583, ""weight"": 0.00936265787759784, ""effective_opportunities"": 5.45842954263954}]"
jewhunter,threebet,0.07,0.005008695652173913,0.02,0.22,22,28.261364136614816,still_sparse,"[{""age"": 1, ""gap_hours"": 0.053859166635407345, ""age_discount"": 0.1, ""time_discount"": 0.9937972619825528, ""raw_opportunities"": 11, ""weight"": 0.09937972619825529, ""effective_opportunities"": 1.0931769881808082}, {""age"": 2, ""gap_hours"": 0.5700597221983804, ""age_discount"": 0.010000000000000002, ""time_discount"": 0.9362657877597838, ""raw_opportunities"": 552, ""weight"": 0.00936265787759784, ""effective_opportunities"": 5.168187148434008}]"
jewhunter,limp,0.30000000000000004,0.03844289297658863,0.0,0.7000000000000001,28,36.34044160238894,still_sparse,"[{""age"": 1, ""gap_hours"": 0.053859166635407345, ""age_discount"": 0.1, ""time_discount"": 0.9937972619825528, ""raw_opportunities"": 29, ""weight"": 0.09937972619825529, ""effective_opportunities"": 2.882012059749403}, {""age"": 2, ""gap_hours"": 0.5700597221983804, ""age_discount"": 0.010000000000000002, ""time_discount"": 0.9362657877597838, ""raw_opportunities"": 583, ""weight"": 0.00936265787759784, ""effective_opportunities"": 5.45842954263954}]"
jewhunter,aggression,0.0,0.008257413600891864,0.0,0.5,4,6.300282090912338,still_sparse,"[{""age"": 1, ""gap_hours"": 0.053859166635407345, ""age_discount"": 0.1, ""time_discount"": 0.9937972619825528, ""raw_opportunities"": 6, ""weight"": 0.09937972619825529, ""effective_opportunities"": 0.5962783571895317}, {""age"": 2, ""gap_hours"": 0.5700597221983804, ""age_discount"": 0.010000000000000002, ""time_discount"": 0.9362657877597838, ""raw_opportunities"": 182, ""weight"": 0.00936265787759784, ""effective_opportunities"": 1.704003733722807}]"
jewhunter,cbet,0.35000000000000003,0.06440565774804906,0.0,0.7762499999999989,0,0.9369435512383749,still_sparse,"[{""age"": 1, ""gap_hours"": 0.053859166635407345, ""age_discount"": 0.1, ""time_discount"": 0.9937972619825528, ""raw_opportunities"": 5, ""weight"": 0.09937972619825529, ""effective_opportunities"": 0.49689863099127646}, {""age"": 2, ""gap_hours"": 0.5700597221983804, ""age_discount"": 0.010000000000000002, ""time_discount"": 0.9362657877597838, ""raw_opportunities"": 47, ""weight"": 0.00936265787759784, ""effective_opportunities"": 0.44004492024709846}]"
jewhunter,bluff,1.0,0.08580423634336677,0.17375000000000004,1.0,4,6.300282090912338,still_sparse,"[{""age"": 1, ""gap_hours"": 0.053859166635407345, ""age_discount"": 0.1, ""time_discount"": 0.9937972619825528, ""raw_opportunities"": 6, ""weight"": 0.09937972619825529, ""effective_opportunities"": 0.5962783571895317}, {""age"": 2, ""gap_hours"": 0.5700597221983804, ""age_discount"": 0.010000000000000002, ""time_discount"": 0.9362657877597838, ""raw_opportunities"": 182, ""weight"": 0.00936265787759784, ""effective_opportunities"": 1.704003733722807}]"
jewhunter,stickiness,0.8300000000000001,0.014580935340022293,0.64,0.99,1,1.7864632617182186,still_sparse,"[{""age"": 2, ""gap_hours"": 0.5700597221983804, ""age_discount"": 0.010000000000000002, ""time_discount"": 0.9362657877597838, ""raw_opportunities"": 84, ""weight"": 0.00936265787759784, ""effective_opportunities"": 0.7864632617182186}]"
jewhunter,size,0.655,0.011921421125975476,0.41000000000000003,0.66,3,3.342808831015799,still_sparse,"[{""age"": 1, ""gap_hours"": 0.053859166635407345, ""age_discount"": 0.1, ""time_discount"": 0.9937972619825528, ""raw_opportunities"": 1, ""weight"": 0.09937972619825529, ""effective_opportunities"": 0.09937972619825529}, {""age"": 2, ""gap_hours"": 0.5700597221983804, ""age_discount"": 0.010000000000000002, ""time_discount"": 0.9362657877597838, ""raw_opportunities"": 26, ""weight"": 0.00936265787759784, ""effective_opportunities"": 0.24342910481754385}]"
jewhunter,adaptive,0.0,0.0,0.0,0.0,5,8.086745352630556,still_sparse,"[{""age"": 1, ""gap_hours"": 0.053859166635407345, ""age_discount"": 0.1, ""time_discount"": 0.9937972619825528, ""raw_opportunities"": 6, ""weight"": 0.09937972619825529, ""effective_opportunities"": 0.5962783571895317}, {""age"": 2, ""gap_hours"": 0.5700597221983804, ""age_discount"": 0.010000000000000002, ""time_discount"": 0.9362657877597838, ""raw_opportunities"": 266, ""weight"": 0.00936265787759784, ""effective_opportunities"": 2.4904669954410252}]"
larp larp sahur,vpip,0.23,0.0003258015607580825,0.16,0.23,1070,1070,latest_sufficient,[]
larp larp sahur,pfr,0.23,0.00032554738015607576,0.16,0.23,1132,1132,latest_sufficient,[]
larp larp sahur,threebet,0.03,2.740133779264215e-05,0.03,0.04,714,714,latest_sufficient,[]
larp larp sahur,limp,0.2,0.0022879319955406907,0.05,0.25,1132,1132,latest_sufficient,[]
larp larp sahur,aggression,0.5,0.0009544035674470464,0.5,0.55,697,697,latest_sufficient,[]
larp larp sahur,cbet,0.2,0.004095066889632107,0.1,0.32624999999999893,197,197,latest_sufficient,[]
larp larp sahur,bluff,0.5,0.0022741360089186193,0.4,0.6000000000000001,697,697,latest_sufficient,[]
larp larp sahur,stickiness,0.21,0.019502229654403565,0.06,0.5162499999999989,289,289,latest_sufficient,[]
larp larp sahur,size,0.88,0.0015765284280936447,0.84,0.96,239,239,latest_sufficient,[]
larp larp sahur,adaptive,0.0,0.0,0.0,0.0,986,986,latest_sufficient,[]
merch where,vpip,0.38,3.3858416945373504e-05,0.36,0.38,299,299,latest_sufficient,[]
merch where,pfr,0.38,3.3858416945373504e-05,0.36,0.38,303,303,latest_sufficient,[]
merch where,threebet,0.09,0.002169627647714604,0.08,0.24,264,264,latest_sufficient,[]
merch where,limp,0.2,0.0017865105908584167,0.1,0.25,303,303,latest_sufficient,[]
merch where,aggression,0.15000000000000002,0.004371544035674472,0.0,0.30000000000000004,170,170,latest_sufficient,[]
merch where,cbet,0.30000000000000004,0.030860535117056862,0.0,0.7000000000000001,52,52,latest_sufficient,[]
merch where,bluff,1.0,0.005248049052396874,0.8,1.0,170,170,latest_sufficient,[]
merch where,stickiness,0.6,0.06359153177257525,0.01,0.72,95,100.0,older_prior_used,"[{""age"": 1, ""gap_hours"": 0.5918005555205875, ""age_discount"": 0.1, ""time_discount"": 0.9339172135988961, ""raw_opportunities"": 233, ""weight"": 0.02145922746781116, ""effective_opportunities"": 5.0}]"
merch where,size,1.385,0.11816561287625418,0.69,1.5,67,67,latest_sufficient,[]
merch where,adaptive,0.0,0.22826086956521738,0.0,1.0,265,265,latest_sufficient,[]
pocket-nuts,vpip,0.22,0.0002838026755852844,0.17,0.23,1544,1544,latest_sufficient,[]
pocket-nuts,pfr,0.22,0.00028391861761426987,0.17,0.23,1548,1548,latest_sufficient,[]
pocket-nuts,threebet,0.05,0.00018974804905239683,0.05,0.09,1460,1460,latest_sufficient,[]
pocket-nuts,limp,0.15000000000000002,0.0012056577480490526,0.05,0.2,1548,1548,latest_sufficient,[]
pocket-nuts,aggression,0.35000000000000003,0.007009448160535115,0.35000000000000003,0.5,507,507,latest_sufficient,[]
pocket-nuts,cbet,0.35000000000000003,0.014320484949832775,0.1,0.55,160,160,latest_sufficient,[]
pocket-nuts,bluff,0.9500000000000001,0.006085256410256409,0.75,1.0,507,507,latest_sufficient,[]
pocket-nuts,stickiness,0.44,0.013277791527313267,0.29,0.84,246,246,latest_sufficient,[]
pocket-nuts,size,0.5449999999999999,0.0033777756410256423,0.54,0.885,192,192,latest_sufficient,[]
pocket-nuts,adaptive,0.0,0.0385284280936455,0.0,1.0,753,753,latest_sufficient,[]
radishv2,vpip,0.38,3.549163879598661e-05,0.36,0.38,3770,3770,latest_sufficient,[]
radishv2,pfr,0.38,3.549163879598661e-05,0.36,0.38,3794,3794,latest_sufficient,[]
radishv2,threebet,0.02,0.0,0.02,0.02,3452,3452,latest_sufficient,[]
radishv2,limp,0.2,0.00026585841694537336,0.2,0.25,3794,3794,latest_sufficient,[]
radishv2,aggression,0.05,0.009714018952062432,0.0,0.35000000000000003,2722,2722,latest_sufficient,[]
radishv2,cbet,0.35000000000000003,0.0021344481605351166,0.25,0.45,478,478,latest_sufficient,[]
radishv2,bluff,0.35000000000000003,0.0034413600891861768,0.15000000000000002,0.35000000000000003,2722,2722,latest_sufficient,[]
radishv2,stickiness,0.43,0.004720066889632106,0.22475,0.44,1820,1820,latest_sufficient,[]
radishv2,size,0.7150000000000001,4.309921962096035e-06,0.71,0.7150000000000001,523,523,latest_sufficient,[]
radishv2,adaptive,0.0,0.10340022296544034,0.0,1.0,4542,4542,latest_sufficient,[]
testQ,vpip,0.22,0.00022734782608695666,0.22,0.25149999999999867,205,205,latest_sufficient,[]
testQ,pfr,0.22,0.0003717848383500558,0.17,0.25149999999999867,206,206,latest_sufficient,[]
testQ,threebet,0.03,0.00013795317725752513,0.03,0.07,163,163,latest_sufficient,[]
testQ,limp,0.0,0.0009659698996655522,0.0,0.1,206,206,latest_sufficient,[]
testQ,aggression,0.7000000000000001,0.04403299888517281,0.0,0.7000000000000001,73,89.63004387347038,still_sparse,"[{""age"": 1, ""gap_hours"": 0.3434633333153195, ""age_discount"": 0.1, ""time_discount"": 0.9610984401045949, ""raw_opportunities"": 140, ""weight"": 0.0961098440104595, ""effective_opportunities"": 13.45537816146433}, {""age"": 2, ""gap_hours"": 0.9661319444576899, ""age_discount"": 0.010000000000000002, ""time_discount"": 0.8943912686322674, ""raw_opportunities"": 272, ""weight"": 0.008943912686322676, ""effective_opportunities"": 2.4327442506797676}, {""age"": 3, ""gap_hours"": 1.5808205555544959, ""age_discount"": 0.0010000000000000002, ""time_discount"": 0.8330817087896403, ""raw_opportunities"": 855, ""weight"": 0.0008330817087896404, ""effective_opportunities"": 0.7122848610151425}, {""age"": 4, ""gap_hours"": 1.864119166665607, ""age_discount"": 0.00010000000000000002, ""time_discount"": 0.8062579981244494, ""raw_opportunities"": 323, ""weight"": 8.062579981244496e-05, ""effective_opportunities"": 0.026042133339419724}, {""age"": 5, ""gap_hours"": 2.7523991666899787, ""age_discount"": 1.0000000000000003e-05, ""time_discount"": 0.7276248930603216, ""raw_opportunities"": 494, ""weight"": 7.276248930603218e-06, ""effective_opportunities"": 0.0035944669717179896}]"
testQ,cbet,0.30000000000000004,0.03901279264214047,0.0,0.7000000000000001,29,33.09295424534051,still_sparse,"[{""age"": 1, ""gap_hours"": 0.3434633333153195, ""age_discount"": 0.1, ""time_discount"": 0.9610984401045949, ""raw_opportunities"": 37, ""weight"": 0.0961098440104595, ""effective_opportunities"": 3.5560642283870014}, {""age"": 2, ""gap_hours"": 0.9661319444576899, ""age_discount"": 0.010000000000000002, ""time_discount"": 0.8943912686322674, ""raw_opportunities"": 60, ""weight"": 0.008943912686322676, ""effective_opportunities"": 0.5366347611793606}, {""age"": 4, ""gap_hours"": 1.864119166665607, ""age_discount"": 0.00010000000000000002, ""time_discount"": 0.8062579981244494, ""raw_opportunities"": 1, ""weight"": 8.062579981244496e-05, ""effective_opportunities"": 8.062579981244496e-05}, {""age"": 5, ""gap_hours"": 2.7523991666899787, ""age_discount"": 1.0000000000000003e-05, ""time_discount"": 0.7276248930603216, ""raw_opportunities"": 24, ""weight"": 7.276248930603218e-06, ""effective_opportunities"": 0.00017462997433447723}]"
testQ,bluff,0.65,0.018327759197324416,0.4,0.9,73,89.63004387347038,still_sparse,"[{""age"": 1, ""gap_hours"": 0.3434633333153195, ""age_discount"": 0.1, ""time_discount"": 0.9610984401045949, ""raw_opportunities"": 140, ""weight"": 0.0961098440104595, ""effective_opportunities"": 13.45537816146433}, {""age"": 2, ""gap_hours"": 0.9661319444576899, ""age_discount"": 0.010000000000000002, ""time_discount"": 0.8943912686322674, ""raw_opportunities"": 272, ""weight"": 0.008943912686322676, ""effective_opportunities"": 2.4327442506797676}, {""age"": 3, ""gap_hours"": 1.5808205555544959, ""age_discount"": 0.0010000000000000002, ""time_discount"": 0.8330817087896403, ""raw_opportunities"": 855, ""weight"": 0.0008330817087896404, ""effective_opportunities"": 0.7122848610151425}, {""age"": 4, ""gap_hours"": 1.864119166665607, ""age_discount"": 0.00010000000000000002, ""time_discount"": 0.8062579981244494, ""raw_opportunities"": 323, ""weight"": 8.062579981244496e-05, ""effective_opportunities"": 0.026042133339419724}, {""age"": 5, ""gap_hours"": 2.7523991666899787, ""age_discount"": 1.0000000000000003e-05, ""time_discount"": 0.7276248930603216, ""raw_opportunities"": 494, ""weight"": 7.276248930603218e-06, ""effective_opportunities"": 0.0035944669717179896}]"
testQ,stickiness,0.14,0.03984800334448161,0.00950000000000001,0.8,45,53.605127154265176,still_sparse,"[{""age"": 1, ""gap_hours"": 0.3434633333153195, ""age_discount"": 0.1, ""time_discount"": 0.9610984401045949, ""raw_opportunities"": 71, ""weight"": 0.0961098440104595, ""effective_opportunities"": 6.823798924742624}, {""age"": 2, ""gap_hours"": 0.9661319444576899, ""age_discount"": 0.010000000000000002, ""time_discount"": 0.8943912686322674, ""raw_opportunities"": 144, ""weight"": 0.008943912686322676, ""effective_opportunities"": 1.2879234268304653}, {""age"": 3, ""gap_hours"": 1.5808205555544959, ""age_discount"": 0.0010000000000000002, ""time_discount"": 0.8330817087896403, ""raw_opportunities"": 564, ""weight"": 0.0008330817087896404, ""effective_opportunities"": 0.4698580837573572}, {""age"": 4, ""gap_hours"": 1.864119166665607, ""age_discount"": 0.00010000000000000002, ""time_discount"": 0.8062579981244494, ""raw_opportunities"": 274, ""weight"": 8.062579981244496e-05, ""effective_opportunities"": 0.02209146914860992}, {""age"": 5, ""gap_hours"": 2.7523991666899787, ""age_discount"": 1.0000000000000003e-05, ""time_discount"": 0.7276248930603216, ""raw_opportunities"": 200, ""weight"": 7.276248930603218e-06, ""effective_opportunities"": 0.0014552497861206437}]"
testQ,size,0.75,0.03842204570791527,0.33,0.75,21,27.437533471832424,still_sparse,"[{""age"": 1, ""gap_hours"": 0.3434633333153195, ""age_discount"": 0.1, ""time_discount"": 0.9610984401045949, ""raw_opportunities"": 55, ""weight"": 0.0961098440104595, ""effective_opportunities"": 5.286041420575272}, {""age"": 2, ""gap_hours"": 0.9661319444576899, ""age_discount"": 0.010000000000000002, ""time_discount"": 0.8943912686322674, ""raw_opportunities"": 103, ""weight"": 0.008943912686322676, ""effective_opportunities"": 0.9212230066912356}, {""age"": 3, ""gap_hours"": 1.5808205555544959, ""age_discount"": 0.0010000000000000002, ""time_discount"": 0.8330817087896403, ""raw_opportunities"": 264, ""weight"": 0.0008330817087896404, ""effective_opportunities"": 0.21993357112046508}, {""age"": 4, ""gap_hours"": 1.864119166665607, ""age_discount"": 0.00010000000000000002, ""time_discount"": 0.8062579981244494, ""raw_opportunities"": 117, ""weight"": 8.062579981244496e-05, ""effective_opportunities"": 0.00943321857805606}, {""age"": 5, ""gap_hours"": 2.7523991666899787, ""age_discount"": 1.0000000000000003e-05, ""time_discount"": 0.7276248930603216, ""raw_opportunities"": 124, ""weight"": 7.276248930603218e-06, ""effective_opportunities"": 0.000902254867394799}]"
testQ,adaptive,0.0,0.08490523968784837,0.0,1.0,118,143.23517102773556,still_sparse,"[{""age"": 1, ""gap_hours"": 0.3434633333153195, ""age_discount"": 0.1, ""time_discount"": 0.9610984401045949, ""raw_opportunities"": 211, ""weight"": 0.0961098440104595, ""effective_opportunities"": 20.279177086206953}, {""age"": 2, ""gap_hours"": 0.9661319444576899, ""age_discount"": 0.010000000000000002, ""time_discount"": 0.8943912686322674, ""raw_opportunities"": 416, ""weight"": 0.008943912686322676, ""effective_opportunities"": 3.720667677510233}, {""age"": 3, ""gap_hours"": 1.5808205555544959, ""age_discount"": 0.0010000000000000002, ""time_discount"": 0.8330817087896403, ""raw_opportunities"": 1419, ""weight"": 0.0008330817087896404, ""effective_opportunities"": 1.1821429447724998}, {""age"": 4, ""gap_hours"": 1.864119166665607, ""age_discount"": 0.00010000000000000002, ""time_discount"": 0.8062579981244494, ""raw_opportunities"": 597, ""weight"": 8.062579981244496e-05, ""effective_opportunities"": 0.04813360248802964}, {""age"": 5, ""gap_hours"": 2.7523991666899787, ""age_discount"": 1.0000000000000003e-05, ""time_discount"": 0.7276248930603216, ""raw_opportunities"": 694, ""weight"": 7.276248930603218e-06, ""effective_opportunities"": 0.005049716757838633}]"
tripi tropi,vpip,0.17,5.321739130434788e-05,0.15475,0.17,1578,1578,latest_sufficient,[]
tripi tropi,pfr,0.17,4.996544035674475e-05,0.15475,0.17,1588,1588,latest_sufficient,[]
tripi tropi,threebet,0.03,3.3333333333333325e-07,0.03,0.03,1280,1280,latest_sufficient,[]
tripi tropi,limp,0.1,0.0006257246376811595,0.05,0.15000000000000002,1588,1588,latest_sufficient,[]
tripi tropi,aggression,0.5,0.002497212931995542,0.5,0.7000000000000001,465,465,latest_sufficient,[]
tripi tropi,cbet,0.6000000000000001,0.007896989966555185,0.4,0.75,124,124,latest_sufficient,[]
tripi tropi,bluff,0.25,0.004849804905239688,0.05,0.30000000000000004,465,465,latest_sufficient,[]
tripi tropi,stickiness,0.87,0.01106359420289855,0.62,0.93,255,255,latest_sufficient,[]
tripi tropi,size,0.745,0.0034605908584169442,0.595,0.755,126,126,latest_sufficient,[]
tripi tropi,adaptive,0.0,0.17028985507246375,0.0,1.0,720,720,latest_sufficient,[]
wicked wings combo,vpip,0.38,8.458862876254185e-05,0.38,0.38,658,658,latest_sufficient,[]
wicked wings combo,pfr,0.38,8.458862876254185e-05,0.38,0.38,661,661,latest_sufficient,[]
wicked wings combo,threebet,0.03,4.145373467112598e-05,0.01,0.05,540,540,latest_sufficient,[]
wicked wings combo,limp,0.1,0.0006993032329988853,0.05,0.15000000000000002,661,661,latest_sufficient,[]
wicked wings combo,aggression,0.5,0.0234317447045708,0.2,0.7000000000000001,347,347,latest_sufficient,[]
wicked wings combo,cbet,0.4,0.014717140468227426,0.15000000000000002,0.6000000000000001,61,61,latest_sufficient,[]
wicked wings combo,bluff,0.05,0.0041374303232998896,0.0,0.22624999999999887,347,347,latest_sufficient,[]
wicked wings combo,stickiness,0.31,0.008952253065774806,0.15,0.53,247,247,latest_sufficient,[]
wicked wings combo,size,0.655,3.720039018952034e-05,0.65,0.6699999999999999,75,75,latest_sufficient,[]
wicked wings combo,adaptive,0.0,0.029197324414715713,0.0,1.0,594,594,latest_sufficient,[]
