table,games,main,calibration,groups_calibration,groups_main,calibration_group_gain,main_group_gain,calibration_base_gain,interaction,calibration_gain,points_main,won_main,points_calibration,won_calibration,points_groups_calibration,won_groups_calibration,points_groups_main,won_groups_main
0,4,707,707,971,971,264,264,0,0,0,4.0,1,4.0,1,4.0,1,4.0,1
1,4,553,553,576,576,23,23,0,0,0,3.5,0,3.5,0,4.0,1,4.0,1
2,5,-170,-165,-184,-189,-19,-19,5,0,5,4.0,0,4.0,0,3.5,0,3.5,0
3,5,-369,-369,-121,35,248,404,-156,-156,0,4.0,0,4.0,0,4.0,0,4.0,0
4,4,76,283,283,76,0,0,207,0,207,2.5,0,4.0,1,4.0,1,2.5,0
5,5,-293,-678,-403,-403,275,-110,0,385,-385,2.5,0,2.0,0,2.0,0,2.0,0
6,5,-27,447,574,-84,127,-57,658,184,474,3.5,0,4.5,0,4.5,0,2.5,0
7,4,688,688,714,631,26,-57,83,83,0,4.0,1,4.0,1,4.0,1,4.0,1
8,4,-35,-158,-304,-304,-146,-269,0,123,-123,1.5,0,1.5,0,2.0,0,2.0,0
9,5,632,838,699,510,-139,-122,189,-17,206,3.0,0,4.0,0,4.5,0,3.0,0
10,6,1271,1076,1082,1476,6,205,-394,-199,-195,2.0,0,2.0,0,2.0,0,2.0,0
11,4,-183,-183,-85,-137,98,46,52,52,0,2.5,0,2.5,0,2.5,0,4.0,1
12,4,315,145,346,585,201,270,-239,-69,-170,2.5,0,2.0,0,3.0,0,4.0,1
13,4,2415,2871,3093,2415,222,0,678,222,456,3.5,0,3.5,0,3.5,0,3.5,0
14,5,41,175,640,410,465,369,230,96,134,3.0,0,3.0,0,5.0,1,5.0,1
15,5,502,502,536,536,34,34,0,0,0,3.0,0,3.0,0,3.0,0,3.0,0
16,6,455,455,695,695,240,240,0,0,0,6.0,1,6.0,1,5.0,0,5.0,0
17,5,726,726,140,140,-586,-586,0,0,0,3.0,0,3.0,0,2.5,0,2.5,0
18,6,1288,1100,1126,1277,26,-11,-151,37,-188,5.0,0,4.5,0,4.5,0,5.0,0
19,4,248,248,-124,-270,-372,-518,146,146,0,3.0,0,3.0,0,2.5,0,2.5,0
20,5,394,437,107,287,-330,-107,-180,-223,43,5.0,1,5.0,1,3.5,0,5.0,1
21,6,-496,-460,-888,-958,-428,-462,70,34,36,1.0,0,1.5,0,1.0,0,1.0,0
22,4,712,702,702,855,0,143,-153,-143,-10,4.0,1,4.0,1,4.0,1,4.0,1
23,4,-388,-170,33,-185,203,203,218,0,218,1.0,0,1.0,0,1.0,0,1.0,0
24,4,421,366,925,1101,559,680,-176,-121,-55,2.0,0,1.0,0,3.0,0,3.0,0
25,5,817,892,816,816,-76,-1,0,-75,75,5.0,1,5.0,1,5.0,1,5.0,1
26,5,-340,-658,418,414,1076,754,4,322,-318,3.5,0,2.0,0,1.5,0,1.5,0
27,4,-91,19,-30,-157,-49,-66,127,17,110,2.5,0,4.0,1,2.5,0,2.5,0
28,5,297,-33,97,99,130,-198,-2,328,-330,2.0,0,2.5,0,2.5,0,2.5,0
29,5,62,279,190,-17,-89,-79,207,-10,217,1.0,0,2.0,0,1.5,0,1.5,0
30,6,210,221,203,203,-18,-7,0,-11,11,4.0,0,4.0,0,5.0,0,5.0,0
31,6,-13,-105,57,89,162,102,-32,60,-92,3.0,0,2.0,0,2.5,0,2.5,0
32,6,3711,3556,3557,3160,1,-551,397,552,-155,6.0,1,4.5,0,3.0,0,6.0,1
33,5,881,797,686,750,-111,-131,-64,20,-84,3.0,0,2.0,0,2.0,0,2.0,0
34,6,303,572,180,708,-392,405,-528,-797,269,4.0,0,5.5,0,5.5,0,6.0,1
35,6,370,326,317,273,-9,-97,44,88,-44,4.5,0,4.5,0,3.5,0,3.5,0
36,5,-48,-46,-14,-4,32,44,-10,-12,2,4.0,0,4.0,0,3.0,0,4.0,0
37,4,-241,-26,-204,-204,-178,37,0,-215,215,2.5,0,3.0,0,2.0,0,2.0,0
38,5,251,544,752,359,208,108,393,100,293,5.0,1,5.0,1,4.0,0,4.5,0
39,5,-307,-112,630,-28,742,279,658,463,195,2.0,0,2.0,0,2.5,0,1.5,0
40,5,-181,-219,-242,-100,-23,81,-142,-104,-38,1.0,0,3.0,0,2.5,0,2.5,0
41,5,-250,-121,-547,-547,-426,-297,0,-129,129,2.0,0,2.0,0,2.0,0,2.0,0
42,5,-348,-97,-206,-318,-109,30,112,-139,251,2.0,0,3.5,0,3.5,0,2.0,0
43,4,-537,-791,-617,-646,174,-109,29,283,-254,1.0,0,1.0,0,1.5,0,1.0,0
44,5,1211,1211,921,921,-290,-290,0,0,0,3.5,0,3.5,0,4.0,0,4.0,0
45,5,-160,-283,-273,-150,10,10,-123,0,-123,1.0,0,1.0,0,1.0,0,1.0,0
46,6,240,-23,155,2,178,-238,153,416,-263,6.0,1,4.0,0,5.0,0,4.0,0
47,4,-1,-20,63,148,83,149,-85,-66,-19,2.5,0,2.0,0,2.5,0,2.5,0
48,5,6695,5898,5707,6695,-191,0,-988,-191,-797,5.0,1,5.0,1,5.0,1,5.0,1
49,5,1299,1285,1400,1400,115,101,0,14,-14,5.0,1,5.0,1,5.0,1,5.0,1
50,5,429,89,40,40,-49,-389,0,340,-340,4.0,0,3.0,0,3.0,0,3.0,0
51,6,-478,-435,-487,-563,-52,-85,76,33,43,1.0,0,2.0,0,2.0,0,2.0,0
52,6,-501,-314,-92,-92,222,409,0,-187,187,2.0,0,3.0,0,1.0,0,1.0,0
53,6,232,-189,195,195,384,-37,0,421,-421,2.0,0,1.0,0,3.0,0,3.0,0
54,4,17,-310,-432,-458,-122,-475,26,353,-327,3.5,0,3.5,0,2.5,0,2.5,0
55,5,124,-14,64,-111,78,-235,175,313,-138,3.0,0,2.0,0,1.5,0,1.5,0
56,5,829,477,312,450,-165,-379,-138,214,-352,5.0,1,4.5,0,4.0,0,4.0,0
57,5,674,489,568,674,79,0,-106,79,-185,4.5,0,4.5,0,5.0,1,4.5,0
58,6,1852,1608,1041,1124,-567,-728,-83,161,-244,5.0,0,5.0,0,5.0,0,5.0,0
59,5,583,606,573,573,-33,-10,0,-23,23,5.0,1,4.5,0,5.0,1,5.0,1
60,6,1539,1672,1928,1146,256,-393,782,649,133,6.0,1,6.0,1,6.0,1,5.0,0
61,6,121,100,46,-172,-54,-293,218,239,-21,4.5,0,4.5,0,3.5,0,2.0,0
62,5,577,748,592,481,-156,-96,111,-60,171,3.0,0,4.0,0,2.5,0,3.0,0
63,5,812,812,626,809,-186,-3,-183,-183,0,5.0,1,5.0,1,5.0,1,5.0,1
64,6,-397,-397,-465,-465,-68,-68,0,0,0,1.0,0,1.0,0,1.0,0,1.0,0
65,4,670,598,669,658,71,-12,11,83,-72,3.5,0,2.5,0,3.5,0,3.5,0
66,5,1195,1195,1181,1165,-14,-30,16,16,0,4.5,0,4.5,0,4.5,0,4.5,0
67,5,915,916,866,866,-50,-49,0,-1,1,5.0,1,5.0,1,5.0,1,5.0,1
68,5,88,178,10,-80,-168,-168,90,0,90,4.0,0,4.0,0,4.0,0,3.0,0
69,5,-31,-108,-70,-216,38,-185,146,223,-77,3.0,0,3.0,0,3.0,0,2.0,0
70,5,833,634,1329,1302,695,469,27,226,-199,4.0,0,5.0,1,5.0,1,5.0,1
71,4,34,34,130,324,96,290,-194,-194,0,3.0,0,3.0,0,2.0,0,2.0,0
72,6,-659,-768,-3,-28,765,631,25,134,-109,1.5,0,1.0,0,4.0,0,4.0,0
73,6,505,136,347,347,211,-158,0,369,-369,6.0,1,6.0,1,6.0,1,6.0,1
74,4,1514,1518,1409,1384,-109,-130,25,21,4,4.0,1,4.0,1,4.0,1,4.0,1
75,4,203,203,94,94,-109,-109,0,0,0,3.0,0,3.0,0,3.0,0,3.0,0
76,4,827,827,978,978,151,151,0,0,0,4.0,1,4.0,1,4.0,1,4.0,1
77,5,68,7,-197,221,-204,153,-418,-357,-61,2.0,0,2.0,0,1.5,0,2.0,0
78,5,333,340,-44,-44,-384,-377,0,-7,7,4.5,0,4.5,0,2.0,0,2.0,0
79,5,1123,831,1122,1131,291,8,-9,283,-292,5.0,1,5.0,1,5.0,1,5.0,1
80,4,-611,-409,-409,-611,0,0,202,0,202,1.0,0,2.0,0,2.0,0,1.0,0
81,5,57,57,57,57,0,0,0,0,0,2.5,0,2.5,0,2.5,0,2.5,0
82,5,-143,-313,-424,-240,-111,-97,-184,-14,-170,3.0,0,3.0,0,1.0,0,1.0,0
83,4,-805,-515,-249,207,266,1012,-456,-746,290,2.0,0,2.0,0,2.0,0,2.0,0
84,5,224,171,544,745,373,521,-201,-148,-53,3.0,0,3.0,0,5.0,1,5.0,1
85,6,-123,-110,17,-202,127,-79,219,206,13,3.0,0,4.0,0,2.5,0,2.0,0
86,6,4175,4175,4175,4175,0,0,0,0,0,6.0,1,6.0,1,6.0,1,6.0,1
87,5,253,593,214,245,-379,-8,-31,-371,340,4.0,0,4.0,0,1.5,0,1.5,0
88,5,174,208,148,148,-60,-26,0,-34,34,4.0,0,4.5,0,4.0,0,4.0,0
89,6,300,905,555,277,-350,-23,278,-327,605,6.0,1,6.0,1,6.0,1,3.5,0
90,4,-555,-460,-615,-710,-155,-155,95,0,95,1.0,0,1.0,0,1.0,0,1.0,0
91,4,314,77,-77,-278,-154,-592,201,438,-237,2.0,0,2.0,0,2.0,0,1.5,0
92,6,3901,4225,4211,3973,-14,72,238,-86,324,5.0,0,5.0,0,5.0,0,5.0,0
93,5,970,1375,1612,1207,237,237,405,0,405,4.0,0,5.0,1,4.5,0,4.5,0
94,4,-214,-214,34,122,248,336,-88,-88,0,2.5,0,2.5,0,2.0,0,3.5,0
95,5,-114,-97,44,178,141,292,-134,-151,17,3.0,0,3.0,0,3.5,0,4.0,0
96,6,-306,-41,-171,-24,-130,282,-147,-412,265,5.0,0,4.0,0,4.0,0,5.5,0
97,5,664,206,84,224,-122,-440,-140,318,-458,4.5,0,4.0,0,3.0,0,3.0,0
98,6,-230,391,4,-138,-387,92,142,-479,621,3.0,0,2.5,0,3.0,0,2.5,0
99,6,1549,2154,2463,1809,309,260,654,49,605,6.0,1,6.0,1,6.0,1,6.0,1
100,6,557,198,250,528,52,-29,-278,81,-359,4.5,0,3.5,0,4.0,0,4.5,0
101,5,1231,1001,1235,982,234,-249,253,483,-230,5.0,1,5.0,1,5.0,1,5.0,1
102,4,1063,644,550,967,-94,-96,-417,2,-419,4.0,1,4.0,1,3.5,0,4.0,1
103,5,1207,745,1249,1420,504,213,-171,291,-462,5.0,1,5.0,1,5.0,1,5.0,1
104,5,-967,-747,-134,-789,613,178,655,435,220,1.0,0,2.0,0,2.5,0,1.0,0
105,6,-153,-237,-309,-487,-72,-334,178,262,-84,3.0,0,4.0,0,2.0,0,2.0,0
106,4,344,0,-108,-36,-108,-380,-72,272,-344,3.0,0,1.0,0,1.0,0,2.5,0
107,6,807,827,715,503,-112,-304,212,192,20,6.0,1,6.0,1,6.0,1,6.0,1
108,4,166,988,316,-328,-672,-494,644,-178,822,4.0,1,4.0,1,4.0,1,2.0,0
109,5,784,377,14,53,-363,-731,-39,368,-407,4.0,0,3.0,0,1.0,0,2.0,0
110,4,-19,-227,-19,-19,208,0,0,208,-208,2.0,0,2.5,0,2.0,0,2.0,0
111,4,668,481,918,1421,437,753,-503,-316,-187,2.5,0,3.0,0,3.0,0,4.0,1
112,5,-628,-725,-647,-463,78,165,-184,-87,-97,1.0,0,1.0,0,2.0,0,1.0,0
113,5,311,1636,678,478,-958,167,200,-1125,1325,4.5,0,5.0,1,4.0,0,4.0,0
114,6,223,223,200,194,-23,-29,6,6,0,5.0,0,5.0,0,5.0,0,5.0,0
115,6,-1359,-319,-589,-1206,-270,153,617,-423,1040,1.0,0,2.5,0,1.0,0,1.0,0
116,5,582,38,169,389,131,-193,-220,324,-544,5.0,1,4.5,0,5.0,1,4.5,0
117,4,288,494,161,268,-333,-20,-107,-313,206,3.0,0,3.5,0,2.0,0,2.0,0
118,6,-329,-248,-500,-277,-252,52,-223,-304,81,1.5,0,2.5,0,2.5,0,3.0,0
119,5,-172,-172,155,47,327,219,108,108,0,3.0,0,3.0,0,5.0,1,4.0,0
120,6,956,1699,1742,629,43,-327,1113,370,743,6.0,1,6.0,1,6.0,1,6.0,1
121,5,799,827,794,626,-33,-173,168,140,28,4.0,0,4.0,0,5.0,1,5.0,1
122,5,-662,-662,-662,-662,0,0,0,0,0,1.0,0,1.0,0,1.0,0,1.0,0
123,5,65,65,65,65,0,0,0,0,0,2.0,0,2.0,0,2.0,0,2.0,0
124,5,514,662,757,557,95,43,200,52,148,3.0,0,5.0,1,5.0,1,3.5,0
125,5,-354,-290,-560,-572,-270,-218,12,-52,64,3.0,0,3.0,0,1.5,0,1.5,0
126,5,5607,5383,5176,5374,-207,-233,-198,26,-224,5.0,1,5.0,1,5.0,1,5.0,1
127,5,701,740,740,740,0,39,0,-39,39,5.0,1,5.0,1,5.0,1,5.0,1
128,6,1043,1043,1076,1043,33,0,33,33,0,6.0,1,6.0,1,6.0,1,6.0,1
129,6,532,756,597,532,-159,0,65,-159,224,5.0,0,5.0,0,5.0,0,5.0,0
130,5,68,52,318,222,266,154,96,112,-16,2.5,0,2.0,0,2.5,0,2.5,0
131,5,672,914,130,120,-784,-552,10,-232,242,5.0,1,5.0,1,4.0,0,4.0,0
132,5,162,162,107,143,-55,-19,-36,-36,0,2.0,0,2.0,0,1.0,0,1.0,0
133,5,-140,-267,-155,-155,112,-15,0,127,-127,3.5,0,3.0,0,3.5,0,3.5,0
134,4,1325,835,1641,1495,806,170,146,636,-490,4.0,1,4.0,1,4.0,1,4.0,1
135,6,17,196,34,-41,-162,-58,75,-104,179,4.0,0,4.0,0,4.0,0,3.0,0
136,5,601,763,594,792,-169,191,-198,-360,162,3.0,0,4.0,0,4.0,0,5.0,1
137,5,1248,1251,1370,1373,119,125,-3,-6,3,4.0,0,4.0,0,4.5,0,4.5,0
138,5,-86,-86,659,659,745,745,0,0,0,3.0,0,3.0,0,3.0,0,3.0,0
139,4,1320,1507,1525,1338,18,18,187,0,187,3.0,0,3.0,0,3.0,0,3.0,0
140,5,61,299,289,289,-10,228,0,-238,238,2.0,0,3.5,0,3.0,0,3.0,0
141,4,829,649,118,298,-531,-531,-180,0,-180,4.0,1,2.5,0,1.0,0,1.0,0
142,4,218,218,319,134,101,-84,185,185,0,4.0,1,4.0,1,4.0,1,4.0,1
143,4,-282,552,412,-53,-140,229,465,-369,834,2.0,0,4.0,1,3.5,0,2.5,0
144,5,811,811,766,892,-45,81,-126,-126,0,5.0,1,5.0,1,5.0,1,5.0,1
145,6,27,-5,62,94,67,67,-32,0,-32,4.0,0,4.0,0,4.0,0,4.0,0
146,5,956,956,629,696,-327,-260,-67,-67,0,4.0,0,4.0,0,3.0,0,3.0,0
147,5,498,161,572,572,411,74,0,337,-337,3.0,0,1.5,0,4.0,0,4.0,0
148,6,431,431,676,676,245,245,0,0,0,3.0,0,3.0,0,3.0,0,3.0,0
149,5,901,901,1089,1089,188,188,0,0,0,4.5,0,4.5,0,4.0,0,4.0,0
150,5,259,-248,117,610,365,351,-493,14,-507,2.0,0,2.0,0,2.5,0,2.5,0
151,4,750,1251,1294,853,43,103,441,-60,501,3.5,0,4.0,1,4.0,1,3.5,0
152,5,-635,-500,1,1,501,636,0,-135,135,3.0,0,3.0,0,3.0,0,3.0,0
153,4,-131,-131,-320,-320,-189,-189,0,0,0,3.0,0,3.0,0,2.0,0,2.0,0
154,5,-103,-25,-449,-449,-424,-346,0,-78,78,1.0,0,2.0,0,1.0,0,1.0,0
155,6,195,61,-50,-17,-111,-212,-33,101,-134,2.0,0,4.0,0,2.0,0,2.0,0
156,6,758,710,471,492,-239,-266,-21,27,-48,4.5,0,4.5,0,4.0,0,4.0,0
157,5,-394,-394,-288,-357,106,37,69,69,0,2.5,0,2.5,0,3.0,0,3.0,0
158,4,239,251,-110,-110,-361,-349,0,-12,12,2.0,0,2.0,0,2.0,0,2.0,0
159,5,312,226,218,179,-8,-133,39,125,-86,4.0,0,4.0,0,4.5,0,3.0,0
160,6,3111,3073,3119,3314,46,203,-195,-157,-38,6.0,1,6.0,1,6.0,1,6.0,1
161,6,-320,-148,-18,-18,130,302,0,-172,172,3.5,0,4.0,0,4.0,0,4.0,0
162,4,746,564,642,824,78,78,-182,0,-182,4.0,1,4.0,1,4.0,1,4.0,1
163,6,1458,1694,1782,1755,88,297,27,-209,236,6.0,1,6.0,1,6.0,1,6.0,1
164,6,-297,-448,-295,-300,153,-3,5,156,-151,2.0,0,2.0,0,2.0,0,2.0,0
165,6,855,816,816,855,0,0,-39,0,-39,5.0,0,5.0,0,5.0,0,5.0,0
166,4,-435,-435,-168,-168,267,267,0,0,0,1.0,0,1.0,0,1.0,0,1.0,0
167,5,399,399,76,76,-323,-323,0,0,0,3.0,0,3.0,0,3.0,0,3.0,0
168,4,-293,-293,61,44,354,337,17,17,0,1.5,0,1.5,0,2.5,0,2.5,0
169,4,357,555,192,64,-363,-293,128,-70,198,3.0,0,3.0,0,2.0,0,2.0,0
170,5,36,63,349,356,286,320,-7,-34,27,1.5,0,1.5,0,5.0,1,5.0,1
171,5,-123,265,455,43,190,166,412,24,388,3.5,0,4.5,0,5.0,1,3.5,0
172,5,591,591,234,-203,-357,-794,437,437,0,3.0,0,3.0,0,2.0,0,1.0,0
173,5,2145,2145,2145,2145,0,0,0,0,0,5.0,1,5.0,1,5.0,1,5.0,1
174,4,317,317,312,312,-5,-5,0,0,0,4.0,1,4.0,1,4.0,1,4.0,1
175,4,1020,1020,929,929,-91,-91,0,0,0,3.5,0,3.5,0,3.5,0,3.5,0
176,5,1730,1762,1762,1730,0,0,32,0,32,2.0,0,2.0,0,2.0,0,2.0,0
177,5,4132,4961,5285,4048,324,-84,1237,408,829,5.0,1,5.0,1,5.0,1,5.0,1
178,4,-120,-207,-414,-327,-207,-207,-87,0,-87,1.5,0,1.5,0,1.0,0,1.0,0
179,4,479,584,589,689,5,210,-100,-205,105,4.0,1,4.0,1,4.0,1,4.0,1
180,6,182,-153,-677,-39,-524,-221,-638,-303,-335,4.0,0,3.0,0,2.0,0,4.5,0
181,4,426,426,426,400,0,-26,26,26,0,3.5,0,3.5,0,3.5,0,4.0,1
182,5,176,490,-156,513,-646,337,-669,-983,314,3.0,0,4.5,0,2.5,0,4.5,0
183,4,-352,-380,-479,-440,-99,-88,-39,-11,-28,1.5,0,1.0,0,1.5,0,3.0,0
184,4,-61,-61,-61,-61,0,0,0,0,0,3.0,0,3.0,0,3.0,0,3.0,0
185,4,548,663,139,139,-524,-409,0,-115,115,4.0,1,4.0,1,3.5,0,3.5,0
186,4,531,725,150,150,-575,-381,0,-194,194,4.0,1,4.0,1,3.0,0,3.0,0
187,5,794,1094,998,998,-96,204,0,-300,300,4.5,0,5.0,1,4.0,0,4.0,0
188,6,-285,-547,-227,49,320,334,-276,-14,-262,1.5,0,1.5,0,2.0,0,2.0,0
189,6,511,675,803,600,128,89,203,39,164,5.0,0,4.0,0,6.0,1,6.0,1
190,4,-144,320,327,203,7,347,124,-340,464,2.0,0,2.0,0,2.0,0,2.0,0
191,5,115,115,436,292,321,177,144,144,0,4.0,0,4.0,0,5.0,1,5.0,1
192,5,-545,-295,-452,-413,-157,132,-39,-289,250,2.5,0,4.0,0,2.0,0,2.0,0
193,6,1058,1543,1468,1087,-75,29,381,-104,485,6.0,1,6.0,1,6.0,1,6.0,1
194,4,115,123,123,115,0,0,8,0,8,3.0,0,3.0,0,3.0,0,3.0,0
195,5,469,657,642,586,-15,117,56,-132,188,3.5,0,3.0,0,4.0,0,4.0,0
196,5,-79,-13,-105,-79,-92,0,-26,-92,66,2.5,0,2.5,0,2.0,0,2.5,0
197,5,1071,1081,1043,1043,-38,-28,0,-10,10,5.0,1,5.0,1,5.0,1,5.0,1
198,4,-171,-171,-167,-167,4,4,0,0,0,1.5,0,1.5,0,1.5,0,1.5,0
199,4,-503,-680,-680,-721,0,-218,41,218,-177,1.5,0,1.5,0,1.5,0,1.5,0
200,4,-283,-330,-303,-303,27,-20,0,47,-47,1.0,0,2.0,0,1.5,0,1.5,0
201,5,593,593,614,614,21,21,0,0,0,4.5,0,4.5,0,4.5,0,4.5,0
202,5,659,569,766,856,197,197,-90,0,-90,5.0,1,5.0,1,5.0,1,5.0,1
203,6,-386,-364,-291,-291,73,95,0,-22,22,2.5,0,3.5,0,4.0,0,4.0,0
204,6,657,657,635,647,-22,-10,-12,-12,0,4.5,0,4.5,0,4.0,0,4.0,0
205,4,108,108,39,39,-69,-69,0,0,0,4.0,1,4.0,1,3.5,0,3.5,0
206,6,1184,1202,1319,1319,117,135,0,-18,18,6.0,1,6.0,1,6.0,1,6.0,1
207,4,1209,2425,2227,1209,-198,0,1018,-198,1216,2.0,0,4.0,1,4.0,1,2.0,0
208,4,597,597,784,687,187,90,97,97,0,4.0,1,4.0,1,4.0,1,4.0,1
209,5,192,234,648,606,414,414,42,0,42,5.0,1,5.0,1,5.0,1,5.0,1
210,4,175,-202,-77,-342,125,-517,265,642,-377,1.0,0,1.5,0,1.5,0,1.0,0
211,4,-41,1374,889,-189,-485,-148,1078,-337,1415,2.0,0,4.0,1,3.5,0,2.0,0
212,5,372,372,362,126,-10,-246,236,236,0,3.0,0,3.0,0,3.5,0,2.5,0
213,4,332,108,151,71,43,-261,80,304,-224,4.0,1,2.5,0,2.5,0,2.0,0
214,5,258,230,201,201,-29,-57,0,28,-28,3.5,0,3.5,0,4.0,0,4.0,0
215,5,787,1039,539,545,-500,-242,-6,-258,252,5.0,1,5.0,1,5.0,1,5.0,1
216,5,-79,-79,27,97,106,176,-70,-70,0,4.0,0,4.0,0,3.0,0,4.5,0
217,6,956,1729,2762,1242,1033,286,1520,747,773,5.0,0,5.0,0,5.5,0,5.0,0
218,5,393,343,-162,75,-505,-318,-237,-187,-50,3.0,0,3.0,0,1.5,0,2.5,0
219,5,-116,-466,-405,-19,61,97,-386,-36,-350,2.0,0,1.0,0,3.0,0,3.0,0
220,6,273,1484,1624,285,140,12,1339,128,1211,1.5,0,4.0,0,4.5,0,4.0,0
221,6,-459,31,-168,-40,-199,419,-128,-618,490,3.0,0,4.5,0,3.0,0,3.0,0
222,5,205,-133,-650,-883,-517,-1088,233,571,-338,3.5,0,2.0,0,2.0,0,2.0,0
223,6,-127,-127,-27,-27,100,100,0,0,0,2.0,0,2.0,0,2.0,0,2.0,0
224,5,333,654,804,806,150,473,-2,-323,321,1.5,0,2.5,0,1.5,0,1.0,0
225,4,403,512,-27,-149,-539,-552,122,13,109,4.0,1,4.0,1,2.5,0,2.5,0
226,6,784,1872,876,1556,-996,772,-680,-1768,1088,5.5,0,6.0,1,4.5,0,6.0,1
227,6,49,-134,-221,11,-87,-38,-232,-49,-183,4.0,0,4.0,0,2.0,0,4.0,0
228,6,-192,382,342,264,-40,456,78,-496,574,2.0,0,4.0,0,3.5,0,3.5,0
229,4,844,973,316,284,-657,-560,32,-97,129,2.5,0,3.0,0,3.0,0,3.0,0
230,5,285,1242,1210,319,-32,34,891,-66,957,3.0,0,5.0,1,5.0,1,3.5,0
231,6,265,467,468,468,1,203,0,-202,202,3.0,0,3.0,0,3.0,0,3.0,0
232,6,163,109,1,131,-108,-32,-130,-76,-54,3.5,0,3.0,0,2.0,0,2.5,0
233,4,1318,708,1593,1350,885,32,243,853,-610,4.0,1,3.5,0,4.0,1,4.0,1
234,6,483,1092,1015,769,-77,286,246,-363,609,5.0,0,6.0,1,6.0,1,6.0,1
235,5,-15,269,108,-56,-161,-41,164,-120,284,3.0,0,5.0,1,3.0,0,3.0,0
236,6,-239,19,538,32,519,271,506,248,258,4.0,0,4.0,0,5.0,0,4.5,0
237,5,622,168,825,366,657,-256,459,913,-454,3.5,0,4.0,0,3.5,0,4.0,0
238,5,-361,-358,-486,-364,-128,-3,-122,-125,3,1.0,0,1.0,0,1.0,0,1.0,0
239,4,693,693,576,399,-117,-294,177,177,0,4.0,1,4.0,1,4.0,1,3.0,0
240,5,-498,-593,-584,-446,9,52,-138,-43,-95,2.0,0,2.0,0,2.0,0,2.5,0
241,5,1613,971,717,808,-254,-805,-91,551,-642,5.0,1,5.0,1,5.0,1,5.0,1
242,6,944,1215,789,1063,-426,119,-274,-545,271,5.0,0,6.0,1,6.0,1,6.0,1
243,5,125,469,-68,-202,-537,-327,134,-210,344,2.0,0,3.0,0,1.0,0,3.0,0
244,5,860,1121,1098,876,-23,16,222,-39,261,4.5,0,5.0,1,5.0,1,5.0,1
245,5,-429,-363,-226,-709,137,-280,483,417,66,1.0,0,1.0,0,4.0,0,1.0,0
246,6,1087,1747,1931,1604,184,517,327,-333,660,4.5,0,6.0,1,6.0,1,6.0,1
247,6,61,-305,-509,134,-204,73,-643,-277,-366,3.0,0,3.0,0,2.0,0,3.5,0
248,4,2341,3559,3920,3605,361,1264,315,-903,1218,3.0,0,3.5,0,3.5,0,4.0,1
249,4,1298,1489,1303,1512,-186,214,-209,-400,191,3.0,0,2.5,0,3.0,0,3.0,0
250,6,534,533,673,457,140,-77,216,217,-1,6.0,1,6.0,1,6.0,1,6.0,1
251,4,-257,-109,-399,-399,-290,-142,0,-148,148,1.0,0,2.5,0,2.0,0,2.0,0
252,5,205,434,434,434,0,229,0,-229,229,4.0,0,5.0,1,5.0,1,5.0,1
253,5,-149,-127,33,23,160,172,10,-12,22,2.0,0,2.0,0,3.5,0,2.5,0
254,5,-442,-645,-589,-589,56,-147,0,203,-203,2.0,0,1.0,0,1.0,0,1.0,0
255,5,-321,18,-227,-59,-245,262,-168,-507,339,3.0,0,3.0,0,3.0,0,2.5,0
256,5,596,682,680,656,-2,60,24,-62,86,5.0,1,5.0,1,5.0,1,5.0,1
257,6,-624,-901,-889,-692,12,-68,-197,80,-277,2.5,0,2.5,0,3.0,0,3.0,0
258,6,-430,-442,-914,-788,-472,-358,-126,-114,-12,3.5,0,3.0,0,1.0,0,2.0,0
259,6,70,70,-155,48,-225,-22,-203,-203,0,2.0,0,2.0,0,2.0,0,2.0,0
260,5,438,438,675,607,237,169,68,68,0,3.5,0,3.5,0,5.0,1,4.5,0
261,4,684,432,432,432,0,-252,0,252,-252,4.0,1,4.0,1,4.0,1,4.0,1
262,4,-140,2,587,587,585,727,0,-142,142,2.0,0,1.0,0,2.0,0,2.0,0
263,6,311,372,530,197,158,-114,333,272,61,3.0,0,3.5,0,4.0,0,3.0,0
264,4,108,-284,414,-96,698,-204,510,902,-392,3.5,0,2.0,0,3.0,0,2.5,0
265,5,61,295,-219,29,-514,-32,-248,-482,234,3.0,0,4.0,0,2.0,0,2.0,0
266,4,-41,94,-41,-41,-135,0,0,-135,135,2.0,0,2.5,0,2.5,0,2.5,0
267,5,621,598,504,320,-94,-301,184,207,-23,5.0,1,5.0,1,5.0,1,5.0,1
268,5,543,834,888,784,54,241,104,-187,291,4.0,0,5.0,1,4.0,0,4.5,0
269,5,4158,4421,3925,2982,-496,-1176,943,680,263,5.0,1,5.0,1,4.0,0,4.0,0
270,5,164,-75,696,260,771,96,436,675,-239,2.0,0,2.0,0,3.5,0,3.0,0
271,4,303,227,-285,-285,-512,-588,0,76,-76,4.0,1,4.0,1,2.0,0,2.0,0
272,4,2232,1889,2042,2079,153,-153,-37,306,-343,3.5,0,2.5,0,3.5,0,2.5,0
273,6,-83,-63,-219,65,-156,148,-284,-304,20,3.5,0,3.5,0,3.0,0,3.5,0
274,5,633,655,655,633,0,0,22,0,22,3.0,0,3.5,0,3.5,0,3.0,0
275,6,3746,3340,3310,3742,-30,-4,-432,-26,-406,5.5,0,3.0,0,3.0,0,6.0,1
276,5,1740,1600,1248,1108,-352,-632,140,280,-140,4.0,0,4.0,0,3.0,0,3.0,0
277,5,1244,2164,2487,1207,323,-37,1280,360,920,4.0,0,5.0,1,5.0,1,5.0,1
278,6,-56,120,-20,-20,-140,36,0,-176,176,3.0,0,3.0,0,3.5,0,3.5,0
279,5,733,399,417,344,18,-389,73,407,-334,4.5,0,4.0,0,4.0,0,4.0,0
280,5,-160,-526,-708,-373,-182,-213,-335,31,-366,3.0,0,3.0,0,1.5,0,1.5,0
281,5,1129,1802,1686,681,-116,-448,1005,332,673,5.0,1,5.0,1,5.0,1,3.0,0
282,5,103,314,236,200,-78,97,36,-175,211,3.0,0,3.0,0,3.0,0,3.0,0
283,6,111,374,32,374,-342,263,-342,-605,263,2.5,0,4.0,0,2.0,0,4.0,0
284,5,-73,59,-184,-217,-243,-144,33,-99,132,1.5,0,1.0,0,1.0,0,1.0,0
285,5,555,633,472,650,-161,95,-178,-256,78,4.0,0,4.0,0,4.0,0,4.0,0
286,6,-24,-24,-22,-22,2,2,0,0,0,5.0,0,5.0,0,5.0,0,5.0,0
287,5,796,796,530,573,-266,-223,-43,-43,0,5.0,1,5.0,1,5.0,1,5.0,1
288,4,228,228,-225,-225,-453,-453,0,0,0,3.0,0,3.0,0,1.5,0,1.5,0
289,4,194,194,277,277,83,83,0,0,0,3.5,0,3.5,0,2.5,0,2.5,0
290,4,564,564,352,352,-212,-212,0,0,0,4.0,1,4.0,1,2.0,0,2.0,0
291,5,1323,850,1323,1323,473,0,0,473,-473,5.0,1,4.0,0,5.0,1,5.0,1
292,5,506,734,469,235,-265,-271,234,6,228,3.5,0,5.0,1,5.0,1,2.5,0
293,5,1981,3020,2530,1700,-490,-281,830,-209,1039,3.0,0,4.0,0,4.0,0,3.0,0
294,5,5,5,-416,-416,-421,-421,0,0,0,2.0,0,2.0,0,1.0,0,1.0,0
295,6,3784,3196,3200,3785,4,1,-585,3,-588,6.0,1,6.0,1,6.0,1,6.0,1
296,5,16,117,353,269,236,253,84,-17,101,3.0,0,4.0,0,3.5,0,3.5,0
297,5,759,787,528,620,-259,-139,-92,-120,28,5.0,1,5.0,1,3.5,0,4.5,0
298,5,-123,-539,-653,-666,-114,-543,13,429,-416,3.0,0,2.5,0,2.0,0,2.0,0
299,5,282,282,266,266,-16,-16,0,0,0,4.0,0,4.5,0,4.5,0,4.5,0
300,4,221,215,240,240,25,19,0,6,-6,4.0,1,4.0,1,4.0,1,4.0,1
301,5,438,487,294,312,-193,-126,-18,-67,49,5.0,1,4.5,0,4.5,0,5.0,1
302,6,905,1034,1257,1057,223,152,200,71,129,5.0,0,5.0,0,6.0,1,6.0,1
303,5,388,323,320,388,-3,0,-68,-3,-65,4.0,0,4.0,0,5.0,1,4.0,0
304,4,581,695,500,500,-195,-81,0,-114,114,3.0,0,4.0,1,4.0,1,4.0,1
305,5,2483,2935,3643,2319,708,-164,1324,872,452,4.5,0,3.0,0,4.5,0,5.0,1
306,5,313,340,185,-339,-155,-652,524,497,27,4.5,0,4.5,0,3.0,0,1.0,0
307,5,102,291,936,20,645,-82,916,727,189,3.0,0,3.0,0,2.5,0,4.0,0
308,4,-23,-23,-258,-258,-235,-235,0,0,0,1.5,0,1.5,0,1.0,0,1.0,0
309,5,104,355,326,236,-29,132,90,-161,251,3.5,0,5.0,1,4.5,0,4.5,0
310,5,-578,-578,-202,-229,376,349,27,27,0,3.0,0,3.0,0,3.5,0,3.5,0
311,5,432,420,449,486,29,54,-37,-25,-12,4.5,0,4.5,0,4.5,0,4.5,0
312,6,-868,-875,-891,-976,-16,-108,85,92,-7,1.0,0,1.0,0,1.0,0,1.0,0
313,6,570,494,478,603,-16,33,-125,-49,-76,3.5,0,3.5,0,3.0,0,5.0,0
314,5,-422,-603,-386,-670,217,-248,284,465,-181,3.0,0,1.5,0,2.0,0,2.0,0
315,6,1432,1382,564,966,-818,-466,-402,-352,-50,6.0,1,6.0,1,5.0,0,6.0,1
316,6,-146,-199,-158,-285,41,-139,127,180,-53,2.5,0,2.0,0,2.0,0,2.0,0
317,5,533,285,181,-18,-104,-551,199,447,-248,3.0,0,3.5,0,3.0,0,3.0,0
318,5,-492,-267,6,-501,273,-9,507,282,225,2.5,0,2.5,0,2.5,0,1.5,0
319,5,412,341,346,346,5,-66,0,71,-71,3.5,0,3.0,0,3.0,0,3.0,0
320,6,310,222,306,183,84,-127,123,211,-88,4.0,0,4.0,0,6.0,1,4.0,0
321,5,503,209,260,379,51,-124,-119,175,-294,4.0,0,4.0,0,4.0,0,4.5,0
322,5,1545,1733,1626,1423,-107,-122,203,15,188,5.0,1,5.0,1,4.5,0,5.0,1
323,4,236,120,217,315,97,79,-98,18,-116,4.0,1,3.0,0,4.0,1,4.0,1
324,6,1111,2002,1451,1415,-551,304,36,-855,891,6.0,1,6.0,1,6.0,1,6.0,1
325,4,-76,-105,-171,-123,-66,-47,-48,-19,-29,1.0,0,1.0,0,1.0,0,2.5,0
326,4,376,356,-52,151,-408,-225,-203,-183,-20,2.0,0,2.0,0,2.5,0,2.0,0
327,6,1297,1104,833,1518,-271,221,-685,-492,-193,6.0,1,6.0,1,4.0,0,6.0,1
328,4,291,340,-269,-168,-609,-459,-101,-150,49,3.5,0,3.0,0,3.0,0,3.0,0
329,6,724,606,606,489,0,-235,117,235,-118,4.0,0,4.0,0,4.0,0,2.0,0
330,4,1435,1692,2280,1801,588,366,479,222,257,4.0,1,4.0,1,4.0,1,4.0,1
331,4,28,264,472,-95,208,-123,567,331,236,2.5,0,3.0,0,1.5,0,2.0,0
332,5,-247,-355,-384,-218,-29,29,-166,-58,-108,4.0,0,2.5,0,2.5,0,4.0,0
333,5,470,470,181,241,-289,-229,-60,-60,0,4.0,0,4.0,0,4.0,0,3.0,0
334,5,281,273,171,305,-102,24,-134,-126,-8,3.0,0,4.0,0,3.0,0,3.0,0
335,5,254,306,305,184,-1,-70,121,69,52,5.0,1,5.0,1,5.0,1,4.0,0
336,4,116,93,562,493,469,377,69,92,-23,3.0,0,3.0,0,3.0,0,3.0,0
337,5,-320,-690,-894,-655,-204,-335,-239,131,-370,2.0,0,2.0,0,1.0,0,1.0,0
338,5,428,464,336,184,-128,-244,152,116,36,4.0,0,3.5,0,2.5,0,1.0,0
339,4,120,996,998,934,2,814,64,-812,876,3.0,0,3.5,0,4.0,1,3.0,0
340,5,-49,-184,42,239,226,288,-197,-62,-135,3.5,0,3.0,0,4.0,0,5.0,1
341,4,1448,1448,1448,1448,0,0,0,0,0,4.0,1,4.0,1,4.0,1,4.0,1
342,5,280,280,217,217,-63,-63,0,0,0,2.0,0,2.0,0,2.0,0,2.0,0
343,5,678,1157,1119,1747,-38,1069,-628,-1107,479,4.0,0,5.0,1,5.0,1,5.0,1
344,5,211,-299,-320,16,-21,-195,-336,174,-510,4.0,0,3.0,0,2.5,0,3.5,0
345,6,-268,-41,-334,-334,-293,-66,0,-227,227,3.5,0,4.0,0,3.0,0,3.0,0
346,5,265,168,258,296,90,31,-38,59,-97,5.0,1,5.0,1,5.0,1,5.0,1
347,5,-328,-486,-486,-328,0,0,-158,0,-158,2.0,0,2.0,0,2.0,0,2.0,0
348,5,179,355,267,311,-88,132,-44,-220,176,5.0,1,5.0,1,5.0,1,5.0,1
349,6,2352,1956,1956,2352,0,0,-396,0,-396,5.0,0,4.0,0,4.0,0,5.0,0
350,6,272,79,69,443,-10,171,-374,-181,-193,4.5,0,4.0,0,4.0,0,6.0,1
351,6,925,1026,1026,1061,0,136,-35,-136,101,6.0,1,6.0,1,6.0,1,6.0,1
352,5,-242,-242,-94,-94,148,148,0,0,0,2.0,0,2.0,0,2.0,0,2.0,0
353,5,2744,2920,2920,2744,0,0,176,0,176,3.5,0,4.0,0,4.0,0,3.5,0
354,4,-287,-433,-376,-333,57,-46,-43,103,-146,2.0,0,1.0,0,2.0,0,1.5,0
355,5,396,438,735,448,297,52,287,245,42,3.0,0,3.0,0,3.0,0,3.0,0
356,5,811,811,586,555,-225,-256,31,31,0,5.0,1,5.0,1,5.0,1,5.0,1
357,4,335,277,336,83,59,-252,253,311,-58,4.0,1,4.0,1,3.5,0,4.0,1
358,6,918,1025,673,772,-352,-146,-99,-206,107,6.0,1,5.0,0,4.0,0,5.0,0
359,6,348,94,289,535,195,187,-246,8,-254,6.0,1,5.0,0,6.0,1,6.0,1
360,5,-84,-348,-64,-118,284,-34,54,318,-264,3.5,0,2.0,0,3.0,0,3.0,0
361,6,-525,-649,-409,-393,240,132,-16,108,-124,1.0,0,2.0,0,2.0,0,2.0,0
362,5,924,659,722,511,63,-413,211,476,-265,5.0,1,5.0,1,4.5,0,4.5,0
363,6,116,-97,-239,-447,-142,-563,208,421,-213,4.0,0,4.0,0,4.0,0,4.0,0
364,5,724,399,391,686,-8,-38,-295,30,-325,3.5,0,3.0,0,3.0,0,5.0,1
365,5,474,315,514,428,199,-46,86,245,-159,4.0,0,5.0,1,5.0,1,5.0,1
366,4,212,212,212,212,0,0,0,0,0,1.5,0,1.5,0,1.5,0,1.5,0
367,6,-628,-600,-858,-858,-258,-230,0,-28,28,2.0,0,2.0,0,2.0,0,2.0,0
368,5,12,-410,-21,-21,389,-33,0,422,-422,3.0,0,2.0,0,3.0,0,3.0,0
369,5,231,-191,116,287,307,56,-171,251,-422,3.0,0,2.5,0,2.0,0,4.0,0
370,4,-357,-337,-344,-344,-7,13,0,-20,20,2.0,0,2.5,0,1.5,0,1.5,0
371,5,367,392,314,212,-78,-155,102,77,25,3.5,0,5.0,1,5.0,1,3.5,0
372,4,653,780,770,653,-10,0,117,-10,127,4.0,1,4.0,1,4.0,1,4.0,1
373,6,930,724,657,657,-67,-273,0,206,-206,5.5,0,6.0,1,5.0,0,5.0,0
374,5,286,-654,88,-31,742,-317,119,1059,-940,3.5,0,1.0,0,3.0,0,3.0,0
375,5,120,299,262,83,-37,-37,179,0,179,2.5,0,3.0,0,3.0,0,2.5,0
376,5,-1207,-1442,-1133,-1133,309,74,0,235,-235,1.0,0,1.0,0,1.0,0,1.0,0
377,4,752,752,334,757,-418,5,-423,-423,0,4.0,1,4.0,1,4.0,1,4.0,1
378,6,656,603,130,320,-473,-336,-190,-137,-53,5.5,0,5.0,0,2.5,0,4.5,0
379,5,343,260,535,618,275,275,-83,0,-83,5.0,1,5.0,1,5.0,1,5.0,1
380,5,341,316,512,402,196,61,110,135,-25,2.5,0,4.0,0,4.0,0,4.0,0
381,5,512,202,590,518,388,6,72,382,-310,5.0,1,4.5,0,5.0,1,5.0,1
382,5,-256,-256,-76,-341,180,-85,265,265,0,2.0,0,2.0,0,3.0,0,2.0,0
383,5,1455,1942,1042,976,-900,-479,66,-421,487,3.5,0,4.5,0,5.0,1,4.5,0
384,4,20,368,236,66,-132,46,170,-178,348,4.0,1,4.0,1,2.5,0,2.5,0
385,5,219,219,219,219,0,0,0,0,0,2.0,0,2.0,0,2.0,0,2.0,0
386,5,480,245,470,470,225,-10,0,235,-235,5.0,1,4.0,0,5.0,1,5.0,1
387,5,-673,-566,-535,-603,31,70,68,-39,107,2.5,0,3.0,0,3.0,0,3.0,0
388,5,-469,-686,-604,-672,82,-203,68,285,-217,2.0,0,2.0,0,1.0,0,2.0,0
389,5,117,3,6,325,3,208,-319,-205,-114,1.0,0,2.0,0,2.0,0,2.5,0
390,4,579,579,379,379,-200,-200,0,0,0,3.0,0,3.0,0,3.0,0,3.0,0
391,6,974,779,823,793,44,-181,30,225,-195,6.0,1,6.0,1,6.0,1,6.0,1
392,4,-199,-99,-265,-586,-166,-387,321,221,100,1.5,0,2.5,0,2.5,0,1.0,0
393,5,578,689,149,507,-540,-71,-358,-469,111,5.0,1,5.0,1,4.0,0,5.0,1
394,5,590,353,598,598,245,8,0,237,-237,3.5,0,3.0,0,4.0,0,4.0,0
395,5,1144,829,826,1082,-3,-62,-256,59,-315,4.5,0,4.0,0,3.0,0,3.0,0
396,5,388,50,32,78,-18,-310,-46,292,-338,4.5,0,1.5,0,2.0,0,2.0,0
397,5,-2,-159,-363,-400,-204,-398,37,194,-157,3.5,0,1.5,0,1.0,0,1.0,0
398,5,308,500,586,378,86,70,208,16,192,3.5,0,4.0,0,4.5,0,4.0,0
399,6,299,273,83,268,-190,-31,-185,-159,-26,4.5,0,4.5,0,4.0,0,4.5,0
400,6,632,2210,2060,1173,-150,541,887,-691,1578,4.0,0,5.0,0,5.0,0,4.0,0
401,5,242,334,609,609,275,367,0,-92,92,3.5,0,3.5,0,3.5,0,3.5,0
402,5,397,181,146,529,-35,132,-383,-167,-216,5.0,1,3.0,0,2.5,0,5.0,1
403,4,118,176,70,449,-106,331,-379,-437,58,3.5,0,3.0,0,3.5,0,3.5,0
404,5,-51,92,792,-256,700,-205,1048,905,143,1.0,0,3.0,0,4.5,0,1.0,0
405,5,818,999,1268,810,269,-8,458,277,181,5.0,1,5.0,1,5.0,1,5.0,1
406,4,99,110,-45,-45,-155,-144,0,-11,11,3.5,0,2.5,0,2.5,0,2.5,0
407,6,-356,-461,-562,-544,-101,-188,-18,87,-105,2.0,0,2.0,0,2.0,0,2.0,0
408,4,18,23,288,258,265,240,30,25,5,4.0,1,4.0,1,3.5,0,3.5,0
409,5,-517,-443,-285,-291,158,226,6,-68,74,1.0,0,1.0,0,1.5,0,1.0,0
410,5,187,1,191,164,190,-23,27,213,-186,5.0,1,3.5,0,4.5,0,4.5,0
411,6,565,589,597,358,8,-207,239,215,24,6.0,1,5.0,0,5.5,0,4.0,0
412,5,69,485,324,-299,-161,-368,623,207,416,2.0,0,3.5,0,4.0,0,2.0,0
413,4,954,1196,841,1049,-355,95,-208,-450,242,4.0,1,4.0,1,4.0,1,4.0,1
414,4,416,240,269,445,29,29,-176,0,-176,4.0,1,3.0,0,3.0,0,4.0,1
415,5,629,794,691,609,-103,-20,82,-83,165,4.0,0,4.0,0,4.0,0,4.0,0
416,4,285,333,306,306,-27,21,0,-48,48,2.5,0,2.5,0,1.5,0,1.5,0
417,6,-338,-338,-333,-333,5,5,0,0,0,2.0,0,2.0,0,2.0,0,2.0,0
418,5,1005,1311,1255,1005,-56,0,250,-56,306,5.0,1,5.0,1,5.0,1,5.0,1
419,6,-37,582,358,394,-224,431,-36,-655,619,3.0,0,3.0,0,3.0,0,2.5,0
420,5,529,517,550,373,33,-156,177,189,-12,4.0,0,4.0,0,4.0,0,3.5,0
421,4,-256,-139,-30,-205,109,51,175,58,117,2.0,0,2.0,0,2.5,0,1.5,0
422,4,100,510,376,468,-134,368,-92,-502,410,4.0,1,4.0,1,4.0,1,4.0,1
423,5,517,458,641,897,183,380,-256,-197,-59,5.0,1,4.5,0,5.0,1,5.0,1
424,5,579,575,1464,754,889,175,710,714,-4,4.0,0,5.0,1,4.0,0,5.0,1
425,4,-363,242,746,-274,504,89,1020,415,605,1.0,0,3.5,0,4.0,1,1.0,0
426,4,513,513,-131,-198,-644,-711,67,67,0,3.0,0,3.0,0,3.0,0,3.0,0
427,6,387,207,756,756,549,369,0,180,-180,4.0,0,4.0,0,4.0,0,4.0,0
428,6,1372,1714,1449,1374,-265,2,75,-267,342,6.0,1,6.0,1,4.5,0,6.0,1
429,5,85,503,100,100,-403,15,0,-418,418,3.0,0,5.0,1,4.5,0,4.5,0
430,4,191,216,216,216,0,25,0,-25,25,3.5,0,3.0,0,3.0,0,3.0,0
431,4,242,920,422,687,-498,445,-265,-943,678,3.0,0,4.0,1,4.0,1,3.0,0
432,6,86,95,-65,260,-160,174,-325,-334,9,3.0,0,3.0,0,3.0,0,3.5,0
433,5,2904,2518,2986,2904,468,0,82,468,-386,5.0,1,5.0,1,5.0,1,5.0,1
434,6,838,815,862,600,47,-238,262,285,-23,4.0,0,5.5,0,5.5,0,3.0,0
435,4,852,622,665,680,43,-172,-15,215,-230,4.0,1,3.0,0,3.0,0,3.0,0
436,6,991,394,818,1043,424,52,-225,372,-597,4.5,0,2.0,0,5.0,0,6.0,1
437,5,1378,1750,1252,1523,-498,145,-271,-643,372,4.5,0,5.0,1,3.5,0,4.0,0
438,4,40,40,193,-35,153,-75,228,228,0,2.0,0,2.0,0,2.0,0,2.0,0
439,6,2937,2753,2587,3175,-166,238,-588,-404,-184,4.0,0,4.5,0,6.0,1,6.0,1
440,5,780,863,614,884,-249,104,-270,-353,83,5.0,1,4.5,0,3.5,0,4.5,0
441,5,1002,1049,605,743,-444,-259,-138,-185,47,5.0,1,5.0,1,3.5,0,4.5,0
442,5,-231,-160,7,15,167,246,-8,-79,71,3.0,0,4.0,0,4.0,0,3.0,0
443,6,393,369,312,330,-57,-63,-18,6,-24,3.0,0,4.5,0,4.0,0,3.5,0
444,5,2516,2516,2586,2586,70,70,0,0,0,5.0,1,5.0,1,5.0,1,5.0,1
445,5,286,67,165,300,98,14,-135,84,-219,5.0,1,4.5,0,4.0,0,4.0,0
446,6,5207,3211,3600,5207,389,0,-1607,389,-1996,6.0,1,4.0,0,4.0,0,6.0,1
447,5,94,789,1181,94,392,0,1087,392,695,2.0,0,2.0,0,2.0,0,2.0,0
448,5,455,469,493,478,24,23,15,1,14,2.5,0,2.5,0,2.5,0,2.5,0
449,5,196,311,425,437,114,241,-12,-127,115,3.0,0,3.0,0,4.0,0,4.0,0
450,5,-637,-177,-343,-599,-166,38,256,-204,460,1.0,0,1.5,0,1.5,0,1.5,0
451,4,454,53,-24,-24,-77,-478,0,401,-401,1.5,0,2.5,0,2.5,0,2.5,0
452,5,342,391,317,317,-74,-25,0,-49,49,2.5,0,3.5,0,3.0,0,3.0,0
453,4,418,443,534,517,91,99,17,-8,25,2.5,0,2.5,0,3.0,0,4.0,1
454,4,181,266,317,256,51,75,61,-24,85,4.0,1,4.0,1,4.0,1,4.0,1
455,6,-3,-3,-95,-55,-92,-52,-40,-40,0,4.0,0,4.0,0,5.0,0,5.0,0
456,4,-184,-102,-115,-96,-13,88,-19,-101,82,3.5,0,3.5,0,3.0,0,4.0,1
457,5,850,850,666,666,-184,-184,0,0,0,4.0,0,4.0,0,4.0,0,4.0,0
458,6,1520,1520,1520,1520,0,0,0,0,0,5.0,0,5.0,0,5.0,0,5.0,0
459,5,1418,888,936,928,48,-490,8,538,-530,4.0,0,2.0,0,2.0,0,2.0,0
460,4,779,325,588,705,263,-74,-117,337,-454,4.0,1,3.0,0,3.0,0,3.0,0
461,5,-27,-192,137,58,329,85,79,244,-165,4.5,0,2.5,0,3.0,0,3.0,0
462,6,364,-57,139,198,196,-166,-59,362,-421,4.0,0,3.0,0,3.0,0,3.5,0
463,5,501,524,591,280,67,-221,311,288,23,2.5,0,2.5,0,4.5,0,2.5,0
464,5,-108,-280,-155,-128,125,-20,-27,145,-172,3.0,0,1.5,0,2.0,0,2.5,0
465,4,-1123,-876,-967,-1029,-91,94,62,-185,247,1.0,0,1.0,0,1.0,0,1.0,0
466,5,-288,-690,-188,-44,502,244,-144,258,-402,3.0,0,2.0,0,3.0,0,3.0,0
467,4,-161,349,491,491,142,652,0,-510,510,2.5,0,3.5,0,3.5,0,3.5,0
468,6,797,653,626,572,-27,-225,54,198,-144,6.0,1,5.5,0,6.0,1,6.0,1
469,4,-225,-225,-866,-866,-641,-641,0,0,0,1.0,0,1.0,0,1.0,0,1.0,0
470,5,141,141,822,834,681,693,-12,-12,0,2.5,0,2.5,0,5.0,1,5.0,1
471,6,417,607,966,751,359,334,215,25,190,5.0,0,6.0,1,6.0,1,6.0,1
472,5,861,861,861,861,0,0,0,0,0,5.0,1,5.0,1,5.0,1,5.0,1
473,5,51,335,98,98,-237,47,0,-284,284,5.0,1,5.0,1,4.5,0,4.5,0
474,6,-24,-257,-153,-24,104,0,-129,104,-233,5.5,0,4.0,0,4.5,0,5.5,0
475,4,14,14,284,458,270,444,-174,-174,0,3.5,0,3.5,0,3.0,0,3.0,0
476,4,121,-75,-68,121,7,0,-189,7,-196,2.0,0,3.0,0,2.0,0,2.0,0
477,6,785,771,747,785,-24,0,-38,-24,-14,6.0,1,6.0,1,6.0,1,6.0,1
478,5,846,846,608,741,-238,-105,-133,-133,0,5.0,1,5.0,1,5.0,1,5.0,1
479,6,-720,-723,-732,-786,-9,-66,54,57,-3,1.0,0,1.5,0,2.5,0,2.0,0
480,6,83,1555,1656,181,101,98,1475,3,1472,2.0,0,4.0,0,4.0,0,2.0,0
481,5,-254,-34,-168,-23,-134,231,-145,-365,220,2.0,0,3.5,0,2.0,0,2.5,0
482,5,-783,-1069,-890,-692,179,91,-198,88,-286,2.0,0,2.0,0,2.0,0,2.0,0
483,6,611,740,583,765,-157,154,-182,-311,129,4.0,0,5.0,0,4.0,0,5.0,0
484,6,742,943,951,743,8,1,208,7,201,5.0,0,5.0,0,5.0,0,5.0,0
485,5,427,467,197,297,-270,-130,-100,-140,40,4.0,0,5.0,1,3.0,0,4.5,0
486,5,311,296,234,234,-62,-77,0,15,-15,5.0,1,4.5,0,3.5,0,3.5,0
487,4,617,617,741,686,124,69,55,55,0,4.0,1,4.0,1,4.0,1,4.0,1
488,4,835,633,400,15,-233,-820,385,587,-202,4.0,1,4.0,1,2.5,0,2.5,0
489,5,844,1156,1025,811,-131,-33,214,-98,312,5.0,1,5.0,1,5.0,1,4.0,0
490,5,1101,988,1128,1410,140,309,-282,-169,-113,4.0,0,4.5,0,5.0,1,5.0,1
491,6,720,79,348,692,269,-28,-344,297,-641,5.0,0,3.5,0,5.0,0,5.0,0
492,4,170,-24,441,457,465,287,-16,178,-194,2.5,0,2.0,0,4.0,1,3.0,0
493,6,461,569,810,634,241,173,176,68,108,4.0,0,5.0,0,5.0,0,5.0,0
494,5,-224,115,216,249,101,473,-33,-372,339,1.5,0,4.0,0,3.5,0,5.0,1
495,4,-256,-256,46,46,302,302,0,0,0,3.0,0,3.0,0,3.0,0,3.0,0
496,5,92,-105,-42,-217,63,-309,175,372,-197,2.0,0,3.0,0,5.0,1,1.5,0
497,5,113,-44,-20,137,24,24,-157,0,-157,5.0,1,3.5,0,3.0,0,4.5,0
498,5,1607,1868,1892,1473,24,-134,419,158,261,2.0,0,3.0,0,4.0,0,2.5,0
499,4,506,344,209,700,-135,194,-491,-329,-162,4.0,1,4.0,1,4.0,1,4.0,1
500,5,575,541,597,552,56,-23,45,79,-34,4.0,0,4.0,0,5.0,1,4.5,0
501,5,175,175,169,116,-6,-59,53,53,0,2.0,0,2.0,0,2.0,0,1.5,0
502,4,821,1388,1194,257,-194,-564,937,370,567,4.0,1,4.0,1,4.0,1,4.0,1
503,5,300,590,-2,-28,-592,-328,26,-264,290,4.0,0,4.0,0,3.0,0,3.0,0
504,5,435,742,572,633,-170,198,-61,-368,307,4.0,0,5.0,1,5.0,1,5.0,1
505,4,-193,472,152,120,-320,313,32,-633,665,2.0,0,3.5,0,4.0,1,3.0,0
506,5,1504,1562,1293,1178,-269,-326,115,57,58,4.0,0,4.0,0,5.0,1,5.0,1
507,5,-289,-289,-550,-471,-261,-182,-79,-79,0,1.0,0,1.0,0,1.0,0,1.0,0
508,4,472,532,179,205,-353,-267,-26,-86,60,3.0,0,3.0,0,3.0,0,3.0,0
509,5,-89,141,-28,-58,-169,31,30,-200,230,2.0,0,4.0,0,2.0,0,2.0,0
510,4,210,-104,163,131,267,-79,32,346,-314,2.0,0,1.5,0,2.0,0,2.5,0
511,6,90,90,337,324,247,234,13,13,0,4.0,0,4.0,0,4.0,0,4.0,0
512,4,-315,-185,-129,-240,56,75,111,-19,130,2.5,0,3.5,0,2.5,0,2.0,0
513,5,-42,367,61,338,-306,380,-277,-686,409,3.0,0,4.5,0,2.0,0,3.5,0
514,6,520,643,705,635,62,115,70,-53,123,4.0,0,5.5,0,5.5,0,5.5,0
515,5,-676,-446,-506,-658,-60,18,152,-78,230,2.0,0,1.5,0,2.5,0,3.5,0
516,6,1540,1481,1254,1540,-227,0,-286,-227,-59,3.0,0,3.0,0,3.0,0,3.0,0
517,4,1010,1255,1005,1032,-250,22,-27,-272,245,4.0,1,4.0,1,4.0,1,4.0,1
518,5,607,599,307,307,-292,-300,0,8,-8,3.5,0,3.0,0,3.0,0,3.0,0
519,5,222,222,229,229,7,7,0,0,0,3.5,0,3.5,0,3.0,0,3.0,0
520,4,-98,-118,289,5,407,103,284,304,-20,1.5,0,1.5,0,2.0,0,1.5,0
521,5,-218,-203,-212,-212,-9,6,0,-15,15,3.0,0,3.0,0,3.0,0,3.0,0
522,6,219,-43,199,560,242,341,-361,-99,-262,5.0,0,4.5,0,4.5,0,5.5,0
523,5,-661,-661,-661,-661,0,0,0,0,0,1.5,0,1.5,0,1.5,0,1.5,0
524,6,378,457,581,502,124,124,79,0,79,4.5,0,4.5,0,4.5,0,4.5,0
525,5,-629,-482,-178,-71,304,558,-107,-254,147,1.0,0,1.0,0,2.0,0,3.0,0
526,5,694,518,724,733,206,39,-9,167,-176,4.0,0,3.0,0,5.0,1,5.0,1
527,6,386,1203,493,554,-710,168,-61,-878,817,4.0,0,4.0,0,4.0,0,4.0,0
528,5,-396,-358,-237,-237,121,159,0,-38,38,1.0,0,1.0,0,2.5,0,2.5,0
529,5,294,294,263,307,-31,13,-44,-44,0,4.0,0,4.0,0,5.0,1,5.0,1
530,5,149,-166,-166,149,0,0,-315,0,-315,2.5,0,2.5,0,2.5,0,2.5,0
531,6,530,1145,976,553,-169,23,423,-192,615,5.0,0,5.0,0,5.0,0,5.0,0
532,5,388,392,401,192,9,-196,209,205,4,2.0,0,3.0,0,3.0,0,1.5,0
533,6,-310,-310,81,-164,391,146,245,245,0,2.0,0,2.0,0,2.0,0,3.5,0
534,4,541,559,607,874,48,333,-267,-285,18,3.0,0,3.0,0,4.0,1,4.0,1
535,5,50,51,-197,-256,-248,-306,59,58,1,2.0,0,2.0,0,2.0,0,2.0,0
536,5,-339,-35,-62,-93,-27,246,31,-273,304,1.5,0,4.0,0,3.0,0,3.0,0
537,5,-277,-385,-556,-354,-171,-77,-202,-94,-108,2.0,0,1.0,0,1.0,0,2.0,0
538,5,1134,1086,1056,1032,-30,-102,24,72,-48,5.0,1,5.0,1,5.0,1,5.0,1
539,6,1043,1097,852,658,-245,-385,194,140,54,6.0,1,6.0,1,6.0,1,6.0,1
540,5,242,867,626,197,-241,-45,429,-196,625,3.5,0,5.0,1,4.0,0,3.5,0
541,4,999,1082,837,837,-245,-162,0,-83,83,3.5,0,4.0,1,4.0,1,4.0,1
542,6,494,418,444,571,26,77,-127,-51,-76,5.0,0,5.0,0,4.5,0,4.5,0
543,6,-399,-116,-87,-308,29,91,221,-62,283,4.0,0,4.5,0,4.0,0,3.5,0
544,5,702,777,787,730,10,28,57,-18,75,4.0,0,4.0,0,4.0,0,4.0,0
545,4,101,317,164,180,-153,79,-16,-232,216,3.0,0,4.0,1,4.0,1,4.0,1
546,5,988,988,384,384,-604,-604,0,0,0,5.0,1,5.0,1,3.0,0,3.0,0
547,4,31,-89,-171,-134,-82,-165,-37,83,-120,2.0,0,1.0,0,1.0,0,1.0,0
548,4,278,19,189,288,170,10,-99,160,-259,3.0,0,3.0,0,3.0,0,3.0,0
549,5,1399,1807,1828,1420,21,21,408,0,408,4.0,0,4.0,0,4.0,0,4.0,0
550,6,1380,1380,1319,1337,-61,-43,-18,-18,0,6.0,1,6.0,1,6.0,1,6.0,1
551,5,577,589,492,453,-97,-124,39,27,12,5.0,1,5.0,1,4.0,0,4.0,0
552,5,170,-153,758,717,911,547,41,364,-323,2.5,0,3.5,0,4.5,0,4.0,0
553,5,259,451,32,230,-419,-29,-198,-390,192,3.0,0,3.0,0,3.0,0,3.0,0
554,5,892,1292,-310,178,-1602,-714,-488,-888,400,4.0,0,5.0,1,2.0,0,3.0,0
555,5,693,258,-74,258,-332,-435,-332,103,-435,4.5,0,4.0,0,3.5,0,4.0,0
556,4,186,123,277,275,154,89,2,65,-63,3.5,0,4.0,1,3.5,0,3.5,0
557,6,57,423,1037,1322,614,1265,-285,-651,366,4.0,0,5.0,0,5.0,0,5.0,0
558,5,1344,1604,1062,835,-542,-509,227,-33,260,4.5,0,5.0,1,5.0,1,4.0,0
559,4,-449,-296,-93,-93,203,356,0,-153,153,2.0,0,2.0,0,2.5,0,2.5,0
560,5,82,-225,-243,-113,-18,-195,-130,177,-307,3.5,0,2.5,0,2.5,0,2.0,0
561,6,279,99,-25,-25,-124,-304,0,180,-180,5.5,0,6.0,1,3.5,0,3.5,0
562,4,207,110,77,174,-33,-33,-97,0,-97,2.0,0,2.0,0,2.0,0,2.0,0
563,5,844,798,619,680,-179,-164,-61,-15,-46,5.0,1,5.0,1,4.0,0,3.5,0
564,5,544,-282,-273,346,9,-198,-619,207,-826,2.5,0,2.0,0,3.5,0,2.0,0
565,4,408,362,253,253,-109,-155,0,46,-46,2.0,0,2.0,0,2.0,0,2.0,0
566,6,-100,-73,-146,-116,-73,-16,-30,-57,27,3.5,0,3.5,0,3.5,0,3.0,0
567,4,897,994,661,661,-333,-236,0,-97,97,4.0,1,4.0,1,4.0,1,4.0,1
568,5,196,218,287,103,69,-93,184,162,22,3.0,0,2.5,0,3.0,0,2.5,0
569,4,622,628,1073,970,445,348,103,97,6,3.5,0,4.0,1,4.0,1,3.5,0
570,6,-139,1063,447,240,-616,379,207,-995,1202,2.0,0,4.0,0,2.0,0,3.0,0
571,5,-365,198,57,359,-141,724,-302,-865,563,2.0,0,3.5,0,3.5,0,3.0,0
572,4,-236,-150,-138,-186,12,50,48,-38,86,3.0,0,2.5,0,2.5,0,3.0,0
573,5,-221,-157,-360,-219,-203,2,-141,-205,64,1.0,0,3.5,0,2.5,0,2.5,0
574,5,531,125,397,514,272,-17,-117,289,-406,5.0,1,4.0,0,4.5,0,5.0,1
575,4,-308,-313,-451,-570,-138,-262,119,124,-5,1.0,0,1.0,0,1.0,0,1.0,0
576,5,2432,2080,1839,2432,-241,0,-593,-241,-352,4.0,0,4.0,0,4.0,0,4.0,0
577,5,98,-87,-141,266,-54,168,-407,-222,-185,1.5,0,2.5,0,3.0,0,2.5,0
578,6,1046,1078,841,838,-237,-208,3,-29,32,6.0,1,6.0,1,2.5,0,3.5,0
579,4,367,352,-270,-35,-622,-402,-235,-220,-15,4.0,1,3.0,0,2.0,0,2.0,0
580,5,45,-201,406,259,607,214,147,393,-246,3.5,0,4.0,0,3.0,0,3.0,0
581,5,198,339,225,198,-114,0,27,-114,141,2.0,0,2.0,0,2.0,0,2.0,0
582,5,66,443,1107,303,664,237,804,427,377,3.0,0,3.0,0,3.0,0,3.0,0
583,5,-267,-487,209,132,696,399,77,297,-220,2.0,0,2.0,0,4.5,0,2.5,0
584,6,1466,1275,1688,1684,413,218,4,195,-191,3.0,0,3.0,0,4.0,0,4.0,0
585,6,-170,-388,5,-323,393,-153,328,546,-218,3.0,0,1.0,0,5.0,0,1.5,0
586,5,790,760,783,783,23,-7,0,30,-30,5.0,1,5.0,1,5.0,1,5.0,1
587,5,-319,-313,-529,-529,-216,-210,0,-6,6,3.0,0,3.0,0,2.5,0,2.5,0
588,5,1011,874,1083,1098,209,87,-15,122,-137,5.0,1,5.0,1,5.0,1,5.0,1
589,5,824,717,260,370,-457,-454,-110,-3,-107,4.0,0,3.0,0,4.0,0,3.0,0
590,5,2483,2699,2284,2495,-415,12,-211,-427,216,4.0,0,5.0,1,5.0,1,4.0,0
591,5,220,227,234,196,7,-24,38,31,7,4.0,0,4.0,0,4.0,0,4.5,0
592,5,3,-5,-227,-227,-222,-230,0,8,-8,1.5,0,2.5,0,2.0,0,2.0,0
593,4,543,325,619,538,294,-5,81,299,-218,2.5,0,2.0,0,1.5,0,1.5,0
594,6,567,515,387,567,-128,0,-180,-128,-52,4.5,0,4.5,0,4.0,0,4.5,0
595,5,572,-44,759,-196,803,-768,955,1571,-616,5.0,1,2.0,0,5.0,1,3.0,0
596,4,191,54,192,236,138,45,-44,93,-137,3.5,0,2.5,0,3.5,0,2.5,0
597,4,492,321,208,315,-113,-177,-107,64,-171,4.0,1,4.0,1,3.0,0,4.0,1
598,5,922,323,956,922,633,0,34,633,-599,2.5,0,2.5,0,3.0,0,2.5,0
599,4,232,232,320,340,88,108,-20,-20,0,4.0,1,4.0,1,2.5,0,2.5,0
600,5,2498,2498,2498,2498,0,0,0,0,0,5.0,1,5.0,1,5.0,1,5.0,1
601,6,616,283,634,598,351,-18,36,369,-333,5.0,0,4.5,0,4.5,0,4.5,0
602,4,298,298,67,194,-231,-104,-127,-127,0,4.0,1,4.0,1,3.0,0,3.0,0
603,6,-13,433,114,104,-319,117,10,-436,446,3.0,0,4.5,0,3.5,0,3.5,0
604,6,749,730,129,318,-601,-431,-189,-170,-19,4.5,0,4.5,0,3.0,0,5.0,0
605,4,792,691,382,382,-309,-410,0,101,-101,3.0,0,3.0,0,3.0,0,3.0,0
606,5,302,302,10,258,-292,-44,-248,-248,0,3.5,0,3.5,0,3.0,0,2.5,0
607,6,265,-5,-56,-56,-51,-321,0,270,-270,4.5,0,3.5,0,3.0,0,3.0,0
608,5,947,959,794,804,-165,-143,-10,-22,12,5.0,1,5.0,1,5.0,1,5.0,1
609,5,-185,221,640,-89,419,96,729,323,406,3.0,0,3.0,0,5.0,1,2.0,0
610,5,364,427,509,418,82,54,91,28,63,4.5,0,4.5,0,5.0,1,5.0,1
611,6,-123,395,400,192,5,315,208,-310,518,1.5,0,4.5,0,4.5,0,3.5,0
612,4,233,233,233,233,0,0,0,0,0,2.5,0,2.5,0,2.5,0,2.5,0
613,6,367,475,602,496,127,129,106,-2,108,6.0,1,5.5,0,5.5,0,6.0,1
614,5,382,300,100,106,-200,-276,-6,76,-82,4.0,0,4.5,0,3.0,0,4.5,0
615,5,384,359,394,361,35,-23,33,58,-25,4.0,0,4.0,0,3.5,0,3.5,0
616,5,269,255,192,297,-63,28,-105,-91,-14,3.5,0,3.0,0,2.0,0,2.5,0
617,5,640,842,1059,456,217,-184,603,401,202,3.0,0,3.0,0,3.0,0,3.0,0
618,5,70,116,70,44,-46,-26,26,-20,46,2.5,0,3.0,0,2.5,0,3.0,0
619,4,519,567,468,428,-99,-91,40,-8,48,3.0,0,3.0,0,3.0,0,3.0,0
620,5,606,316,669,457,353,-149,212,502,-290,3.0,0,3.0,0,3.0,0,3.0,0
621,4,457,212,409,439,197,-18,-30,215,-245,3.5,0,3.5,0,4.0,1,3.5,0
622,6,761,845,582,805,-263,44,-223,-307,84,4.5,0,5.0,0,5.0,0,5.0,0
623,4,656,374,715,725,341,69,-10,272,-282,3.5,0,3.5,0,4.0,1,4.0,1
624,5,-187,-129,230,230,359,417,0,-58,58,1.5,0,2.5,0,3.0,0,3.0,0
625,6,127,-66,311,64,377,-63,247,440,-193,6.0,1,3.5,0,4.0,0,3.5,0
626,5,477,434,271,261,-163,-216,10,53,-43,4.0,0,3.0,0,3.0,0,3.0,0
627,5,-220,-220,-414,-494,-194,-274,80,80,0,1.0,0,1.0,0,1.0,0,1.0,0
628,4,-159,-159,-159,-159,0,0,0,0,0,3.0,0,3.0,0,3.0,0,3.0,0
629,5,457,466,701,367,235,-90,334,325,9,5.0,1,5.0,1,5.0,1,5.0,1
630,6,796,785,793,859,8,63,-66,-55,-11,6.0,1,6.0,1,6.0,1,6.0,1
631,5,1114,796,922,1318,126,204,-396,-78,-318,4.0,0,5.0,1,4.0,0,5.0,1
632,5,315,294,43,495,-251,180,-452,-431,-21,5.0,1,5.0,1,3.0,0,3.5,0
633,5,4004,3844,3844,4004,0,0,-160,0,-160,5.0,1,5.0,1,5.0,1,5.0,1
634,5,518,518,444,518,-74,0,-74,-74,0,5.0,1,5.0,1,5.0,1,5.0,1
635,4,-71,-87,-143,-89,-56,-18,-54,-38,-16,2.5,0,2.5,0,2.0,0,2.0,0
636,5,669,634,399,594,-235,-75,-195,-160,-35,5.0,1,5.0,1,4.5,0,4.5,0
637,4,317,300,852,648,552,331,204,221,-17,2.0,0,2.0,0,4.0,1,3.5,0
638,4,1075,1075,1168,1168,93,93,0,0,0,4.0,1,4.0,1,4.0,1,4.0,1
639,5,3513,3711,3119,3119,-592,-394,0,-198,198,5.0,1,5.0,1,5.0,1,5.0,1
640,6,211,276,270,241,-6,30,29,-36,65,2.0,0,1.0,0,2.0,0,2.0,0
641,5,-190,-263,-279,-190,-16,0,-89,-16,-73,3.0,0,2.0,0,3.0,0,3.0,0
642,4,-142,70,70,-151,0,-9,221,9,212,1.0,0,1.0,0,1.0,0,1.0,0
643,5,-145,-53,271,-321,324,-176,592,500,92,2.5,0,3.0,0,4.0,0,2.0,0
644,4,371,611,426,672,-185,301,-246,-486,240,4.0,1,3.5,0,3.5,0,4.0,1
645,5,1316,1606,1476,1233,-130,-83,243,-47,290,5.0,1,5.0,1,5.0,1,4.5,0
646,4,16,52,-97,-121,-149,-137,24,-12,36,3.0,0,3.0,0,2.5,0,2.5,0
647,4,338,332,39,39,-293,-299,0,6,-6,3.0,0,3.0,0,3.0,0,3.0,0
648,6,491,445,471,471,26,-20,0,46,-46,4.5,0,4.5,0,4.5,0,4.5,0
649,6,406,404,480,318,76,-88,162,164,-2,6.0,1,5.0,0,3.5,0,5.5,0
650,5,530,949,949,530,0,0,419,0,419,3.0,0,3.5,0,3.5,0,3.0,0
651,5,54,51,-3,-5,-54,-59,2,5,-3,1.0,0,1.0,0,1.0,0,1.0,0
652,6,923,1333,1527,985,194,62,542,132,410,4.0,0,4.0,0,4.0,0,4.5,0
653,4,396,709,483,611,-226,215,-128,-441,313,3.0,0,3.5,0,4.0,1,3.5,0
654,6,3144,3344,2762,3040,-582,-104,-278,-478,200,5.0,0,5.0,0,5.0,0,5.0,0
655,5,-353,-424,-676,-356,-252,-3,-320,-249,-71,1.0,0,1.0,0,1.0,0,1.0,0
656,5,-337,-67,-67,-67,0,270,0,-270,270,2.0,0,3.5,0,2.5,0,2.5,0
657,6,429,367,380,404,13,-25,-24,38,-62,6.0,1,5.5,0,4.5,0,6.0,1
658,5,677,592,704,677,112,0,27,112,-85,4.0,0,4.0,0,4.0,0,4.0,0
659,5,357,554,740,331,186,-26,409,212,197,2.5,0,3.5,0,3.5,0,2.5,0
660,5,743,743,544,743,-199,0,-199,-199,0,5.0,1,5.0,1,5.0,1,5.0,1
661,6,-143,43,-81,-376,-124,-233,295,109,186,2.5,0,3.0,0,3.0,0,2.5,0
662,5,-179,-200,-140,-140,60,39,0,21,-21,3.0,0,3.0,0,3.0,0,3.0,0
663,6,-403,17,98,-121,81,282,219,-201,420,3.5,0,3.0,0,2.5,0,2.0,0
664,5,-137,-301,164,164,465,301,0,164,-164,2.0,0,1.0,0,4.0,0,4.0,0
665,5,1086,1502,1547,1510,45,424,37,-379,416,5.0,1,5.0,1,5.0,1,5.0,1
666,6,-534,-932,-724,-96,208,438,-628,-230,-398,2.0,0,2.0,0,1.0,0,2.0,0
667,4,562,1228,1081,826,-147,264,255,-411,666,4.0,1,4.0,1,3.5,0,2.5,0
668,5,557,11,390,84,379,-473,306,852,-546,3.0,0,2.0,0,3.0,0,3.0,0
669,5,1965,1529,1738,1762,209,-203,-24,412,-436,4.0,0,2.5,0,4.0,0,4.0,0
670,5,-150,-91,-193,-193,-102,-43,0,-59,59,3.5,0,2.0,0,2.5,0,2.5,0
671,5,60,321,390,865,69,805,-475,-736,261,4.0,0,4.0,0,4.0,0,4.0,0
672,6,469,596,129,528,-467,59,-399,-526,127,4.5,0,5.0,0,3.0,0,4.0,0
673,5,1107,1097,1088,1088,-9,-19,0,10,-10,2.0,0,2.5,0,2.0,0,2.0,0
674,5,347,347,346,346,-1,-1,0,0,0,3.5,0,3.5,0,3.5,0,3.5,0
675,6,111,82,198,175,116,64,23,52,-29,2.5,0,1.5,0,4.0,0,3.5,0
676,5,-261,-144,311,-69,455,192,380,263,117,1.5,0,1.0,0,4.0,0,5.0,1
677,5,1094,1094,1094,1094,0,0,0,0,0,4.0,0,4.0,0,4.0,0,4.0,0
678,5,344,527,340,238,-187,-106,102,-81,183,3.0,0,4.0,0,4.0,0,4.0,0
679,4,541,708,-214,163,-922,-378,-377,-544,167,3.0,0,3.0,0,2.0,0,3.0,0
680,5,500,758,757,209,-1,-291,548,290,258,5.0,1,5.0,1,4.0,0,3.0,0
681,4,353,322,330,330,8,-23,0,31,-31,2.0,0,3.0,0,2.0,0,2.0,0
682,6,-951,-768,-5,-951,763,0,946,763,183,1.0,0,2.0,0,3.0,0,1.0,0
683,6,3403,3031,3031,3583,0,180,-552,-180,-372,5.0,0,4.5,0,6.0,1,6.0,1
684,5,1567,1980,1422,1567,-558,0,-145,-558,413,3.0,0,3.5,0,2.5,0,3.0,0
685,4,113,113,-41,115,-154,2,-156,-156,0,4.0,1,4.0,1,2.5,0,4.0,1
686,6,965,1121,1131,1264,10,299,-133,-289,156,4.5,0,5.0,0,5.0,0,5.0,0
687,5,2697,2735,2735,2697,0,0,38,0,38,3.0,0,3.5,0,3.5,0,3.0,0
688,5,283,290,290,268,0,-15,22,15,7,4.0,0,4.0,0,4.0,0,5.0,1
689,5,1589,2600,2996,1665,396,76,1331,320,1011,3.0,0,4.0,0,4.0,0,3.0,0
690,5,923,923,910,910,-13,-13,0,0,0,3.0,0,3.0,0,3.0,0,3.0,0
691,4,893,1116,990,1009,-126,116,-19,-242,223,4.0,1,4.0,1,4.0,1,4.0,1
692,6,312,756,55,259,-701,-53,-204,-648,444,4.0,0,4.0,0,4.0,0,4.0,0
693,5,5093,5504,4968,4344,-536,-749,624,213,411,5.0,1,5.0,1,5.0,1,5.0,1
694,5,650,622,661,746,39,96,-85,-57,-28,5.0,1,5.0,1,5.0,1,5.0,1
695,5,5289,5662,5662,5298,0,9,364,-9,373,5.0,1,5.0,1,5.0,1,5.0,1
696,5,-445,-723,-450,-492,273,-47,42,320,-278,2.5,0,2.0,0,2.5,0,2.0,0
697,5,-46,-143,451,220,594,266,231,328,-97,3.5,0,4.0,0,4.0,0,4.0,0
698,6,278,-98,337,583,435,305,-246,130,-376,6.0,1,3.0,0,4.5,0,4.5,0
699,5,681,779,891,791,112,110,100,2,98,4.0,0,5.0,1,5.0,1,5.0,1
700,6,464,1151,495,637,-656,173,-142,-829,687,3.0,0,4.0,0,2.0,0,2.0,0
701,5,-151,-151,-461,-461,-310,-310,0,0,0,2.5,0,2.5,0,1.0,0,1.0,0
702,4,768,707,640,404,-67,-364,236,297,-61,3.5,0,2.0,0,3.5,0,2.0,0
703,5,755,968,117,933,-851,178,-816,-1029,213,4.0,0,5.0,1,2.0,0,5.0,1
704,5,704,582,163,536,-419,-168,-373,-251,-122,4.0,0,4.0,0,3.0,0,4.0,0
705,4,552,962,1052,1076,90,524,-24,-434,410,3.0,0,3.0,0,3.5,0,3.5,0
706,5,1260,1273,690,1221,-583,-39,-531,-544,13,5.0,1,5.0,1,5.0,1,5.0,1
707,5,-136,-167,-64,43,103,179,-107,-76,-31,4.5,0,3.0,0,3.0,0,5.0,1
708,6,123,280,461,255,181,132,206,49,157,3.0,0,3.5,0,6.0,1,5.5,0
709,5,246,373,373,246,0,0,127,0,127,4.5,0,4.5,0,4.5,0,4.5,0
710,5,480,643,454,430,-189,-50,24,-139,163,4.0,0,4.0,0,4.0,0,4.0,0
711,5,809,681,369,705,-312,-104,-336,-208,-128,5.0,1,5.0,1,4.0,0,5.0,1
712,5,717,717,663,678,-54,-39,-15,-15,0,5.0,1,5.0,1,4.5,0,5.0,1
713,5,-434,-190,-108,-108,82,326,0,-244,244,2.0,0,1.5,0,2.5,0,2.5,0
714,5,433,444,351,11,-93,-422,340,329,11,4.0,0,4.0,0,5.0,1,4.0,0
715,6,485,944,546,426,-398,-59,120,-339,459,6.0,1,5.0,0,4.0,0,5.0,0
716,4,141,-249,-41,-77,208,-218,36,426,-390,2.5,0,2.5,0,3.0,0,2.0,0
717,5,872,765,766,706,1,-166,60,167,-107,4.0,0,4.0,0,4.0,0,4.0,0
718,5,-371,-360,-402,-47,-42,324,-355,-366,11,2.0,0,2.0,0,3.0,0,3.0,0
719,5,686,679,590,403,-89,-283,187,194,-7,4.0,0,4.0,0,4.0,0,4.0,0
720,5,3719,4250,4065,3719,-185,0,346,-185,531,5.0,1,5.0,1,5.0,1,5.0,1
721,6,1258,694,1288,1350,594,92,-62,502,-564,5.0,0,4.0,0,5.5,0,5.0,0
722,6,550,195,119,255,-76,-295,-136,219,-355,5.5,0,3.0,0,3.0,0,3.0,0
723,4,476,270,352,326,82,-150,26,232,-206,4.0,1,3.0,0,4.0,1,4.0,1
724,5,169,262,464,481,202,312,-17,-110,93,3.0,0,4.0,0,5.0,1,5.0,1
725,4,403,114,623,194,509,-209,429,718,-289,3.5,0,4.0,1,4.0,1,4.0,1
726,5,1294,1707,1707,1294,0,0,413,0,413,5.0,1,5.0,1,5.0,1,5.0,1
727,5,805,805,848,848,43,43,0,0,0,5.0,1,5.0,1,4.0,0,4.0,0
728,5,542,554,91,79,-463,-463,12,0,12,5.0,1,5.0,1,2.0,0,2.0,0
729,5,229,229,117,117,-112,-112,0,0,0,4.0,0,4.0,0,4.0,0,4.0,0
730,6,1451,1866,1662,1445,-204,-6,217,-198,415,3.0,0,3.0,0,3.0,0,3.0,0
731,5,449,478,469,571,-9,122,-102,-131,29,5.0,1,5.0,1,4.0,0,5.0,1
732,5,-680,-482,-482,-453,0,227,-29,-227,198,2.0,0,2.0,0,2.0,0,2.0,0
733,4,-15,77,-185,-276,-262,-261,91,-1,92,2.0,0,1.5,0,2.5,0,2.0,0
734,4,556,556,285,285,-271,-271,0,0,0,3.0,0,3.0,0,3.0,0,3.0,0
735,5,1663,2008,1397,1242,-611,-421,155,-190,345,2.0,0,2.0,0,2.0,0,2.0,0
736,5,2364,3000,3000,3175,0,811,-175,-811,636,3.5,0,4.0,0,4.0,0,4.0,0
737,6,448,255,547,481,292,33,66,259,-193,4.0,0,4.0,0,5.0,0,4.0,0
738,5,585,690,540,430,-150,-155,110,5,105,5.0,1,5.0,1,3.5,0,4.5,0
739,6,695,302,800,800,498,105,0,393,-393,5.0,0,6.0,1,5.0,0,5.0,0
740,5,181,181,137,-121,-44,-302,258,258,0,4.5,0,4.5,0,4.5,0,3.0,0
741,5,151,130,-112,-134,-242,-285,22,43,-21,3.0,0,2.5,0,2.0,0,2.0,0
742,6,552,552,875,226,323,-326,649,649,0,5.0,0,5.0,0,6.0,1,3.0,0
743,4,652,789,478,561,-311,-91,-83,-220,137,3.5,0,4.0,1,3.5,0,3.0,0
744,5,221,303,-57,-77,-360,-298,20,-62,82,3.5,0,4.0,0,4.0,0,4.0,0
745,5,1693,1290,1498,1692,208,-1,-194,209,-403,4.0,0,2.5,0,4.0,0,4.0,0
746,6,554,618,785,785,167,231,0,-64,64,4.0,0,4.0,0,5.0,0,5.0,0
747,4,-371,-13,-1586,-770,-1573,-399,-816,-1174,358,2.0,0,2.5,0,1.0,0,1.0,0
748,5,1145,681,1222,821,541,-324,401,865,-464,4.5,0,3.0,0,4.5,0,4.0,0
749,4,318,412,730,530,318,212,200,106,94,4.0,1,4.0,1,4.0,1,4.0,1
750,5,448,183,314,205,131,-243,109,374,-265,4.5,0,5.0,1,4.0,0,4.0,0
751,5,-71,-27,-61,-81,-34,-10,20,-24,44,3.0,0,3.0,0,2.5,0,3.0,0
752,4,-53,-99,307,-4,406,49,311,357,-46,1.5,0,1.5,0,3.0,0,2.5,0
753,5,328,468,75,75,-393,-253,0,-140,140,3.5,0,4.0,0,2.5,0,2.5,0
754,5,33,50,-297,-4,-347,-37,-293,-310,17,4.0,0,3.5,0,2.5,0,4.0,0
755,6,417,-61,123,894,184,477,-771,-293,-478,3.0,0,3.0,0,3.5,0,4.0,0
756,5,1446,1229,1067,1290,-162,-156,-223,-6,-217,5.0,1,5.0,1,4.0,0,4.5,0
757,5,-64,-68,-72,-23,-4,41,-49,-45,-4,3.0,0,3.0,0,3.0,0,3.0,0
758,6,546,546,513,494,-33,-52,19,19,0,4.0,0,4.0,0,4.0,0,4.0,0
759,5,1234,1455,970,1038,-485,-196,-68,-289,221,5.0,1,5.0,1,5.0,1,5.0,1
760,5,-346,-624,-429,-429,195,-83,0,278,-278,2.0,0,3.0,0,3.0,0,3.0,0
761,5,56,56,103,-195,47,-251,298,298,0,5.0,1,5.0,1,5.0,1,2.0,0
762,5,895,884,954,884,70,-11,70,81,-11,5.0,1,5.0,1,5.0,1,5.0,1
763,5,818,695,704,818,9,0,-114,9,-123,5.0,1,5.0,1,5.0,1,5.0,1
764,6,-178,-178,-338,-338,-160,-160,0,0,0,2.0,0,2.0,0,2.5,0,2.5,0
765,5,1154,1190,1101,1081,-89,-73,20,-16,36,5.0,1,5.0,1,4.0,0,5.0,1
766,5,-592,-470,-252,-335,218,257,83,-39,122,1.0,0,1.0,0,1.5,0,1.0,0
767,5,-352,-373,-320,-314,53,38,-6,15,-21,2.0,0,2.5,0,2.0,0,2.0,0
768,5,368,321,253,291,-68,-77,-38,9,-47,5.0,1,5.0,1,5.0,1,5.0,1
769,6,862,905,677,694,-228,-168,-17,-60,43,3.0,0,5.5,0,4.0,0,4.0,0
770,5,630,649,663,624,14,-6,39,20,19,5.0,1,4.0,0,5.0,1,5.0,1
771,5,497,217,30,497,-187,0,-467,-187,-280,3.0,0,3.0,0,2.0,0,3.0,0
772,4,492,489,475,466,-14,-26,9,12,-3,4.0,1,3.5,0,4.0,1,4.0,1
773,5,-58,137,118,-467,-19,-409,585,390,195,4.0,0,4.5,0,3.0,0,1.5,0
774,4,283,260,236,229,-24,-54,7,30,-23,3.0,0,4.0,1,4.0,1,4.0,1
775,6,423,506,506,440,0,17,66,-17,83,4.5,0,5.0,0,5.0,0,4.5,0
776,4,609,539,385,665,-154,56,-280,-210,-70,3.0,0,2.0,0,3.0,0,3.5,0
777,4,1076,1548,971,971,-577,-105,0,-472,472,4.0,1,4.0,1,4.0,1,4.0,1
778,4,341,352,426,430,74,89,-4,-15,11,2.5,0,3.0,0,3.5,0,3.0,0
779,6,929,736,523,625,-213,-304,-102,91,-193,6.0,1,6.0,1,5.0,0,5.0,0
780,4,856,856,857,857,1,1,0,0,0,4.0,1,4.0,1,4.0,1,4.0,1
781,6,139,508,467,413,-41,274,54,-315,369,6.0,1,6.0,1,6.0,1,6.0,1
782,4,75,104,-251,11,-355,-64,-262,-291,29,2.0,0,2.0,0,1.5,0,1.5,0
783,4,1149,1138,1075,1086,-63,-63,-11,0,-11,4.0,1,4.0,1,4.0,1,4.0,1
784,5,164,-162,169,108,331,-56,61,387,-326,3.0,0,3.0,0,4.0,0,3.5,0
785,5,546,546,734,700,188,154,34,34,0,4.5,0,4.5,0,5.0,1,5.0,1
786,4,2428,2635,2635,2234,0,-194,401,194,207,4.0,1,4.0,1,4.0,1,4.0,1
787,5,498,498,498,498,0,0,0,0,0,5.0,1,5.0,1,5.0,1,5.0,1
788,4,356,356,429,429,73,73,0,0,0,2.5,0,2.5,0,3.5,0,3.5,0
789,4,-119,352,578,578,226,697,0,-471,471,3.0,0,3.0,0,3.0,0,3.0,0
790,5,1073,940,1178,1178,238,105,0,133,-133,5.0,1,5.0,1,5.0,1,5.0,1
791,5,415,308,469,496,161,81,-27,80,-107,3.5,0,2.5,0,3.0,0,4.0,0
792,6,723,704,740,550,36,-173,190,209,-19,3.0,0,4.5,0,4.5,0,3.5,0
793,5,-1411,-1818,-1818,-1411,0,0,-407,0,-407,2.0,0,2.0,0,2.0,0,2.0,0
794,5,933,756,656,1097,-100,164,-441,-264,-177,4.5,0,4.5,0,4.0,0,4.0,0
795,4,478,600,755,708,155,230,47,-75,122,3.0,0,3.5,0,3.0,0,4.0,1
796,5,273,273,337,273,64,0,64,64,0,2.0,0,2.0,0,3.0,0,2.0,0
797,6,-722,-643,-1206,-999,-563,-277,-207,-286,79,1.5,0,2.0,0,1.0,0,1.0,0
798,4,-207,-207,-332,-359,-125,-152,27,27,0,1.5,0,1.5,0,1.0,0,1.0,0
799,5,796,563,206,572,-357,-224,-366,-133,-233,3.0,0,4.5,0,4.0,0,3.0,0
800,4,730,122,489,17,367,-713,472,1080,-608,4.0,1,2.5,0,3.5,0,3.5,0
801,5,852,519,542,519,23,-333,23,356,-333,5.0,1,5.0,1,5.0,1,5.0,1
802,6,-89,-171,-85,-198,86,-109,113,195,-82,3.0,0,3.0,0,3.0,0,2.0,0
803,5,412,407,734,502,327,90,232,237,-5,3.0,0,3.0,0,4.5,0,3.0,0
804,6,121,142,142,121,0,0,21,0,21,4.0,0,4.0,0,4.0,0,4.0,0
805,6,21,-76,17,32,93,11,-15,82,-97,6.0,1,4.5,0,5.5,0,6.0,1
806,4,-275,-275,-193,-181,82,94,-12,-12,0,2.0,0,2.0,0,1.5,0,1.5,0
807,6,767,965,978,973,13,206,5,-193,198,5.5,0,4.0,0,4.0,0,4.0,0
808,5,1327,1354,978,978,-376,-349,0,-27,27,5.0,1,5.0,1,5.0,1,5.0,1
809,5,-256,-110,-360,-403,-250,-147,43,-103,146,1.5,0,1.5,0,1.0,0,1.0,0
810,5,546,327,242,242,-85,-304,0,219,-219,2.0,0,2.0,0,2.0,0,2.0,0
811,6,-87,-87,191,434,278,521,-243,-243,0,4.0,0,4.0,0,4.0,0,5.0,0
812,5,876,885,527,527,-358,-349,0,-9,9,4.5,0,5.0,1,4.0,0,4.0,0
813,6,419,333,690,623,357,204,67,153,-86,5.5,0,6.0,1,6.0,1,6.0,1
814,6,774,884,727,727,-157,-47,0,-110,110,4.0,0,5.0,0,4.0,0,4.0,0
815,6,-410,193,95,-42,-98,368,137,-466,603,3.0,0,4.0,0,3.0,0,2.5,0
816,6,398,798,833,506,35,108,327,-73,400,4.0,0,5.5,0,5.0,0,5.0,0
817,5,-111,-496,-197,-517,299,-406,320,705,-385,1.0,0,1.0,0,2.0,0,1.0,0
818,4,797,797,795,795,-2,-2,0,0,0,4.0,1,4.0,1,3.5,0,3.5,0
819,5,220,699,818,201,119,-19,617,138,479,4.0,0,4.0,0,5.0,1,3.0,0
820,5,318,569,269,269,-300,-49,0,-251,251,3.0,0,3.5,0,3.5,0,3.5,0
821,5,817,605,633,819,28,2,-186,26,-212,5.0,1,5.0,1,5.0,1,5.0,1
822,6,189,376,101,387,-275,198,-286,-473,187,3.0,0,4.0,0,5.5,0,3.0,0
823,4,-57,340,318,317,-22,374,1,-396,397,1.5,0,2.5,0,2.5,0,2.5,0
824,4,102,5,5,308,0,206,-303,-206,-97,1.5,0,1.5,0,1.5,0,2.5,0
825,5,1504,1416,1218,1690,-198,186,-472,-384,-88,4.5,0,5.0,1,5.0,1,5.0,1
826,4,-459,-634,-571,-396,63,63,-175,0,-175,1.5,0,1.0,0,1.0,0,1.5,0
827,5,118,435,467,118,32,0,349,32,317,2.5,0,5.0,1,5.0,1,2.5,0
828,6,1091,897,804,927,-93,-164,-123,71,-194,6.0,1,6.0,1,6.0,1,6.0,1
829,5,1271,1691,1460,1422,-231,151,38,-382,420,5.0,1,5.0,1,5.0,1,5.0,1
830,6,1184,650,945,604,295,-580,341,875,-534,6.0,1,5.5,0,6.0,1,6.0,1
831,5,538,623,593,476,-30,-62,117,32,85,3.5,0,4.0,0,4.5,0,4.5,0
832,5,1400,1076,1167,1216,91,-184,-49,275,-324,5.0,1,5.0,1,5.0,1,4.5,0
833,5,1140,1140,1125,1125,-15,-15,0,0,0,4.0,0,4.0,0,4.0,0,4.0,0
834,5,1658,1668,637,1030,-1031,-628,-393,-403,10,4.5,0,4.0,0,3.0,0,4.0,0
835,5,856,961,844,510,-117,-346,334,229,105,2.0,0,4.5,0,5.0,1,5.0,1
836,5,-193,262,268,90,6,283,178,-277,455,2.0,0,4.0,0,4.0,0,5.0,1
837,5,994,988,994,994,6,0,0,6,-6,4.0,0,4.0,0,4.0,0,4.0,0
838,6,553,720,459,129,-261,-424,330,163,167,6.0,1,6.0,1,4.5,0,4.0,0
839,5,-867,-773,-1066,-1066,-293,-199,0,-94,94,1.0,0,1.0,0,1.0,0,1.0,0
840,5,799,366,292,309,-74,-490,-17,416,-433,4.5,0,3.0,0,3.5,0,2.5,0
841,6,65,102,354,568,252,503,-214,-251,37,5.0,0,5.0,0,5.5,0,6.0,1
842,6,77,-27,-607,112,-580,35,-719,-615,-104,1.0,0,2.0,0,1.0,0,2.0,0
843,5,628,628,668,1023,40,395,-355,-355,0,3.0,0,3.0,0,3.0,0,5.0,1
844,5,379,703,924,665,221,286,259,-65,324,4.0,0,4.0,0,4.0,0,4.0,0
845,6,-260,-77,84,202,161,462,-118,-301,183,3.0,0,3.0,0,4.0,0,4.0,0
846,4,-185,216,183,-149,-33,36,332,-69,401,2.0,0,3.0,0,3.0,0,3.0,0
847,4,0,5,-247,-199,-252,-199,-48,-53,5,2.0,0,2.0,0,3.0,0,2.0,0
848,6,-229,-6,-306,-306,-300,-77,0,-223,223,3.5,0,3.0,0,2.0,0,2.0,0
849,4,721,876,951,1054,75,333,-103,-258,155,3.0,0,3.5,0,4.0,1,4.0,1
850,4,732,-199,-197,472,2,-260,-669,262,-931,2.5,0,2.5,0,3.5,0,2.5,0
851,6,30,61,154,154,93,124,0,-31,31,3.0,0,3.0,0,3.0,0,3.0,0
852,6,554,508,180,180,-328,-374,0,46,-46,4.0,0,3.0,0,4.0,0,4.0,0
853,4,187,187,187,187,0,0,0,0,0,2.5,0,2.5,0,2.5,0,2.5,0
854,5,-543,127,578,60,451,603,518,-152,670,1.5,0,4.0,0,3.5,0,3.5,0
855,4,-281,-136,-647,-472,-511,-191,-175,-320,145,1.5,0,2.5,0,1.5,0,2.0,0
856,6,60,60,-44,-44,-104,-104,0,0,0,2.0,0,2.0,0,3.0,0,3.0,0
857,5,580,259,-31,430,-290,-150,-461,-140,-321,5.0,1,4.5,0,4.0,0,5.0,1
858,4,683,1439,1215,885,-224,202,330,-426,756,3.5,0,4.0,1,4.0,1,4.0,1
859,5,1070,902,851,786,-51,-284,65,233,-168,5.0,1,5.0,1,5.0,1,5.0,1
860,5,531,531,531,531,0,0,0,0,0,3.0,0,3.0,0,3.0,0,3.0,0
861,4,540,7,-205,574,-212,34,-779,-246,-533,4.0,1,4.0,1,3.0,0,4.0,1
862,5,141,386,197,2,-189,-139,195,-50,245,5.0,1,5.0,1,4.0,0,4.0,0
863,5,498,530,422,675,-108,177,-253,-285,32,5.0,1,5.0,1,4.5,0,5.0,1
864,5,126,159,-203,217,-362,91,-420,-453,33,2.0,0,2.0,0,2.0,0,4.5,0
865,5,274,637,840,622,203,348,218,-145,363,4.5,0,4.0,0,4.0,0,4.0,0
866,5,-65,-65,-179,-179,-114,-114,0,0,0,3.0,0,3.0,0,3.0,0,3.0,0
867,4,-98,-98,7,7,105,105,0,0,0,1.5,0,1.5,0,1.0,0,1.0,0
868,4,-304,-310,-353,-385,-43,-81,32,38,-6,2.5,0,2.5,0,2.5,0,2.5,0
869,5,-289,-289,-164,-164,125,125,0,0,0,4.0,0,4.0,0,4.0,0,4.0,0
870,5,1164,1630,1437,1169,-193,5,268,-198,466,3.0,0,4.0,0,4.0,0,3.0,0
871,5,1986,1831,2268,2000,437,14,268,423,-155,5.0,1,5.0,1,5.0,1,5.0,1
872,4,580,586,857,857,271,277,0,-6,6,4.0,1,4.0,1,4.0,1,4.0,1
873,4,-237,-101,128,128,229,365,0,-136,136,2.0,0,2.0,0,2.0,0,2.0,0
874,5,-86,-86,-79,-79,7,7,0,0,0,1.0,0,1.0,0,3.0,0,3.0,0
875,6,923,894,661,626,-233,-297,35,64,-29,6.0,1,6.0,1,6.0,1,6.0,1
876,5,1336,1094,1852,1444,758,108,408,650,-242,4.5,0,3.5,0,4.5,0,3.5,0
877,5,395,418,402,402,-16,7,0,-23,23,3.0,0,4.0,0,3.5,0,3.5,0
878,4,530,530,454,454,-76,-76,0,0,0,4.0,1,4.0,1,4.0,1,4.0,1
879,6,633,243,633,633,390,0,0,390,-390,3.0,0,3.0,0,3.0,0,3.0,0
880,4,7,7,18,18,11,11,0,0,0,2.0,0,2.0,0,2.0,0,2.0,0
881,5,197,239,569,396,330,199,173,131,42,4.0,0,2.5,0,3.0,0,3.0,0
882,4,920,920,801,801,-119,-119,0,0,0,4.0,1,4.0,1,4.0,1,4.0,1
883,5,248,-88,-92,248,-4,0,-340,-4,-336,3.0,0,3.0,0,3.0,0,3.0,0
884,5,3195,2430,2430,3195,0,0,-765,0,-765,5.0,1,4.5,0,4.5,0,5.0,1
885,5,301,244,25,-229,-219,-530,254,311,-57,2.5,0,2.0,0,2.5,0,3.0,0
886,5,-68,-68,-68,142,0,210,-210,-210,0,3.5,0,3.5,0,3.5,0,4.0,0
887,5,-151,40,112,-79,72,72,191,0,191,2.0,0,2.0,0,4.0,0,3.0,0
888,5,247,247,871,871,624,624,0,0,0,4.0,0,4.0,0,4.0,0,4.0,0
889,5,54,-55,46,145,101,91,-99,10,-109,5.0,1,5.0,1,4.0,0,5.0,1
890,4,-298,-143,53,-279,196,19,332,177,155,3.0,0,2.5,0,2.5,0,3.0,0
891,5,845,849,834,834,-15,-11,0,-4,4,5.0,1,5.0,1,5.0,1,5.0,1
892,5,-331,12,-780,-85,-792,246,-695,-1038,343,1.0,0,1.0,0,1.5,0,3.0,0
893,5,284,-218,118,118,336,-166,0,502,-502,4.0,0,3.0,0,4.5,0,4.5,0
894,5,-759,-1116,-604,-485,512,274,-119,238,-357,2.5,0,1.5,0,2.0,0,2.0,0
895,4,921,971,980,852,9,-69,128,78,50,4.0,1,4.0,1,4.0,1,4.0,1
896,5,831,581,749,749,168,-82,0,250,-250,5.0,1,5.0,1,5.0,1,5.0,1
897,4,324,413,312,377,-101,53,-65,-154,89,3.5,0,3.5,0,2.5,0,2.5,0
898,4,789,609,743,957,134,168,-214,-34,-180,4.0,1,4.0,1,4.0,1,4.0,1
899,5,-485,-1165,-485,-485,680,0,0,680,-680,2.0,0,1.0,0,2.0,0,2.0,0
900,4,176,209,121,78,-88,-98,43,10,33,2.5,0,3.5,0,3.0,0,3.0,0
901,5,155,36,-10,40,-46,-115,-50,69,-119,1.5,0,1.0,0,1.0,0,1.0,0
902,5,1217,965,1015,1216,50,-1,-201,51,-252,4.0,0,4.0,0,4.0,0,4.0,0
903,4,797,1053,1323,1288,270,491,35,-221,256,3.5,0,4.0,1,4.0,1,4.0,1
904,6,492,879,791,-35,-88,-527,826,439,387,3.0,0,5.0,0,4.0,0,3.0,0
905,4,303,718,-163,-163,-881,-466,0,-415,415,3.0,0,4.0,1,3.0,0,3.0,0
906,6,1006,1653,1399,1452,-254,446,-53,-700,647,5.0,0,6.0,1,6.0,1,6.0,1
907,5,709,709,709,463,0,-246,246,246,0,5.0,1,5.0,1,5.0,1,4.5,0
908,6,-72,136,215,-23,79,49,238,30,208,2.5,0,1.5,0,4.0,0,1.0,0
909,5,-282,-393,-322,-421,71,-139,99,210,-111,2.5,0,2.5,0,2.0,0,1.0,0
910,4,955,1057,1073,955,16,0,118,16,102,2.5,0,2.5,0,3.5,0,2.5,0
911,6,55,40,110,142,70,87,-32,-17,-15,3.0,0,3.0,0,5.0,0,5.0,0
912,5,288,235,231,745,-4,457,-514,-461,-53,3.0,0,3.0,0,3.5,0,5.0,1
913,4,229,262,423,423,161,194,0,-33,33,3.5,0,2.0,0,3.0,0,3.0,0
914,4,107,-45,-36,86,9,-21,-122,30,-152,3.0,0,2.0,0,2.0,0,3.0,0
915,5,-74,-254,-254,-74,0,0,-180,0,-180,2.0,0,1.5,0,1.5,0,2.0,0
916,5,-146,-146,71,103,217,249,-32,-32,0,3.0,0,3.0,0,5.0,1,5.0,1
917,5,-408,410,477,230,67,638,247,-571,818,2.0,0,3.5,0,3.0,0,2.5,0
918,6,-392,-392,-392,-392,0,0,0,0,0,5.0,0,5.0,0,5.0,0,5.0,0
919,5,824,824,824,695,0,-129,129,129,0,5.0,1,5.0,1,5.0,1,5.0,1
920,5,109,109,124,158,15,49,-34,-34,0,2.5,0,2.5,0,2.5,0,2.5,0
921,4,378,378,366,371,-12,-7,-5,-5,0,3.5,0,3.5,0,3.5,0,3.5,0
922,5,-300,19,-13,-446,-32,-146,433,114,319,2.5,0,2.0,0,3.0,0,2.5,0
923,4,-168,-168,-167,-167,1,1,0,0,0,2.5,0,2.5,0,2.5,0,2.5,0
924,6,625,625,653,653,28,28,0,0,0,6.0,1,6.0,1,6.0,1,6.0,1
925,6,-325,-37,163,-245,200,80,408,120,288,1.5,0,3.5,0,4.5,0,1.5,0
926,5,1261,884,282,626,-602,-635,-344,33,-377,3.0,0,2.0,0,2.0,0,2.5,0
927,4,1114,687,665,665,-22,-449,0,427,-427,4.0,1,4.0,1,4.0,1,4.0,1
928,4,909,909,520,726,-389,-183,-206,-206,0,4.0,1,4.0,1,4.0,1,4.0,1
929,5,-160,-160,-160,-220,0,-60,60,60,0,2.0,0,2.0,0,2.0,0,2.0,0
930,4,263,202,285,128,83,-135,157,218,-61,4.0,1,4.0,1,3.0,0,3.0,0
931,4,-99,-132,-131,-131,1,-32,0,33,-33,1.5,0,2.5,0,2.5,0,2.5,0
932,5,537,537,700,885,163,348,-185,-185,0,4.0,0,4.0,0,4.5,0,4.5,0
933,4,334,254,461,541,207,207,-80,0,-80,3.0,0,3.0,0,4.0,1,4.0,1
934,6,46,46,70,70,24,24,0,0,0,4.0,0,4.0,0,4.0,0,4.0,0
935,6,30,658,712,-148,54,-178,860,232,628,3.0,0,3.5,0,3.5,0,3.5,0
936,5,921,921,1118,968,197,47,150,150,0,5.0,1,5.0,1,5.0,1,5.0,1
937,5,-364,-324,-364,-364,-40,0,0,-40,40,3.5,0,3.5,0,3.5,0,3.5,0
938,5,-611,-476,-683,-602,-207,9,-81,-216,135,1.5,0,2.5,0,2.0,0,2.0,0
939,5,165,165,208,2,43,-163,206,206,0,3.0,0,3.0,0,2.0,0,2.0,0
940,4,497,531,1184,1127,653,630,57,23,34,4.0,1,4.0,1,3.5,0,3.0,0
941,6,1194,1810,2466,2053,656,859,413,-203,616,4.0,0,4.0,0,5.5,0,5.0,0
942,5,470,470,430,389,-40,-81,41,41,0,5.0,1,5.0,1,4.5,0,4.5,0
943,6,1483,1565,1660,2052,95,569,-392,-474,82,6.0,1,6.0,1,5.5,0,6.0,1
944,4,-2,542,550,560,8,562,-10,-554,544,3.0,0,3.5,0,3.0,0,3.0,0
945,5,382,287,527,221,240,-161,306,401,-95,2.5,0,2.5,0,2.5,0,3.0,0
946,4,75,119,108,82,-11,7,26,-18,44,3.0,0,2.0,0,2.0,0,2.0,0
947,4,986,981,1100,1100,119,114,0,5,-5,3.0,0,3.0,0,3.5,0,3.5,0
948,5,1065,1173,1188,1045,15,-20,143,35,108,5.0,1,5.0,1,5.0,1,5.0,1
949,5,745,1443,1199,656,-244,-89,543,-155,698,4.5,0,5.0,1,5.0,1,5.0,1
950,5,1089,1000,1048,1229,48,140,-181,-92,-89,2.0,0,2.5,0,3.5,0,5.0,1
951,5,-306,269,-145,-195,-414,111,50,-525,575,3.0,0,3.0,0,3.0,0,3.0,0
952,4,-360,-127,-334,-116,-207,244,-218,-451,233,2.0,0,3.0,0,2.0,0,2.5,0
953,5,-415,-203,464,26,667,441,438,226,212,2.0,0,2.0,0,3.0,0,3.0,0
954,6,1100,969,830,1315,-139,215,-485,-354,-131,4.5,0,3.5,0,4.0,0,4.0,0
955,5,241,236,443,-67,207,-308,510,515,-5,5.0,1,4.0,0,4.0,0,2.0,0
956,4,-1513,-1513,-1543,-1543,-30,-30,0,0,0,1.0,0,1.0,0,1.0,0,1.0,0
957,4,-43,-37,-462,-354,-425,-311,-108,-114,6,3.0,0,3.0,0,2.0,0,2.5,0
958,4,303,303,304,304,1,1,0,0,0,3.0,0,3.0,0,4.0,1,4.0,1
959,4,732,518,746,839,228,107,-93,121,-214,2.5,0,3.5,0,1.0,0,2.0,0
960,5,612,611,856,693,245,81,163,164,-1,3.5,0,4.0,0,5.0,1,5.0,1
961,4,-344,-344,-423,-156,-79,188,-267,-267,0,1.0,0,1.0,0,2.0,0,3.0,0
962,5,-61,441,254,424,-187,485,-170,-672,502,1.0,0,5.0,1,2.5,0,3.0,0
963,6,-336,-442,-286,-331,156,5,45,151,-106,3.0,0,1.5,0,3.0,0,3.0,0
964,4,779,397,636,1014,239,235,-378,4,-382,3.5,0,3.5,0,4.0,1,4.0,1
965,5,991,602,754,1411,152,420,-657,-268,-389,5.0,1,5.0,1,5.0,1,5.0,1
966,6,1132,1565,1575,1337,10,205,238,-195,433,6.0,1,6.0,1,6.0,1,6.0,1
967,4,270,228,8,50,-220,-220,-42,0,-42,3.0,0,3.0,0,2.5,0,3.0,0
968,5,167,167,46,-13,-121,-180,59,59,0,4.0,0,4.0,0,4.0,0,4.0,0
969,5,540,540,55,55,-485,-485,0,0,0,2.5,0,2.5,0,3.0,0,3.0,0
970,6,423,376,588,540,212,117,48,95,-47,2.5,0,2.0,0,3.5,0,3.0,0
971,5,152,-4,42,42,46,-110,0,156,-156,3.0,0,3.0,0,3.0,0,3.0,0
972,4,-383,-359,-428,-430,-69,-47,2,-22,24,2.0,0,2.0,0,2.0,0,2.0,0
973,6,534,548,579,743,31,209,-164,-178,14,5.0,0,5.5,0,4.5,0,5.5,0
974,5,1577,1570,1140,1140,-430,-437,0,7,-7,5.0,1,5.0,1,5.0,1,5.0,1
975,5,-201,-185,-338,-454,-153,-253,116,100,16,3.5,0,3.5,0,3.0,0,3.0,0
976,6,-149,-149,145,46,294,195,99,99,0,2.0,0,2.0,0,2.0,0,2.0,0
977,5,1590,2049,1610,1797,-439,207,-187,-646,459,4.5,0,5.0,1,4.0,0,4.5,0
978,4,4196,4608,4011,3599,-597,-597,412,0,412,4.0,1,4.0,1,4.0,1,4.0,1
979,5,716,757,731,1053,-26,337,-322,-363,41,3.0,0,3.5,0,3.5,0,3.5,0
980,5,176,38,237,196,199,20,41,179,-138,4.0,0,2.0,0,4.0,0,4.5,0
981,4,-719,-713,-656,-662,57,57,6,0,6,1.0,0,1.0,0,1.0,0,1.0,0
982,6,-197,408,336,336,-72,533,0,-605,605,2.5,0,5.0,0,5.0,0,5.0,0
983,4,-175,-21,-92,-92,-71,83,0,-154,154,3.0,0,4.0,1,4.0,1,4.0,1
984,5,2114,2258,2181,2235,-77,121,-54,-198,144,5.0,1,5.0,1,5.0,1,5.0,1
985,5,154,626,-287,-348,-913,-502,61,-411,472,2.0,0,3.5,0,1.0,0,1.0,0
986,5,293,270,-201,286,-471,-7,-487,-464,-23,5.0,1,5.0,1,4.0,0,5.0,1
987,5,-482,-390,-323,-328,67,154,5,-87,92,1.0,0,3.0,0,2.0,0,2.0,0
988,5,-278,74,-42,198,-116,476,-240,-592,352,2.0,0,3.0,0,2.5,0,3.0,0
989,5,1186,1160,1189,1189,29,3,0,26,-26,5.0,1,5.0,1,5.0,1,5.0,1
990,6,-139,-360,85,85,445,224,0,221,-221,2.5,0,1.0,0,2.5,0,2.5,0
991,6,-229,-229,-486,-414,-257,-185,-72,-72,0,2.5,0,2.5,0,1.5,0,3.5,0
992,5,37,-136,-3,-133,133,-170,130,303,-173,3.0,0,1.5,0,2.5,0,1.5,0
993,5,-323,86,-152,-121,-238,202,-31,-440,409,1.5,0,3.0,0,2.0,0,2.0,0
994,4,403,544,756,584,212,181,172,31,141,4.0,1,4.0,1,3.5,0,3.5,0
995,5,30,687,261,-21,-426,-51,282,-375,657,2.0,0,2.0,0,2.0,0,2.0,0
996,4,-142,90,-173,1,-263,143,-174,-406,232,2.5,0,2.5,0,2.0,0,2.5,0
997,6,1991,2025,2025,2013,0,22,12,-22,34,4.5,0,4.5,0,4.5,0,4.5,0
998,5,306,524,367,135,-157,-171,232,14,218,5.0,1,5.0,1,5.0,1,5.0,1
999,6,-736,-225,-529,-334,-304,402,-195,-706,511,1.0,0,1.0,0,1.0,0,1.0,0
1000,5,-10,-10,-59,-126,-49,-116,67,67,0,3.0,0,3.0,0,3.0,0,2.5,0
1001,5,402,155,468,655,313,253,-187,60,-247,4.0,0,4.5,0,4.0,0,5.0,1
1002,5,702,509,525,806,16,104,-281,-88,-193,5.0,1,4.0,0,3.0,0,4.5,0
1003,6,545,613,969,666,356,121,303,235,68,5.0,0,5.0,0,5.0,0,5.0,0
1004,5,13,272,297,725,25,712,-428,-687,259,2.5,0,2.0,0,3.0,0,4.0,0
1005,5,267,267,267,267,0,0,0,0,0,3.5,0,3.5,0,3.5,0,3.5,0
1006,6,1790,1892,1694,2459,-198,669,-765,-867,102,2.5,0,3.0,0,3.0,0,4.0,0
1007,5,118,-9,-44,128,-35,10,-172,-45,-127,3.0,0,4.0,0,3.5,0,4.0,0
1008,5,649,1440,1108,522,-332,-127,586,-205,791,5.0,1,5.0,1,4.0,0,4.0,0
1009,5,2125,2545,2341,2335,-204,210,6,-414,420,4.5,0,5.0,1,5.0,1,5.0,1
1010,5,-140,-334,-335,-141,-1,-1,-194,0,-194,2.0,0,2.0,0,2.0,0,2.0,0
1011,5,-414,-414,-384,-388,30,26,4,4,0,2.0,0,2.0,0,2.0,0,2.0,0
1012,5,1393,2230,1133,1064,-1097,-329,69,-768,837,5.0,1,5.0,1,5.0,1,5.0,1
1013,5,46,230,231,2,1,-44,229,45,184,2.5,0,3.5,0,4.5,0,1.5,0
1014,5,36,36,36,36,0,0,0,0,0,4.0,0,4.0,0,4.0,0,4.0,0
1015,6,780,625,333,333,-292,-447,0,155,-155,5.0,0,4.5,0,3.5,0,3.5,0
1016,4,872,877,862,857,-15,-15,5,0,5,4.0,1,4.0,1,4.0,1,4.0,1
1017,6,-106,-78,-305,-37,-227,69,-268,-296,28,3.0,0,4.0,0,2.5,0,3.0,0
1018,6,457,283,266,440,-17,-17,-174,0,-174,5.5,0,6.0,1,5.5,0,5.0,0
1019,6,758,697,867,649,170,-109,218,279,-61,5.0,0,6.0,1,6.0,1,6.0,1
1020,5,310,310,384,384,74,74,0,0,0,3.5,0,3.5,0,4.0,0,4.0,0
1021,6,379,378,399,399,21,20,0,1,-1,3.0,0,1.5,0,2.5,0,2.5,0
1022,4,47,-115,-181,49,-66,2,-230,-68,-162,2.5,0,1.5,0,2.5,0,2.5,0
1023,4,650,510,458,439,-52,-211,19,159,-140,4.0,1,4.0,1,4.0,1,4.0,1
1024,4,197,197,197,197,0,0,0,0,0,4.0,1,4.0,1,4.0,1,4.0,1
1025,5,448,210,21,-40,-189,-488,61,299,-238,3.0,0,3.0,0,3.0,0,3.0,0
1026,6,723,723,581,581,-142,-142,0,0,0,5.0,0,5.0,0,5.0,0,5.0,0
1027,6,2437,2307,2540,2437,233,0,103,233,-130,6.0,1,5.0,0,6.0,1,6.0,1
1028,5,26,26,-72,-30,-98,-56,-42,-42,0,3.0,0,3.0,0,3.0,0,3.0,0
1029,4,1154,740,596,857,-144,-297,-261,153,-414,4.0,1,4.0,1,4.0,1,4.0,1
1030,6,2138,1498,2833,3154,1335,1016,-321,319,-640,4.5,0,4.0,0,5.0,0,5.0,0
1031,5,1133,1133,1089,1089,-44,-44,0,0,0,5.0,1,5.0,1,5.0,1,5.0,1
1032,4,493,418,742,409,324,-84,333,408,-75,3.5,0,3.0,0,2.0,0,2.5,0
1033,5,-310,-200,-400,-375,-200,-65,-25,-135,110,2.0,0,3.0,0,2.0,0,2.0,0
1034,6,12,-290,30,314,320,302,-284,18,-302,4.5,0,2.0,0,5.0,0,5.0,0
1035,4,1558,1549,1549,1765,0,207,-216,-207,-9,3.5,0,3.5,0,3.5,0,4.0,1
1036,6,529,535,664,618,129,89,46,40,6,5.0,0,5.0,0,5.0,0,4.5,0
1037,5,-12,-12,45,45,57,57,0,0,0,3.0,0,3.0,0,3.0,0,3.0,0
1038,5,625,690,308,356,-382,-269,-48,-113,65,4.0,0,2.5,0,3.0,0,2.5,0
1039,4,1094,1010,1471,1471,461,377,0,84,-84,4.0,1,4.0,1,4.0,1,4.0,1
1040,4,869,836,599,671,-237,-198,-72,-39,-33,4.0,1,4.0,1,4.0,1,4.0,1
1041,6,168,168,176,151,8,-17,25,25,0,3.5,0,3.5,0,4.0,0,4.0,0
1042,4,333,471,323,560,-148,227,-237,-375,138,4.0,1,4.0,1,3.0,0,4.0,1
1043,6,2514,2952,2642,2597,-310,83,45,-393,438,5.5,0,5.5,0,6.0,1,6.0,1
1044,4,92,123,-237,-20,-360,-112,-217,-248,31,3.0,0,3.0,0,2.5,0,3.0,0
1045,6,-184,-506,-285,211,221,395,-496,-174,-322,2.0,0,2.0,0,2.5,0,3.0,0
1046,4,303,303,242,266,-61,-37,-24,-24,0,3.0,0,3.0,0,3.0,0,3.0,0
1047,5,621,649,113,83,-536,-538,30,2,28,5.0,1,5.0,1,5.0,1,5.0,1
1048,5,-1244,-489,-826,-1188,-337,56,362,-393,755,1.0,0,2.0,0,1.5,0,1.0,0
1049,4,1429,2171,2120,2120,-51,691,0,-742,742,4.0,1,4.0,1,4.0,1,4.0,1
1050,6,475,394,581,581,187,106,0,81,-81,5.0,0,5.0,0,5.0,0,5.0,0
1051,5,350,23,193,65,170,-285,128,455,-327,3.5,0,1.0,0,2.0,0,2.0,0
1052,6,145,105,119,29,14,-116,90,130,-40,5.5,0,3.0,0,5.0,0,3.0,0
1053,6,368,203,565,565,362,197,0,165,-165,5.5,0,6.0,1,5.0,0,5.0,0
1054,5,840,816,810,810,-6,-30,0,24,-24,4.0,0,4.5,0,4.0,0,4.0,0
1055,5,920,690,663,831,-27,-89,-168,62,-230,4.0,0,3.0,0,3.0,0,3.5,0
1056,5,-176,86,73,164,-13,340,-91,-353,262,4.5,0,4.0,0,2.5,0,5.0,1
1057,5,-606,-599,469,79,1068,685,390,383,7,1.0,0,1.0,0,5.0,1,4.0,0
1058,6,1311,1434,1415,1583,-19,272,-168,-291,123,3.0,0,4.0,0,3.0,0,3.0,0
1059,4,-153,-182,-23,48,159,201,-71,-42,-29,2.5,0,3.0,0,2.0,0,3.0,0
1060,5,307,463,314,412,-149,105,-98,-254,156,4.0,0,4.0,0,4.0,0,4.0,0
1061,5,1078,1078,758,1144,-320,66,-386,-386,0,4.0,0,4.0,0,4.0,0,5.0,1
1062,4,-119,-399,-26,-58,373,61,32,312,-280,3.0,0,1.5,0,3.0,0,3.0,0
1063,5,1126,909,781,939,-128,-187,-158,59,-217,5.0,1,5.0,1,5.0,1,5.0,1
1064,5,1433,1433,593,1318,-840,-115,-725,-725,0,5.0,1,5.0,1,5.0,1,5.0,1
1065,5,642,601,600,565,-1,-77,35,76,-41,2.5,0,3.0,0,3.0,0,2.0,0
1066,5,-127,0,-228,-228,-228,-101,0,-127,127,3.0,0,3.0,0,2.0,0,2.0,0
1067,5,-281,-156,194,87,350,368,107,-18,125,3.0,0,3.0,0,3.0,0,4.0,0
1068,5,-141,-134,-23,-23,111,118,0,-7,7,3.0,0,2.5,0,3.0,0,3.0,0
1069,5,-36,-36,17,-29,53,7,46,46,0,4.0,0,4.0,0,4.0,0,4.0,0
1070,4,340,234,75,361,-159,21,-286,-180,-106,3.0,0,2.0,0,2.0,0,3.5,0
1071,6,1382,1048,1130,1332,82,-50,-202,132,-334,5.5,0,4.0,0,4.5,0,5.5,0
1072,4,1315,1324,1324,1315,0,0,9,0,9,4.0,1,4.0,1,4.0,1,4.0,1
1073,5,516,516,274,274,-242,-242,0,0,0,4.5,0,4.5,0,4.0,0,4.0,0
1074,6,1976,2417,2214,1744,-203,-232,470,29,441,3.0,0,3.5,0,3.0,0,2.0,0
1075,5,436,797,819,436,22,0,383,22,361,4.0,0,5.0,1,5.0,1,4.0,0
1076,5,720,372,29,361,-343,-359,-332,16,-348,4.5,0,3.5,0,3.0,0,3.5,0
1077,5,203,234,212,240,-22,37,-28,-59,31,2.5,0,3.0,0,3.0,0,3.0,0
1078,5,1793,1749,1557,1557,-192,-236,0,44,-44,5.0,1,5.0,1,5.0,1,5.0,1
1079,5,251,-110,534,462,644,211,72,433,-361,2.5,0,3.0,0,4.5,0,3.5,0
1080,6,279,641,358,401,-283,122,-43,-405,362,5.5,0,6.0,1,5.0,0,5.0,0
1081,4,586,595,352,586,-243,0,-234,-243,9,3.0,0,3.0,0,2.5,0,3.0,0
1082,6,521,11,771,590,760,69,181,691,-510,5.5,0,3.5,0,5.0,0,4.5,0
1083,6,403,749,724,378,-25,-25,346,0,346,5.5,0,6.0,1,6.0,1,5.0,0
1084,6,-117,-117,46,-78,163,39,124,124,0,3.0,0,3.0,0,5.0,0,5.0,0
1085,4,878,878,705,1158,-173,280,-453,-453,0,4.0,1,4.0,1,4.0,1,4.0,1
1086,5,679,679,587,995,-92,316,-408,-408,0,5.0,1,5.0,1,4.0,0,5.0,1
1087,6,-1095,-1095,-1095,-1095,0,0,0,0,0,3.0,0,3.0,0,3.0,0,3.0,0
1088,6,334,169,191,44,22,-290,147,312,-165,4.0,0,4.0,0,4.5,0,4.0,0
1089,6,2147,1751,1751,2147,0,0,-396,0,-396,4.0,0,4.0,0,4.0,0,4.0,0
1090,4,1054,991,1194,1114,203,60,80,143,-63,4.0,1,4.0,1,4.0,1,4.0,1
1091,4,-255,-390,-303,-156,87,99,-147,-12,-135,2.0,0,1.0,0,1.0,0,2.0,0
1092,6,1460,1600,1112,1282,-488,-178,-170,-310,140,6.0,1,6.0,1,5.0,0,5.0,0
1093,5,-82,-51,-246,-312,-195,-230,66,35,31,3.5,0,3.5,0,3.0,0,3.0,0
1094,5,233,366,533,404,167,171,129,-4,133,4.5,0,5.0,1,5.0,1,5.0,1
1095,5,183,-94,279,255,373,72,24,301,-277,4.5,0,4.0,0,4.5,0,4.0,0
1096,5,541,639,1000,1000,361,459,0,-98,98,5.0,1,5.0,1,5.0,1,5.0,1
1097,5,854,924,1542,1259,618,405,283,213,70,4.0,0,4.5,0,4.0,0,4.0,0
1098,5,229,209,82,157,-127,-72,-75,-55,-20,4.5,0,4.0,0,3.0,0,3.0,0
1099,6,-785,-475,-825,-630,-350,155,-195,-505,310,1.0,0,2.0,0,1.0,0,1.0,0
1100,5,216,386,279,393,-107,177,-114,-284,170,3.5,0,5.0,1,4.0,0,5.0,1
1101,6,244,567,639,559,72,315,80,-243,323,4.0,0,5.0,0,5.0,0,5.0,0
1102,6,604,112,97,232,-15,-372,-135,357,-492,4.0,0,3.0,0,3.0,0,3.0,0
1103,5,122,-231,-16,32,215,-90,-48,305,-353,2.0,0,2.5,0,2.0,0,2.0,0
1104,4,-180,-125,-122,-177,3,3,55,0,55,1.5,0,1.5,0,1.5,0,1.5,0
1105,5,159,-1,425,213,426,54,212,372,-160,5.0,1,4.0,0,4.0,0,3.5,0
1106,5,-585,-737,-742,-645,-5,-60,-97,55,-152,1.5,0,2.0,0,2.0,0,2.0,0
1107,5,1346,1266,1700,1199,434,-147,501,581,-80,5.0,1,5.0,1,5.0,1,4.0,0
1108,4,15,15,-210,-163,-225,-178,-47,-47,0,1.5,0,1.5,0,2.0,0,2.0,0
1109,5,1333,1399,1125,937,-274,-396,188,122,66,5.0,1,5.0,1,4.5,0,4.0,0
1110,4,34,-104,-79,-79,25,-113,0,138,-138,2.0,0,2.0,0,2.0,0,2.0,0
1111,5,-734,-929,-960,-734,-31,0,-226,-31,-195,1.5,0,1.0,0,1.0,0,1.5,0
1112,5,704,930,1005,760,75,56,245,19,226,4.0,0,4.0,0,5.0,1,4.5,0
1113,5,419,491,69,-58,-422,-477,127,55,72,4.0,0,4.5,0,3.0,0,2.0,0
1114,4,368,47,127,127,80,-241,0,321,-321,4.0,1,2.0,0,2.5,0,2.5,0
1115,6,256,49,180,387,131,131,-207,0,-207,3.0,0,3.0,0,4.0,0,4.0,0
1116,5,-356,-331,-333,-466,-2,-110,133,108,25,2.5,0,2.5,0,3.0,0,1.0,0
1117,6,648,654,748,742,94,94,6,0,6,5.0,0,5.0,0,5.0,0,5.0,0
1118,5,-12,-12,171,168,183,180,3,3,0,3.5,0,3.5,0,3.0,0,3.0,0
1119,6,801,1031,967,737,-64,-64,230,0,230,5.0,0,5.0,0,4.5,0,3.0,0
1120,5,-217,-295,-412,-517,-117,-300,105,183,-78,2.5,0,2.5,0,2.0,0,2.0,0
1121,6,781,67,962,1153,895,372,-191,523,-714,6.0,1,3.5,0,6.0,1,6.0,1
1122,4,939,505,972,1243,467,304,-271,163,-434,4.0,1,4.0,1,4.0,1,4.0,1
1123,4,317,317,158,317,-159,0,-159,-159,0,3.0,0,3.0,0,2.5,0,3.0,0
1124,6,2959,3218,3218,2959,0,0,259,0,259,5.0,0,5.0,0,5.0,0,5.0,0
1125,5,-31,-13,-173,-191,-160,-160,18,0,18,4.0,0,4.0,0,3.5,0,3.5,0
1126,5,1231,1231,1143,1143,-88,-88,0,0,0,5.0,1,5.0,1,4.5,0,4.5,0
1127,4,448,573,448,448,-125,0,0,-125,125,3.5,0,3.5,0,3.5,0,3.5,0
1128,5,602,758,776,520,18,-82,256,100,156,4.0,0,4.0,0,4.5,0,4.0,0
1129,6,569,404,571,571,167,2,0,165,-165,5.5,0,2.0,0,5.5,0,5.5,0
1130,5,111,111,93,93,-18,-18,0,0,0,3.5,0,3.5,0,3.0,0,3.0,0
1131,4,831,831,689,689,-142,-142,0,0,0,3.0,0,3.0,0,3.0,0,3.0,0
1132,5,1056,1011,834,879,-177,-177,-45,0,-45,5.0,1,5.0,1,5.0,1,5.0,1
1133,5,-670,-712,-485,-330,227,340,-155,-113,-42,2.0,0,2.0,0,2.0,0,2.0,0
1134,5,-93,-181,-93,-93,88,0,0,88,-88,1.5,0,3.0,0,1.5,0,1.5,0
1135,4,-669,-669,-627,-627,42,42,0,0,0,1.5,0,1.5,0,1.5,0,1.5,0
1136,4,1266,1251,1433,1433,182,167,0,15,-15,4.0,1,4.0,1,4.0,1,4.0,1
1137,5,448,209,-20,436,-229,-12,-456,-217,-239,3.5,0,4.0,0,1.5,0,3.5,0
1138,6,1100,957,1767,1372,810,272,395,538,-143,6.0,1,3.5,0,6.0,1,5.0,0
1139,5,168,168,-13,42,-181,-126,-55,-55,0,3.5,0,3.5,0,2.5,0,3.0,0
1140,5,1491,2326,1497,814,-829,-677,683,-152,835,4.0,0,4.0,0,3.5,0,3.5,0
1141,5,91,91,206,154,115,63,52,52,0,3.0,0,3.0,0,2.0,0,2.0,0
1142,6,716,716,732,749,16,33,-17,-17,0,6.0,1,6.0,1,5.0,0,5.0,0
1143,6,694,514,677,872,163,178,-195,-15,-180,6.0,1,4.5,0,6.0,1,6.0,1
1144,6,947,963,974,974,11,27,0,-16,16,3.0,0,3.0,0,4.0,0,4.0,0
1145,6,1813,2848,3421,2004,573,191,1417,382,1035,4.0,0,5.5,0,5.5,0,4.5,0
1146,5,1124,1124,1124,1124,0,0,0,0,0,3.5,0,3.5,0,3.5,0,3.5,0
1147,6,-202,-466,-165,-40,301,162,-125,139,-264,4.0,0,2.5,0,3.0,0,2.5,0
1148,5,474,681,681,681,0,207,0,-207,207,3.0,0,3.0,0,3.0,0,3.0,0
1149,4,222,652,130,-300,-522,-522,430,0,430,3.0,0,3.0,0,3.0,0,2.5,0
1150,5,982,1063,347,58,-716,-924,289,208,81,5.0,1,4.0,0,4.0,0,4.0,0
1151,5,635,537,693,693,156,58,0,98,-98,5.0,1,4.5,0,5.0,1,5.0,1
1152,5,859,526,459,442,-67,-417,17,350,-333,4.5,0,3.0,0,3.0,0,4.0,0
1153,4,63,65,247,57,182,-6,190,188,2,2.0,0,2.0,0,2.0,0,2.0,0
1154,4,-445,-440,-578,-587,-138,-142,9,4,5,1.0,0,1.0,0,2.0,0,2.0,0
1155,6,243,378,490,467,112,224,23,-112,135,4.0,0,5.0,0,5.0,0,4.0,0
1156,6,-530,-770,-853,-933,-83,-403,80,320,-240,2.0,0,1.0,0,1.0,0,1.0,0
1157,5,1933,1828,1828,1933,0,0,-105,0,-105,5.0,1,5.0,1,5.0,1,5.0,1
1158,5,-629,-629,-720,-759,-91,-130,39,39,0,3.5,0,3.5,0,2.5,0,3.0,0
1159,4,103,103,145,289,42,186,-144,-144,0,3.0,0,3.0,0,4.0,1,3.0,0
1160,5,683,755,741,691,-14,8,50,-22,72,4.0,0,4.0,0,4.0,0,4.0,0
1161,6,537,571,527,518,-44,-19,9,-25,34,5.0,0,5.0,0,5.0,0,5.0,0
1162,6,642,642,628,628,-14,-14,0,0,0,5.0,0,5.0,0,6.0,1,6.0,1
1163,5,452,407,350,506,-57,54,-156,-111,-45,2.5,0,3.0,0,3.0,0,3.0,0
1164,6,-668,-629,-439,-439,190,229,0,-39,39,2.5,0,3.0,0,4.0,0,4.0,0
1165,5,1215,1161,961,759,-200,-456,202,256,-54,5.0,1,5.0,1,4.5,0,4.0,0
1166,5,610,610,255,86,-355,-524,169,169,0,3.5,0,3.5,0,2.5,0,1.0,0
1167,6,253,253,243,253,-10,0,-10,-10,0,5.0,0,5.0,0,5.0,0,5.0,0
1168,6,-108,-108,-108,-108,0,0,0,0,0,4.0,0,4.0,0,4.0,0,4.0,0
1169,5,-432,-432,-226,-226,206,206,0,0,0,2.5,0,2.5,0,3.0,0,3.0,0
1170,4,1566,1747,1969,1566,222,0,403,222,181,3.0,0,4.0,1,4.0,1,3.0,0
1171,5,292,237,200,200,-37,-92,0,55,-55,3.5,0,3.5,0,2.5,0,2.5,0
1172,4,630,469,528,418,59,-212,110,271,-161,3.0,0,3.0,0,4.0,1,3.0,0
1173,5,708,753,750,705,-3,-3,45,0,45,4.5,0,4.5,0,4.5,0,4.5,0
1174,6,518,518,428,477,-90,-41,-49,-49,0,4.5,0,4.5,0,5.0,0,5.0,0
1175,6,105,132,78,77,-54,-28,1,-26,27,5.0,0,5.0,0,3.0,0,4.5,0
1176,5,2354,2324,2293,2106,-31,-248,187,217,-30,5.0,1,5.0,1,5.0,1,5.0,1
1177,5,540,576,537,501,-39,-39,36,0,36,5.0,1,5.0,1,5.0,1,5.0,1
1178,5,-352,-335,-101,-138,234,214,37,20,17,1.0,0,1.0,0,1.0,0,1.0,0
1179,5,1160,296,1037,560,741,-600,477,1341,-864,3.5,0,2.0,0,3.5,0,3.0,0
1180,6,62,62,437,437,375,375,0,0,0,3.5,0,3.5,0,6.0,1,6.0,1
1181,4,-129,-311,-245,-63,66,66,-182,0,-182,2.5,0,2.5,0,2.5,0,2.5,0
1182,4,-170,-170,-163,-170,7,0,7,7,0,2.5,0,2.5,0,3.0,0,2.5,0
1183,5,703,656,1044,1044,388,341,0,47,-47,5.0,1,5.0,1,5.0,1,5.0,1
1184,5,1270,1315,1188,1143,-127,-127,45,0,45,4.0,0,4.0,0,3.0,0,3.0,0
1185,4,613,696,696,618,0,5,78,-5,83,3.5,0,3.5,0,3.5,0,3.5,0
1186,5,-660,-600,-295,-355,305,305,60,0,60,1.5,0,1.5,0,2.0,0,2.0,0
1187,4,1081,817,1114,1129,297,48,-15,249,-264,4.0,1,4.0,1,4.0,1,4.0,1
1188,4,2484,2484,2484,2484,0,0,0,0,0,4.0,1,4.0,1,4.0,1,4.0,1
1189,5,382,382,189,235,-193,-147,-46,-46,0,4.0,0,4.0,0,5.0,1,5.0,1
1190,5,558,447,558,551,111,-7,7,118,-111,5.0,1,5.0,1,5.0,1,5.0,1
1191,4,241,241,775,767,534,526,8,8,0,3.5,0,3.5,0,3.5,0,3.5,0
1192,4,890,1221,1087,837,-134,-53,250,-81,331,3.5,0,3.5,0,3.5,0,3.5,0
1193,4,-238,-238,-152,-168,86,70,16,16,0,2.0,0,2.0,0,2.0,0,2.0,0
1194,4,764,626,370,334,-256,-430,36,174,-138,4.0,1,3.5,0,3.0,0,3.0,0
1195,5,-167,11,93,196,82,363,-103,-281,178,2.0,0,3.0,0,3.0,0,3.0,0
1196,5,593,547,766,616,219,23,150,196,-46,4.0,0,4.5,0,4.0,0,4.5,0
1197,5,-190,-169,16,16,185,206,0,-21,21,2.0,0,2.0,0,2.0,0,2.0,0
1198,5,-976,-655,-832,-1153,-177,-177,321,0,321,1.0,0,1.0,0,1.0,0,1.0,0
1199,6,-84,-66,-11,303,55,387,-314,-332,18,2.5,0,2.5,0,2.0,0,3.5,0
1200,5,739,1030,811,744,-219,5,67,-224,291,3.0,0,3.5,0,3.0,0,3.0,0
1201,6,2104,2067,2186,2186,119,82,0,37,-37,6.0,1,6.0,1,6.0,1,6.0,1
1202,4,183,421,258,684,-163,501,-426,-664,238,2.5,0,3.5,0,1.5,0,4.0,1
1203,5,1007,1007,967,985,-40,-22,-18,-18,0,5.0,1,5.0,1,5.0,1,5.0,1
1204,4,1224,3042,2634,1224,-408,0,1410,-408,1818,3.0,0,3.5,0,3.0,0,3.0,0
1205,5,682,1029,567,362,-462,-320,205,-142,347,4.5,0,5.0,1,4.0,0,4.0,0
1206,4,642,642,619,619,-23,-23,0,0,0,4.0,1,4.0,1,4.0,1,4.0,1
1207,5,525,2176,2176,525,0,0,1651,0,1651,2.0,0,4.0,0,4.0,0,2.0,0
1208,6,-80,-80,351,351,431,431,0,0,0,3.5,0,3.5,0,5.0,0,5.0,0
1209,5,563,503,502,562,-1,-1,-60,0,-60,5.0,1,5.0,1,5.0,1,5.0,1
1210,6,-436,342,335,-339,-7,97,674,-104,778,4.5,0,4.5,0,4.5,0,4.5,0
1211,5,-117,-99,-2,25,97,142,-27,-45,18,4.0,0,4.0,0,3.0,0,3.0,0
1212,6,652,601,106,106,-495,-546,0,51,-51,5.5,0,5.0,0,4.0,0,4.0,0
1213,6,-677,-668,-429,-445,239,232,16,7,9,1.0,0,1.0,0,1.0,0,1.0,0
1214,5,1396,1458,1388,1388,-70,-8,0,-62,62,5.0,1,5.0,1,5.0,1,5.0,1
1215,4,75,786,-64,-325,-850,-400,261,-450,711,3.0,0,3.0,0,2.0,0,2.5,0
1216,6,252,296,349,349,53,97,0,-44,44,2.0,0,2.0,0,2.0,0,2.0,0
1217,6,611,626,673,340,47,-271,333,318,15,4.0,0,3.5,0,4.0,0,4.0,0
1218,5,-63,-63,150,195,213,258,-45,-45,0,3.0,0,3.0,0,4.0,0,4.0,0
1219,5,-474,-474,405,276,879,750,129,129,0,4.5,0,4.5,0,5.0,1,5.0,1
1220,5,-418,-418,-313,-313,105,105,0,0,0,1.5,0,1.5,0,2.0,0,2.0,0
1221,6,1079,1176,805,733,-371,-346,72,-25,97,5.0,0,5.0,0,5.0,0,4.0,0
1222,6,2424,2445,2651,2427,206,3,224,203,21,5.0,0,5.0,0,5.5,0,5.5,0
1223,6,163,83,-142,-86,-225,-249,-56,24,-80,3.0,0,3.0,0,2.0,0,2.0,0
1224,6,-350,-319,-365,-350,-46,0,-15,-46,31,3.0,0,2.5,0,3.0,0,3.0,0
1225,4,203,931,659,777,-272,574,-118,-846,728,3.5,0,3.5,0,4.0,1,4.0,1
1226,5,511,511,395,395,-116,-116,0,0,0,5.0,1,5.0,1,5.0,1,5.0,1
1227,5,259,182,187,187,5,-72,0,77,-77,3.5,0,3.5,0,3.5,0,3.5,0
1228,5,173,173,175,167,2,-6,8,8,0,3.5,0,3.5,0,3.5,0,3.5,0
1229,5,976,1381,1651,1246,270,270,405,0,405,3.0,0,3.0,0,3.0,0,3.0,0
1230,6,1633,2477,2477,1633,0,0,844,0,844,4.0,0,4.0,0,4.0,0,4.0,0
1231,4,1784,1784,1784,1919,0,135,-135,-135,0,3.5,0,3.5,0,3.5,0,4.0,1
1232,5,482,527,503,536,-24,54,-33,-78,45,4.0,0,5.0,1,5.0,1,5.0,1
1233,6,539,545,80,74,-465,-465,6,0,6,4.0,0,4.0,0,3.0,0,3.0,0
1234,5,1456,3691,3691,1456,0,0,2235,0,2235,2.0,0,5.0,1,5.0,1,2.0,0
1235,4,-251,-234,-178,-251,56,0,73,56,17,3.0,0,2.5,0,3.5,0,3.0,0
1236,5,281,281,506,-6,225,-287,512,512,0,4.5,0,4.5,0,4.0,0,3.0,0
1237,5,-224,-258,-204,-256,54,-32,52,86,-34,1.0,0,1.0,0,1.0,0,1.0,0
1238,6,638,648,664,654,16,16,10,0,10,5.0,0,5.0,0,5.0,0,5.0,0
1239,6,866,866,866,866,0,0,0,0,0,3.0,0,3.0,0,3.0,0,3.0,0
1240,5,-181,-133,-104,-3,29,178,-101,-149,48,1.0,0,1.0,0,1.0,0,1.5,0
1241,5,47,47,671,706,624,659,-35,-35,0,3.5,0,3.5,0,4.5,0,3.5,0
1242,6,1029,1666,1666,1029,0,0,637,0,637,2.0,0,2.5,0,2.5,0,2.0,0
1243,5,-87,-66,-66,-87,0,0,21,0,21,3.5,0,1.5,0,1.5,0,3.5,0
1244,4,120,120,126,193,6,73,-67,-67,0,1.5,0,1.5,0,1.5,0,2.5,0
1245,4,93,-119,96,-105,215,-198,201,413,-212,1.5,0,1.5,0,1.5,0,1.5,0
1246,6,811,811,618,618,-193,-193,0,0,0,5.5,0,5.5,0,6.0,1,6.0,1
1247,5,-505,-505,-534,-534,-29,-29,0,0,0,2.0,0,2.0,0,2.0,0,2.0,0
1248,5,1231,588,682,1122,94,-109,-440,203,-643,5.0,1,4.0,0,4.5,0,5.0,1
1249,6,912,912,912,875,0,-37,37,37,0,6.0,1,6.0,1,6.0,1,6.0,1
1250,6,831,1993,2191,278,198,-553,1913,751,1162,3.0,0,4.0,0,4.0,0,3.0,0
1251,6,-245,386,-300,-931,-686,-686,631,0,631,4.5,0,5.0,0,4.0,0,1.5,0
1252,5,183,46,-16,131,-62,-52,-147,-10,-137,2.0,0,2.5,0,2.0,0,2.0,0
1253,6,893,1778,1778,893,0,0,885,0,885,4.5,0,6.0,1,6.0,1,4.5,0
1254,5,1711,1696,2267,2267,571,556,0,15,-15,2.5,0,2.5,0,4.0,0,4.0,0
1255,5,583,583,583,583,0,0,0,0,0,5.0,1,5.0,1,5.0,1,5.0,1
1256,4,1401,1604,1604,1195,0,-206,409,206,203,2.5,0,3.0,0,3.0,0,2.5,0
1257,5,578,578,613,613,35,35,0,0,0,4.0,0,4.0,0,4.0,0,4.0,0
1258,4,1316,782,837,837,55,-479,0,534,-534,4.0,1,4.0,1,3.5,0,3.5,0
1259,5,1913,2024,1017,1913,-1007,0,-896,-1007,111,5.0,1,3.0,0,4.5,0,5.0,1
1260,5,586,586,709,718,123,132,-9,-9,0,5.0,1,5.0,1,5.0,1,4.5,0
1261,5,291,291,306,306,15,15,0,0,0,3.5,0,3.5,0,4.0,0,4.0,0
1262,4,-75,-64,-136,-147,-72,-72,11,0,11,2.0,0,2.0,0,3.0,0,3.0,0
1263,5,-268,-147,-298,7,-151,275,-305,-426,121,3.0,0,3.5,0,3.0,0,3.0,0
1264,5,744,789,781,736,-8,-8,45,0,45,5.0,1,5.0,1,5.0,1,5.0,1
1265,5,470,480,46,-43,-434,-513,89,79,10,3.0,0,3.0,0,3.0,0,2.0,0
1266,4,-220,-164,529,561,693,781,-32,-88,56,3.0,0,3.0,0,3.5,0,4.0,1
1267,5,335,335,335,335,0,0,0,0,0,4.0,0,4.0,0,4.0,0,4.0,0
1268,4,445,445,205,381,-240,-64,-176,-176,0,2.0,0,2.0,0,1.0,0,2.0,0
1269,5,805,827,799,815,-28,10,-16,-38,22,4.5,0,5.0,1,5.0,1,4.5,0
1270,4,896,896,1074,1074,178,178,0,0,0,4.0,1,4.0,1,3.0,0,3.0,0
1271,4,813,565,561,879,-4,66,-318,-70,-248,3.5,0,4.0,1,4.0,1,4.0,1
1272,5,1373,1315,1017,1103,-298,-270,-86,-28,-58,4.5,0,4.5,0,4.5,0,4.5,0
1273,6,5293,5945,5945,5821,0,528,124,-528,652,6.0,1,6.0,1,6.0,1,6.0,1
1274,5,390,390,369,505,-21,115,-136,-136,0,4.0,0,4.0,0,4.0,0,4.0,0
1275,6,311,311,311,311,0,0,0,0,0,3.0,0,3.0,0,3.0,0,3.0,0
1276,5,592,880,-3,177,-883,-415,-180,-468,288,5.0,1,5.0,1,2.5,0,4.0,0
1277,5,596,-180,-52,338,128,-258,-390,386,-776,4.0,0,2.0,0,3.0,0,4.0,0
1278,5,621,485,560,529,75,-92,31,167,-136,4.5,0,4.0,0,3.0,0,3.5,0
1279,6,1729,1501,1196,1424,-305,-305,-228,0,-228,6.0,1,6.0,1,6.0,1,6.0,1
1280,5,-510,-510,-411,-830,99,-320,419,419,0,1.0,0,1.0,0,2.0,0,2.0,0
1281,5,-42,-42,-231,-28,-189,14,-203,-203,0,2.5,0,2.5,0,1.0,0,1.5,0
1282,6,511,537,746,720,209,209,26,0,26,2.5,0,3.0,0,3.5,0,3.0,0
1283,5,690,631,759,600,128,-90,159,218,-59,5.0,1,5.0,1,5.0,1,5.0,1
1284,5,752,978,969,743,-9,-9,226,0,226,4.0,0,4.0,0,4.0,0,4.5,0
1285,6,1673,1620,1811,1838,191,165,-27,26,-53,6.0,1,6.0,1,6.0,1,6.0,1
1286,6,1416,1226,1186,1186,-40,-230,0,190,-190,5.5,0,6.0,1,5.0,0,5.0,0
1287,5,966,1057,983,968,-74,2,15,-76,91,4.0,0,4.0,0,4.0,0,4.0,0
1288,6,1372,1472,1291,1191,-181,-181,100,0,100,6.0,1,6.0,1,6.0,1,4.0,0
1289,5,102,364,304,-240,-60,-342,544,282,262,3.0,0,4.0,0,4.0,0,1.0,0
1290,5,985,1192,1192,985,0,0,207,0,207,3.0,0,4.0,0,4.0,0,3.0,0
1291,5,369,369,-50,303,-419,-66,-353,-353,0,4.0,0,4.0,0,4.5,0,5.0,1
1292,6,145,-27,343,422,370,277,-79,93,-172,4.5,0,3.5,0,4.0,0,4.0,0
1293,4,444,769,428,297,-341,-147,131,-194,325,4.0,1,4.0,1,3.0,0,3.0,0
1294,5,1026,1026,1020,1020,-6,-6,0,0,0,3.5,0,3.5,0,3.0,0,3.0,0
1295,5,-50,-50,-50,-50,0,0,0,0,0,1.5,0,1.5,0,1.5,0,1.5,0
1296,5,-260,-440,-487,-347,-47,-87,-140,40,-180,1.0,0,1.0,0,1.0,0,1.5,0
1297,5,524,420,748,748,328,224,0,104,-104,3.0,0,3.0,0,4.0,0,4.0,0
1298,6,51,56,15,124,-41,73,-109,-114,5,4.0,0,4.0,0,4.0,0,4.0,0
1299,5,837,837,837,837,0,0,0,0,0,4.0,0,4.0,0,4.0,0,4.0,0
1300,5,584,557,639,556,82,-28,83,110,-27,3.5,0,3.5,0,5.0,1,4.0,0
1301,6,24,24,28,28,4,4,0,0,0,2.0,0,2.0,0,2.5,0,2.5,0
1302,5,553,553,535,535,-18,-18,0,0,0,5.0,1,5.0,1,5.0,1,5.0,1
1303,5,749,1348,1348,548,0,-201,800,201,599,3.0,0,3.0,0,4.0,0,3.0,0
1304,5,-139,54,-115,239,-169,378,-354,-547,193,3.5,0,4.0,0,3.5,0,5.0,1
1305,4,1012,1012,929,983,-83,-29,-54,-54,0,3.0,0,3.0,0,3.0,0,3.0,0
1306,5,187,402,-106,-321,-508,-508,215,0,215,3.5,0,3.0,0,3.0,0,3.0,0
1307,4,283,283,378,378,95,95,0,0,0,3.5,0,3.5,0,3.0,0,3.0,0
1308,6,-24,-268,-110,67,158,91,-177,67,-244,3.0,0,2.5,0,3.0,0,3.0,0
1309,5,155,155,938,938,783,783,0,0,0,4.0,0,4.0,0,4.0,0,4.0,0
1310,5,990,1020,1053,1053,33,63,0,-30,30,4.0,0,4.0,0,4.0,0,4.0,0
1311,5,826,741,561,753,-180,-73,-192,-107,-85,5.0,1,5.0,1,5.0,1,5.0,1
1312,5,697,125,-722,131,-847,-566,-853,-281,-572,5.0,1,2.5,0,1.0,0,4.0,0
1313,6,1249,496,1249,1249,753,0,0,753,-753,5.0,0,2.0,0,5.0,0,5.0,0
1314,5,1510,1406,1327,1327,-79,-183,0,104,-104,3.0,0,3.0,0,3.0,0,3.0,0
1315,4,-96,-96,-258,-258,-162,-162,0,0,0,3.0,0,3.0,0,2.5,0,2.5,0
1316,6,442,870,468,285,-402,-157,183,-245,428,4.5,0,4.0,0,4.5,0,4.0,0
1317,6,-197,-325,-782,-796,-457,-599,14,142,-128,5.0,0,5.0,0,2.5,0,3.0,0
1318,5,311,311,289,289,-22,-22,0,0,0,5.0,1,5.0,1,5.0,1,5.0,1
1319,4,394,601,688,481,87,87,207,0,207,4.0,1,4.0,1,4.0,1,4.0,1
1320,5,411,637,125,125,-512,-286,0,-226,226,5.0,1,5.0,1,3.5,0,3.5,0
1321,6,37,55,415,397,360,360,18,0,18,4.0,0,4.0,0,5.5,0,5.5,0
1322,4,-21,-512,-242,-272,270,-251,30,521,-491,3.0,0,3.0,0,2.0,0,2.0,0
1323,5,515,515,662,662,147,147,0,0,0,4.0,0,4.0,0,4.5,0,4.5,0
1324,5,927,927,927,861,0,-66,66,66,0,5.0,1,5.0,1,5.0,1,5.0,1
1325,4,-252,-217,-205,-251,12,1,46,11,35,1.0,0,2.0,0,2.0,0,1.0,0
1326,4,690,576,1019,1019,443,329,0,114,-114,3.0,0,3.0,0,3.5,0,3.5,0
1327,6,448,907,707,489,-200,41,218,-241,459,5.5,0,6.0,1,6.0,1,6.0,1
1328,4,-77,-5,55,229,60,306,-174,-246,72,2.0,0,2.0,0,1.5,0,3.0,0
1329,4,835,769,931,997,162,162,-66,0,-66,4.0,1,4.0,1,4.0,1,4.0,1
1330,5,26,26,125,449,99,423,-324,-324,0,3.5,0,3.5,0,3.0,0,3.0,0
1331,4,1913,2860,2776,1913,-84,0,863,-84,947,4.0,1,2.5,0,2.0,0,4.0,1
1332,6,881,1210,1185,1329,-25,448,-144,-473,329,5.0,0,5.5,0,5.0,0,5.0,0
1333,6,-443,-431,124,-239,555,204,363,351,12,3.5,0,3.5,0,5.0,0,3.5,0
1334,4,625,615,783,783,168,158,0,10,-10,3.0,0,3.5,0,3.5,0,3.5,0
1335,5,17,17,-143,-116,-160,-133,-27,-27,0,3.0,0,3.0,0,3.0,0,3.0,0
1336,5,-478,-478,-461,-498,17,-20,37,37,0,1.0,0,1.0,0,1.0,0,1.0,0
1337,5,-401,-329,-329,-401,0,0,72,0,72,1.5,0,2.5,0,2.5,0,1.5,0
1338,5,280,280,378,378,98,98,0,0,0,4.0,0,4.0,0,3.5,0,3.5,0
1339,5,657,596,1114,1093,518,436,21,82,-61,5.0,1,5.0,1,5.0,1,5.0,1
1340,6,-989,-989,-1083,-804,-94,185,-279,-279,0,2.0,0,2.0,0,2.0,0,2.0,0
1341,6,656,656,557,559,-99,-97,-2,-2,0,6.0,1,6.0,1,6.0,1,6.0,1
1342,4,173,173,173,173,0,0,0,0,0,1.5,0,1.5,0,1.5,0,1.5,0
1343,5,620,620,1010,942,390,322,68,68,0,4.5,0,4.5,0,5.0,1,5.0,1
1344,4,690,690,683,683,-7,-7,0,0,0,4.0,1,4.0,1,4.0,1,4.0,1
1345,5,417,380,372,-109,-8,-526,481,518,-37,5.0,1,5.0,1,5.0,1,2.5,0
1346,5,-30,-30,-184,-184,-154,-154,0,0,0,3.0,0,3.0,0,4.5,0,4.5,0
1347,4,1090,1090,1212,1014,122,-76,198,198,0,4.0,1,4.0,1,4.0,1,4.0,1
1348,6,1662,1462,1453,1414,-9,-248,39,239,-200,5.5,0,5.0,0,5.5,0,5.5,0
1349,4,-154,-100,99,-145,199,9,244,190,54,1.0,0,2.0,0,1.5,0,1.0,0
1350,5,-25,-2,208,208,210,233,0,-23,23,2.0,0,3.0,0,5.0,1,5.0,1
1351,5,1025,1025,1142,1142,117,117,0,0,0,5.0,1,5.0,1,5.0,1,5.0,1
1352,4,96,96,47,47,-49,-49,0,0,0,3.0,0,3.0,0,2.5,0,2.5,0
1353,4,-206,-179,-154,-154,25,52,0,-27,27,2.0,0,1.5,0,2.0,0,2.0,0
1354,6,850,877,719,692,-158,-158,27,0,27,5.0,0,5.0,0,5.0,0,5.0,0
1355,5,866,682,682,566,0,-300,116,300,-184,5.0,1,5.0,1,5.0,1,4.0,0
1356,5,-133,-260,-222,-95,38,38,-127,0,-127,3.0,0,3.0,0,3.5,0,3.5,0
1357,6,386,651,627,376,-24,-10,251,-14,265,5.0,0,5.0,0,5.0,0,5.0,0
1358,4,3016,3236,3577,3231,341,215,346,126,220,4.0,1,4.0,1,4.0,1,4.0,1
1359,6,570,471,949,1027,478,457,-78,21,-99,6.0,1,5.5,0,6.0,1,6.0,1
1360,6,1075,1047,1070,1056,23,-19,14,42,-28,4.5,0,5.0,0,6.0,1,6.0,1
1361,5,395,389,341,-3,-48,-398,344,350,-6,3.0,0,3.5,0,3.0,0,2.0,0
1362,5,481,481,566,589,85,108,-23,-23,0,5.0,1,5.0,1,5.0,1,5.0,1
1363,5,288,288,338,338,50,50,0,0,0,4.0,0,4.0,0,4.0,0,4.0,0
1364,4,183,163,233,-30,70,-213,263,283,-20,4.0,1,4.0,1,3.0,0,1.5,0
1365,5,382,761,574,317,-187,-65,257,-122,379,4.0,0,5.0,1,4.0,0,4.0,0
1366,4,770,1203,1046,1046,-157,276,0,-433,433,3.0,0,3.0,0,3.0,0,3.0,0
1367,5,485,485,485,485,0,0,0,0,0,3.0,0,3.0,0,3.0,0,3.0,0
1368,5,-110,450,357,-207,-93,-97,564,4,560,2.0,0,4.5,0,2.5,0,2.0,0
1369,5,421,851,851,421,0,0,430,0,430,3.0,0,4.0,0,4.0,0,3.0,0
1370,6,-54,42,-53,-287,-95,-233,234,138,96,4.0,0,4.0,0,4.5,0,2.5,0
1371,5,-109,-225,-264,64,-39,173,-328,-212,-116,2.0,0,1.0,0,1.0,0,3.0,0
1372,5,1410,1410,1322,1410,-88,0,-88,-88,0,4.0,0,4.0,0,4.0,0,4.0,0
1373,5,-158,3,-147,-195,-150,-37,48,-113,161,3.0,0,2.0,0,2.0,0,2.0,0
1374,5,-167,-167,-280,-280,-113,-113,0,0,0,1.5,0,1.5,0,2.5,0,2.5,0
1375,5,2420,2260,1829,1829,-431,-591,0,160,-160,4.0,0,4.0,0,4.0,0,4.0,0
1376,4,551,369,577,759,208,208,-182,0,-182,3.5,0,3.0,0,3.0,0,4.0,1
1377,4,-138,-138,-800,-800,-662,-662,0,0,0,2.0,0,2.0,0,1.0,0,1.0,0
1378,5,-128,-128,-746,-746,-618,-618,0,0,0,2.0,0,2.0,0,1.5,0,1.5,0
1379,4,37,37,84,281,47,244,-197,-197,0,4.0,1,4.0,1,4.0,1,4.0,1
1380,5,-193,109,255,-47,146,146,302,0,302,3.0,0,3.0,0,3.0,0,3.0,0
1381,4,1870,1353,1351,1873,-2,3,-522,-5,-517,4.0,1,4.0,1,4.0,1,4.0,1
1382,5,-58,30,97,-6,67,52,103,15,88,3.0,0,3.0,0,3.5,0,3.5,0
1383,4,-597,-597,-738,-738,-141,-141,0,0,0,1.0,0,1.0,0,1.0,0,1.0,0
1384,6,-1238,-1748,-1123,-1302,625,-64,179,689,-510,1.0,0,1.0,0,1.0,0,1.0,0
1385,5,-724,-357,-296,-566,61,158,270,-97,367,1.5,0,2.0,0,2.0,0,1.5,0
1386,4,104,549,430,430,-119,326,0,-445,445,2.5,0,3.0,0,3.5,0,3.5,0
1387,6,-572,-572,37,37,609,609,0,0,0,2.0,0,2.0,0,4.0,0,4.0,0
1388,5,958,958,1073,1073,115,115,0,0,0,5.0,1,5.0,1,5.0,1,5.0,1
1389,6,525,408,556,556,148,31,0,117,-117,5.5,0,5.5,0,6.0,1,6.0,1
1390,4,109,108,48,108,-60,-1,-60,-59,-1,3.5,0,4.0,1,3.5,0,4.0,1
1391,5,372,372,601,601,229,229,0,0,0,3.5,0,3.5,0,5.0,1,5.0,1
1392,5,605,605,1492,1492,887,887,0,0,0,5.0,1,5.0,1,5.0,1,5.0,1
1393,5,580,722,518,641,-204,61,-123,-265,142,3.5,0,4.5,0,3.5,0,3.5,0
1394,5,897,897,906,1113,9,216,-207,-207,0,3.0,0,3.0,0,5.0,1,4.5,0
1395,4,143,208,23,249,-185,106,-226,-291,65,3.5,0,3.5,0,2.5,0,2.5,0
1396,4,313,267,290,290,23,-23,0,46,-46,3.5,0,3.5,0,3.5,0,3.5,0
1397,5,468,173,-516,-354,-689,-822,-162,133,-295,2.0,0,2.0,0,2.0,0,2.0,0
1398,5,237,237,427,427,190,190,0,0,0,5.0,1,5.0,1,5.0,1,5.0,1
1399,6,4725,4892,3885,4734,-1007,9,-849,-1016,167,6.0,1,6.0,1,6.0,1,6.0,1
1400,4,46,46,46,46,0,0,0,0,0,4.0,1,4.0,1,4.0,1,4.0,1
1401,5,-166,123,-66,-188,-189,-22,122,-167,289,4.5,0,4.0,0,2.5,0,2.0,0
1402,4,622,440,440,622,0,0,-182,0,-182,4.0,1,4.0,1,4.0,1,4.0,1
1403,5,-42,-237,-221,-26,16,16,-195,0,-195,3.5,0,2.0,0,2.0,0,3.5,0
1404,4,337,259,251,330,-8,-7,-79,-1,-78,3.0,0,2.5,0,3.0,0,3.0,0
1405,4,-177,-197,5,25,202,202,-20,0,-20,3.0,0,2.5,0,3.0,0,3.0,0
1406,4,-48,-48,168,168,216,216,0,0,0,2.5,0,2.5,0,3.0,0,3.0,0
1407,4,347,347,414,414,67,67,0,0,0,3.5,0,3.5,0,3.5,0,3.5,0
1408,6,337,337,337,337,0,0,0,0,0,4.0,0,4.0,0,4.0,0,4.0,0
1409,5,319,336,453,676,117,357,-223,-240,17,4.5,0,4.5,0,5.0,1,3.0,0
1410,5,-422,-547,-452,-327,95,95,-125,0,-125,3.5,0,3.0,0,3.5,0,4.0,0
1411,4,593,695,558,428,-137,-165,130,28,102,4.0,1,4.0,1,4.0,1,3.5,0
1412,4,423,279,277,452,-2,29,-175,-31,-144,3.5,0,3.5,0,3.5,0,4.0,1
1413,4,175,175,349,349,174,174,0,0,0,2.0,0,2.0,0,3.0,0,3.0,0
1414,4,220,220,124,124,-96,-96,0,0,0,4.0,1,4.0,1,3.0,0,3.0,0
1415,4,-435,-435,-393,-429,42,6,36,36,0,1.0,0,1.0,0,1.0,0,1.0,0
1416,5,956,956,961,961,5,5,0,0,0,5.0,1,5.0,1,5.0,1,5.0,1
1417,5,196,825,535,112,-290,-84,423,-206,629,4.0,0,4.0,0,4.0,0,4.0,0
1418,5,40,40,16,-114,-24,-154,130,130,0,2.0,0,2.0,0,3.5,0,2.5,0
1419,4,270,436,436,380,0,110,56,-110,166,3.0,0,3.0,0,3.0,0,3.0,0
1420,4,-11,-76,-57,26,19,37,-83,-18,-65,3.5,0,3.5,0,3.5,0,3.0,0
1421,4,1190,1733,1424,926,-309,-264,498,-45,543,2.0,0,3.0,0,2.5,0,2.0,0
1422,5,201,288,337,254,49,53,83,-4,87,4.0,0,4.0,0,4.5,0,4.5,0
1423,5,21,21,-86,-86,-107,-107,0,0,0,2.5,0,2.5,0,1.0,0,1.0,0
1424,5,875,706,-54,121,-760,-754,-175,-6,-169,5.0,1,4.5,0,2.5,0,3.5,0
1425,6,2927,3183,2859,2887,-324,-40,-28,-284,256,6.0,1,6.0,1,6.0,1,6.0,1
1426,4,414,181,151,54,-30,-360,97,330,-233,4.0,1,3.0,0,3.0,0,2.0,0
1427,5,95,95,288,368,193,273,-80,-80,0,4.0,0,4.0,0,4.5,0,4.5,0
1428,5,415,415,347,347,-68,-68,0,0,0,4.0,0,4.0,0,5.0,1,5.0,1
1429,4,1089,1036,695,695,-341,-394,0,53,-53,4.0,1,4.0,1,4.0,1,4.0,1
1430,5,405,327,612,645,285,240,-33,45,-78,3.0,0,3.0,0,3.0,0,3.0,0
1431,4,305,305,276,146,-29,-159,130,130,0,3.0,0,3.0,0,3.0,0,3.0,0
1432,4,317,317,-67,-67,-384,-384,0,0,0,4.0,1,4.0,1,3.5,0,3.5,0
1433,5,612,767,1001,620,234,8,381,226,155,5.0,1,5.0,1,5.0,1,5.0,1
1434,5,303,493,100,57,-393,-246,43,-147,190,3.0,0,3.0,0,3.0,0,3.0,0
1435,6,832,1039,839,621,-200,-211,218,11,207,2.0,0,3.0,0,2.0,0,2.0,0
1436,5,331,-131,407,221,538,-110,186,648,-462,3.0,0,3.0,0,3.0,0,3.0,0
1437,4,851,606,850,850,244,-1,0,245,-245,4.0,1,3.0,0,4.0,1,4.0,1
1438,4,82,172,172,82,0,0,90,0,90,2.0,0,3.5,0,3.5,0,2.0,0
1439,5,92,75,265,282,190,190,-17,0,-17,3.5,0,3.5,0,4.0,0,4.0,0
1440,6,311,428,422,422,-6,111,0,-117,117,4.0,0,4.0,0,4.0,0,4.0,0
1441,5,372,361,489,489,128,117,0,11,-11,4.5,0,4.5,0,5.0,1,5.0,1
1442,5,213,213,323,323,110,110,0,0,0,5.0,1,5.0,1,5.0,1,5.0,1
1443,4,211,211,142,149,-69,-62,-7,-7,0,3.5,0,3.5,0,3.0,0,3.0,0
1444,6,1378,1982,2051,1848,69,470,203,-401,604,4.0,0,4.0,0,4.0,0,4.0,0
1445,5,78,78,77,77,-1,-1,0,0,0,3.0,0,3.0,0,3.0,0,3.0,0
1446,4,417,417,203,340,-214,-77,-137,-137,0,2.5,0,2.5,0,2.0,0,2.0,0
1447,6,257,257,353,353,96,96,0,0,0,4.0,0,4.0,0,5.0,0,5.0,0
1448,6,1188,-144,232,1279,376,91,-1047,285,-1332,4.0,0,3.0,0,3.0,0,4.0,0
1449,5,73,261,535,497,274,424,38,-150,188,2.0,0,3.5,0,4.0,0,4.0,0
1450,5,-587,-349,69,-233,418,354,302,64,238,2.0,0,2.0,0,2.0,0,2.0,0
1451,6,846,846,917,886,71,40,31,31,0,5.0,0,5.0,0,6.0,1,6.0,1
1452,6,663,663,824,269,161,-394,555,555,0,6.0,1,6.0,1,6.0,1,6.0,1
1453,6,295,295,395,458,100,163,-63,-63,0,3.5,0,3.5,0,4.0,0,4.0,0
1454,5,560,550,349,337,-201,-223,12,22,-10,3.0,0,3.0,0,3.5,0,4.0,0
1455,6,871,1004,473,676,-531,-195,-203,-336,133,6.0,1,6.0,1,5.0,0,6.0,1
1456,6,71,-104,122,278,226,207,-156,19,-175,2.0,0,1.0,0,3.5,0,5.5,0
1457,5,491,274,270,270,-4,-221,0,217,-217,4.0,0,2.5,0,3.5,0,3.5,0
1458,5,163,836,648,138,-188,-25,510,-163,673,4.0,0,5.0,1,5.0,1,3.5,0
1459,6,976,782,403,566,-379,-410,-163,31,-194,5.0,0,5.5,0,4.5,0,5.0,0
1460,5,1580,781,512,1204,-269,-376,-692,107,-799,5.0,1,3.5,0,4.0,0,4.0,0
1461,5,714,714,760,766,46,52,-6,-6,0,4.5,0,4.5,0,5.0,1,5.0,1
1462,6,258,230,346,420,116,162,-74,-46,-28,5.5,0,6.0,1,6.0,1,6.0,1
1463,6,2824,1837,1947,3244,110,420,-1297,-310,-987,6.0,1,4.5,0,5.0,0,6.0,1
1464,6,-220,-212,-254,-262,-42,-42,8,0,8,5.0,0,5.0,0,5.0,0,5.0,0
1465,4,456,261,-149,657,-410,201,-806,-611,-195,3.0,0,3.0,0,3.5,0,4.0,1
1466,4,346,346,592,592,246,246,0,0,0,3.5,0,3.5,0,4.0,1,4.0,1
1467,5,209,445,794,358,349,149,436,200,236,2.5,0,4.0,0,3.5,0,3.0,0
1468,6,446,446,360,489,-86,43,-129,-129,0,4.0,0,4.0,0,4.0,0,4.0,0
1469,5,615,615,615,615,0,0,0,0,0,4.5,0,4.5,0,4.5,0,4.5,0
1470,5,613,344,339,627,-5,14,-288,-19,-269,3.0,0,4.0,0,4.0,0,3.0,0
1471,4,1028,1028,1059,1106,31,78,-47,-47,0,4.0,1,4.0,1,4.0,1,4.0,1
1472,5,592,570,570,532,0,-60,38,60,-22,5.0,1,5.0,1,5.0,1,5.0,1
1473,5,235,95,199,250,104,15,-51,89,-140,5.0,1,3.0,0,5.0,1,5.0,1
1474,5,132,401,373,145,-28,13,228,-41,269,3.0,0,4.0,0,4.0,0,2.0,0
1475,4,467,1115,1317,641,202,174,676,28,648,3.5,0,4.0,1,3.5,0,3.5,0
1476,5,418,171,279,252,108,-166,27,274,-247,5.0,1,5.0,1,5.0,1,5.0,1
1477,5,54,54,130,-74,76,-128,204,204,0,3.0,0,3.0,0,3.0,0,3.0,0
1478,4,265,400,558,558,158,293,0,-135,135,3.0,0,3.0,0,3.0,0,3.0,0
1479,4,138,497,523,296,26,158,227,-132,359,3.0,0,3.5,0,3.5,0,3.5,0
1480,5,347,347,419,619,72,272,-200,-200,0,3.0,0,3.0,0,4.0,0,4.0,0
1481,5,98,124,124,98,0,0,26,0,26,2.5,0,2.5,0,2.5,0,2.5,0
1482,5,606,514,135,320,-379,-286,-185,-93,-92,4.0,0,3.0,0,2.0,0,2.0,0
1483,4,317,161,161,311,0,-6,-150,6,-156,3.0,0,3.5,0,3.5,0,3.0,0
1484,4,-305,-305,-710,-710,-405,-405,0,0,0,2.0,0,2.0,0,1.5,0,1.5,0
1485,6,1073,1073,1041,1041,-32,-32,0,0,0,6.0,1,6.0,1,5.5,0,5.5,0
1486,5,678,493,618,803,125,125,-185,0,-185,5.0,1,4.0,0,2.5,0,3.0,0
1487,5,-193,-193,-204,-212,-11,-19,8,8,0,3.0,0,3.0,0,3.0,0,3.0,0
1488,4,1082,1082,858,897,-224,-185,-39,-39,0,4.0,1,4.0,1,4.0,1,4.0,1
1489,5,-814,-814,-797,-797,17,17,0,0,0,1.0,0,1.0,0,1.0,0,1.0,0
1490,5,-520,-395,-407,-567,-12,-47,160,35,125,2.5,0,2.5,0,2.5,0,1.0,0
1491,5,-76,-76,-510,-510,-434,-434,0,0,0,1.0,0,1.0,0,1.0,0,1.0,0
1492,4,-124,-124,209,125,333,249,84,84,0,3.0,0,3.0,0,3.0,0,3.0,0
1493,4,37,74,74,37,0,0,37,0,37,1.5,0,1.5,0,1.5,0,1.5,0
1494,5,678,747,735,834,-12,156,-99,-168,69,5.0,1,5.0,1,5.0,1,5.0,1
1495,5,339,339,211,211,-128,-128,0,0,0,4.0,0,4.0,0,3.5,0,3.5,0
1496,5,253,253,139,139,-114,-114,0,0,0,2.5,0,2.5,0,2.0,0,2.0,0
1497,5,176,149,82,-45,-67,-221,127,154,-27,4.0,0,4.0,0,3.0,0,2.0,0
1498,4,491,507,557,533,50,42,24,8,16,4.0,1,4.0,1,4.0,1,4.0,1
1499,5,-498,-462,-648,-486,-186,12,-162,-198,36,3.5,0,4.0,0,3.0,0,4.0,0
1500,5,407,209,209,407,0,0,-198,0,-198,3.0,0,2.5,0,2.5,0,3.0,0
1501,6,937,1589,1036,489,-553,-448,547,-105,652,3.5,0,5.0,0,5.0,0,3.0,0
1502,5,729,605,616,717,11,-12,-101,23,-124,5.0,1,5.0,1,4.0,0,5.0,1
1503,5,-42,-42,-42,-42,0,0,0,0,0,2.0,0,2.0,0,2.0,0,2.0,0
1504,6,-96,-53,-155,-285,-102,-189,130,87,43,4.5,0,4.5,0,3.0,0,3.0,0
1505,5,2990,2990,2990,2990,0,0,0,0,0,4.5,0,4.5,0,4.5,0,4.5,0
1506,5,471,667,-61,-4,-728,-475,-57,-253,196,5.0,1,5.0,1,1.5,0,1.5,0
1507,5,394,394,492,492,98,98,0,0,0,4.5,0,4.5,0,4.5,0,4.5,0
1508,5,547,656,844,728,188,181,116,7,109,4.0,0,4.0,0,5.0,1,5.0,1
1509,5,1411,788,788,1411,0,0,-623,0,-623,4.5,0,2.5,0,2.5,0,4.5,0
1510,5,83,375,335,110,-40,27,225,-67,292,1.0,0,4.0,0,4.5,0,4.0,0
1511,4,239,219,-162,-162,-381,-401,0,20,-20,3.0,0,4.0,1,2.5,0,2.5,0
1512,6,807,841,1037,1096,196,289,-59,-93,34,5.5,0,6.0,1,5.5,0,5.5,0
1513,5,-683,116,-30,-682,-146,1,652,-147,799,1.0,0,2.0,0,2.0,0,1.0,0
1514,5,728,728,706,706,-22,-22,0,0,0,4.5,0,4.5,0,5.0,1,5.0,1
1515,6,317,317,91,72,-226,-245,19,19,0,3.5,0,3.5,0,2.0,0,2.0,0
1516,4,-245,-23,-14,-291,9,-46,277,55,222,2.0,0,2.5,0,2.0,0,2.0,0
1517,4,-127,-123,-161,-165,-38,-38,4,0,4,1.0,0,1.0,0,1.0,0,1.0,0
1518,4,979,944,809,647,-135,-332,162,197,-35,4.0,1,4.0,1,4.0,1,4.0,1
1519,6,984,984,1464,1464,480,480,0,0,0,6.0,1,6.0,1,6.0,1,6.0,1
1520,6,-81,19,-60,-60,-79,21,0,-100,100,2.0,0,2.0,0,2.0,0,2.0,0
1521,6,3560,3698,3781,3560,83,0,221,83,138,4.5,0,6.0,1,6.0,1,4.5,0
1522,5,228,416,271,229,-145,1,42,-146,188,2.0,0,4.0,0,4.0,0,2.0,0
1523,5,-326,210,-126,-92,-336,234,-34,-570,536,1.5,0,4.5,0,3.5,0,3.5,0
1524,4,-95,-95,-183,-183,-88,-88,0,0,0,2.5,0,2.5,0,1.5,0,1.5,0
1525,6,314,765,1118,1238,353,924,-120,-571,451,4.5,0,6.0,1,6.0,1,6.0,1
1526,5,485,417,-112,-140,-529,-625,28,96,-68,4.0,0,2.5,0,2.0,0,2.0,0
1527,5,655,866,655,655,-211,0,0,-211,211,2.0,0,2.5,0,2.0,0,2.0,0
1528,5,667,667,665,665,-2,-2,0,0,0,5.0,1,5.0,1,5.0,1,5.0,1
1529,6,280,120,257,138,137,-142,119,279,-160,3.0,0,1.5,0,3.0,0,2.0,0
1530,5,285,426,432,399,6,114,33,-108,141,4.0,0,4.0,0,4.5,0,4.5,0
1531,6,-159,245,-119,-152,-364,7,33,-371,404,2.0,0,3.0,0,5.5,0,4.5,0
1532,5,255,118,-8,145,-126,-110,-153,-16,-137,3.5,0,4.0,0,4.0,0,4.0,0
1533,6,577,577,638,649,61,72,-11,-11,0,5.0,0,5.0,0,5.0,0,5.0,0
1534,4,945,1348,1348,945,0,0,403,0,403,3.0,0,3.0,0,3.0,0,3.0,0
1535,5,78,902,1311,487,409,409,824,0,824,3.0,0,4.0,0,4.0,0,4.0,0
1536,5,4713,4893,4695,5336,-198,623,-641,-821,180,4.5,0,5.0,1,5.0,1,4.5,0
1537,5,92,367,498,224,131,132,274,-1,275,3.5,0,5.0,1,5.0,1,4.0,0
1538,6,2373,2175,2353,2353,178,-20,0,198,-198,3.0,0,3.0,0,3.0,0,3.0,0
1539,6,976,807,789,711,-18,-265,78,247,-169,5.5,0,5.5,0,5.0,0,5.0,0
1540,6,676,676,676,676,0,0,0,0,0,6.0,1,6.0,1,6.0,1,6.0,1
1541,6,538,371,443,443,72,-95,0,167,-167,5.0,0,5.0,0,5.0,0,5.0,0
1542,5,296,296,91,91,-205,-205,0,0,0,2.0,0,2.0,0,2.0,0,2.0,0
1543,6,1534,1575,1575,1534,0,0,41,0,41,3.5,0,4.0,0,4.0,0,3.5,0
1544,5,932,943,1075,1327,132,395,-252,-263,11,4.0,0,4.0,0,5.0,1,5.0,1
1545,5,-447,-393,-378,-432,15,15,54,0,54,3.0,0,3.0,0,3.0,0,3.0,0
1546,6,547,547,-124,-124,-671,-671,0,0,0,4.5,0,4.5,0,2.5,0,2.5,0
1547,4,569,-34,-34,569,0,0,-603,0,-603,2.0,0,2.0,0,2.0,0,2.0,0
1548,4,990,990,847,847,-143,-143,0,0,0,4.0,1,4.0,1,3.5,0,3.5,0
1549,4,133,120,126,139,6,6,-13,0,-13,3.0,0,2.5,0,2.5,0,3.0,0
1550,6,610,452,726,747,274,137,-21,137,-158,5.0,0,5.0,0,6.0,1,6.0,1
1551,4,-287,-19,-257,-527,-238,-240,270,2,268,1.0,0,1.5,0,2.5,0,1.0,0
1552,5,1880,1911,2514,1871,603,-9,643,612,31,3.0,0,4.0,0,4.0,0,3.5,0
1553,6,1106,1106,245,245,-861,-861,0,0,0,6.0,1,6.0,1,5.0,0,5.0,0
1554,5,493,723,557,557,-166,64,0,-230,230,5.0,1,5.0,1,5.0,1,5.0,1
1555,5,467,392,174,174,-218,-293,0,75,-75,4.5,0,4.0,0,4.5,0,4.5,0
1556,5,271,479,479,271,0,0,208,0,208,3.5,0,4.0,0,4.0,0,3.5,0
1557,6,1,-53,124,-89,177,-90,213,267,-54,4.0,0,3.0,0,3.5,0,3.0,0
1558,6,164,-229,180,180,409,16,0,393,-393,4.0,0,2.5,0,4.0,0,4.0,0
1559,4,431,431,484,427,53,-4,57,57,0,3.5,0,3.5,0,3.0,0,3.0,0
1560,4,-643,-930,-676,-370,254,273,-306,-19,-287,3.0,0,1.0,0,2.0,0,2.5,0
1561,5,3753,3555,4178,3753,623,0,425,623,-198,5.0,1,5.0,1,5.0,1,5.0,1
1562,5,631,855,1059,822,204,191,237,13,224,3.0,0,4.5,0,5.0,1,5.0,1
1563,5,591,591,591,591,0,0,0,0,0,3.5,0,3.5,0,3.5,0,3.5,0
1564,6,-27,-27,61,42,88,69,19,19,0,2.0,0,2.0,0,2.0,0,2.0,0
1565,4,187,381,584,382,203,195,202,8,194,3.5,0,4.0,1,4.0,1,4.0,1
1566,5,1868,1868,1898,1898,30,30,0,0,0,5.0,1,5.0,1,5.0,1,5.0,1
1567,6,265,271,301,157,30,-108,144,138,6,2.5,0,2.5,0,4.0,0,4.0,0
1568,5,754,754,-20,144,-774,-610,-164,-164,0,5.0,1,5.0,1,3.0,0,3.0,0
1569,4,-923,-911,-862,-755,49,168,-107,-119,12,1.0,0,1.0,0,1.0,0,1.0,0
1570,6,-187,-404,41,-12,445,175,53,270,-217,3.0,0,3.0,0,3.0,0,3.0,0
1571,4,-354,-307,-135,-188,172,166,53,6,47,3.0,0,2.0,0,2.5,0,3.0,0
1572,4,155,-161,287,179,448,24,108,424,-316,3.5,0,3.0,0,3.0,0,3.5,0
1573,6,-156,-82,-115,-189,-33,-33,74,0,74,3.0,0,3.0,0,3.0,0,3.0,0
1574,4,441,441,408,396,-33,-45,12,12,0,4.0,1,4.0,1,4.0,1,4.0,1
1575,4,-94,-23,-137,-144,-114,-50,7,-64,71,2.0,0,2.5,0,2.0,0,2.0,0
1576,5,-21,-21,118,118,139,139,0,0,0,3.5,0,3.5,0,4.0,0,4.0,0
1577,4,818,818,596,596,-222,-222,0,0,0,4.0,1,4.0,1,4.0,1,4.0,1
1578,5,823,780,571,565,-209,-258,6,49,-43,5.0,1,5.0,1,5.0,1,5.0,1
1579,4,647,647,815,815,168,168,0,0,0,3.0,0,3.0,0,4.0,1,4.0,1
1580,6,804,778,729,556,-49,-248,173,199,-26,5.5,0,5.0,0,4.0,0,4.0,0
1581,4,-493,-665,-303,-303,362,190,0,172,-172,1.5,0,1.5,0,1.0,0,1.0,0
1582,6,232,1500,909,232,-591,0,677,-591,1268,3.0,0,5.0,0,5.0,0,3.0,0
1583,5,-62,-296,161,161,457,223,0,234,-234,3.5,0,2.0,0,3.0,0,3.0,0
1584,4,386,386,607,607,221,221,0,0,0,3.0,0,3.0,0,4.0,1,4.0,1
1585,5,127,322,-72,213,-394,86,-285,-480,195,3.0,0,3.0,0,3.0,0,3.0,0
1586,6,1380,1380,837,837,-543,-543,0,0,0,6.0,1,6.0,1,6.0,1,6.0,1
1587,5,210,445,724,489,279,279,235,0,235,4.0,0,4.0,0,5.0,1,5.0,1
1588,6,-674,-838,-830,-666,8,8,-164,0,-164,1.0,0,1.0,0,1.0,0,1.0,0
1589,6,1313,1118,1118,1313,0,0,-195,0,-195,4.0,0,4.0,0,4.0,0,4.0,0
1590,5,-60,-60,231,231,291,291,0,0,0,2.5,0,2.5,0,3.5,0,3.5,0
1591,5,628,670,852,656,182,28,196,154,42,5.0,1,5.0,1,5.0,1,5.0,1
1592,4,-91,74,135,202,61,293,-67,-232,165,2.0,0,2.0,0,2.0,0,2.0,0
1593,5,-56,-56,-63,-63,-7,-7,0,0,0,4.0,0,4.0,0,4.0,0,4.0,0
1594,5,2028,2053,2441,1701,388,-327,740,715,25,5.0,1,4.5,0,5.0,1,4.0,0
1595,4,149,149,-161,-161,-310,-310,0,0,0,3.0,0,3.0,0,2.0,0,2.0,0
1596,5,562,560,798,804,238,242,-6,-4,-2,4.5,0,4.5,0,5.0,1,5.0,1
1597,4,280,328,376,360,48,80,16,-32,48,3.0,0,3.0,0,3.0,0,3.0,0
1598,6,473,473,257,257,-216,-216,0,0,0,6.0,1,6.0,1,6.0,1,6.0,1
1599,5,1060,992,1000,868,8,-192,132,200,-68,4.0,0,4.0,0,4.0,0,4.0,0
1600,4,-46,53,71,355,18,401,-284,-383,99,2.0,0,2.0,0,2.0,0,3.0,0
1601,5,-75,-75,96,96,171,171,0,0,0,1.0,0,1.0,0,3.0,0,3.0,0
1602,6,109,109,109,109,0,0,0,0,0,2.0,0,2.0,0,2.0,0,2.0,0
1603,5,213,213,-49,-150,-262,-363,101,101,0,4.0,0,4.0,0,3.5,0,3.5,0
1604,5,1309,1309,1077,1092,-232,-217,-15,-15,0,4.5,0,4.5,0,5.0,1,5.0,1
1605,5,-265,-108,-18,-74,90,191,56,-101,157,1.0,0,2.0,0,4.5,0,2.5,0
1606,6,179,365,494,284,129,105,210,24,186,3.0,0,3.5,0,2.5,0,3.0,0
1607,5,358,211,-88,-179,-299,-537,91,238,-147,3.5,0,2.5,0,2.5,0,3.0,0
1608,4,1146,1053,622,196,-431,-950,426,519,-93,4.0,1,4.0,1,4.0,1,2.5,0
1609,4,301,301,597,504,296,203,93,93,0,3.0,0,3.0,0,4.0,1,4.0,1
1610,6,437,262,575,750,313,313,-175,0,-175,4.5,0,4.0,0,4.0,0,4.0,0
1611,5,3804,2035,2035,2233,0,-1571,-198,1571,-1769,5.0,1,3.5,0,3.5,0,4.0,0
1612,5,574,496,496,574,0,0,-78,0,-78,2.5,0,3.0,0,3.0,0,2.5,0
1613,4,234,234,-25,-25,-259,-259,0,0,0,4.0,1,4.0,1,3.0,0,3.0,0
1614,5,-62,163,-239,-471,-402,-409,232,7,225,3.5,0,4.5,0,2.0,0,1.0,0
1615,4,51,80,127,98,47,47,29,0,29,3.0,0,3.0,0,2.5,0,2.5,0
1616,5,752,642,642,752,0,0,-110,0,-110,4.5,0,4.5,0,4.5,0,4.5,0
1617,5,299,269,496,496,227,197,0,30,-30,5.0,1,5.0,1,5.0,1,5.0,1
1618,5,655,772,644,644,-128,-11,0,-117,117,5.0,1,4.5,0,4.5,0,4.5,0
1619,6,149,353,138,-98,-215,-247,236,32,204,4.5,0,5.0,0,4.5,0,4.0,0
1620,6,-236,-221,-230,-236,-9,0,6,-9,15,1.5,0,3.5,0,3.0,0,1.5,0
1621,4,-39,-39,-406,-455,-367,-416,49,49,0,2.0,0,2.0,0,1.0,0,1.0,0
1622,5,1173,975,1173,1173,198,0,0,198,-198,5.0,1,4.5,0,5.0,1,5.0,1
1623,4,-601,-253,-211,-266,42,335,55,-293,348,2.0,0,2.0,0,1.5,0,1.5,0
1624,5,344,469,480,480,11,136,0,-125,125,2.0,0,2.0,0,2.0,0,2.0,0
1625,6,-144,-43,-200,-557,-157,-413,357,256,101,4.0,0,4.0,0,4.0,0,2.0,0
1626,4,808,942,593,584,-349,-224,9,-125,134,4.0,1,4.0,1,4.0,1,4.0,1
1627,5,232,232,408,402,176,170,6,6,0,4.0,0,4.0,0,5.0,1,5.0,1
1628,4,484,509,272,312,-237,-172,-40,-65,25,3.0,0,3.0,0,3.0,0,2.5,0
1629,5,289,308,113,289,-195,0,-176,-195,19,2.5,0,2.0,0,2.0,0,2.5,0
1630,5,1740,1747,1945,2213,198,473,-268,-275,7,5.0,1,4.0,0,4.0,0,5.0,1
1631,5,141,257,29,-177,-228,-318,206,90,116,2.5,0,2.5,0,3.0,0,2.5,0
1632,5,-20,-44,-45,33,-1,53,-78,-54,-24,4.0,0,3.5,0,3.0,0,3.0,0
1633,6,-265,89,-616,-616,-705,-351,0,-354,354,2.0,0,2.0,0,2.0,0,2.0,0
1634,4,323,426,545,442,119,119,103,0,103,3.5,0,3.5,0,4.0,1,4.0,1
1635,6,395,395,395,395,0,0,0,0,0,5.0,0,5.0,0,5.0,0,5.0,0
1636,5,1214,1214,1316,1316,102,102,0,0,0,4.0,0,4.0,0,4.5,0,4.5,0
1637,4,704,704,1169,1169,465,465,0,0,0,4.0,1,4.0,1,4.0,1,4.0,1
1638,5,695,667,516,516,-151,-179,0,28,-28,4.5,0,4.5,0,5.0,1,5.0,1
1639,5,643,643,855,1115,212,472,-260,-260,0,4.0,0,4.0,0,5.0,1,5.0,1
1640,5,-152,-111,-119,-128,-8,24,9,-32,41,2.5,0,2.0,0,1.0,0,2.5,0
1641,5,-306,-306,-426,-426,-120,-120,0,0,0,4.0,0,4.0,0,3.0,0,3.0,0
1642,5,280,365,358,304,-7,24,54,-31,85,3.0,0,3.0,0,3.0,0,3.0,0
1643,6,-516,-572,-574,-574,-2,-58,0,56,-56,2.0,0,2.0,0,2.0,0,2.0,0
1644,4,646,646,669,331,23,-315,338,338,0,4.0,1,4.0,1,4.0,1,4.0,1
1645,6,-38,-38,53,53,91,91,0,0,0,1.5,0,1.5,0,1.5,0,1.5,0
1646,5,660,916,831,794,-85,134,37,-219,256,3.5,0,5.0,1,5.0,1,5.0,1
1647,5,107,-355,-348,-452,7,-559,104,566,-462,3.0,0,2.0,0,2.0,0,2.0,0
1648,5,1336,1336,1336,1336,0,0,0,0,0,5.0,1,5.0,1,5.0,1,5.0,1
1649,5,1056,1097,1134,1095,37,39,39,-2,41,5.0,1,5.0,1,5.0,1,5.0,1
1650,5,-49,-257,507,206,764,255,301,509,-208,3.0,0,3.0,0,3.0,0,3.0,0
1651,5,257,411,794,794,383,537,0,-154,154,4.5,0,4.5,0,5.0,1,5.0,1
1652,5,155,607,334,733,-273,578,-399,-851,452,5.0,1,4.0,0,5.0,1,5.0,1
1653,5,1079,1184,1168,1073,-16,-6,95,-10,105,5.0,1,4.5,0,4.5,0,5.0,1
1654,6,1923,1097,1097,1295,0,-628,-198,628,-826,3.5,0,4.0,0,4.0,0,4.0,0
1655,5,-228,-61,-119,-267,-58,-39,148,-19,167,2.0,0,3.0,0,3.5,0,2.5,0
1656,5,83,83,92,356,9,273,-264,-264,0,4.5,0,4.5,0,4.5,0,4.5,0
1657,4,365,491,650,650,159,285,0,-126,126,4.0,1,4.0,1,4.0,1,4.0,1
1658,4,-739,-900,-455,-664,445,75,209,370,-161,2.0,0,2.0,0,2.0,0,2.0,0
1659,5,338,153,151,334,-2,-4,-183,2,-185,4.0,0,4.0,0,4.0,0,4.5,0
1660,4,459,459,370,370,-89,-89,0,0,0,4.0,1,4.0,1,4.0,1,4.0,1
1661,5,50,-49,32,32,81,-18,0,99,-99,2.5,0,2.0,0,2.0,0,2.0,0
1662,5,-274,-274,-300,-129,-26,145,-171,-171,0,2.0,0,2.0,0,1.0,0,4.0,0
1663,5,154,65,-75,14,-140,-140,-89,0,-89,2.0,0,2.0,0,3.0,0,3.0,0
1664,4,-425,-645,-920,-663,-275,-238,-257,-37,-220,1.0,0,1.0,0,1.0,0,1.0,0
1665,5,504,486,546,564,60,60,-18,0,-18,4.0,0,4.0,0,5.0,1,4.5,0
1666,4,-251,-251,-94,-127,157,124,33,33,0,2.0,0,2.0,0,2.0,0,2.0,0
1667,4,667,756,398,486,-358,-181,-88,-177,89,4.0,1,4.0,1,4.0,1,4.0,1
1668,5,-608,-776,-926,-570,-150,38,-356,-188,-168,2.0,0,1.5,0,2.0,0,2.0,0
1669,6,1102,1618,1630,1051,12,-51,579,63,516,6.0,1,6.0,1,6.0,1,6.0,1
1670,6,240,240,266,241,26,1,25,25,0,5.0,0,5.0,0,5.0,0,5.0,0
1671,5,-98,31,-91,-261,-122,-163,170,41,129,3.0,0,3.5,0,3.5,0,3.0,0
1672,6,-208,-183,-11,-11,172,197,0,-25,25,2.0,0,2.5,0,2.0,0,2.0,0
1673,5,948,958,730,733,-228,-215,-3,-13,10,4.5,0,4.5,0,4.0,0,4.5,0
1674,5,-183,-183,-184,-184,-1,-1,0,0,0,1.0,0,1.0,0,1.0,0,1.0,0
1675,5,114,114,615,426,501,312,189,189,0,5.0,1,5.0,1,5.0,1,5.0,1
1676,5,526,570,485,256,-85,-270,229,185,44,2.0,0,2.0,0,2.0,0,2.5,0
1677,5,74,74,71,68,-3,-6,3,3,0,4.0,0,4.0,0,5.0,1,5.0,1
1678,4,417,426,587,492,161,75,95,86,9,4.0,1,4.0,1,4.0,1,3.5,0
1679,5,1366,1393,1444,1417,51,51,27,0,27,5.0,1,5.0,1,5.0,1,5.0,1
1680,5,145,162,162,145,0,0,17,0,17,4.0,0,4.0,0,4.0,0,4.0,0
1681,4,484,949,406,161,-543,-323,245,-220,465,4.0,1,4.0,1,4.0,1,3.0,0
1682,4,222,301,432,432,131,210,0,-79,79,2.0,0,3.5,0,4.0,1,4.0,1
1683,6,274,274,256,256,-18,-18,0,0,0,4.0,0,4.0,0,4.0,0,4.0,0
1684,5,237,237,237,237,0,0,0,0,0,5.0,1,5.0,1,5.0,1,5.0,1
1685,5,182,-59,523,515,582,333,8,249,-241,2.0,0,2.0,0,2.0,0,2.5,0
1686,5,-32,-227,-381,-186,-154,-154,-195,0,-195,4.0,0,4.0,0,2.0,0,2.0,0
1687,5,-757,-245,328,-468,573,289,796,284,512,2.5,0,3.5,0,3.0,0,1.5,0
1688,6,-274,-296,-467,-914,-171,-640,447,469,-22,2.5,0,2.0,0,1.5,0,1.0,0
1689,5,501,995,1169,632,174,131,537,43,494,4.0,0,4.0,0,4.0,0,4.0,0
1690,6,1900,2354,2488,2034,134,134,454,0,454,3.0,0,4.5,0,5.0,0,3.0,0
1691,5,2148,1124,940,1138,-184,-1010,-198,826,-1024,5.0,1,4.5,0,4.5,0,5.0,1
1692,6,923,944,1145,1172,201,249,-27,-48,21,6.0,1,6.0,1,6.0,1,6.0,1
1693,5,607,409,213,501,-196,-106,-288,-90,-198,4.5,0,3.0,0,3.0,0,4.0,0
1694,4,90,872,467,-134,-405,-224,601,-181,782,2.0,0,2.0,0,2.0,0,1.0,0
1695,4,299,365,365,329,0,30,36,-30,66,2.5,0,3.0,0,3.0,0,2.5,0
1696,6,1250,1457,1448,1247,-9,-3,201,-6,207,5.5,0,6.0,1,6.0,1,5.5,0
1697,5,574,574,400,577,-174,3,-177,-177,0,5.0,1,5.0,1,3.0,0,5.0,1
1698,5,180,180,180,180,0,0,0,0,0,4.0,0,4.0,0,4.0,0,4.0,0
1699,5,1398,1194,1170,1170,-24,-228,0,204,-204,5.0,1,5.0,1,5.0,1,5.0,1
1700,4,432,436,181,272,-255,-160,-91,-95,4,2.5,0,2.5,0,2.5,0,2.5,0
1701,4,148,-47,-157,121,-110,-27,-278,-83,-195,2.0,0,1.5,0,1.0,0,2.0,0
1702,5,237,212,256,232,44,-5,24,49,-25,4.0,0,4.0,0,4.0,0,4.0,0
1703,5,-104,-104,11,-72,115,32,83,83,0,3.0,0,3.0,0,4.0,0,4.0,0
1704,4,271,271,360,360,89,89,0,0,0,3.5,0,3.5,0,4.0,1,4.0,1
1705,5,366,413,437,390,24,24,47,0,47,4.0,0,4.0,0,5.0,1,5.0,1
1706,5,1173,604,359,939,-245,-234,-580,-11,-569,3.5,0,2.5,0,3.0,0,3.0,0
1707,5,-17,-17,-17,-17,0,0,0,0,0,4.0,0,4.0,0,4.0,0,4.0,0
1708,6,629,463,484,484,21,-145,0,166,-166,4.0,0,4.0,0,4.0,0,4.0,0
1709,5,-1212,-1212,-898,-1212,314,0,314,314,0,1.0,0,1.0,0,1.0,0,1.0,0
1710,5,-181,-152,-314,-343,-162,-162,29,0,29,4.0,0,4.0,0,2.0,0,1.5,0
1711,6,344,337,797,797,460,453,0,7,-7,4.0,0,4.0,0,4.5,0,4.5,0
1712,5,1309,1309,1309,1309,0,0,0,0,0,4.0,0,4.0,0,4.0,0,4.0,0
1713,5,1129,1129,815,609,-314,-520,206,206,0,5.0,1,5.0,1,4.5,0,4.0,0
1714,5,535,337,512,710,175,175,-198,0,-198,4.0,0,3.5,0,4.0,0,4.5,0
1715,4,-28,151,356,356,205,384,0,-179,179,2.0,0,2.0,0,2.5,0,2.5,0
1716,4,947,988,1115,942,127,-5,173,132,41,4.0,1,4.0,1,4.0,1,4.0,1
1717,4,672,672,379,543,-293,-129,-164,-164,0,3.0,0,3.0,0,3.0,0,3.0,0
1718,4,5,5,218,208,213,203,10,10,0,2.0,0,2.0,0,4.0,1,4.0,1
1719,5,-1100,-1285,-728,-887,557,213,159,344,-185,2.0,0,2.0,0,2.0,0,2.0,0
1720,5,807,718,677,811,-41,4,-134,-45,-89,5.0,1,5.0,1,4.5,0,5.0,1
1721,5,182,142,828,828,686,646,0,40,-40,3.0,0,3.0,0,3.5,0,3.5,0
1722,6,803,1228,1521,922,293,119,599,174,425,5.0,0,6.0,1,6.0,1,5.0,0
1723,5,-673,-673,-678,-678,-5,-5,0,0,0,1.0,0,1.0,0,1.0,0,1.0,0
1724,6,-184,-323,-501,-704,-178,-520,203,342,-139,4.0,0,3.0,0,2.5,0,2.0,0
1725,5,256,840,983,589,143,333,394,-190,584,4.0,0,5.0,1,5.0,1,5.0,1
1726,6,-142,-157,380,173,537,315,207,222,-15,2.5,0,2.5,0,4.0,0,4.0,0
1727,6,276,276,222,214,-54,-62,8,8,0,2.5,0,2.5,0,2.0,0,4.0,0
1728,4,2,2,14,14,12,12,0,0,0,2.5,0,2.5,0,2.5,0,2.5,0
1729,5,911,729,907,844,178,-67,63,245,-182,5.0,1,5.0,1,5.0,1,5.0,1
1730,4,518,518,460,283,-58,-235,177,177,0,4.0,1,4.0,1,3.0,0,2.0,0
1731,5,771,771,740,740,-31,-31,0,0,0,5.0,1,5.0,1,4.0,0,4.0,0
1732,5,-762,-707,-950,-767,-243,-5,-183,-238,55,1.0,0,1.0,0,1.5,0,1.0,0
1733,6,2291,2291,1845,2059,-446,-232,-214,-214,0,5.0,0,5.0,0,5.5,0,5.5,0
1734,5,-1049,-703,-702,-845,1,204,143,-203,346,1.0,0,1.0,0,1.0,0,1.0,0
1735,5,2734,2734,2734,2734,0,0,0,0,0,4.0,0,4.0,0,4.0,0,4.0,0
1736,5,2030,1313,1486,1277,173,-753,209,926,-717,3.0,0,3.0,0,3.0,0,3.0,0
1737,6,-321,407,515,154,108,475,361,-367,728,2.0,0,4.5,0,6.0,1,6.0,1
1738,4,624,269,697,513,428,-111,184,539,-355,3.5,0,3.5,0,4.0,1,3.5,0
1739,5,-23,-161,498,498,659,521,0,138,-138,3.5,0,3.5,0,5.0,1,5.0,1
1740,5,250,353,-9,279,-362,29,-288,-391,103,3.0,0,4.0,0,2.5,0,2.5,0
1741,5,4268,4676,4676,4268,0,0,408,0,408,5.0,1,5.0,1,5.0,1,5.0,1
1742,5,33,110,100,-67,-10,-100,167,90,77,2.5,0,2.5,0,2.5,0,2.0,0
1743,5,710,703,645,391,-58,-319,254,261,-7,4.5,0,4.5,0,4.5,0,4.0,0
1744,5,2974,2974,2701,3113,-273,139,-412,-412,0,5.0,1,5.0,1,4.0,0,4.0,0
1745,4,-126,-126,-50,-133,76,-7,83,83,0,3.0,0,3.0,0,3.0,0,3.0,0
1746,4,336,387,569,349,182,13,220,169,51,3.0,0,3.0,0,3.0,0,3.0,0
1747,5,663,723,496,522,-227,-141,-26,-86,60,5.0,1,5.0,1,4.5,0,4.5,0
1748,4,-43,-17,-125,-18,-108,25,-107,-133,26,1.0,0,1.0,0,1.5,0,2.5,0
1749,4,-295,-458,-647,-484,-189,-189,-163,0,-163,1.0,0,1.0,0,1.0,0,1.0,0
1750,5,837,764,915,1011,151,174,-96,-23,-73,3.0,0,4.0,0,3.0,0,3.0,0
1751,5,384,384,365,327,-19,-57,38,38,0,5.0,1,5.0,1,5.0,1,5.0,1
1752,4,188,188,-54,-54,-242,-242,0,0,0,3.0,0,3.0,0,2.5,0,2.5,0
1753,6,459,529,450,500,-79,41,-50,-120,70,4.0,0,4.0,0,4.0,0,4.0,0
1754,5,932,711,623,877,-88,-55,-254,-33,-221,5.0,1,5.0,1,5.0,1,5.0,1
1755,6,351,351,242,242,-109,-109,0,0,0,4.0,0,4.0,0,3.0,0,3.0,0
1756,4,335,335,325,304,-10,-31,21,21,0,3.0,0,3.0,0,3.5,0,3.5,0
1757,4,696,702,731,725,29,29,6,0,6,4.0,1,4.0,1,4.0,1,4.0,1
1758,5,873,903,705,705,-198,-168,0,-30,30,5.0,1,5.0,1,4.5,0,4.5,0
1759,6,177,177,189,177,12,0,12,12,0,3.5,0,3.5,0,4.0,0,3.5,0
1760,5,-234,742,200,-190,-542,44,390,-586,976,2.5,0,4.0,0,2.5,0,1.5,0
1761,4,1086,962,668,668,-294,-418,0,124,-124,4.0,1,4.0,1,4.0,1,4.0,1
1762,4,-90,-90,-90,-90,0,0,0,0,0,2.5,0,2.5,0,2.5,0,2.5,0
1763,4,475,497,354,332,-143,-143,22,0,22,4.0,1,4.0,1,4.0,1,4.0,1
1764,5,705,705,475,594,-230,-111,-119,-119,0,4.5,0,4.5,0,4.0,0,4.5,0
1765,5,304,356,357,357,1,53,0,-52,52,5.0,1,5.0,1,5.0,1,5.0,1
1766,5,845,876,890,859,14,14,31,0,31,5.0,1,5.0,1,5.0,1,5.0,1
1767,5,77,-179,396,396,575,319,0,256,-256,3.5,0,2.0,0,4.5,0,4.5,0
1768,4,718,876,868,858,-8,140,10,-148,158,3.0,0,3.0,0,3.0,0,3.5,0
1769,4,144,192,306,306,114,162,0,-48,48,2.0,0,2.0,0,2.0,0,2.0,0
1770,4,-529,-529,-529,-479,0,50,-50,-50,0,2.0,0,2.0,0,2.0,0,2.0,0
1771,4,311,362,116,68,-246,-243,48,-3,51,3.5,0,4.0,1,3.0,0,2.0,0
1772,5,977,857,454,634,-403,-343,-180,-60,-120,5.0,1,5.0,1,5.0,1,5.0,1
1773,6,-594,-382,44,-195,426,399,239,27,212,3.0,0,3.0,0,5.0,0,2.5,0
1774,4,-55,151,95,-83,-56,-28,178,-28,206,3.0,0,3.0,0,2.5,0,2.0,0
1775,5,1051,1487,1487,1105,0,54,382,-54,436,5.0,1,5.0,1,5.0,1,5.0,1
1776,5,544,549,183,306,-366,-238,-123,-128,5,3.5,0,3.5,0,3.0,0,3.0,0
1777,5,1545,1586,1988,1752,402,207,236,195,41,3.5,0,3.5,0,4.5,0,3.0,0
1778,6,-587,-233,-233,-587,0,0,354,0,354,2.0,0,2.0,0,2.0,0,2.0,0
1779,4,703,322,960,960,638,257,0,381,-381,3.0,0,3.0,0,4.0,1,4.0,1
1780,6,416,452,836,890,384,474,-54,-90,36,5.5,0,5.5,0,6.0,1,6.0,1
1781,4,934,1122,953,476,-169,-458,477,289,188,4.0,1,3.5,0,3.5,0,4.0,1
1782,4,-296,-311,-236,-296,75,0,60,75,-15,1.0,0,1.0,0,1.0,0,1.0,0
1783,5,-609,-404,-404,-609,0,0,205,0,205,3.0,0,4.0,0,2.5,0,1.5,0
1784,5,20,237,23,9,-214,-11,14,-203,217,1.5,0,1.5,0,1.5,0,1.5,0
1785,4,735,764,388,564,-376,-171,-176,-205,29,4.0,1,4.0,1,3.0,0,4.0,1
1786,5,917,917,673,661,-244,-256,12,12,0,5.0,1,5.0,1,4.0,0,4.0,0
1787,5,807,810,1010,774,200,-33,236,233,3,4.5,0,4.0,0,4.0,0,5.0,1
1788,4,-58,-64,-62,-62,2,-4,0,6,-6,2.0,0,2.0,0,2.0,0,2.0,0
1789,4,53,150,124,143,-26,90,-19,-116,97,2.0,0,2.0,0,2.5,0,3.0,0
1790,5,326,379,388,331,9,5,57,4,53,4.0,0,4.5,0,3.0,0,3.0,0
1791,4,260,260,342,342,82,82,0,0,0,3.0,0,3.0,0,3.5,0,3.5,0
1792,6,1182,1182,1316,1382,134,200,-66,-66,0,5.0,0,5.0,0,5.0,0,5.5,0
1793,6,-312,108,240,-180,132,132,420,0,420,3.0,0,3.5,0,4.0,0,3.0,0
1794,6,724,926,644,442,-282,-282,202,0,202,5.0,0,5.0,0,5.0,0,5.0,0
1795,6,483,450,438,447,-12,-36,-9,24,-33,6.0,1,6.0,1,6.0,1,6.0,1
1796,4,564,286,510,392,224,-172,118,396,-278,4.0,1,4.0,1,4.0,1,4.0,1
1797,5,-286,-154,3,-554,157,-268,557,425,132,2.0,0,1.5,0,3.0,0,2.0,0
1798,5,508,508,419,370,-89,-138,49,49,0,5.0,1,5.0,1,5.0,1,5.0,1
1799,4,308,213,109,292,-104,-16,-183,-88,-95,4.0,1,4.0,1,4.0,1,4.0,1
1800,5,833,1240,1589,1187,349,354,402,-5,407,4.0,0,4.0,0,4.0,0,4.0,0
1801,5,-96,-154,-205,31,-51,127,-236,-178,-58,1.0,0,1.5,0,1.5,0,3.0,0
1802,5,896,1256,1557,1541,301,645,16,-344,360,3.0,0,5.0,1,5.0,1,5.0,1
1803,5,-41,-81,212,270,293,311,-58,-18,-40,4.0,0,3.5,0,4.0,0,4.5,0
1804,5,4211,2627,2627,4008,0,-203,-1381,203,-1584,5.0,1,5.0,1,5.0,1,5.0,1
1805,4,960,819,816,951,-3,-9,-135,6,-141,3.5,0,3.0,0,4.0,1,4.0,1
1806,6,47,85,85,85,0,38,0,-38,38,4.5,0,4.5,0,4.5,0,4.5,0
1807,5,121,121,121,121,0,0,0,0,0,3.0,0,3.0,0,3.0,0,3.0,0
1808,5,616,742,540,414,-202,-202,126,0,126,4.0,0,4.0,0,5.0,1,3.5,0
1809,4,802,802,492,437,-310,-365,55,55,0,4.0,1,4.0,1,4.0,1,4.0,1
1810,6,-894,-894,-1137,-1234,-243,-340,97,97,0,1.0,0,1.0,0,1.0,0,1.0,0
1811,6,203,469,380,380,-89,177,0,-266,266,5.0,0,6.0,1,6.0,1,6.0,1
1812,5,134,134,72,72,-62,-62,0,0,0,4.0,0,4.0,0,3.5,0,3.5,0
1813,5,191,400,631,422,231,231,209,0,209,4.0,0,4.0,0,4.5,0,4.0,0
1814,5,316,532,517,163,-15,-153,354,138,216,4.0,0,4.0,0,4.0,0,3.5,0
1815,5,854,862,1251,1105,389,251,146,138,8,4.0,0,4.0,0,3.5,0,3.0,0
1816,6,3144,2957,3065,2455,108,-689,610,797,-187,5.0,0,6.0,1,6.0,1,3.0,0
1817,5,512,512,320,320,-192,-192,0,0,0,4.0,0,4.0,0,4.0,0,4.0,0
1818,5,-432,-382,-435,-499,-53,-67,64,14,50,2.0,0,2.0,0,2.0,0,2.0,0
1819,4,772,772,761,805,-11,33,-44,-44,0,4.0,1,4.0,1,4.0,1,4.0,1
1820,4,-40,-40,-404,-404,-364,-364,0,0,0,1.5,0,1.5,0,1.5,0,1.5,0
1821,4,443,32,-295,-295,-327,-738,0,411,-411,2.0,0,2.0,0,3.0,0,3.0,0
1822,5,341,341,303,303,-38,-38,0,0,0,2.5,0,2.5,0,3.0,0,3.0,0
1823,6,2202,2260,2072,2037,-188,-165,35,-23,58,6.0,1,6.0,1,6.0,1,6.0,1
1824,6,-235,-235,-226,96,9,331,-322,-322,0,3.5,0,3.5,0,3.0,0,4.0,0
1825,6,2643,1890,1890,2621,0,-22,-731,22,-753,4.0,0,4.0,0,4.0,0,4.0,0
1826,6,-271,-359,-359,-233,0,38,-126,-38,-88,5.0,0,4.0,0,4.0,0,5.0,0
1827,5,414,420,474,468,54,54,6,0,6,2.5,0,2.5,0,2.5,0,2.5,0
1828,5,895,662,660,933,-2,38,-273,-40,-233,4.0,0,4.0,0,3.5,0,3.0,0
1829,5,-243,-210,433,725,643,968,-292,-325,33,3.0,0,3.0,0,5.0,1,5.0,1
1830,5,-661,-770,-770,-237,0,424,-533,-424,-109,2.0,0,1.0,0,1.0,0,2.5,0
1831,5,-231,-103,282,154,385,385,128,0,128,2.5,0,3.5,0,4.0,0,3.0,0
1832,6,572,567,578,626,11,54,-48,-43,-5,5.5,0,5.5,0,6.0,1,6.0,1
1833,5,-241,-241,-438,-395,-197,-154,-43,-43,0,1.0,0,1.0,0,1.0,0,1.0,0
1834,4,21,7,22,36,15,15,-14,0,-14,3.0,0,2.5,0,2.5,0,3.0,0
1835,5,925,885,939,979,54,54,-40,0,-40,5.0,1,5.0,1,5.0,1,5.0,1
1836,5,3089,2997,3363,3185,366,96,178,270,-92,4.0,0,4.0,0,4.0,0,4.0,0
1837,4,299,372,165,165,-207,-134,0,-73,73,4.0,1,3.5,0,2.0,0,2.0,0
1838,6,-261,-587,-587,-405,0,-144,-182,144,-326,2.5,0,2.0,0,2.0,0,2.0,0
1839,6,-204,-174,-393,-393,-219,-189,0,-30,30,3.0,0,2.0,0,4.0,0,4.0,0
1840,4,-342,-449,-232,-232,217,110,0,107,-107,2.0,0,2.0,0,2.0,0,2.0,0
1841,6,688,735,468,575,-267,-113,-107,-154,47,6.0,1,6.0,1,5.5,0,5.5,0
1842,6,1196,1196,1196,1196,0,0,0,0,0,5.0,0,5.0,0,5.0,0,5.0,0
1843,4,209,160,318,331,158,122,-13,36,-49,3.0,0,2.5,0,2.5,0,2.5,0
1844,4,-359,-359,-230,-213,129,146,-17,-17,0,1.0,0,1.0,0,1.0,0,1.0,0
1845,6,1201,1384,1233,1222,-151,21,11,-172,183,6.0,1,6.0,1,6.0,1,6.0,1
1846,5,1078,696,782,1164,86,86,-382,0,-382,5.0,1,4.0,0,4.0,0,5.0,1
1847,5,570,498,570,570,72,0,0,72,-72,4.5,0,4.5,0,4.5,0,4.5,0
1848,5,265,468,396,197,-72,-68,199,-4,203,4.0,0,4.0,0,3.0,0,2.5,0
1849,5,158,112,108,154,-4,-4,-46,0,-46,2.5,0,2.5,0,3.0,0,3.0,0
1850,6,-144,-246,-98,152,148,296,-250,-148,-102,3.0,0,2.5,0,2.5,0,3.0,0
1851,5,319,601,916,1088,315,769,-172,-454,282,4.0,0,4.0,0,5.0,1,5.0,1
1852,6,385,843,812,377,-31,-8,435,-23,458,4.0,0,5.0,0,4.5,0,4.0,0
1853,4,1071,1102,1267,1267,165,196,0,-31,31,4.0,1,4.0,1,4.0,1,4.0,1
1854,4,1000,1000,750,786,-250,-214,-36,-36,0,3.5,0,3.5,0,3.5,0,3.5,0
1855,4,-8,-8,259,281,267,289,-22,-22,0,3.0,0,3.0,0,3.5,0,3.5,0
1856,5,454,410,127,127,-283,-327,0,44,-44,4.0,0,4.0,0,4.0,0,4.0,0
1857,6,593,506,241,190,-265,-403,51,138,-87,4.0,0,4.0,0,5.0,0,5.0,0
1858,6,495,562,366,366,-196,-129,0,-67,67,6.0,1,6.0,1,6.0,1,6.0,1
1859,5,751,765,721,721,-44,-30,0,-14,14,3.0,0,3.0,0,4.0,0,4.0,0
1860,5,766,571,357,577,-214,-189,-220,-25,-195,5.0,1,5.0,1,4.5,0,4.5,0
1861,6,-319,-478,-1200,-863,-722,-544,-337,-178,-159,2.5,0,2.0,0,1.5,0,3.0,0
1862,6,977,977,797,719,-180,-258,78,78,0,6.0,1,6.0,1,6.0,1,6.0,1
1863,5,36,-346,-346,36,0,0,-382,0,-382,2.0,0,2.0,0,2.0,0,2.0,0
1864,4,2613,2806,2864,2575,58,-38,289,96,193,3.5,0,4.0,1,4.0,1,4.0,1
1865,5,1165,1625,750,328,-875,-837,422,-38,460,5.0,1,5.0,1,4.0,0,4.0,0
1866,5,427,202,439,426,237,-1,13,238,-225,4.0,0,4.0,0,5.0,1,5.0,1
1867,6,645,645,686,504,41,-141,182,182,0,5.0,0,5.0,0,5.0,0,3.5,0
1868,5,-60,-71,-661,-650,-590,-590,-11,0,-11,4.0,0,4.0,0,1.0,0,1.0,0
1869,5,32,44,118,100,74,68,18,6,12,2.5,0,2.5,0,3.0,0,3.0,0
1870,5,-145,-145,130,130,275,275,0,0,0,1.5,0,1.5,0,2.0,0,2.0,0
1871,5,47,47,-85,-85,-132,-132,0,0,0,4.0,0,4.0,0,4.0,0,4.0,0
1872,6,1079,644,913,913,269,-166,0,435,-435,6.0,1,4.5,0,5.0,0,5.0,0
1873,5,-1250,-415,-430,-1270,-15,-20,840,5,835,1.5,0,2.5,0,2.5,0,1.5,0
1874,6,380,746,968,464,222,84,504,138,366,4.0,0,4.0,0,4.0,0,3.0,0
1875,4,-467,-653,-653,-634,0,-167,-19,167,-186,2.0,0,2.0,0,2.0,0,2.0,0
1876,5,166,379,-46,-398,-425,-564,352,139,213,2.0,0,3.0,0,1.5,0,1.5,0
1877,4,-118,-19,1,-245,20,-127,246,147,99,3.0,0,3.0,0,3.0,0,2.0,0
1878,4,622,1115,762,789,-353,167,-27,-520,493,3.0,0,4.0,1,3.0,0,4.0,1
1879,4,908,908,1041,1134,133,226,-93,-93,0,4.0,1,4.0,1,4.0,1,4.0,1
1880,5,1148,1148,1088,1148,-60,0,-60,-60,0,5.0,1,5.0,1,5.0,1,5.0,1
1881,5,1640,1640,1640,1640,0,0,0,0,0,3.0,0,3.0,0,3.0,0,3.0,0
1882,5,192,204,95,95,-109,-97,0,-12,12,3.0,0,3.0,0,3.0,0,3.0,0
1883,4,643,698,698,643,0,0,55,0,55,4.0,1,4.0,1,4.0,1,4.0,1
1884,5,3937,3180,3115,3887,-65,-50,-772,-15,-757,5.0,1,4.0,0,4.0,0,3.5,0
1885,4,113,533,533,340,0,227,193,-227,420,2.5,0,2.5,0,2.5,0,3.5,0
1886,5,181,181,438,438,257,257,0,0,0,4.5,0,4.5,0,5.0,1,5.0,1
1887,5,397,425,229,234,-196,-163,-5,-33,28,3.5,0,3.5,0,4.0,0,4.0,0
1888,5,690,690,605,605,-85,-85,0,0,0,5.0,1,5.0,1,3.0,0,3.0,0
1889,5,-373,-373,-964,-714,-591,-341,-250,-250,0,1.0,0,1.0,0,1.0,0,1.0,0
1890,5,823,823,1609,823,786,0,786,786,0,2.5,0,2.5,0,5.0,1,2.5,0
1891,5,899,899,861,861,-38,-38,0,0,0,4.5,0,4.5,0,5.0,1,5.0,1
1892,4,423,907,1586,934,679,511,652,168,484,3.0,0,4.0,1,4.0,1,3.0,0
1893,4,244,244,372,372,128,128,0,0,0,1.0,0,1.0,0,1.0,0,1.0,0
1894,6,1033,1069,1072,1036,3,3,36,0,36,5.0,0,5.0,0,5.0,0,5.0,0
1895,5,-286,-648,369,-92,1017,194,461,823,-362,2.0,0,2.0,0,3.5,0,3.0,0
1896,4,631,631,631,631,0,0,0,0,0,3.0,0,3.0,0,3.0,0,3.0,0
1897,5,1647,1647,1295,1295,-352,-352,0,0,0,5.0,1,5.0,1,5.0,1,5.0,1
1898,6,-426,-1018,-481,4,537,430,-485,107,-592,2.0,0,2.0,0,2.0,0,2.5,0
1899,4,333,604,477,577,-127,244,-100,-371,271,3.5,0,4.0,1,3.5,0,3.5,0
1900,6,102,102,322,418,220,316,-96,-96,0,3.0,0,3.0,0,3.0,0,4.0,0
1901,5,-131,-131,-41,-41,90,90,0,0,0,2.0,0,2.0,0,2.0,0,2.0,0
1902,5,912,717,1100,1154,383,242,-54,141,-195,3.0,0,3.0,0,3.0,0,3.0,0
1903,4,304,304,320,278,16,-26,42,42,0,3.0,0,3.0,0,3.0,0,3.0,0
1904,5,445,473,487,459,14,14,28,0,28,4.5,0,4.5,0,4.0,0,4.0,0
1905,5,597,597,611,606,14,9,5,5,0,5.0,1,5.0,1,5.0,1,5.0,1
1906,5,553,553,554,554,1,1,0,0,0,4.5,0,4.5,0,4.5,0,4.5,0
1907,6,199,-62,-60,201,2,2,-261,0,-261,3.5,0,2.5,0,1.5,0,4.0,0
1908,5,50,260,446,30,186,-20,416,206,210,4.0,0,4.5,0,4.0,0,4.0,0
1909,4,-88,-288,9,229,297,317,-220,-20,-200,2.0,0,1.5,0,2.0,0,2.0,0
1910,5,-918,-633,-820,-1105,-187,-187,285,0,285,1.0,0,1.5,0,2.0,0,1.0,0
1911,4,843,1064,851,525,-213,-318,326,105,221,4.0,1,4.0,1,4.0,1,4.0,1
1912,5,930,930,1027,1027,97,97,0,0,0,4.0,0,4.0,0,5.0,1,5.0,1
1913,6,401,401,401,401,0,0,0,0,0,4.5,0,4.5,0,4.5,0,4.5,0
1914,6,1221,1376,1362,1207,-14,-14,155,0,155,4.0,0,4.0,0,4.0,0,4.0,0
1915,4,349,349,308,308,-41,-41,0,0,0,4.0,1,4.0,1,4.0,1,4.0,1
1916,5,-415,-380,-570,-835,-190,-420,265,230,35,2.0,0,2.0,0,2.0,0,1.0,0
1917,5,671,671,818,818,147,147,0,0,0,4.0,0,4.0,0,3.5,0,3.5,0
1918,5,40,-155,-441,-246,-286,-286,-195,0,-195,2.0,0,2.0,0,1.0,0,1.0,0
1919,6,142,124,311,311,187,169,0,18,-18,3.0,0,3.0,0,3.0,0,3.0,0
1920,6,286,91,189,189,98,-97,0,195,-195,5.0,0,4.0,0,4.5,0,4.5,0
1921,4,262,262,335,335,73,73,0,0,0,4.0,1,4.0,1,4.0,1,4.0,1
1922,5,573,573,494,494,-79,-79,0,0,0,4.5,0,4.5,0,4.5,0,4.5,0
1923,4,485,508,508,508,0,23,0,-23,23,3.0,0,3.0,0,3.0,0,3.0,0
1924,5,1583,1970,1805,1790,-165,207,15,-372,387,4.0,0,4.0,0,4.0,0,4.0,0
1925,5,469,675,676,398,1,-71,278,72,206,4.0,0,4.0,0,4.0,0,4.0,0
1926,5,317,317,130,130,-187,-187,0,0,0,4.5,0,4.5,0,3.0,0,3.0,0
1927,5,558,558,527,577,-31,19,-50,-50,0,4.0,0,4.0,0,4.0,0,5.0,1
1928,5,879,879,772,772,-107,-107,0,0,0,5.0,1,5.0,1,5.0,1,5.0,1
1929,5,-87,-485,-258,71,227,158,-329,69,-398,3.0,0,2.0,0,3.0,0,4.0,0
1930,5,-44,-44,56,56,100,100,0,0,0,5.0,1,5.0,1,5.0,1,5.0,1
1931,5,993,870,1195,993,325,0,202,325,-123,2.0,0,3.0,0,3.0,0,2.0,0
1932,5,337,467,337,337,-130,0,0,-130,130,1.5,0,4.0,0,1.5,0,1.5,0
1933,4,801,1240,871,871,-369,70,0,-439,439,3.0,0,4.0,1,2.5,0,2.5,0
1934,5,-430,-981,-1221,-451,-240,-21,-770,-219,-551,2.5,0,1.5,0,2.0,0,2.5,0
1935,5,865,946,753,631,-193,-234,122,41,81,4.0,0,4.0,0,4.0,0,4.0,0
1936,4,-154,-171,21,21,192,175,0,17,-17,4.0,1,2.5,0,4.0,1,4.0,1
1937,5,678,678,918,918,240,240,0,0,0,3.0,0,3.0,0,3.0,0,3.0,0
1938,5,1304,1517,1517,1304,0,0,213,0,213,4.0,0,4.5,0,4.5,0,4.0,0
1939,5,135,254,-141,-141,-395,-276,0,-119,119,3.0,0,3.0,0,3.0,0,3.0,0
1940,6,4386,5215,5719,4386,504,0,1333,504,829,6.0,1,5.0,0,6.0,1,6.0,1
1941,5,840,873,610,586,-263,-254,24,-9,33,4.0,0,4.5,0,4.0,0,4.0,0
1942,5,94,188,83,83,-105,-11,0,-94,94,4.0,0,4.0,0,4.0,0,4.0,0
1943,4,703,656,656,703,0,0,-47,0,-47,4.0,1,4.0,1,4.0,1,4.0,1
1944,6,113,41,32,104,-9,-9,-72,0,-72,4.5,0,4.0,0,3.0,0,3.0,0
1945,4,417,417,104,302,-313,-115,-198,-198,0,3.0,0,3.0,0,3.0,0,3.0,0
1946,5,289,778,726,726,-52,437,0,-489,489,3.0,0,4.0,0,3.0,0,3.0,0
1947,5,-299,-335,-335,-335,0,-36,0,36,-36,2.5,0,1.0,0,1.0,0,1.0,0
1948,4,934,934,846,846,-88,-88,0,0,0,4.0,1,4.0,1,4.0,1,4.0,1
1949,5,1377,1170,1538,1401,368,24,137,344,-207,5.0,1,5.0,1,5.0,1,5.0,1
1950,5,-327,-327,-391,-391,-64,-64,0,0,0,2.5,0,2.5,0,2.0,0,2.0,0
1951,5,618,648,395,483,-253,-135,-88,-118,30,5.0,1,5.0,1,5.0,1,5.0,1
1952,4,2898,2912,2912,2898,0,0,14,0,14,4.0,1,4.0,1,4.0,1,4.0,1
1953,5,890,890,891,891,1,1,0,0,0,4.0,0,4.0,0,4.0,0,4.0,0
1954,4,776,596,408,618,-188,-158,-210,-30,-180,4.0,1,3.0,0,2.0,0,3.0,0
1955,6,-180,-180,-138,-138,42,42,0,0,0,4.0,0,4.0,0,4.0,0,4.0,0
1956,5,-39,-39,167,167,206,206,0,0,0,4.0,0,4.0,0,4.5,0,4.5,0
1957,4,253,460,374,280,-86,27,94,-113,207,2.0,0,2.0,0,3.0,0,3.0,0
1958,5,550,604,398,480,-206,-70,-82,-136,54,5.0,1,5.0,1,5.0,1,5.0,1
1959,4,119,119,159,388,40,269,-229,-229,0,2.5,0,2.5,0,2.5,0,4.0,1
1960,5,78,612,618,113,6,35,505,-29,534,2.5,0,5.0,1,4.5,0,5.0,1
1961,5,376,284,325,325,41,-51,0,92,-92,3.0,0,3.0,0,3.0,0,3.0,0
1962,5,344,344,78,115,-266,-229,-37,-37,0,3.0,0,3.0,0,2.0,0,2.0,0
1963,6,1739,2845,2841,1964,-4,225,877,-229,1106,5.5,0,6.0,1,6.0,1,5.5,0
1964,5,270,312,115,-11,-197,-281,126,84,42,4.0,0,3.5,0,4.0,0,4.0,0
1965,4,200,36,839,372,803,172,467,631,-164,1.5,0,1.5,0,4.0,1,4.0,1
1966,5,-982,-789,-840,-1043,-51,-61,203,10,193,1.0,0,1.0,0,1.0,0,1.0,0
1967,4,904,428,366,842,-62,-62,-476,0,-476,4.0,1,3.0,0,3.0,0,4.0,1
1968,5,323,458,433,331,-25,8,102,-33,135,2.5,0,2.0,0,3.0,0,3.0,0
1969,4,166,156,-365,-394,-521,-560,29,39,-10,3.5,0,3.5,0,2.0,0,2.0,0
1970,6,762,763,988,1045,225,283,-57,-58,1,5.0,0,5.0,0,5.0,0,5.0,0
1971,5,354,490,-208,85,-698,-269,-293,-429,136,4.0,0,4.0,0,3.0,0,3.0,0
1972,5,545,353,376,553,23,8,-177,15,-192,4.0,0,2.0,0,2.0,0,4.0,0
1973,4,726,876,779,726,-97,0,53,-97,150,3.5,0,4.0,1,3.5,0,3.5,0
1974,5,713,713,673,733,-40,20,-60,-60,0,3.5,0,3.5,0,3.0,0,3.0,0
1975,5,-410,-283,-177,-26,106,384,-151,-278,127,2.0,0,2.0,0,2.0,0,2.0,0
1976,4,144,180,331,171,151,27,160,124,36,3.0,0,2.5,0,3.5,0,3.0,0
1977,5,718,925,727,520,-198,-198,207,0,207,2.5,0,2.5,0,2.0,0,2.0,0
1978,4,185,185,276,276,91,91,0,0,0,2.0,0,2.0,0,3.0,0,3.0,0
1979,5,-283,-193,-399,-362,-206,-79,-37,-127,90,4.0,0,3.0,0,3.0,0,3.0,0
1980,5,1287,1287,1302,1297,15,10,5,5,0,5.0,1,5.0,1,5.0,1,5.0,1
1981,6,474,510,930,403,420,-71,527,491,36,5.0,0,5.0,0,6.0,1,5.5,0
1982,5,-281,-281,-390,-293,-109,-12,-97,-97,0,2.0,0,2.0,0,2.0,0,2.5,0
1983,5,96,96,36,31,-60,-65,5,5,0,3.5,0,3.5,0,3.0,0,3.0,0
1984,4,46,29,87,87,58,41,0,17,-17,2.5,0,2.5,0,2.5,0,2.5,0
1985,6,-77,-95,-388,-563,-293,-486,175,193,-18,4.0,0,4.0,0,2.0,0,1.0,0
1986,5,729,729,903,826,174,97,77,77,0,5.0,1,5.0,1,5.0,1,5.0,1
1987,5,49,-17,583,623,600,574,-40,26,-66,5.0,1,5.0,1,5.0,1,5.0,1
1988,6,-363,-155,-252,-460,-97,-97,208,0,208,2.5,0,2.5,0,2.0,0,2.0,0
1989,6,767,1670,1991,1469,321,702,522,-381,903,3.0,0,5.0,0,5.5,0,5.0,0
1990,6,695,563,595,561,32,-134,34,166,-132,3.0,0,2.5,0,2.5,0,3.0,0
1991,4,662,662,526,526,-136,-136,0,0,0,4.0,1,4.0,1,4.0,1,4.0,1
1992,6,-320,-42,-337,-629,-295,-309,292,14,278,3.0,0,4.0,0,1.5,0,1.5,0
1993,5,331,355,89,-229,-266,-560,318,294,24,2.5,0,2.5,0,2.0,0,1.0,0
1994,4,-478,-455,-545,-545,-90,-67,0,-23,23,2.0,0,2.0,0,2.0,0,2.0,0
1995,6,631,449,-8,156,-457,-475,-164,18,-182,5.0,0,5.0,0,2.5,0,3.0,0
1996,5,326,367,332,332,-35,6,0,-41,41,4.0,0,4.0,0,4.0,0,4.0,0
1997,6,132,132,217,217,85,85,0,0,0,3.5,0,3.5,0,5.0,0,5.0,0
1998,5,1287,1287,1276,1276,-11,-11,0,0,0,4.0,0,4.0,0,4.0,0,4.0,0
1999,6,57,57,538,368,481,311,170,170,0,5.0,0,5.0,0,6.0,1,6.0,1
2000,4,248,248,248,248,0,0,0,0,0,3.0,0,3.0,0,3.0,0,3.0,0
2001,4,167,288,251,251,-37,84,0,-121,121,1.0,0,2.0,0,2.0,0,2.0,0
2002,4,277,344,237,206,-107,-71,31,-36,67,3.5,0,3.5,0,3.0,0,3.0,0
2003,4,174,174,-279,-400,-453,-574,121,121,0,4.0,1,4.0,1,3.0,0,3.0,0
2004,5,-306,810,570,-594,-240,-288,1164,48,1116,1.0,0,5.0,1,5.0,1,1.5,0
2005,6,688,632,687,670,55,-18,17,73,-56,5.0,0,4.0,0,5.0,0,5.0,0
2006,5,399,716,358,583,-358,184,-225,-542,317,3.5,0,5.0,1,3.5,0,4.5,0
2007,4,52,52,92,92,40,40,0,0,0,1.5,0,1.5,0,2.0,0,2.0,0
2008,6,3126,3355,3355,3126,0,0,229,0,229,4.5,0,4.5,0,4.5,0,4.5,0
