match,bot,hands,split,expected_group,predicted_group,probability,counter_weight,correct,counts
j97fah1vhzbnagvaqypk6artwn8fkknt,Tester67,5,validation,0,0,0.6057519545525839,0.0,True,"[[0.0, 5.0], [0.0, 5.0], [0.0, 4.0], [0.0, 5.0], [0.0, 0.0], [0.0, 0.0], [0.0, 0.0], [0.0, 0.0], [0.0, 0.0]]"
j97fah1vhzbnagvaqypk6artwn8fkknt,RiverForge,5,validation,0,0,0.6030513798067153,0.0,True,"[[0.0, 5.0], [0.0, 5.0], [0.0, 3.0], [0.0, 5.0], [0.0, 0.0], [0.0, 0.0], [0.0, 0.0], [0.0, 0.0], [0.0, 0.0]]"
j97fah1vhzbnagvaqypk6artwn8fkknt,Tester67,10,validation,0,0,0.6974042802405489,0.0,True,"[[0.0, 10.0], [0.0, 10.0], [0.0, 7.0], [0.0, 10.0], [0.0, 0.0], [0.0, 0.0], [0.0, 0.0], [0.0, 0.0], [0.0, 0.0]]"
j97fah1vhzbnagvaqypk6artwn8fkknt,RiverForge,10,validation,0,0,0.592540462387205,0.0,True,"[[1.0, 10.0], [1.0, 10.0], [0.0, 5.0], [0.0, 10.0], [0.0, 0.0], [0.0, 0.0], [0.0, 0.0], [0.0, 0.0], [0.0, 0.0]]"
j97fah1vhzbnagvaqypk6artwn8fkknt,Tester67,15,validation,0,0,0.6144144941781993,0.0,True,"[[1.0, 15.0], [0.0, 15.0], [0.0, 12.0], [0.0, 15.0], [0.0, 0.0], [2.0, 2.0], [0.0, 0.0], [1.0, 2.0], [0.0, 0.0]]"
j97fah1vhzbnagvaqypk6artwn8fkknt,RiverForge,15,validation,0,0,0.5570895943489248,0.0,True,"[[3.0, 15.0], [2.0, 15.0], [0.0, 9.0], [0.0, 15.0], [0.0, 1.0], [0.0, 0.0], [1.0, 1.0], [0.0, 1.0], [0.0, 0.0]]"
j97fah1vhzbnagvaqypk6artwn8fkknt,Tester67,20,validation,0,0,0.665523405974421,0.0,True,"[[2.0, 20.0], [0.0, 20.0], [0.0, 16.0], [0.0, 20.0], [1.0, 1.0], [2.0, 3.0], [0.0, 1.0], [1.0, 2.0], [0.0, 0.0]]"
j97fah1vhzbnagvaqypk6artwn8fkknt,RiverForge,20,validation,0,0,0.669594238290644,0.0,True,"[[4.0, 20.0], [3.0, 20.0], [1.0, 13.0], [0.0, 20.0], [0.0, 2.0], [0.0, 2.0], [1.0, 2.0], [0.0, 1.0], [0.0, 0.0]]"
j97fah1vhzbnagvaqypk6artwn8fkknt,Tester67,30,validation,0,0,0.5801800851233997,0.0,True,"[[4.0, 30.0], [2.0, 30.0], [2.0, 24.0], [0.0, 30.0], [2.0, 3.0], [4.0, 6.0], [0.0, 3.0], [1.0, 4.0], [0.0, 0.0]]"
j97fah1vhzbnagvaqypk6artwn8fkknt,RiverForge,30,validation,0,0,0.6823359364962736,0.0,True,"[[7.0, 30.0], [5.0, 30.0], [1.0, 17.0], [0.0, 30.0], [1.0, 4.0], [1.0, 5.0], [1.0, 4.0], [0.0, 2.0], [0.0, 0.0]]"
j97fah1vhzbnagvaqypk6artwn8fkknt,Tester67,50,validation,0,0,0.5993322494227801,0.0,True,"[[6.0, 50.0], [4.0, 50.0], [4.0, 41.0], [0.0, 50.0], [2.0, 3.0], [5.0, 7.0], [0.0, 3.0], [1.0, 5.0], [0.0, 0.0]]"
j97fah1vhzbnagvaqypk6artwn8fkknt,RiverForge,50,validation,0,0,0.7596151578536149,0.17858975340079458,True,"[[8.0, 50.0], [6.0, 50.0], [1.0, 30.0], [0.0, 50.0], [2.0, 5.0], [1.0, 5.0], [1.0, 5.0], [0.0, 2.0], [0.0, 0.0]]"
j97fah1vhzbnagvaqypk6artwn8fkknt,Tester67,75,validation,0,0,0.915051277531183,0.71683759177061,True,"[[10.0, 75.0], [5.0, 75.0], [5.0, 61.0], [0.0, 75.0], [2.0, 11.0], [5.0, 11.0], [0.0, 11.0], [1.0, 5.0], [0.0, 0.0]]"
j97fah1vhzbnagvaqypk6artwn8fkknt,RiverForge,75,validation,0,0,0.797979154221475,0.32659718073825017,True,"[[11.0, 75.0], [7.0, 75.0], [1.0, 44.0], [0.0, 75.0], [5.0, 9.0], [1.0, 6.0], [1.0, 9.0], [0.0, 2.0], [0.0, 0.0]]"
j97fah1vhzbnagvaqypk6artwn8fkknt,Tester67,100,validation,0,0,0.9557514212841944,0.8525047376139815,True,"[[17.0, 100.0], [7.0, 100.0], [7.0, 81.0], [0.0, 100.0], [2.0, 13.0], [10.0, 27.0], [0.0, 13.0], [1.0, 10.0], [0.0, 0.0]]"
j97fah1vhzbnagvaqypk6artwn8fkknt,RiverForge,100,validation,0,0,0.8932277430495952,0.644092476831984,True,"[[14.0, 100.0], [8.0, 100.0], [1.0, 58.0], [0.0, 100.0], [5.0, 14.0], [2.0, 8.0], [1.0, 14.0], [0.0, 3.0], [0.0, 0.0]]"
j978a3ay48t19qsx9sje4ek9hh8fjrg5,McSmart Meal,5,test,1,0,0.6320216390062358,0.0,False,"[[1.0, 5.0], [0.0, 5.0], [0.0, 3.0], [0.0, 5.0], [0.0, 2.0], [1.0, 1.0], [0.0, 2.0], [0.0, 1.0], [0.0, 1.0]]"
j978a3ay48t19qsx9sje4ek9hh8fjrg5,Tester67,5,test,0,1,0.5731302139172444,0.0,False,"[[1.0, 5.0], [1.0, 5.0], [0.0, 2.0], [0.0, 5.0], [0.0, 0.0], [3.0, 3.0], [0.0, 0.0], [0.0, 3.0], [0.0, 1.0]]"
j978a3ay48t19qsx9sje4ek9hh8fjrg5,McSmart Meal,10,test,1,0,0.6191567512517896,0.0,False,"[[2.0, 10.0], [1.0, 10.0], [0.0, 6.0], [0.0, 10.0], [1.0, 3.0], [1.0, 2.0], [0.0, 3.0], [0.0, 1.0], [0.0, 1.0]]"
j978a3ay48t19qsx9sje4ek9hh8fjrg5,Tester67,10,test,0,0,0.5276478843655968,0.0,True,"[[1.0, 10.0], [1.0, 10.0], [0.0, 4.0], [0.0, 10.0], [0.0, 0.0], [3.0, 3.0], [0.0, 0.0], [0.0, 3.0], [0.0, 1.0]]"
j978a3ay48t19qsx9sje4ek9hh8fjrg5,McSmart Meal,15,test,1,0,0.5310551421190035,0.0,False,"[[4.0, 15.0], [3.0, 15.0], [0.0, 8.0], [0.0, 15.0], [1.0, 3.0], [2.0, 3.0], [0.0, 3.0], [0.0, 2.0], [0.0, 1.0]]"
j978a3ay48t19qsx9sje4ek9hh8fjrg5,Tester67,15,test,0,0,0.6101500386805113,0.0,True,"[[1.0, 15.0], [1.0, 15.0], [0.0, 6.0], [0.0, 15.0], [0.0, 0.0], [3.0, 3.0], [0.0, 0.0], [0.0, 3.0], [0.0, 1.0]]"
j978a3ay48t19qsx9sje4ek9hh8fjrg5,McSmart Meal,20,test,1,0,0.5429847538120728,0.0,False,"[[5.0, 20.0], [4.0, 20.0], [0.0, 10.0], [0.0, 20.0], [1.0, 3.0], [2.0, 3.0], [0.0, 3.0], [0.0, 2.0], [0.0, 1.0]]"
j978a3ay48t19qsx9sje4ek9hh8fjrg5,Tester67,20,test,0,0,0.6762762714652865,0.0,True,"[[1.0, 20.0], [1.0, 20.0], [0.0, 8.0], [0.0, 20.0], [0.0, 0.0], [3.0, 3.0], [0.0, 0.0], [0.0, 3.0], [0.0, 1.0]]"
j978a3ay48t19qsx9sje4ek9hh8fjrg5,McSmart Meal,30,test,1,0,0.6219820561460532,0.0,False,"[[8.0, 30.0], [7.0, 30.0], [0.0, 13.0], [0.0, 30.0], [1.0, 3.0], [2.0, 6.0], [0.0, 3.0], [0.0, 2.0], [0.0, 1.0]]"
j978a3ay48t19qsx9sje4ek9hh8fjrg5,Tester67,30,test,0,0,0.6872071227754963,0.0,True,"[[2.0, 30.0], [2.0, 30.0], [0.0, 12.0], [0.0, 30.0], [0.0, 0.0], [4.0, 4.0], [0.0, 0.0], [0.0, 4.0], [0.0, 1.0]]"
j978a3ay48t19qsx9sje4ek9hh8fjrg5,McSmart Meal,50,test,1,0,0.5766328016178441,0.0,False,"[[16.0, 50.0], [14.0, 50.0], [1.0, 23.0], [0.0, 50.0], [3.0, 7.0], [4.0, 11.0], [0.0, 7.0], [0.0, 4.0], [0.0, 2.0]]"
j978a3ay48t19qsx9sje4ek9hh8fjrg5,Tester67,50,test,0,0,0.6031369343121841,0.0,True,"[[6.0, 50.0], [6.0, 50.0], [1.0, 20.0], [0.0, 50.0], [0.0, 0.0], [4.0, 4.0], [0.0, 0.0], [0.0, 4.0], [0.0, 1.0]]"
j978a3ay48t19qsx9sje4ek9hh8fjrg5,McSmart Meal,75,test,1,1,0.5974276824278483,0.0,True,"[[30.0, 75.0], [26.0, 75.0], [1.0, 32.0], [0.0, 75.0], [6.0, 11.0], [6.0, 16.0], [0.0, 11.0], [1.0, 6.0], [0.0, 2.0]]"
j978a3ay48t19qsx9sje4ek9hh8fjrg5,Tester67,75,test,0,0,0.672319976709499,0.0,True,"[[10.0, 75.0], [10.0, 75.0], [2.0, 30.0], [0.0, 75.0], [0.0, 2.0], [4.0, 4.0], [0.0, 2.0], [0.0, 4.0], [0.0, 1.0]]"
j978a3ay48t19qsx9sje4ek9hh8fjrg5,McSmart Meal,100,test,1,1,0.5979531734815905,0.0,True,"[[41.0, 100.0], [35.0, 100.0], [1.0, 41.0], [0.0, 100.0], [10.0, 17.0], [9.0, 22.0], [0.0, 17.0], [1.0, 9.0], [0.0, 2.0]]"
j978a3ay48t19qsx9sje4ek9hh8fjrg5,Tester67,100,test,0,0,0.517723319969067,0.0,True,"[[16.0, 100.0], [15.0, 100.0], [5.0, 40.0], [0.0, 100.0], [2.0, 6.0], [11.0, 12.0], [0.0, 6.0], [0.0, 11.0], [0.0, 2.0]]"
j975e155mcdgk969pf1n0q27g58fjhtw,McSmart Meal,5,validation,1,1,0.6956754963805145,0.0,True,"[[1.0, 5.0], [1.0, 5.0], [0.0, 2.0], [0.0, 5.0], [0.0, 0.0], [2.0, 2.0], [0.0, 0.0], [2.0, 2.0], [0.0, 0.0]]"
j975e155mcdgk969pf1n0q27g58fjhtw,Tester67,5,validation,0,0,0.5243707815023503,0.0,True,"[[1.0, 5.0], [0.0, 5.0], [0.0, 3.0], [0.0, 5.0], [1.0, 1.0], [0.0, 0.0], [0.0, 1.0], [0.0, 0.0], [0.0, 0.0]]"
j975e155mcdgk969pf1n0q27g58fjhtw,McSmart Meal,10,validation,1,1,0.606528986436563,0.0,True,"[[1.0, 10.0], [1.0, 10.0], [0.0, 3.0], [0.0, 10.0], [0.0, 0.0], [2.0, 2.0], [0.0, 0.0], [2.0, 2.0], [0.0, 0.0]]"
j975e155mcdgk969pf1n0q27g58fjhtw,Tester67,10,validation,0,0,0.5442530236045645,0.0,True,"[[3.0, 10.0], [2.0, 10.0], [0.0, 3.0], [0.0, 10.0], [2.0, 5.0], [0.0, 1.0], [0.0, 5.0], [0.0, 0.0], [0.0, 0.0]]"
j975e155mcdgk969pf1n0q27g58fjhtw,McSmart Meal,15,validation,1,1,0.7753448421820819,0.20715089863287595,True,"[[3.0, 15.0], [2.0, 15.0], [0.0, 7.0], [0.0, 15.0], [0.0, 1.0], [4.0, 4.0], [1.0, 1.0], [5.0, 5.0], [0.0, 0.0]]"
j975e155mcdgk969pf1n0q27g58fjhtw,Tester67,15,validation,0,0,0.6191644517941387,0.0,True,"[[5.0, 15.0], [3.0, 15.0], [0.0, 7.0], [0.0, 15.0], [3.0, 8.0], [1.0, 4.0], [0.0, 8.0], [0.0, 1.0], [0.0, 0.0]]"
j975e155mcdgk969pf1n0q27g58fjhtw,McSmart Meal,20,validation,1,1,0.7647992000017041,0.168875843596082,True,"[[6.0, 20.0], [4.0, 20.0], [0.0, 10.0], [0.0, 20.0], [2.0, 5.0], [5.0, 7.0], [1.0, 5.0], [5.0, 6.0], [0.0, 0.0]]"
j975e155mcdgk969pf1n0q27g58fjhtw,Tester67,20,validation,0,0,0.5077103818556736,0.0,True,"[[6.0, 20.0], [4.0, 20.0], [0.0, 10.0], [0.0, 20.0], [3.0, 8.0], [4.0, 7.0], [0.0, 8.0], [1.0, 4.0], [0.0, 1.0]]"
j975e155mcdgk969pf1n0q27g58fjhtw,McSmart Meal,30,validation,1,1,0.7343913708746395,0.07621950688092041,True,"[[8.0, 30.0], [5.0, 30.0], [0.0, 13.0], [0.0, 30.0], [2.0, 5.0], [6.0, 8.0], [1.0, 5.0], [5.0, 7.0], [0.0, 0.0]]"
j975e155mcdgk969pf1n0q27g58fjhtw,Tester67,30,validation,0,0,0.502055687300863,0.0,True,"[[8.0, 30.0], [6.0, 30.0], [1.0, 16.0], [0.0, 30.0], [3.0, 8.0], [4.0, 7.0], [0.0, 8.0], [1.0, 4.0], [0.0, 1.0]]"
j975e155mcdgk969pf1n0q27g58fjhtw,McSmart Meal,50,validation,1,1,0.6536354222514572,0.0,True,"[[14.0, 50.0], [9.0, 50.0], [0.0, 24.0], [0.0, 50.0], [5.0, 9.0], [7.0, 14.0], [1.0, 9.0], [5.0, 8.0], [0.0, 0.0]]"
j975e155mcdgk969pf1n0q27g58fjhtw,Tester67,50,validation,0,0,0.5769386080699889,0.0,True,"[[10.0, 50.0], [8.0, 50.0], [1.0, 21.0], [0.0, 50.0], [3.0, 8.0], [6.0, 9.0], [0.0, 8.0], [1.0, 6.0], [0.0, 1.0]]"
j975e155mcdgk969pf1n0q27g58fjhtw,McSmart Meal,75,validation,1,1,0.6644551512255228,0.0,True,"[[22.0, 75.0], [15.0, 75.0], [0.0, 34.0], [0.0, 75.0], [8.0, 14.0], [9.0, 20.0], [1.0, 14.0], [7.0, 10.0], [0.0, 0.0]]"
j975e155mcdgk969pf1n0q27g58fjhtw,Tester67,75,validation,0,0,0.6141094802831106,0.0,True,"[[14.0, 75.0], [11.0, 75.0], [1.0, 34.0], [0.0, 75.0], [4.0, 9.0], [9.0, 14.0], [0.0, 9.0], [1.0, 9.0], [0.0, 1.0]]"
j975e155mcdgk969pf1n0q27g58fjhtw,McSmart Meal,100,validation,1,1,0.6624534425911796,0.0,True,"[[37.0, 100.0], [25.0, 100.0], [0.0, 45.0], [0.0, 100.0], [12.0, 23.0], [15.0, 38.0], [1.0, 23.0], [10.0, 16.0], [0.0, 0.0]]"
j975e155mcdgk969pf1n0q27g58fjhtw,Tester67,100,validation,0,0,0.6350071546248371,0.0,True,"[[21.0, 100.0], [16.0, 100.0], [2.0, 45.0], [0.0, 100.0], [5.0, 11.0], [14.0, 24.0], [0.0, 11.0], [1.0, 14.0], [0.0, 1.0]]"
j97fdsa53cjvz3mnwxqct4efsh8fjedj,McSmart Meal,5,test,1,1,0.7486432820470591,0.04854324871534936,True,"[[2.0, 5.0], [1.0, 5.0], [0.0, 3.0], [0.0, 5.0], [0.0, 0.0], [4.0, 4.0], [0.0, 0.0], [2.0, 4.0], [0.0, 0.0]]"
j97fdsa53cjvz3mnwxqct4efsh8fjedj,Tester67,5,test,0,0,0.6030513798067153,0.0,True,"[[0.0, 5.0], [0.0, 5.0], [0.0, 3.0], [0.0, 5.0], [0.0, 0.0], [0.0, 0.0], [0.0, 0.0], [0.0, 0.0], [0.0, 0.0]]"
j97fdsa53cjvz3mnwxqct4efsh8fjedj,McSmart Meal,10,test,1,1,0.7959666259763375,0.24343524292623311,True,"[[4.0, 10.0], [3.0, 10.0], [0.0, 5.0], [0.0, 10.0], [0.0, 0.0], [5.0, 5.0], [0.0, 0.0], [2.0, 5.0], [0.0, 0.0]]"
j97fdsa53cjvz3mnwxqct4efsh8fjedj,Tester67,10,test,0,0,0.5317432234593308,0.0,True,"[[2.0, 10.0], [1.0, 10.0], [1.0, 6.0], [0.0, 10.0], [0.0, 1.0], [1.0, 1.0], [0.0, 1.0], [0.0, 1.0], [0.0, 0.0]]"
j97fdsa53cjvz3mnwxqct4efsh8fjedj,McSmart Meal,15,test,1,1,0.8712135000922897,0.5707116669742991,True,"[[7.0, 15.0], [6.0, 15.0], [1.0, 7.0], [0.0, 15.0], [0.0, 0.0], [6.0, 6.0], [0.0, 0.0], [2.0, 6.0], [0.0, 0.0]]"
j97fdsa53cjvz3mnwxqct4efsh8fjedj,Tester67,15,test,0,0,0.6180930938400744,0.0,True,"[[2.0, 15.0], [1.0, 15.0], [1.0, 8.0], [0.0, 15.0], [0.0, 1.0], [1.0, 1.0], [0.0, 1.0], [0.0, 1.0], [0.0, 0.0]]"
j97fdsa53cjvz3mnwxqct4efsh8fjedj,McSmart Meal,20,test,1,1,0.6912737592701452,0.0,True,"[[9.0, 20.0], [7.0, 20.0], [1.0, 11.0], [0.0, 20.0], [1.0, 4.0], [6.0, 10.0], [0.0, 4.0], [2.0, 6.0], [0.0, 0.0]]"
j97fdsa53cjvz3mnwxqct4efsh8fjedj,Tester67,20,test,0,0,0.691461667213268,0.0,True,"[[2.0, 20.0], [1.0, 20.0], [1.0, 12.0], [0.0, 20.0], [0.0, 1.0], [1.0, 1.0], [0.0, 1.0], [0.0, 1.0], [0.0, 0.0]]"
j97fdsa53cjvz3mnwxqct4efsh8fjedj,McSmart Meal,30,test,1,1,0.728416485624458,0.06089956652152628,True,"[[14.0, 30.0], [12.0, 30.0], [1.0, 15.0], [0.0, 30.0], [4.0, 9.0], [11.0, 21.0], [0.0, 9.0], [3.0, 11.0], [0.0, 0.0]]"
j97fdsa53cjvz3mnwxqct4efsh8fjedj,Tester67,30,test,0,0,0.7095692496155976,0.022746948450002816,True,"[[3.0, 30.0], [2.0, 30.0], [2.0, 21.0], [0.0, 30.0], [0.0, 1.0], [1.0, 1.0], [0.0, 1.0], [0.0, 1.0], [0.0, 0.0]]"
j97fdsa53cjvz3mnwxqct4efsh8fjedj,McSmart Meal,50,test,1,1,0.741393383653343,0.09534114118788148,True,"[[22.0, 50.0], [18.0, 50.0], [2.0, 25.0], [0.0, 50.0], [9.0, 15.0], [12.0, 28.0], [0.0, 15.0], [4.0, 12.0], [0.0, 0.0]]"
j97fdsa53cjvz3mnwxqct4efsh8fjedj,Tester67,50,test,0,0,0.772441502574138,0.2294816098689885,True,"[[7.0, 50.0], [5.0, 50.0], [3.0, 33.0], [0.0, 50.0], [1.0, 3.0], [1.0, 4.0], [0.0, 3.0], [0.0, 1.0], [0.0, 0.0]]"
j97fdsa53cjvz3mnwxqct4efsh8fjedj,McSmart Meal,75,test,1,1,0.6934924518520751,0.0,True,"[[29.0, 75.0], [23.0, 75.0], [2.0, 38.0], [0.0, 75.0], [12.0, 23.0], [17.0, 38.0], [1.0, 23.0], [6.0, 18.0], [0.0, 0.0]]"
j97fdsa53cjvz3mnwxqct4efsh8fjedj,Tester67,75,test,0,0,0.6742964449596124,0.0,True,"[[12.0, 75.0], [8.0, 75.0], [4.0, 49.0], [0.0, 75.0], [2.0, 4.0], [6.0, 12.0], [0.0, 4.0], [1.0, 6.0], [0.0, 0.0]]"
j97fdsa53cjvz3mnwxqct4efsh8fjedj,McSmart Meal,100,test,1,1,0.6839142723507942,0.0,True,"[[35.0, 100.0], [29.0, 100.0], [2.0, 47.0], [0.0, 100.0], [16.0, 27.0], [19.0, 41.0], [1.0, 27.0], [6.0, 20.0], [0.0, 0.0]]"
j97fdsa53cjvz3mnwxqct4efsh8fjedj,Tester67,100,test,0,0,0.6276589820757793,0.0,True,"[[19.0, 100.0], [12.0, 100.0], [4.0, 61.0], [0.0, 100.0], [2.0, 5.0], [11.0, 17.0], [0.0, 5.0], [1.0, 11.0], [0.0, 0.0]]"
j9796tnnc1pr6gvads6wbza2v98fjwfw,percy-perc-filet,5,validation,0,1,0.5666244273498808,0.0,False,"[[3.0, 5.0], [1.0, 5.0], [0.0, 2.0], [0.0, 5.0], [1.0, 2.0], [1.0, 2.0], [0.0, 2.0], [0.0, 1.0], [0.0, 0.0]]"
j9796tnnc1pr6gvads6wbza2v98fjwfw,RiverForge,5,validation,0,0,0.6130685258505529,0.0,True,"[[2.0, 5.0], [1.0, 5.0], [0.0, 1.0], [0.0, 5.0], [1.0, 2.0], [0.0, 5.0], [0.0, 2.0], [0.0, 0.0], [0.0, 0.0]]"
j9796tnnc1pr6gvads6wbza2v98fjwfw,percy-perc-filet,10,validation,0,1,0.557284684500873,0.0,False,"[[4.0, 10.0], [1.0, 10.0], [0.0, 5.0], [0.0, 10.0], [1.0, 2.0], [2.0, 4.0], [0.0, 2.0], [1.0, 2.0], [0.0, 0.0]]"
j9796tnnc1pr6gvads6wbza2v98fjwfw,RiverForge,10,validation,0,0,0.6413757663738526,0.0,True,"[[3.0, 10.0], [2.0, 10.0], [1.0, 4.0], [0.0, 10.0], [1.0, 2.0], [0.0, 8.0], [0.0, 2.0], [0.0, 0.0], [0.0, 0.0]]"
j9796tnnc1pr6gvads6wbza2v98fjwfw,percy-perc-filet,15,validation,0,1,0.5136122278673654,0.0,False,"[[7.0, 15.0], [1.0, 15.0], [0.0, 8.0], [0.0, 15.0], [3.0, 6.0], [2.0, 5.0], [0.0, 6.0], [1.0, 2.0], [0.0, 0.0]]"
j9796tnnc1pr6gvads6wbza2v98fjwfw,RiverForge,15,validation,0,0,0.7164549120017341,0.040446208676274104,True,"[[3.0, 15.0], [2.0, 15.0], [1.0, 5.0], [0.0, 15.0], [1.0, 2.0], [0.0, 8.0], [0.0, 2.0], [0.0, 0.0], [0.0, 0.0]]"
j9796tnnc1pr6gvads6wbza2v98fjwfw,percy-perc-filet,20,validation,0,0,0.5632245477532349,0.0,True,"[[7.0, 20.0], [1.0, 20.0], [0.0, 10.0], [0.0, 20.0], [3.0, 6.0], [2.0, 5.0], [0.0, 6.0], [1.0, 2.0], [0.0, 0.0]]"
j9796tnnc1pr6gvads6wbza2v98fjwfw,RiverForge,20,validation,0,0,0.7106836558010494,0.02553506302189789,True,"[[4.0, 20.0], [3.0, 20.0], [1.0, 7.0], [0.0, 20.0], [1.0, 2.0], [1.0, 9.0], [0.0, 2.0], [0.0, 1.0], [0.0, 0.0]]"
j9796tnnc1pr6gvads6wbza2v98fjwfw,percy-perc-filet,30,validation,0,0,0.565279432802509,0.0,True,"[[9.0, 30.0], [2.0, 30.0], [1.0, 14.0], [0.0, 30.0], [4.0, 8.0], [2.0, 5.0], [0.0, 8.0], [1.0, 2.0], [0.0, 0.0]]"
j9796tnnc1pr6gvads6wbza2v98fjwfw,RiverForge,30,validation,0,0,0.7511424849919809,0.14756909776985708,True,"[[6.0, 30.0], [5.0, 30.0], [1.0, 8.0], [0.0, 30.0], [3.0, 6.0], [1.0, 12.0], [0.0, 6.0], [0.0, 1.0], [0.0, 0.0]]"
j9796tnnc1pr6gvads6wbza2v98fjwfw,percy-perc-filet,50,validation,0,0,0.7915445975667941,0.30514865855598033,True,"[[13.0, 50.0], [2.0, 50.0], [1.0, 26.0], [0.0, 50.0], [6.0, 12.0], [4.0, 14.0], [0.0, 12.0], [1.0, 4.0], [0.0, 1.0]]"
j9796tnnc1pr6gvads6wbza2v98fjwfw,RiverForge,50,validation,0,0,0.7755422408495629,0.2425239471007888,True,"[[9.0, 50.0], [8.0, 50.0], [2.0, 16.0], [0.0, 50.0], [4.0, 8.0], [4.0, 18.0], [0.0, 8.0], [0.0, 4.0], [0.0, 0.0]]"
j9796tnnc1pr6gvads6wbza2v98fjwfw,percy-perc-filet,75,validation,0,0,0.6666836392912804,0.0,True,"[[22.0, 75.0], [5.0, 75.0], [1.0, 41.0], [0.0, 75.0], [9.0, 19.0], [11.0, 25.0], [3.0, 19.0], [2.0, 14.0], [0.0, 1.0]]"
j9796tnnc1pr6gvads6wbza2v98fjwfw,RiverForge,75,validation,0,0,0.8167011942866261,0.38900398095542055,True,"[[16.0, 75.0], [13.0, 75.0], [2.0, 28.0], [0.0, 75.0], [10.0, 19.0], [5.0, 29.0], [0.0, 19.0], [0.0, 5.0], [0.0, 0.0]]"
j9796tnnc1pr6gvads6wbza2v98fjwfw,percy-perc-filet,100,validation,0,0,0.7297646464574601,0.07791979431099942,True,"[[32.0, 100.0], [8.0, 100.0], [3.0, 55.0], [0.0, 100.0], [16.0, 31.0], [11.0, 40.0], [3.0, 31.0], [2.0, 14.0], [0.0, 1.0]]"
j9796tnnc1pr6gvads6wbza2v98fjwfw,RiverForge,100,validation,0,0,0.8006723737048678,0.335574579016226,True,"[[23.0, 100.0], [19.0, 100.0], [4.0, 38.0], [0.0, 100.0], [13.0, 25.0], [7.0, 37.0], [0.0, 25.0], [0.0, 7.0], [0.0, 0.0]]"
j9728kgdgejfzhwr8pxbvz52bs8fks9q,Tester67,5,validation,0,0,0.5842678433862923,0.0,True,"[[1.0, 5.0], [1.0, 5.0], [0.0, 0.0], [0.0, 5.0], [0.0, 2.0], [0.0, 0.0], [0.0, 2.0], [0.0, 0.0], [0.0, 0.0]]"
j9728kgdgejfzhwr8pxbvz52bs8fks9q,McSmart Meal,5,validation,1,1,0.517804422614661,0.0,True,"[[1.0, 5.0], [1.0, 5.0], [0.0, 0.0], [0.0, 5.0], [0.0, 0.0], [0.0, 0.0], [0.0, 0.0], [0.0, 0.0], [0.0, 0.0]]"
j9728kgdgejfzhwr8pxbvz52bs8fks9q,percy-perc-filet,5,validation,0,1,0.5137984493202897,0.0,False,"[[1.0, 5.0], [1.0, 5.0], [0.0, 1.0], [0.0, 5.0], [0.0, 0.0], [0.0, 0.0], [0.0, 0.0], [0.0, 0.0], [0.0, 0.0]]"
j9728kgdgejfzhwr8pxbvz52bs8fks9q,Tester67,10,validation,0,1,0.6082081199484373,0.0,False,"[[2.0, 10.0], [2.0, 10.0], [0.0, 2.0], [0.0, 10.0], [0.0, 2.0], [3.0, 3.0], [0.0, 2.0], [2.0, 3.0], [0.0, 0.0]]"
j9728kgdgejfzhwr8pxbvz52bs8fks9q,McSmart Meal,10,validation,1,0,0.6165114990512649,0.0,False,"[[5.0, 10.0], [3.0, 10.0], [0.0, 3.0], [0.0, 10.0], [1.0, 4.0], [0.0, 5.0], [0.0, 4.0], [0.0, 0.0], [0.0, 0.0]]"
j9728kgdgejfzhwr8pxbvz52bs8fks9q,percy-perc-filet,10,validation,0,0,0.6608951552105805,0.0,True,"[[2.0, 10.0], [1.0, 10.0], [0.0, 5.0], [0.0, 10.0], [0.0, 1.0], [1.0, 3.0], [0.0, 1.0], [0.0, 1.0], [0.0, 0.0]]"
j9728kgdgejfzhwr8pxbvz52bs8fks9q,Tester67,15,validation,0,1,0.5213348328563194,0.0,False,"[[2.0, 15.0], [2.0, 15.0], [0.0, 5.0], [0.0, 15.0], [0.0, 2.0], [3.0, 3.0], [0.0, 2.0], [2.0, 3.0], [0.0, 0.0]]"
j9728kgdgejfzhwr8pxbvz52bs8fks9q,McSmart Meal,15,validation,1,0,0.595794985881019,0.0,False,"[[7.0, 15.0], [5.0, 15.0], [0.0, 6.0], [0.0, 15.0], [1.0, 4.0], [0.0, 5.0], [0.0, 4.0], [0.0, 0.0], [0.0, 0.0]]"
j9728kgdgejfzhwr8pxbvz52bs8fks9q,percy-perc-filet,15,validation,0,0,0.6648011540964435,0.0,True,"[[4.0, 15.0], [2.0, 15.0], [1.0, 9.0], [0.0, 15.0], [0.0, 2.0], [2.0, 5.0], [0.0, 2.0], [0.0, 2.0], [0.0, 0.0]]"
j9728kgdgejfzhwr8pxbvz52bs8fks9q,Tester67,20,validation,0,0,0.5514488733503771,0.0,True,"[[2.0, 20.0], [2.0, 20.0], [0.0, 7.0], [0.0, 20.0], [0.0, 2.0], [3.0, 3.0], [0.0, 2.0], [2.0, 3.0], [0.0, 0.0]]"
j9728kgdgejfzhwr8pxbvz52bs8fks9q,McSmart Meal,20,validation,1,0,0.6681565961854878,0.0,False,"[[7.0, 20.0], [5.0, 20.0], [0.0, 9.0], [0.0, 20.0], [1.0, 4.0], [0.0, 5.0], [0.0, 4.0], [0.0, 0.0], [0.0, 0.0]]"
j9728kgdgejfzhwr8pxbvz52bs8fks9q,percy-perc-filet,20,validation,0,0,0.6203112400142885,0.0,True,"[[6.0, 20.0], [3.0, 20.0], [1.0, 12.0], [0.0, 20.0], [1.0, 3.0], [2.0, 6.0], [0.0, 3.0], [0.0, 2.0], [0.0, 0.0]]"
j9728kgdgejfzhwr8pxbvz52bs8fks9q,Tester67,30,validation,0,0,0.62660315676831,0.0,True,"[[3.0, 30.0], [2.0, 30.0], [0.0, 13.0], [0.0, 30.0], [1.0, 3.0], [3.0, 4.0], [0.0, 3.0], [2.0, 3.0], [0.0, 0.0]]"
j9728kgdgejfzhwr8pxbvz52bs8fks9q,McSmart Meal,30,validation,1,0,0.6165392341334445,0.0,False,"[[11.0, 30.0], [9.0, 30.0], [0.0, 13.0], [0.0, 30.0], [1.0, 5.0], [1.0, 8.0], [0.0, 5.0], [1.0, 1.0], [0.0, 0.0]]"
j9728kgdgejfzhwr8pxbvz52bs8fks9q,percy-perc-filet,30,validation,0,0,0.6342811795179124,0.0,True,"[[9.0, 30.0], [4.0, 30.0], [1.0, 19.0], [0.0, 30.0], [2.0, 4.0], [4.0, 10.0], [0.0, 4.0], [0.0, 4.0], [0.0, 0.0]]"
j9728kgdgejfzhwr8pxbvz52bs8fks9q,Tester67,50,validation,0,0,0.5134044470427453,0.0,True,"[[7.0, 50.0], [6.0, 50.0], [0.0, 23.0], [0.0, 50.0], [2.0, 4.0], [5.0, 6.0], [0.0, 4.0], [2.0, 5.0], [0.0, 0.0]]"
j9728kgdgejfzhwr8pxbvz52bs8fks9q,McSmart Meal,50,validation,1,0,0.5139282788024893,0.0,False,"[[18.0, 50.0], [15.0, 50.0], [0.0, 23.0], [0.0, 50.0], [2.0, 6.0], [5.0, 12.0], [0.0, 6.0], [1.0, 5.0], [0.0, 0.0]]"
j9728kgdgejfzhwr8pxbvz52bs8fks9q,percy-perc-filet,50,validation,0,0,0.6616226836385168,0.0,True,"[[15.0, 50.0], [7.0, 50.0], [1.0, 31.0], [0.0, 50.0], [4.0, 8.0], [5.0, 12.0], [0.0, 8.0], [0.0, 5.0], [0.0, 0.0]]"
j9728kgdgejfzhwr8pxbvz52bs8fks9q,Tester67,75,validation,0,0,0.6297481419017823,0.0,True,"[[13.0, 75.0], [8.0, 75.0], [0.0, 34.0], [0.0, 75.0], [5.0, 8.0], [9.0, 16.0], [0.0, 8.0], [2.0, 9.0], [0.0, 0.0]]"
j9728kgdgejfzhwr8pxbvz52bs8fks9q,McSmart Meal,75,validation,1,0,0.5436656530014797,0.0,False,"[[31.0, 75.0], [24.0, 75.0], [1.0, 32.0], [0.0, 75.0], [7.0, 16.0], [10.0, 28.0], [0.0, 16.0], [1.0, 10.0], [0.0, 0.0]]"
j9728kgdgejfzhwr8pxbvz52bs8fks9q,percy-perc-filet,75,validation,0,0,0.7388375734715964,0.10601449766634023,True,"[[23.0, 75.0], [10.0, 75.0], [1.0, 45.0], [0.0, 75.0], [5.0, 10.0], [9.0, 23.0], [0.0, 10.0], [0.0, 9.0], [0.0, 0.0]]"
j9728kgdgejfzhwr8pxbvz52bs8fks9q,Tester67,100,validation,0,0,0.6757872688013592,0.0,True,"[[18.0, 100.0], [10.0, 100.0], [0.0, 49.0], [0.0, 100.0], [5.0, 13.0], [13.0, 21.0], [1.0, 13.0], [3.0, 14.0], [0.0, 1.0]]"
j9728kgdgejfzhwr8pxbvz52bs8fks9q,McSmart Meal,100,validation,1,1,0.6306262719814293,0.0,True,"[[44.0, 100.0], [33.0, 100.0], [3.0, 47.0], [0.0, 100.0], [12.0, 22.0], [13.0, 34.0], [1.0, 22.0], [2.0, 14.0], [0.0, 0.0]]"
j9728kgdgejfzhwr8pxbvz52bs8fks9q,percy-perc-filet,100,validation,0,0,0.7303866205409327,0.07977864254360205,True,"[[29.0, 100.0], [13.0, 100.0], [1.0, 60.0], [0.0, 100.0], [5.0, 13.0], [15.0, 29.0], [0.0, 13.0], [1.0, 15.0], [0.0, 1.0]]"
j9754x95c760wr0p5t61k6yx0d8fj507,RiverForge,5,test,0,0,0.5546661048870504,0.0,True,"[[1.0, 5.0], [1.0, 5.0], [0.0, 3.0], [0.0, 5.0], [0.0, 2.0], [0.0, 0.0], [1.0, 2.0], [0.0, 1.0], [0.0, 0.0]]"
j9754x95c760wr0p5t61k6yx0d8fj507,RiverForge,10,test,0,0,0.6528761969089558,0.0,True,"[[1.0, 10.0], [1.0, 10.0], [0.0, 6.0], [0.0, 10.0], [0.0, 2.0], [0.0, 0.0], [1.0, 2.0], [0.0, 1.0], [0.0, 0.0]]"
j9754x95c760wr0p5t61k6yx0d8fj507,RiverForge,15,test,0,0,0.681125474597691,0.0,True,"[[2.0, 15.0], [2.0, 15.0], [0.0, 9.0], [0.0, 15.0], [0.0, 3.0], [1.0, 1.0], [1.0, 3.0], [0.0, 2.0], [0.0, 0.0]]"
j9754x95c760wr0p5t61k6yx0d8fj507,RiverForge,20,test,0,0,0.7420492373717227,0.11647097224022694,True,"[[2.0, 20.0], [2.0, 20.0], [0.0, 13.0], [0.0, 20.0], [0.0, 3.0], [1.0, 1.0], [1.0, 3.0], [0.0, 2.0], [0.0, 0.0]]"
j9754x95c760wr0p5t61k6yx0d8fj507,RiverForge,30,test,0,0,0.928880952615156,0.7629365087171868,True,"[[5.0, 30.0], [3.0, 30.0], [0.0, 17.0], [0.0, 30.0], [1.0, 8.0], [1.0, 9.0], [1.0, 8.0], [0.0, 2.0], [0.0, 0.0]]"
j9754x95c760wr0p5t61k6yx0d8fj507,RiverForge,50,test,0,0,0.9068805319466603,0.6896017731555344,True,"[[8.0, 50.0], [6.0, 50.0], [1.0, 28.0], [0.0, 50.0], [3.0, 11.0], [2.0, 13.0], [1.0, 11.0], [0.0, 3.0], [0.0, 0.0]]"
j9754x95c760wr0p5t61k6yx0d8fj507,RiverForge,75,test,0,0,0.8490001614410756,0.4966672048035854,True,"[[14.0, 75.0], [10.0, 75.0], [2.0, 39.0], [0.0, 75.0], [8.0, 18.0], [4.0, 20.0], [1.0, 18.0], [0.0, 5.0], [0.0, 0.0]]"
j9754x95c760wr0p5t61k6yx0d8fj507,RiverForge,100,test,0,0,0.8790120018893998,0.596706672964666,True,"[[19.0, 100.0], [13.0, 100.0], [2.0, 51.0], [0.0, 100.0], [9.0, 21.0], [4.0, 23.0], [1.0, 21.0], [0.0, 5.0], [0.0, 0.0]]"
j9733m91wmsfhm5wmx9rw1fbc58fkg1y,percy-perc-filet,5,test,0,1,0.5326574136117523,0.0,False,"[[2.0, 5.0], [2.0, 5.0], [0.0, 2.0], [0.0, 5.0], [0.0, 0.0], [1.0, 3.0], [0.0, 0.0], [0.0, 1.0], [0.0, 0.0]]"
j9733m91wmsfhm5wmx9rw1fbc58fkg1y,McSmart Meal,5,test,1,1,0.6417687366427082,0.0,True,"[[3.0, 5.0], [3.0, 5.0], [1.0, 3.0], [0.0, 5.0], [3.0, 3.0], [0.0, 3.0], [0.0, 3.0], [0.0, 0.0], [0.0, 0.0]]"
j9733m91wmsfhm5wmx9rw1fbc58fkg1y,Tester67,5,test,0,0,0.6030513798067153,0.0,True,"[[0.0, 5.0], [0.0, 5.0], [0.0, 3.0], [0.0, 5.0], [0.0, 0.0], [0.0, 0.0], [0.0, 0.0], [0.0, 0.0], [0.0, 0.0]]"
j9733m91wmsfhm5wmx9rw1fbc58fkg1y,percy-perc-filet,10,test,0,0,0.5717531941587836,0.0,True,"[[2.0, 10.0], [2.0, 10.0], [0.0, 5.0], [0.0, 10.0], [0.0, 0.0], [1.0, 3.0], [0.0, 0.0], [0.0, 1.0], [0.0, 0.0]]"
j9733m91wmsfhm5wmx9rw1fbc58fkg1y,McSmart Meal,10,test,1,1,0.6059072736821903,0.0,True,"[[4.0, 10.0], [3.0, 10.0], [1.0, 5.0], [0.0, 10.0], [3.0, 3.0], [2.0, 5.0], [0.0, 3.0], [0.0, 2.0], [0.0, 0.0]]"
j9733m91wmsfhm5wmx9rw1fbc58fkg1y,Tester67,10,test,0,0,0.5612900537189932,0.0,True,"[[1.0, 10.0], [1.0, 10.0], [0.0, 4.0], [0.0, 10.0], [1.0, 1.0], [0.0, 0.0], [0.0, 1.0], [0.0, 0.0], [0.0, 0.0]]"
j9733m91wmsfhm5wmx9rw1fbc58fkg1y,percy-perc-filet,15,test,0,0,0.5985329730117316,0.0,True,"[[3.0, 15.0], [2.0, 15.0], [0.0, 6.0], [0.0, 15.0], [0.0, 0.0], [2.0, 4.0], [0.0, 0.0], [0.0, 2.0], [0.0, 0.0]]"
j9733m91wmsfhm5wmx9rw1fbc58fkg1y,McSmart Meal,15,test,1,1,0.67526461581982,0.0,True,"[[7.0, 15.0], [6.0, 15.0], [1.0, 5.0], [0.0, 15.0], [4.0, 4.0], [2.0, 5.0], [0.0, 4.0], [0.0, 2.0], [0.0, 0.0]]"
j9733m91wmsfhm5wmx9rw1fbc58fkg1y,Tester67,15,test,0,0,0.6438374547515558,0.0,True,"[[1.0, 15.0], [1.0, 15.0], [0.0, 7.0], [0.0, 15.0], [1.0, 1.0], [0.0, 0.0], [0.0, 1.0], [0.0, 0.0], [0.0, 0.0]]"
j9733m91wmsfhm5wmx9rw1fbc58fkg1y,percy-perc-filet,20,test,0,1,0.5044636628998567,0.0,False,"[[6.0, 20.0], [5.0, 20.0], [1.0, 8.0], [0.0, 20.0], [0.0, 0.0], [3.0, 7.0], [0.0, 0.0], [0.0, 3.0], [0.0, 1.0]]"
j9733m91wmsfhm5wmx9rw1fbc58fkg1y,McSmart Meal,20,test,1,1,0.5773617208716377,0.0,True,"[[8.0, 20.0], [6.0, 20.0], [1.0, 8.0], [0.0, 20.0], [4.0, 5.0], [2.0, 7.0], [0.0, 5.0], [0.0, 2.0], [0.0, 0.0]]"
j9733m91wmsfhm5wmx9rw1fbc58fkg1y,Tester67,20,test,0,0,0.6285411244002982,0.0,True,"[[2.0, 20.0], [2.0, 20.0], [0.0, 9.0], [0.0, 20.0], [1.0, 1.0], [0.0, 0.0], [0.0, 1.0], [0.0, 0.0], [0.0, 0.0]]"
j9733m91wmsfhm5wmx9rw1fbc58fkg1y,percy-perc-filet,30,test,0,1,0.5586985033678883,0.0,False,"[[12.0, 30.0], [11.0, 30.0], [3.0, 11.0], [0.0, 30.0], [1.0, 3.0], [7.0, 18.0], [0.0, 3.0], [0.0, 7.0], [0.0, 1.0]]"
j9733m91wmsfhm5wmx9rw1fbc58fkg1y,McSmart Meal,30,test,1,1,0.5931697476020665,0.0,True,"[[15.0, 30.0], [11.0, 30.0], [1.0, 13.0], [0.0, 30.0], [5.0, 9.0], [5.0, 14.0], [0.0, 9.0], [0.0, 5.0], [0.0, 1.0]]"
j9733m91wmsfhm5wmx9rw1fbc58fkg1y,Tester67,30,test,0,0,0.7146086379795513,0.03558944715739517,True,"[[4.0, 30.0], [2.0, 30.0], [0.0, 17.0], [0.0, 30.0], [2.0, 2.0], [0.0, 1.0], [0.0, 2.0], [0.0, 0.0], [0.0, 0.0]]"
j9733m91wmsfhm5wmx9rw1fbc58fkg1y,percy-perc-filet,50,test,0,0,0.5038446586653873,0.0,True,"[[17.0, 50.0], [16.0, 50.0], [5.0, 20.0], [0.0, 50.0], [2.0, 6.0], [8.0, 20.0], [0.0, 6.0], [0.0, 8.0], [0.0, 1.0]]"
j9733m91wmsfhm5wmx9rw1fbc58fkg1y,McSmart Meal,50,test,1,1,0.6248082386069165,0.0,True,"[[24.0, 50.0], [19.0, 50.0], [2.0, 19.0], [0.0, 50.0], [6.0, 10.0], [5.0, 15.0], [0.0, 10.0], [0.0, 5.0], [0.0, 1.0]]"
j9733m91wmsfhm5wmx9rw1fbc58fkg1y,Tester67,50,test,0,0,0.5893100184569834,0.0,True,"[[10.0, 50.0], [8.0, 50.0], [2.0, 28.0], [0.0, 50.0], [4.0, 4.0], [1.0, 3.0], [0.0, 4.0], [0.0, 1.0], [0.0, 0.0]]"
j9733m91wmsfhm5wmx9rw1fbc58fkg1y,percy-perc-filet,75,test,0,0,0.7059819481688351,0.01397014288494346,True,"[[23.0, 75.0], [19.0, 75.0], [6.0, 33.0], [0.0, 75.0], [4.0, 13.0], [9.0, 27.0], [1.0, 13.0], [0.0, 10.0], [0.0, 1.0]]"
j9733m91wmsfhm5wmx9rw1fbc58fkg1y,McSmart Meal,75,test,1,1,0.5277547409740624,0.0,True,"[[32.0, 75.0], [25.0, 75.0], [2.0, 29.0], [0.0, 75.0], [9.0, 15.0], [7.0, 21.0], [0.0, 15.0], [0.0, 7.0], [0.0, 1.0]]"
j9733m91wmsfhm5wmx9rw1fbc58fkg1y,Tester67,75,test,0,1,0.561238031537264,0.0,False,"[[19.0, 75.0], [13.0, 75.0], [2.0, 40.0], [0.0, 75.0], [5.0, 9.0], [13.0, 16.0], [0.0, 9.0], [0.0, 13.0], [0.0, 1.0]]"
j9733m91wmsfhm5wmx9rw1fbc58fkg1y,percy-perc-filet,100,test,0,0,0.8067865143085631,0.35595504769521036,True,"[[34.0, 100.0], [29.0, 100.0], [8.0, 44.0], [0.0, 100.0], [4.0, 18.0], [11.0, 30.0], [1.0, 18.0], [0.0, 12.0], [0.0, 1.0]]"
j9733m91wmsfhm5wmx9rw1fbc58fkg1y,McSmart Meal,100,test,1,1,0.6709012162452782,0.0,True,"[[42.0, 100.0], [32.0, 100.0], [3.0, 43.0], [0.0, 100.0], [11.0, 21.0], [12.0, 29.0], [1.0, 21.0], [3.0, 13.0], [0.0, 3.0]]"
j9733m91wmsfhm5wmx9rw1fbc58fkg1y,Tester67,100,test,0,1,0.582126307797727,0.0,False,"[[25.0, 100.0], [17.0, 100.0], [3.0, 55.0], [0.0, 100.0], [8.0, 12.0], [17.0, 21.0], [0.0, 12.0], [0.0, 17.0], [0.0, 1.0]]"
j977fkknh3sb0a1sjm2k410fbh8fkadf,RiverForge,5,validation,0,0,0.6057519545525839,0.0,True,"[[0.0, 5.0], [0.0, 5.0], [0.0, 4.0], [0.0, 5.0], [0.0, 0.0], [0.0, 0.0], [0.0, 0.0], [0.0, 0.0], [0.0, 0.0]]"
j977fkknh3sb0a1sjm2k410fbh8fkadf,RiverForge,10,validation,0,0,0.6196317367350054,0.0,True,"[[1.0, 10.0], [1.0, 10.0], [0.0, 7.0], [0.0, 10.0], [0.0, 1.0], [1.0, 1.0], [0.0, 1.0], [0.0, 1.0], [0.0, 0.0]]"
j977fkknh3sb0a1sjm2k410fbh8fkadf,RiverForge,15,validation,0,0,0.6957472835188646,0.0,True,"[[1.0, 15.0], [1.0, 15.0], [0.0, 10.0], [0.0, 15.0], [0.0, 1.0], [1.0, 1.0], [0.0, 1.0], [0.0, 1.0], [0.0, 0.0]]"
j977fkknh3sb0a1sjm2k410fbh8fkadf,RiverForge,20,validation,0,0,0.7542768664422286,0.15881085611436876,True,"[[1.0, 20.0], [1.0, 20.0], [0.0, 14.0], [0.0, 20.0], [0.0, 1.0], [1.0, 1.0], [0.0, 1.0], [0.0, 1.0], [0.0, 0.0]]"
j977fkknh3sb0a1sjm2k410fbh8fkadf,RiverForge,30,validation,0,0,0.5715752552557446,0.0,True,"[[5.0, 30.0], [4.0, 30.0], [2.0, 20.0], [0.0, 30.0], [1.0, 2.0], [2.0, 3.0], [0.0, 2.0], [0.0, 2.0], [0.0, 0.0]]"
j977fkknh3sb0a1sjm2k410fbh8fkadf,RiverForge,50,validation,0,0,0.7443839790968898,0.124243500745329,True,"[[5.0, 50.0], [4.0, 50.0], [2.0, 34.0], [0.0, 50.0], [1.0, 2.0], [2.0, 3.0], [0.0, 2.0], [0.0, 2.0], [0.0, 0.0]]"
j977fkknh3sb0a1sjm2k410fbh8fkadf,RiverForge,75,validation,0,0,0.8215003730657544,0.40500124355251477,True,"[[7.0, 75.0], [4.0, 75.0], [2.0, 52.0], [0.0, 75.0], [3.0, 5.0], [2.0, 4.0], [0.0, 5.0], [0.0, 2.0], [0.0, 0.0]]"
j977fkknh3sb0a1sjm2k410fbh8fkadf,RiverForge,100,validation,0,0,0.8154952130063537,0.3849840433545126,True,"[[9.0, 100.0], [6.0, 100.0], [3.0, 69.0], [0.0, 100.0], [4.0, 7.0], [2.0, 4.0], [0.0, 7.0], [0.0, 2.0], [0.0, 0.0]]"
j9715zyjtm6mjh8bvvegdnsh2d8fjrwc,RiverForge,5,test,0,0,0.6057519545525839,0.0,True,"[[0.0, 5.0], [0.0, 5.0], [0.0, 4.0], [0.0, 5.0], [0.0, 0.0], [0.0, 0.0], [0.0, 0.0], [0.0, 0.0], [0.0, 0.0]]"
j9715zyjtm6mjh8bvvegdnsh2d8fjrwc,RiverForge,10,test,0,0,0.6990287629389681,0.0,True,"[[0.0, 10.0], [0.0, 10.0], [0.0, 8.0], [0.0, 10.0], [0.0, 0.0], [0.0, 0.0], [0.0, 0.0], [0.0, 0.0], [0.0, 0.0]]"
j9715zyjtm6mjh8bvvegdnsh2d8fjrwc,RiverForge,15,test,0,0,0.7655775716034248,0.20164463695726234,True,"[[0.0, 15.0], [0.0, 15.0], [0.0, 12.0], [0.0, 15.0], [0.0, 0.0], [0.0, 0.0], [0.0, 0.0], [0.0, 0.0], [0.0, 0.0]]"
j9715zyjtm6mjh8bvvegdnsh2d8fjrwc,RiverForge,20,test,0,0,0.8136074568347202,0.3786915227824009,True,"[[0.0, 20.0], [0.0, 20.0], [0.0, 16.0], [0.0, 20.0], [0.0, 0.0], [0.0, 0.0], [0.0, 0.0], [0.0, 0.0], [0.0, 0.0]]"
j9715zyjtm6mjh8bvvegdnsh2d8fjrwc,RiverForge,30,test,0,0,0.8194655880452046,0.3982186268173489,True,"[[1.0, 30.0], [1.0, 30.0], [0.0, 24.0], [0.0, 30.0], [0.0, 0.0], [0.0, 0.0], [0.0, 0.0], [0.0, 0.0], [0.0, 0.0]]"
j9715zyjtm6mjh8bvvegdnsh2d8fjrwc,RiverForge,50,test,0,0,0.875188460133791,0.5839615337793035,True,"[[2.0, 50.0], [1.0, 50.0], [0.0, 40.0], [0.0, 50.0], [1.0, 1.0], [0.0, 0.0], [0.0, 1.0], [0.0, 0.0], [0.0, 0.0]]"
j9715zyjtm6mjh8bvvegdnsh2d8fjrwc,RiverForge,75,test,0,0,0.8848148485059373,0.616049495019791,True,"[[8.0, 75.0], [4.0, 75.0], [1.0, 59.0], [0.0, 75.0], [3.0, 7.0], [0.0, 3.0], [0.0, 7.0], [0.0, 0.0], [0.0, 0.0]]"
j9715zyjtm6mjh8bvvegdnsh2d8fjrwc,RiverForge,100,test,0,0,0.8335774765861796,0.44525825528726554,True,"[[14.0, 100.0], [7.0, 100.0], [4.0, 77.0], [0.0, 100.0], [6.0, 10.0], [1.0, 7.0], [0.0, 10.0], [0.0, 1.0], [0.0, 0.0]]"
j979shra6kzvkkk4dc1dt41dkd8fknm4,Tester67,5,validation,0,0,0.6000308243524375,0.0,True,"[[0.0, 5.0], [0.0, 5.0], [0.0, 2.0], [0.0, 5.0], [0.0, 0.0], [0.0, 0.0], [0.0, 0.0], [0.0, 0.0], [0.0, 0.0]]"
j979shra6kzvkkk4dc1dt41dkd8fknm4,Tester67,10,validation,0,0,0.6157279026480301,0.0,True,"[[2.0, 10.0], [1.0, 10.0], [0.0, 4.0], [0.0, 10.0], [0.0, 0.0], [3.0, 6.0], [0.0, 0.0], [0.0, 3.0], [0.0, 1.0]]"
j979shra6kzvkkk4dc1dt41dkd8fknm4,Tester67,15,validation,0,0,0.5769182522428706,0.0,True,"[[3.0, 15.0], [2.0, 15.0], [1.0, 7.0], [0.0, 15.0], [0.0, 0.0], [3.0, 6.0], [0.0, 0.0], [0.0, 3.0], [0.0, 1.0]]"
j979shra6kzvkkk4dc1dt41dkd8fknm4,Tester67,20,validation,0,1,0.5366654399209325,0.0,False,"[[4.0, 20.0], [2.0, 20.0], [1.0, 11.0], [0.0, 20.0], [0.0, 1.0], [4.0, 7.0], [1.0, 1.0], [2.0, 5.0], [0.0, 1.0]]"
j979shra6kzvkkk4dc1dt41dkd8fknm4,Tester67,30,validation,0,0,0.6160608123314426,0.0,True,"[[5.0, 30.0], [3.0, 30.0], [2.0, 18.0], [0.0, 30.0], [0.0, 2.0], [4.0, 9.0], [1.0, 2.0], [2.0, 5.0], [0.0, 1.0]]"
j979shra6kzvkkk4dc1dt41dkd8fknm4,Tester67,50,validation,0,0,0.6561187669839966,0.0,True,"[[7.0, 50.0], [4.0, 50.0], [3.0, 33.0], [0.0, 50.0], [0.0, 2.0], [5.0, 10.0], [1.0, 2.0], [3.0, 6.0], [0.0, 1.0]]"
j979shra6kzvkkk4dc1dt41dkd8fknm4,Tester67,75,validation,0,0,0.8060818205665362,0.3536060685551208,True,"[[10.0, 75.0], [5.0, 75.0], [3.0, 53.0], [0.0, 75.0], [1.0, 5.0], [6.0, 15.0], [1.0, 5.0], [3.0, 7.0], [0.0, 1.0]]"
j979shra6kzvkkk4dc1dt41dkd8fknm4,Tester67,100,validation,0,0,0.8159218477506104,0.38640615916870136,True,"[[13.0, 100.0], [7.0, 100.0], [3.0, 72.0], [0.0, 100.0], [2.0, 7.0], [7.0, 20.0], [1.0, 7.0], [4.0, 8.0], [0.0, 1.0]]"
j975vc79vckpdbkj8ckye4g8k18fkaq1,Tester67,5,validation,0,1,0.6028013047434383,0.0,False,"[[2.0, 5.0], [2.0, 5.0], [0.0, 1.0], [0.0, 5.0], [0.0, 0.0], [0.0, 0.0], [0.0, 0.0], [0.0, 0.0], [0.0, 0.0]]"
j975vc79vckpdbkj8ckye4g8k18fkaq1,percy-perc-filet,5,validation,0,0,0.5283695177352279,0.0,True,"[[1.0, 5.0], [1.0, 5.0], [0.0, 2.0], [0.0, 5.0], [1.0, 3.0], [0.0, 0.0], [0.0, 3.0], [0.0, 0.0], [0.0, 0.0]]"
j975vc79vckpdbkj8ckye4g8k18fkaq1,RiverForge,5,validation,0,1,0.6233649813951591,0.0,False,"[[1.0, 5.0], [1.0, 5.0], [1.0, 3.0], [0.0, 5.0], [0.0, 0.0], [3.0, 3.0], [0.0, 0.0], [0.0, 3.0], [0.0, 0.0]]"
j975vc79vckpdbkj8ckye4g8k18fkaq1,Tester67,10,validation,0,1,0.5011627542075137,0.0,False,"[[2.0, 10.0], [2.0, 10.0], [0.0, 3.0], [0.0, 10.0], [0.0, 0.0], [0.0, 0.0], [0.0, 0.0], [0.0, 0.0], [0.0, 0.0]]"
j975vc79vckpdbkj8ckye4g8k18fkaq1,percy-perc-filet,10,validation,0,1,0.537797077151326,0.0,False,"[[3.0, 10.0], [3.0, 10.0], [0.0, 3.0], [0.0, 10.0], [1.0, 3.0], [0.0, 0.0], [0.0, 3.0], [0.0, 0.0], [0.0, 0.0]]"
j975vc79vckpdbkj8ckye4g8k18fkaq1,RiverForge,10,validation,0,1,0.6075469621652821,0.0,False,"[[2.0, 10.0], [2.0, 10.0], [1.0, 5.0], [0.0, 10.0], [0.0, 0.0], [3.0, 3.0], [0.0, 0.0], [0.0, 3.0], [0.0, 0.0]]"
j975vc79vckpdbkj8ckye4g8k18fkaq1,Tester67,15,validation,0,1,0.5140703999847982,0.0,False,"[[3.0, 15.0], [2.0, 15.0], [0.0, 6.0], [0.0, 15.0], [0.0, 0.0], [3.0, 3.0], [0.0, 0.0], [0.0, 3.0], [0.0, 0.0]]"
j975vc79vckpdbkj8ckye4g8k18fkaq1,percy-perc-filet,15,validation,0,1,0.540395230661268,0.0,False,"[[5.0, 15.0], [5.0, 15.0], [0.0, 4.0], [0.0, 15.0], [2.0, 6.0], [0.0, 0.0], [0.0, 6.0], [0.0, 0.0], [0.0, 0.0]]"
j975vc79vckpdbkj8ckye4g8k18fkaq1,RiverForge,15,validation,0,1,0.5939414648917257,0.0,False,"[[3.0, 15.0], [3.0, 15.0], [1.0, 7.0], [0.0, 15.0], [0.0, 0.0], [3.0, 3.0], [0.0, 0.0], [0.0, 3.0], [0.0, 0.0]]"
j975vc79vckpdbkj8ckye4g8k18fkaq1,Tester67,20,validation,0,1,0.5111331369909944,0.0,False,"[[4.0, 20.0], [3.0, 20.0], [0.0, 8.0], [0.0, 20.0], [0.0, 0.0], [3.0, 3.0], [0.0, 0.0], [0.0, 3.0], [0.0, 0.0]]"
j975vc79vckpdbkj8ckye4g8k18fkaq1,percy-perc-filet,20,validation,0,1,0.5621390366572155,0.0,False,"[[7.0, 20.0], [7.0, 20.0], [0.0, 6.0], [0.0, 20.0], [2.0, 6.0], [0.0, 0.0], [0.0, 6.0], [0.0, 0.0], [0.0, 0.0]]"
j975vc79vckpdbkj8ckye4g8k18fkaq1,RiverForge,20,validation,0,1,0.5125581383671796,0.0,False,"[[3.0, 20.0], [3.0, 20.0], [1.0, 11.0], [0.0, 20.0], [0.0, 0.0], [3.0, 3.0], [0.0, 0.0], [0.0, 3.0], [0.0, 0.0]]"
j975vc79vckpdbkj8ckye4g8k18fkaq1,Tester67,30,validation,0,1,0.5029055196013547,0.0,False,"[[6.0, 30.0], [5.0, 30.0], [0.0, 13.0], [0.0, 30.0], [0.0, 0.0], [3.0, 3.0], [0.0, 0.0], [0.0, 3.0], [0.0, 0.0]]"
j975vc79vckpdbkj8ckye4g8k18fkaq1,percy-perc-filet,30,validation,0,1,0.5290522759736699,0.0,False,"[[10.0, 30.0], [9.0, 30.0], [0.0, 11.0], [0.0, 30.0], [2.0, 6.0], [2.0, 3.0], [0.0, 6.0], [0.0, 2.0], [0.0, 0.0]]"
j975vc79vckpdbkj8ckye4g8k18fkaq1,RiverForge,30,validation,0,0,0.549558925895398,0.0,True,"[[4.0, 30.0], [4.0, 30.0], [1.0, 16.0], [0.0, 30.0], [0.0, 0.0], [3.0, 3.0], [0.0, 0.0], [0.0, 3.0], [0.0, 0.0]]"
j975vc79vckpdbkj8ckye4g8k18fkaq1,Tester67,50,validation,0,0,0.6156345091898328,0.0,True,"[[11.0, 50.0], [10.0, 50.0], [0.0, 18.0], [0.0, 50.0], [0.0, 3.0], [4.0, 4.0], [0.0, 3.0], [0.0, 4.0], [0.0, 0.0]]"
j975vc79vckpdbkj8ckye4g8k18fkaq1,percy-perc-filet,50,validation,0,1,0.5384774716572251,0.0,False,"[[18.0, 50.0], [14.0, 50.0], [0.0, 18.0], [0.0, 50.0], [5.0, 9.0], [5.0, 10.0], [0.0, 9.0], [0.0, 5.0], [0.0, 1.0]]"
j975vc79vckpdbkj8ckye4g8k18fkaq1,RiverForge,50,validation,0,0,0.7607119333433311,0.18275357526392907,True,"[[6.0, 50.0], [5.0, 50.0], [1.0, 27.0], [0.0, 50.0], [0.0, 0.0], [3.0, 6.0], [0.0, 0.0], [0.0, 3.0], [0.0, 0.0]]"
j975vc79vckpdbkj8ckye4g8k18fkaq1,Tester67,75,validation,0,0,0.5527994697147767,0.0,True,"[[19.0, 75.0], [16.0, 75.0], [1.0, 29.0], [0.0, 75.0], [0.0, 4.0], [12.0, 17.0], [1.0, 4.0], [2.0, 13.0], [0.0, 0.0]]"
j975vc79vckpdbkj8ckye4g8k18fkaq1,percy-perc-filet,75,validation,0,0,0.5440780453584079,0.0,True,"[[27.0, 75.0], [20.0, 75.0], [0.0, 29.0], [0.0, 75.0], [7.0, 14.0], [7.0, 15.0], [0.0, 14.0], [0.0, 7.0], [0.0, 1.0]]"
j975vc79vckpdbkj8ckye4g8k18fkaq1,RiverForge,75,validation,0,0,0.8432006196055134,0.47733539868504476,True,"[[9.0, 75.0], [7.0, 75.0], [1.0, 39.0], [0.0, 75.0], [2.0, 3.0], [3.0, 11.0], [0.0, 3.0], [0.0, 3.0], [0.0, 0.0]]"
j975vc79vckpdbkj8ckye4g8k18fkaq1,Tester67,100,validation,0,0,0.5365563799973901,0.0,True,"[[24.0, 100.0], [21.0, 100.0], [1.0, 33.0], [0.0, 100.0], [0.0, 4.0], [16.0, 21.0], [1.0, 4.0], [2.0, 17.0], [0.0, 1.0]]"
j975vc79vckpdbkj8ckye4g8k18fkaq1,percy-perc-filet,100,validation,0,0,0.5533677956909268,0.0,True,"[[38.0, 100.0], [29.0, 100.0], [0.0, 35.0], [0.0, 100.0], [8.0, 18.0], [8.0, 16.0], [0.0, 18.0], [0.0, 8.0], [0.0, 1.0]]"
j975vc79vckpdbkj8ckye4g8k18fkaq1,RiverForge,100,validation,0,0,0.8357448531700234,0.45248284390007826,True,"[[12.0, 100.0], [10.0, 100.0], [2.0, 50.0], [0.0, 100.0], [3.0, 4.0], [3.0, 12.0], [0.0, 4.0], [0.0, 3.0], [0.0, 0.0]]"
j977y0nxnjwfvwgcxr4370g71h8fk11e,McSmart Meal,5,test,1,1,0.7975343597018486,0.12465203123767801,True,"[[3.0, 5.0], [3.0, 5.0], [1.0, 3.0], [0.0, 5.0], [0.0, 0.0], [1.0, 1.0], [0.0, 0.0], [1.0, 1.0], [0.0, 0.0]]"
j977y0nxnjwfvwgcxr4370g71h8fk11e,McSmart Meal,10,test,1,1,0.8890207610302271,0.5250576695284086,True,"[[6.0, 10.0], [5.0, 10.0], [1.0, 5.0], [0.0, 10.0], [2.0, 2.0], [3.0, 3.0], [0.0, 2.0], [2.0, 3.0], [0.0, 0.0]]"
j977y0nxnjwfvwgcxr4370g71h8fk11e,McSmart Meal,15,test,1,1,0.811632005888866,0.36648199202680803,True,"[[8.0, 15.0], [6.0, 15.0], [1.0, 8.0], [0.0, 15.0], [2.0, 2.0], [3.0, 6.0], [0.0, 2.0], [2.0, 3.0], [0.0, 0.0]]"
j977y0nxnjwfvwgcxr4370g71h8fk11e,McSmart Meal,20,test,1,1,0.7929156909819925,0.27866123563335865,True,"[[10.0, 20.0], [6.0, 20.0], [1.0, 11.0], [0.0, 20.0], [3.0, 4.0], [4.0, 7.0], [0.0, 4.0], [2.0, 4.0], [0.0, 0.0]]"
j977y0nxnjwfvwgcxr4370g71h8fk11e,McSmart Meal,30,test,1,1,0.7178132520562848,0.03590720523707078,True,"[[12.0, 30.0], [7.0, 30.0], [1.0, 17.0], [0.0, 30.0], [3.0, 5.0], [6.0, 10.0], [0.0, 5.0], [2.0, 6.0], [0.0, 0.0]]"
j977y0nxnjwfvwgcxr4370g71h8fk11e,McSmart Meal,50,test,1,1,0.8825272930680838,0.6084243102269459,True,"[[19.0, 50.0], [12.0, 50.0], [3.0, 31.0], [1.0, 50.0], [6.0, 10.0], [6.0, 14.0], [0.0, 10.0], [2.0, 6.0], [0.0, 0.0]]"
j977y0nxnjwfvwgcxr4370g71h8fk11e,McSmart Meal,75,test,1,1,0.881649632699862,0.6054987756662066,True,"[[27.0, 75.0], [16.0, 75.0], [3.0, 47.0], [1.0, 75.0], [8.0, 18.0], [8.0, 19.0], [3.0, 18.0], [5.0, 11.0], [0.0, 0.0]]"
j977y0nxnjwfvwgcxr4370g71h8fk11e,McSmart Meal,100,test,1,1,0.8357679603778835,0.45255986792627834,True,"[[37.0, 100.0], [21.0, 100.0], [3.0, 61.0], [1.0, 100.0], [10.0, 26.0], [12.0, 26.0], [4.0, 26.0], [6.0, 16.0], [0.0, 0.0]]"
j97fxxrp4x5336w3ba4t30ntnx8fjrx3,RiverForge,5,test,0,0,0.6030513798067153,0.0,True,"[[0.0, 5.0], [0.0, 5.0], [0.0, 3.0], [0.0, 5.0], [0.0, 0.0], [0.0, 0.0], [0.0, 0.0], [0.0, 0.0], [0.0, 0.0]]"
j97fxxrp4x5336w3ba4t30ntnx8fjrx3,percy-perc-filet,5,test,0,1,0.5280248905046883,0.0,False,"[[2.0, 5.0], [1.0, 5.0], [0.0, 2.0], [0.0, 5.0], [1.0, 2.0], [1.0, 2.0], [0.0, 2.0], [0.0, 1.0], [0.0, 0.0]]"
j97fxxrp4x5336w3ba4t30ntnx8fjrx3,Tester67,5,test,0,1,0.652803635322767,0.0,False,"[[2.0, 5.0], [2.0, 5.0], [1.0, 2.0], [0.0, 5.0], [0.0, 0.0], [0.0, 0.0], [0.0, 0.0], [0.0, 0.0], [0.0, 0.0]]"
j97fxxrp4x5336w3ba4t30ntnx8fjrx3,RiverForge,10,test,0,0,0.6476298756814403,0.0,True,"[[1.0, 10.0], [1.0, 10.0], [0.0, 5.0], [0.0, 10.0], [1.0, 1.0], [0.0, 2.0], [0.0, 1.0], [0.0, 0.0], [0.0, 0.0]]"
j97fxxrp4x5336w3ba4t30ntnx8fjrx3,percy-perc-filet,10,test,0,1,0.5832039466894701,0.0,False,"[[4.0, 10.0], [3.0, 10.0], [0.0, 3.0], [0.0, 10.0], [1.0, 2.0], [1.0, 2.0], [0.0, 2.0], [0.0, 1.0], [0.0, 0.0]]"
j97fxxrp4x5336w3ba4t30ntnx8fjrx3,Tester67,10,test,0,1,0.6770593676451777,0.0,False,"[[4.0, 10.0], [4.0, 10.0], [1.0, 5.0], [0.0, 10.0], [0.0, 0.0], [0.0, 0.0], [0.0, 0.0], [0.0, 0.0], [0.0, 0.0]]"
j97fxxrp4x5336w3ba4t30ntnx8fjrx3,RiverForge,15,test,0,0,0.7182277892262048,0.04518716529693377,True,"[[1.0, 15.0], [1.0, 15.0], [0.0, 6.0], [0.0, 15.0], [1.0, 1.0], [0.0, 2.0], [0.0, 1.0], [0.0, 0.0], [0.0, 0.0]]"
j97fxxrp4x5336w3ba4t30ntnx8fjrx3,percy-perc-filet,15,test,0,1,0.5613175108191332,0.0,False,"[[6.0, 15.0], [5.0, 15.0], [0.0, 3.0], [0.0, 15.0], [2.0, 4.0], [2.0, 5.0], [0.0, 4.0], [0.0, 2.0], [0.0, 0.0]]"
j97fxxrp4x5336w3ba4t30ntnx8fjrx3,Tester67,15,test,0,1,0.609134252194091,0.0,False,"[[6.0, 15.0], [5.0, 15.0], [1.0, 7.0], [0.0, 15.0], [0.0, 0.0], [1.0, 3.0], [0.0, 0.0], [0.0, 1.0], [0.0, 0.0]]"
j97fxxrp4x5336w3ba4t30ntnx8fjrx3,RiverForge,20,test,0,0,0.7728467836096244,0.2311695815161478,True,"[[1.0, 20.0], [1.0, 20.0], [0.0, 8.0], [0.0, 20.0], [1.0, 1.0], [0.0, 2.0], [0.0, 1.0], [0.0, 0.0], [0.0, 0.0]]"
j97fxxrp4x5336w3ba4t30ntnx8fjrx3,percy-perc-filet,20,test,0,1,0.5384414674365599,0.0,False,"[[8.0, 20.0], [6.0, 20.0], [0.0, 4.0], [0.0, 20.0], [3.0, 6.0], [2.0, 7.0], [1.0, 6.0], [0.0, 3.0], [0.0, 0.0]]"
j97fxxrp4x5336w3ba4t30ntnx8fjrx3,Tester67,20,test,0,1,0.574439657785136,0.0,False,"[[7.0, 20.0], [6.0, 20.0], [1.0, 8.0], [0.0, 20.0], [0.0, 1.0], [3.0, 5.0], [0.0, 1.0], [0.0, 3.0], [0.0, 0.0]]"
j97fxxrp4x5336w3ba4t30ntnx8fjrx3,RiverForge,30,test,0,0,0.8449603826181235,0.4832012753937449,True,"[[1.0, 30.0], [1.0, 30.0], [0.0, 11.0], [0.0, 30.0], [1.0, 1.0], [0.0, 2.0], [0.0, 1.0], [0.0, 0.0], [0.0, 0.0]]"
j97fxxrp4x5336w3ba4t30ntnx8fjrx3,percy-perc-filet,30,test,0,1,0.5630552364538153,0.0,False,"[[12.0, 30.0], [10.0, 30.0], [0.0, 6.0], [0.0, 30.0], [4.0, 7.0], [2.0, 8.0], [1.0, 7.0], [0.0, 3.0], [0.0, 0.0]]"
j97fxxrp4x5336w3ba4t30ntnx8fjrx3,Tester67,30,test,0,1,0.691618899451918,0.0,False,"[[10.0, 30.0], [9.0, 30.0], [2.0, 12.0], [0.0, 30.0], [0.0, 1.0], [4.0, 6.0], [0.0, 1.0], [1.0, 4.0], [0.0, 0.0]]"
j97fxxrp4x5336w3ba4t30ntnx8fjrx3,RiverForge,50,test,0,0,0.8584173873916437,0.5280579579721459,True,"[[3.0, 50.0], [3.0, 50.0], [0.0, 21.0], [0.0, 50.0], [1.0, 2.0], [1.0, 3.0], [0.0, 2.0], [0.0, 1.0], [0.0, 0.0]]"
j97fxxrp4x5336w3ba4t30ntnx8fjrx3,percy-perc-filet,50,test,0,1,0.5465333615586182,0.0,False,"[[21.0, 50.0], [16.0, 50.0], [0.0, 14.0], [0.0, 50.0], [6.0, 11.0], [8.0, 19.0], [1.0, 11.0], [0.0, 9.0], [0.0, 1.0]]"
j97fxxrp4x5336w3ba4t30ntnx8fjrx3,Tester67,50,test,0,1,0.7820870817573468,0.23341106065447573,False,"[[18.0, 50.0], [15.0, 50.0], [4.0, 22.0], [0.0, 50.0], [4.0, 6.0], [8.0, 12.0], [0.0, 6.0], [1.0, 8.0], [0.0, 0.0]]"
j97fxxrp4x5336w3ba4t30ntnx8fjrx3,RiverForge,75,test,0,0,0.842458973511768,0.4748632450392268,True,"[[8.0, 75.0], [6.0, 75.0], [0.0, 27.0], [0.0, 75.0], [2.0, 4.0], [4.0, 9.0], [0.0, 4.0], [0.0, 4.0], [0.0, 0.0]]"
j97fxxrp4x5336w3ba4t30ntnx8fjrx3,percy-perc-filet,75,test,0,1,0.6355176660461659,0.0,False,"[[31.0, 75.0], [26.0, 75.0], [2.0, 19.0], [0.0, 75.0], [7.0, 13.0], [13.0, 25.0], [1.0, 13.0], [0.0, 14.0], [0.0, 1.0]]"
j97fxxrp4x5336w3ba4t30ntnx8fjrx3,Tester67,75,test,0,1,0.7377730312587889,0.08529512213038053,False,"[[22.0, 75.0], [19.0, 75.0], [5.0, 33.0], [0.0, 75.0], [7.0, 14.0], [11.0, 15.0], [1.0, 14.0], [1.0, 12.0], [0.0, 0.0]]"
j97fxxrp4x5336w3ba4t30ntnx8fjrx3,RiverForge,100,test,0,0,0.8862706024607965,0.620902008202655,True,"[[14.0, 100.0], [10.0, 100.0], [0.0, 37.0], [0.0, 100.0], [2.0, 7.0], [6.0, 14.0], [0.0, 7.0], [0.0, 6.0], [0.0, 0.0]]"
j97fxxrp4x5336w3ba4t30ntnx8fjrx3,percy-perc-filet,100,test,0,1,0.542509764261191,0.0,False,"[[43.0, 100.0], [36.0, 100.0], [2.0, 28.0], [0.0, 100.0], [11.0, 20.0], [14.0, 37.0], [2.0, 20.0], [0.0, 16.0], [0.0, 1.0]]"
j97fxxrp4x5336w3ba4t30ntnx8fjrx3,Tester67,100,test,0,1,0.5421361736737589,0.0,False,"[[32.0, 100.0], [25.0, 100.0], [6.0, 47.0], [0.0, 100.0], [8.0, 17.0], [18.0, 35.0], [1.0, 17.0], [1.0, 19.0], [0.0, 2.0]]"
j97cbma3gfmmjq45qf2shd9tdd8fj2nw,McSmart Meal,5,test,1,1,0.7666875684602661,0.07311884732472407,True,"[[3.0, 5.0], [2.0, 5.0], [0.0, 3.0], [0.0, 5.0], [1.0, 1.0], [2.0, 2.0], [0.0, 1.0], [1.0, 2.0], [0.0, 0.0]]"
j97cbma3gfmmjq45qf2shd9tdd8fj2nw,McSmart Meal,10,test,1,1,0.7213205965114248,0.036556848962310776,True,"[[5.0, 10.0], [3.0, 10.0], [0.0, 6.0], [0.0, 10.0], [3.0, 5.0], [2.0, 3.0], [0.0, 5.0], [1.0, 2.0], [0.0, 0.0]]"
j97cbma3gfmmjq45qf2shd9tdd8fj2nw,McSmart Meal,15,test,1,1,0.642653100416906,0.0,True,"[[5.0, 15.0], [3.0, 15.0], [0.0, 10.0], [0.0, 15.0], [3.0, 5.0], [2.0, 3.0], [0.0, 5.0], [1.0, 2.0], [0.0, 0.0]]"
j97cbma3gfmmjq45qf2shd9tdd8fj2nw,McSmart Meal,20,test,1,1,0.6000340988071893,0.0,True,"[[9.0, 20.0], [4.0, 20.0], [0.0, 14.0], [0.0, 20.0], [4.0, 7.0], [3.0, 7.0], [0.0, 7.0], [1.0, 3.0], [0.0, 0.0]]"
j97cbma3gfmmjq45qf2shd9tdd8fj2nw,McSmart Meal,30,test,1,1,0.5518449667360864,0.0,True,"[[11.0, 30.0], [5.0, 30.0], [1.0, 22.0], [0.0, 30.0], [5.0, 8.0], [3.0, 8.0], [0.0, 8.0], [1.0, 3.0], [0.0, 0.0]]"
j97cbma3gfmmjq45qf2shd9tdd8fj2nw,McSmart Meal,50,test,1,1,0.7013994621491327,0.002552889607666956,True,"[[20.0, 50.0], [9.0, 50.0], [2.0, 38.0], [0.0, 50.0], [8.0, 16.0], [9.0, 16.0], [1.0, 16.0], [4.0, 10.0], [0.0, 1.0]]"
j97cbma3gfmmjq45qf2shd9tdd8fj2nw,McSmart Meal,75,test,1,1,0.595359770141267,0.0,True,"[[33.0, 75.0], [14.0, 75.0], [3.0, 58.0], [0.0, 75.0], [10.0, 23.0], [14.0, 31.0], [2.0, 23.0], [5.0, 16.0], [0.0, 3.0]]"
j97cbma3gfmmjq45qf2shd9tdd8fj2nw,McSmart Meal,100,test,1,1,0.5083232039831516,0.0,True,"[[39.0, 100.0], [16.0, 100.0], [4.0, 78.0], [0.0, 100.0], [11.0, 26.0], [18.0, 38.0], [2.0, 26.0], [5.0, 20.0], [0.0, 3.0]]"
j978dg6sv02wh7921tkyd4b6498fjr71,McSmart Meal,5,test,1,1,0.7114984824232599,0.009300820980865317,True,"[[3.0, 5.0], [2.0, 5.0], [0.0, 3.0], [0.0, 5.0], [1.0, 3.0], [0.0, 0.0], [1.0, 3.0], [1.0, 1.0], [0.0, 0.0]]"
j978dg6sv02wh7921tkyd4b6498fjr71,McSmart Meal,10,test,1,1,0.5903499512966905,0.0,True,"[[5.0, 10.0], [3.0, 10.0], [0.0, 6.0], [0.0, 10.0], [1.0, 5.0], [1.0, 2.0], [1.0, 5.0], [1.0, 2.0], [0.0, 0.0]]"
j978dg6sv02wh7921tkyd4b6498fjr71,McSmart Meal,15,test,1,1,0.6700192618991393,0.0,True,"[[8.0, 15.0], [5.0, 15.0], [0.0, 9.0], [0.0, 15.0], [2.0, 6.0], [2.0, 4.0], [1.0, 6.0], [1.0, 3.0], [0.0, 0.0]]"
j978dg6sv02wh7921tkyd4b6498fjr71,McSmart Meal,20,test,1,1,0.6130093159921454,0.0,True,"[[12.0, 20.0], [7.0, 20.0], [0.0, 11.0], [0.0, 20.0], [4.0, 13.0], [4.0, 10.0], [2.0, 13.0], [2.0, 6.0], [0.0, 0.0]]"
j978dg6sv02wh7921tkyd4b6498fjr71,McSmart Meal,30,test,1,1,0.5850425900971511,0.0,True,"[[17.0, 30.0], [9.0, 30.0], [0.0, 17.0], [0.0, 30.0], [6.0, 15.0], [6.0, 19.0], [2.0, 15.0], [2.0, 8.0], [0.0, 0.0]]"
j978dg6sv02wh7921tkyd4b6498fjr71,McSmart Meal,50,test,1,1,0.6315348476574612,0.0,True,"[[27.0, 50.0], [15.0, 50.0], [1.0, 29.0], [0.0, 50.0], [10.0, 22.0], [10.0, 26.0], [2.0, 22.0], [2.0, 12.0], [0.0, 0.0]]"
j978dg6sv02wh7921tkyd4b6498fjr71,McSmart Meal,75,test,1,1,0.5721284722348666,0.0,True,"[[39.0, 75.0], [22.0, 75.0], [1.0, 43.0], [0.0, 75.0], [14.0, 28.0], [12.0, 42.0], [2.0, 28.0], [3.0, 14.0], [0.0, 0.0]]"
j978dg6sv02wh7921tkyd4b6498fjr71,McSmart Meal,100,test,1,0,0.50260531703279,0.0,False,"[[45.0, 100.0], [26.0, 100.0], [1.0, 57.0], [0.0, 100.0], [17.0, 33.0], [15.0, 50.0], [2.0, 33.0], [3.0, 17.0], [0.0, 0.0]]"
j97dgbxqd14j6577r529s1kqnd8fkzvh,McSmart Meal,5,test,1,1,0.6604322655273092,0.0,True,"[[4.0, 5.0], [2.0, 5.0], [0.0, 2.0], [0.0, 5.0], [3.0, 4.0], [2.0, 4.0], [0.0, 4.0], [0.0, 2.0], [0.0, 0.0]]"
j97dgbxqd14j6577r529s1kqnd8fkzvh,McSmart Meal,10,test,1,1,0.6019995521721264,0.0,True,"[[6.0, 10.0], [4.0, 10.0], [0.0, 3.0], [0.0, 10.0], [4.0, 5.0], [2.0, 7.0], [0.0, 5.0], [0.0, 2.0], [0.0, 0.0]]"
j97dgbxqd14j6577r529s1kqnd8fkzvh,McSmart Meal,15,test,1,1,0.7156450536100832,0.03113490284765838,True,"[[10.0, 15.0], [6.0, 15.0], [0.0, 6.0], [0.0, 15.0], [5.0, 6.0], [5.0, 12.0], [0.0, 6.0], [1.0, 5.0], [0.0, 0.0]]"
j97dgbxqd14j6577r529s1kqnd8fkzvh,McSmart Meal,20,test,1,1,0.7066220891884272,0.012479051976024329,True,"[[13.0, 20.0], [8.0, 20.0], [0.0, 9.0], [0.0, 20.0], [6.0, 7.0], [5.0, 13.0], [0.0, 7.0], [1.0, 5.0], [0.0, 0.0]]"
j97dgbxqd14j6577r529s1kqnd8fkzvh,McSmart Meal,30,test,1,1,0.6653743755890643,0.0,True,"[[16.0, 30.0], [10.0, 30.0], [0.0, 15.0], [0.0, 30.0], [8.0, 11.0], [6.0, 15.0], [0.0, 11.0], [1.0, 6.0], [0.0, 0.0]]"
j97dgbxqd14j6577r529s1kqnd8fkzvh,McSmart Meal,50,test,1,1,0.6483845829433712,0.0,True,"[[24.0, 50.0], [16.0, 50.0], [0.0, 24.0], [0.0, 50.0], [11.0, 18.0], [6.0, 20.0], [1.0, 18.0], [2.0, 7.0], [0.0, 0.0]]"
j97dgbxqd14j6577r529s1kqnd8fkzvh,McSmart Meal,75,test,1,1,0.5819758548870322,0.0,True,"[[34.0, 75.0], [22.0, 75.0], [0.0, 37.0], [0.0, 75.0], [17.0, 29.0], [7.0, 30.0], [2.0, 29.0], [3.0, 9.0], [0.0, 0.0]]"
j97dgbxqd14j6577r529s1kqnd8fkzvh,McSmart Meal,100,test,1,1,0.5196615084130711,0.0,True,"[[41.0, 100.0], [27.0, 100.0], [0.0, 51.0], [0.0, 100.0], [20.0, 34.0], [9.0, 36.0], [2.0, 34.0], [3.0, 11.0], [0.0, 0.0]]"
j9734rk4vqdjnnw8qmpnn3px8s8fjns5,RiverForge,5,test,0,0,0.6030513798067153,0.0,True,"[[0.0, 5.0], [0.0, 5.0], [0.0, 3.0], [0.0, 5.0], [0.0, 0.0], [0.0, 0.0], [0.0, 0.0], [0.0, 0.0], [0.0, 0.0]]"
j9734rk4vqdjnnw8qmpnn3px8s8fjns5,percy-perc-filet,5,test,0,1,0.5102607557360694,0.0,False,"[[1.0, 5.0], [1.0, 5.0], [0.0, 2.0], [0.0, 5.0], [0.0, 0.0], [0.0, 0.0], [0.0, 0.0], [0.0, 0.0], [0.0, 0.0]]"
j9734rk4vqdjnnw8qmpnn3px8s8fjns5,Tester67,5,test,0,1,0.652803635322767,0.0,False,"[[2.0, 5.0], [2.0, 5.0], [1.0, 2.0], [0.0, 5.0], [0.0, 0.0], [0.0, 0.0], [0.0, 0.0], [0.0, 0.0], [0.0, 0.0]]"
j9734rk4vqdjnnw8qmpnn3px8s8fjns5,McSmart Meal,5,test,1,1,0.663014516460652,0.0,True,"[[3.0, 5.0], [2.0, 5.0], [0.0, 2.0], [0.0, 5.0], [1.0, 1.0], [0.0, 0.0], [0.0, 1.0], [0.0, 0.0], [0.0, 0.0]]"
j9734rk4vqdjnnw8qmpnn3px8s8fjns5,RiverForge,10,test,0,0,0.5934955255426216,0.0,True,"[[1.0, 10.0], [1.0, 10.0], [0.0, 6.0], [0.0, 10.0], [1.0, 2.0], [0.0, 0.0], [0.0, 2.0], [0.0, 0.0], [0.0, 0.0]]"
j9734rk4vqdjnnw8qmpnn3px8s8fjns5,percy-perc-filet,10,test,0,1,0.5881627931645087,0.0,False,"[[2.0, 10.0], [2.0, 10.0], [1.0, 5.0], [0.0, 10.0], [0.0, 0.0], [2.0, 2.0], [0.0, 0.0], [0.0, 2.0], [0.0, 0.0]]"
j9734rk4vqdjnnw8qmpnn3px8s8fjns5,Tester67,10,test,0,1,0.7394593372623742,0.07494307723343467,False,"[[4.0, 10.0], [4.0, 10.0], [1.0, 3.0], [0.0, 10.0], [0.0, 0.0], [3.0, 3.0], [0.0, 0.0], [0.0, 3.0], [0.0, 0.0]]"
j9734rk4vqdjnnw8qmpnn3px8s8fjns5,McSmart Meal,10,test,1,1,0.6811866116188471,0.0,True,"[[6.0, 10.0], [4.0, 10.0], [0.0, 4.0], [0.0, 10.0], [2.0, 2.0], [0.0, 1.0], [0.0, 2.0], [0.0, 0.0], [0.0, 0.0]]"
j9734rk4vqdjnnw8qmpnn3px8s8fjns5,RiverForge,15,test,0,0,0.6115019663187975,0.0,True,"[[2.0, 15.0], [2.0, 15.0], [0.0, 9.0], [0.0, 15.0], [2.0, 3.0], [0.0, 1.0], [0.0, 3.0], [0.0, 0.0], [0.0, 0.0]]"
j9734rk4vqdjnnw8qmpnn3px8s8fjns5,percy-perc-filet,15,test,0,1,0.6126397034771315,0.0,False,"[[3.0, 15.0], [3.0, 15.0], [2.0, 8.0], [0.0, 15.0], [0.0, 0.0], [2.0, 2.0], [0.0, 0.0], [0.0, 2.0], [0.0, 0.0]]"
j9734rk4vqdjnnw8qmpnn3px8s8fjns5,Tester67,15,test,0,1,0.6623957156346086,0.0,False,"[[4.0, 15.0], [4.0, 15.0], [1.0, 5.0], [0.0, 15.0], [0.0, 0.0], [3.0, 3.0], [0.0, 0.0], [0.0, 3.0], [0.0, 0.0]]"
j9734rk4vqdjnnw8qmpnn3px8s8fjns5,McSmart Meal,15,test,1,1,0.6683492384091366,0.0,True,"[[8.0, 15.0], [5.0, 15.0], [0.0, 7.0], [0.0, 15.0], [2.0, 2.0], [2.0, 4.0], [0.0, 2.0], [0.0, 2.0], [0.0, 0.0]]"
j9734rk4vqdjnnw8qmpnn3px8s8fjns5,RiverForge,20,test,0,0,0.6794680133705796,0.0,True,"[[2.0, 20.0], [2.0, 20.0], [0.0, 13.0], [0.0, 20.0], [2.0, 3.0], [0.0, 1.0], [0.0, 3.0], [0.0, 0.0], [0.0, 0.0]]"
j9734rk4vqdjnnw8qmpnn3px8s8fjns5,percy-perc-filet,20,test,0,1,0.5617742740335927,0.0,False,"[[4.0, 20.0], [4.0, 20.0], [2.0, 11.0], [0.0, 20.0], [0.0, 0.0], [3.0, 4.0], [0.0, 0.0], [0.0, 3.0], [0.0, 0.0]]"
j9734rk4vqdjnnw8qmpnn3px8s8fjns5,Tester67,20,test,0,1,0.5902144374658013,0.0,False,"[[5.0, 20.0], [4.0, 20.0], [1.0, 8.0], [0.0, 20.0], [1.0, 1.0], [3.0, 4.0], [0.0, 1.0], [0.0, 3.0], [0.0, 0.0]]"
j9734rk4vqdjnnw8qmpnn3px8s8fjns5,McSmart Meal,20,test,1,1,0.7530373860456551,0.13002338919973058,True,"[[12.0, 20.0], [8.0, 20.0], [0.0, 9.0], [0.0, 20.0], [3.0, 3.0], [3.0, 7.0], [0.0, 3.0], [1.0, 3.0], [0.0, 0.0]]"
j9734rk4vqdjnnw8qmpnn3px8s8fjns5,RiverForge,30,test,0,0,0.7173710799483561,0.0428867068926523,True,"[[3.0, 30.0], [3.0, 30.0], [0.0, 18.0], [0.0, 30.0], [2.0, 3.0], [0.0, 1.0], [0.0, 3.0], [0.0, 0.0], [0.0, 0.0]]"
j9734rk4vqdjnnw8qmpnn3px8s8fjns5,percy-perc-filet,30,test,0,0,0.528184836114383,0.0,True,"[[5.0, 30.0], [5.0, 30.0], [2.0, 16.0], [0.0, 30.0], [1.0, 1.0], [3.0, 5.0], [0.0, 1.0], [0.0, 3.0], [0.0, 0.0]]"
j9734rk4vqdjnnw8qmpnn3px8s8fjns5,Tester67,30,test,0,1,0.6825287353082421,0.0,False,"[[7.0, 30.0], [6.0, 30.0], [1.0, 12.0], [0.0, 30.0], [1.0, 2.0], [4.0, 5.0], [1.0, 2.0], [1.0, 5.0], [0.0, 0.0]]"
j9734rk4vqdjnnw8qmpnn3px8s8fjns5,McSmart Meal,30,test,1,1,0.8315922274434405,0.4386407581448018,True,"[[17.0, 30.0], [12.0, 30.0], [1.0, 13.0], [0.0, 30.0], [4.0, 7.0], [5.0, 10.0], [1.0, 7.0], [2.0, 6.0], [0.0, 1.0]]"
j9734rk4vqdjnnw8qmpnn3px8s8fjns5,RiverForge,50,test,0,0,0.8761938560034707,0.5873128533449022,True,"[[7.0, 50.0], [6.0, 50.0], [0.0, 30.0], [0.0, 50.0], [2.0, 6.0], [0.0, 7.0], [0.0, 6.0], [0.0, 0.0], [0.0, 0.0]]"
j9734rk4vqdjnnw8qmpnn3px8s8fjns5,percy-perc-filet,50,test,0,0,0.773495842854694,0.2338833136095664,True,"[[12.0, 50.0], [9.0, 50.0], [3.0, 27.0], [0.0, 50.0], [3.0, 8.0], [3.0, 16.0], [0.0, 8.0], [0.0, 3.0], [0.0, 0.0]]"
j9734rk4vqdjnnw8qmpnn3px8s8fjns5,Tester67,50,test,0,1,0.5915285052940717,0.0,False,"[[13.0, 50.0], [10.0, 50.0], [3.0, 21.0], [0.0, 50.0], [1.0, 5.0], [12.0, 17.0], [1.0, 5.0], [2.0, 13.0], [0.0, 2.0]]"
j9734rk4vqdjnnw8qmpnn3px8s8fjns5,McSmart Meal,50,test,1,1,0.8157145566347414,0.38571518878247124,True,"[[27.0, 50.0], [21.0, 50.0], [1.0, 19.0], [0.0, 50.0], [5.0, 9.0], [8.0, 20.0], [1.0, 9.0], [4.0, 9.0], [0.0, 2.0]]"
j9734rk4vqdjnnw8qmpnn3px8s8fjns5,RiverForge,75,test,0,0,0.9160234761080827,0.7200782536936089,True,"[[8.0, 75.0], [6.0, 75.0], [0.0, 45.0], [0.0, 75.0], [3.0, 7.0], [0.0, 9.0], [0.0, 7.0], [0.0, 0.0], [0.0, 0.0]]"
j9734rk4vqdjnnw8qmpnn3px8s8fjns5,percy-perc-filet,75,test,0,0,0.7958369875200975,0.31945662506699163,True,"[[19.0, 75.0], [14.0, 75.0], [4.0, 38.0], [0.0, 75.0], [5.0, 13.0], [5.0, 22.0], [0.0, 13.0], [0.0, 5.0], [0.0, 0.0]]"
j9734rk4vqdjnnw8qmpnn3px8s8fjns5,Tester67,75,test,0,0,0.5176583659627646,0.0,True,"[[16.0, 75.0], [13.0, 75.0], [5.0, 31.0], [0.0, 75.0], [1.0, 6.0], [14.0, 20.0], [1.0, 6.0], [2.0, 15.0], [0.0, 2.0]]"
j9734rk4vqdjnnw8qmpnn3px8s8fjns5,McSmart Meal,75,test,1,1,0.8859314125059666,0.6197713750198889,True,"[[41.0, 75.0], [34.0, 75.0], [3.0, 28.0], [0.0, 75.0], [6.0, 11.0], [12.0, 25.0], [1.0, 11.0], [7.0, 13.0], [0.0, 2.0]]"
j9734rk4vqdjnnw8qmpnn3px8s8fjns5,RiverForge,100,test,0,0,0.9207076454243702,0.7356921514145675,True,"[[9.0, 100.0], [7.0, 100.0], [0.0, 61.0], [0.0, 100.0], [3.0, 7.0], [2.0, 11.0], [0.0, 7.0], [0.0, 2.0], [0.0, 0.0]]"
j9734rk4vqdjnnw8qmpnn3px8s8fjns5,percy-perc-filet,100,test,0,0,0.7280932930178537,0.07297303587740417,True,"[[33.0, 100.0], [24.0, 100.0], [7.0, 50.0], [0.0, 100.0], [10.0, 22.0], [8.0, 38.0], [0.0, 22.0], [0.0, 8.0], [0.0, 0.0]]"
j9734rk4vqdjnnw8qmpnn3px8s8fjns5,Tester67,100,test,0,0,0.5772161517067974,0.0,True,"[[19.0, 100.0], [15.0, 100.0], [6.0, 45.0], [0.0, 100.0], [1.0, 6.0], [17.0, 24.0], [1.0, 6.0], [2.0, 18.0], [0.0, 2.0]]"
j9734rk4vqdjnnw8qmpnn3px8s8fjns5,McSmart Meal,100,test,1,1,0.8060554668497985,0.3389765130391307,True,"[[53.0, 100.0], [44.0, 100.0], [3.0, 37.0], [0.0, 100.0], [6.0, 13.0], [13.0, 33.0], [1.0, 13.0], [7.0, 14.0], [0.0, 2.0]]"
j977makh7gw7xwk0k70x11nfa58fjckn,Tester67,5,validation,0,1,0.6183958115016158,0.0,False,"[[2.0, 5.0], [2.0, 5.0], [0.0, 3.0], [0.0, 5.0], [0.0, 0.0], [1.0, 1.0], [0.0, 0.0], [0.0, 1.0], [0.0, 0.0]]"
j977makh7gw7xwk0k70x11nfa58fjckn,McSmart Meal,5,validation,1,0,0.6057519545525839,0.0,False,"[[0.0, 5.0], [0.0, 5.0], [0.0, 4.0], [0.0, 5.0], [0.0, 0.0], [0.0, 0.0], [0.0, 0.0], [0.0, 0.0], [0.0, 0.0]]"
j977makh7gw7xwk0k70x11nfa58fjckn,percy-perc-filet,5,validation,0,1,0.6293384503189426,0.0,False,"[[2.0, 5.0], [2.0, 5.0], [1.0, 3.0], [0.0, 5.0], [1.0, 1.0], [0.0, 1.0], [0.0, 1.0], [0.0, 0.0], [0.0, 0.0]]"
j977makh7gw7xwk0k70x11nfa58fjckn,RiverForge,5,validation,0,1,0.6028013047434383,0.0,False,"[[2.0, 5.0], [2.0, 5.0], [0.0, 1.0], [0.0, 5.0], [0.0, 0.0], [0.0, 0.0], [0.0, 0.0], [0.0, 0.0], [0.0, 0.0]]"
j977makh7gw7xwk0k70x11nfa58fjckn,Tester67,10,validation,0,1,0.6974183103602999,0.0,False,"[[5.0, 10.0], [4.0, 10.0], [0.0, 5.0], [0.0, 10.0], [1.0, 1.0], [3.0, 4.0], [0.0, 1.0], [0.0, 3.0], [0.0, 0.0]]"
j977makh7gw7xwk0k70x11nfa58fjckn,McSmart Meal,10,validation,1,0,0.6072955751992161,0.0,False,"[[3.0, 10.0], [0.0, 10.0], [0.0, 7.0], [0.0, 10.0], [2.0, 2.0], [1.0, 3.0], [0.0, 2.0], [0.0, 1.0], [0.0, 0.0]]"
j977makh7gw7xwk0k70x11nfa58fjckn,percy-perc-filet,10,validation,0,1,0.6476912924154083,0.0,False,"[[5.0, 10.0], [4.0, 10.0], [1.0, 5.0], [0.0, 10.0], [3.0, 3.0], [1.0, 4.0], [0.0, 3.0], [0.0, 1.0], [0.0, 0.0]]"
j977makh7gw7xwk0k70x11nfa58fjckn,RiverForge,10,validation,0,0,0.501660930147987,0.0,True,"[[2.0, 10.0], [2.0, 10.0], [0.0, 4.0], [0.0, 10.0], [0.0, 0.0], [0.0, 0.0], [0.0, 0.0], [0.0, 0.0], [0.0, 0.0]]"
j977makh7gw7xwk0k70x11nfa58fjckn,Tester67,15,validation,0,1,0.7117219931188077,0.022786568376367868,False,"[[7.0, 15.0], [6.0, 15.0], [0.0, 7.0], [0.0, 15.0], [1.0, 1.0], [3.0, 4.0], [0.0, 1.0], [0.0, 3.0], [0.0, 0.0]]"
j977makh7gw7xwk0k70x11nfa58fjckn,McSmart Meal,15,validation,1,0,0.6870620042028656,0.0,False,"[[3.0, 15.0], [0.0, 15.0], [0.0, 10.0], [0.0, 15.0], [2.0, 2.0], [1.0, 3.0], [0.0, 2.0], [0.0, 1.0], [0.0, 0.0]]"
j977makh7gw7xwk0k70x11nfa58fjckn,percy-perc-filet,15,validation,0,1,0.6592961437698082,0.0,False,"[[7.0, 15.0], [6.0, 15.0], [1.0, 7.0], [0.0, 15.0], [3.0, 3.0], [1.0, 4.0], [0.0, 3.0], [0.0, 1.0], [0.0, 0.0]]"
j977makh7gw7xwk0k70x11nfa58fjckn,RiverForge,15,validation,0,0,0.587781839510705,0.0,True,"[[2.0, 15.0], [2.0, 15.0], [0.0, 7.0], [0.0, 15.0], [0.0, 0.0], [0.0, 0.0], [0.0, 0.0], [0.0, 0.0], [0.0, 0.0]]"
j977makh7gw7xwk0k70x11nfa58fjckn,Tester67,20,validation,0,1,0.7511597563995807,0.12418147719177774,False,"[[10.0, 20.0], [9.0, 20.0], [0.0, 8.0], [0.0, 20.0], [1.0, 1.0], [3.0, 4.0], [0.0, 1.0], [0.0, 3.0], [0.0, 0.0]]"
j977makh7gw7xwk0k70x11nfa58fjckn,McSmart Meal,20,validation,1,0,0.6694437327983297,0.0,False,"[[5.0, 20.0], [2.0, 20.0], [0.0, 13.0], [0.0, 20.0], [2.0, 3.0], [1.0, 5.0], [0.0, 3.0], [0.0, 1.0], [0.0, 0.0]]"
j977makh7gw7xwk0k70x11nfa58fjckn,percy-perc-filet,20,validation,0,1,0.5638315952954254,0.0,False,"[[8.0, 20.0], [6.0, 20.0], [1.0, 11.0], [0.0, 20.0], [3.0, 3.0], [2.0, 7.0], [0.0, 3.0], [0.0, 2.0], [0.0, 0.0]]"
j977makh7gw7xwk0k70x11nfa58fjckn,RiverForge,20,validation,0,0,0.6570986467181361,0.0,True,"[[2.0, 20.0], [2.0, 20.0], [0.0, 10.0], [0.0, 20.0], [0.0, 0.0], [0.0, 0.0], [0.0, 0.0], [0.0, 0.0], [0.0, 0.0]]"
j977makh7gw7xwk0k70x11nfa58fjckn,Tester67,30,validation,0,1,0.7559004261103129,0.13911966082899319,False,"[[13.0, 30.0], [11.0, 30.0], [0.0, 13.0], [0.0, 30.0], [1.0, 1.0], [6.0, 7.0], [0.0, 1.0], [0.0, 6.0], [0.0, 0.0]]"
j977makh7gw7xwk0k70x11nfa58fjckn,McSmart Meal,30,validation,1,0,0.5427063795104721,0.0,False,"[[13.0, 30.0], [8.0, 30.0], [1.0, 18.0], [0.0, 30.0], [5.0, 7.0], [3.0, 15.0], [0.0, 7.0], [0.0, 3.0], [0.0, 0.0]]"
j977makh7gw7xwk0k70x11nfa58fjckn,percy-perc-filet,30,validation,0,0,0.5063850984753084,0.0,True,"[[12.0, 30.0], [8.0, 30.0], [1.0, 18.0], [0.0, 30.0], [5.0, 6.0], [4.0, 13.0], [0.0, 6.0], [0.0, 4.0], [0.0, 0.0]]"
j977makh7gw7xwk0k70x11nfa58fjckn,RiverForge,30,validation,0,0,0.7691281143414319,0.21586808541705962,True,"[[4.0, 30.0], [3.0, 30.0], [0.0, 16.0], [0.0, 30.0], [0.0, 0.0], [0.0, 3.0], [0.0, 0.0], [0.0, 0.0], [0.0, 0.0]]"
j977makh7gw7xwk0k70x11nfa58fjckn,Tester67,50,validation,0,1,0.7358268732516201,0.08003598853658123,False,"[[19.0, 50.0], [16.0, 50.0], [0.0, 20.0], [0.0, 50.0], [3.0, 3.0], [10.0, 12.0], [0.0, 3.0], [0.0, 10.0], [0.0, 0.0]]"
j977makh7gw7xwk0k70x11nfa58fjckn,McSmart Meal,50,validation,1,0,0.593381747902799,0.0,False,"[[21.0, 50.0], [13.0, 50.0], [1.0, 27.0], [0.0, 50.0], [9.0, 12.0], [4.0, 20.0], [0.0, 12.0], [0.0, 4.0], [0.0, 0.0]]"
j977makh7gw7xwk0k70x11nfa58fjckn,percy-perc-filet,50,validation,0,1,0.5051963929963078,0.0,False,"[[22.0, 50.0], [15.0, 50.0], [3.0, 29.0], [0.0, 50.0], [7.0, 9.0], [6.0, 22.0], [0.0, 9.0], [0.0, 6.0], [0.0, 0.0]]"
j977makh7gw7xwk0k70x11nfa58fjckn,RiverForge,50,validation,0,0,0.8533265690632973,0.5110885635443244,True,"[[8.0, 50.0], [5.0, 50.0], [0.0, 26.0], [0.0, 50.0], [0.0, 1.0], [3.0, 11.0], [0.0, 1.0], [0.0, 3.0], [0.0, 0.0]]"
j977makh7gw7xwk0k70x11nfa58fjckn,Tester67,75,validation,0,1,0.8005788702337638,0.31308890352102253,False,"[[23.0, 75.0], [20.0, 75.0], [0.0, 28.0], [0.0, 75.0], [3.0, 4.0], [14.0, 16.0], [1.0, 4.0], [1.0, 15.0], [0.0, 0.0]]"
j977makh7gw7xwk0k70x11nfa58fjckn,McSmart Meal,75,validation,1,0,0.5748554768891407,0.0,False,"[[33.0, 75.0], [22.0, 75.0], [1.0, 34.0], [0.0, 75.0], [14.0, 20.0], [9.0, 31.0], [0.0, 20.0], [0.0, 9.0], [0.0, 0.0]]"
j977makh7gw7xwk0k70x11nfa58fjckn,percy-perc-filet,75,validation,0,0,0.5539719326875963,0.0,True,"[[31.0, 75.0], [19.0, 75.0], [3.0, 41.0], [0.0, 75.0], [9.0, 16.0], [9.0, 29.0], [1.0, 16.0], [0.0, 10.0], [0.0, 0.0]]"
j977makh7gw7xwk0k70x11nfa58fjckn,RiverForge,75,validation,0,0,0.8839383673678729,0.6131278912262431,True,"[[11.0, 75.0], [7.0, 75.0], [0.0, 36.0], [0.0, 75.0], [0.0, 1.0], [5.0, 16.0], [0.0, 1.0], [0.0, 5.0], [0.0, 0.0]]"
j977makh7gw7xwk0k70x11nfa58fjckn,Tester67,100,validation,0,1,0.7289949381830633,0.06234324766380257,False,"[[30.0, 100.0], [26.0, 100.0], [2.0, 40.0], [0.0, 100.0], [5.0, 10.0], [18.0, 26.0], [2.0, 10.0], [2.0, 20.0], [0.0, 0.0]]"
j977makh7gw7xwk0k70x11nfa58fjckn,McSmart Meal,100,validation,1,1,0.6128595102855686,0.0,True,"[[48.0, 100.0], [32.0, 100.0], [1.0, 44.0], [0.0, 100.0], [16.0, 25.0], [14.0, 41.0], [0.0, 25.0], [3.0, 14.0], [0.0, 0.0]]"
j977makh7gw7xwk0k70x11nfa58fjckn,percy-perc-filet,100,validation,0,0,0.566695883537539,0.0,True,"[[42.0, 100.0], [27.0, 100.0], [5.0, 56.0], [0.0, 100.0], [12.0, 23.0], [15.0, 42.0], [1.0, 23.0], [0.0, 16.0], [0.0, 0.0]]"
j977makh7gw7xwk0k70x11nfa58fjckn,RiverForge,100,validation,0,0,0.8219112356691575,0.4063707855638583,True,"[[16.0, 100.0], [10.0, 100.0], [1.0, 52.0], [0.0, 100.0], [2.0, 3.0], [8.0, 20.0], [0.0, 3.0], [0.0, 8.0], [0.0, 0.0]]"
j97dfv67dy12ea3rrw29q7v3358fkv29,Tester67,5,test,0,1,0.5708276651134941,0.0,False,"[[3.0, 5.0], [2.0, 5.0], [0.0, 3.0], [0.0, 5.0], [0.0, 2.0], [2.0, 4.0], [0.0, 2.0], [1.0, 2.0], [0.0, 0.0]]"
j97dfv67dy12ea3rrw29q7v3358fkv29,Tester67,10,test,0,1,0.539188266885413,0.0,False,"[[4.0, 10.0], [3.0, 10.0], [0.0, 5.0], [0.0, 10.0], [0.0, 2.0], [2.0, 4.0], [0.0, 2.0], [1.0, 2.0], [0.0, 0.0]]"
j97dfv67dy12ea3rrw29q7v3358fkv29,Tester67,15,test,0,1,0.7405790195136092,0.09305141106698785,False,"[[8.0, 15.0], [5.0, 15.0], [1.0, 8.0], [1.0, 15.0], [1.0, 6.0], [3.0, 9.0], [0.0, 6.0], [1.0, 3.0], [0.0, 1.0]]"
j97dfv67dy12ea3rrw29q7v3358fkv29,Tester67,20,test,0,1,0.7502537047327399,0.1213971824301003,False,"[[9.0, 20.0], [6.0, 20.0], [2.0, 11.0], [1.0, 20.0], [1.0, 6.0], [3.0, 9.0], [0.0, 6.0], [1.0, 3.0], [0.0, 1.0]]"
j97dfv67dy12ea3rrw29q7v3358fkv29,Tester67,30,test,0,1,0.7034931274637991,0.006456273328914048,False,"[[10.0, 30.0], [6.0, 30.0], [2.0, 17.0], [1.0, 30.0], [2.0, 7.0], [3.0, 10.0], [0.0, 7.0], [1.0, 3.0], [0.0, 1.0]]"
j97dfv67dy12ea3rrw29q7v3358fkv29,Tester67,50,test,0,0,0.5390579353822046,0.0,True,"[[13.0, 50.0], [8.0, 50.0], [3.0, 31.0], [1.0, 50.0], [2.0, 10.0], [3.0, 12.0], [0.0, 10.0], [1.0, 3.0], [0.0, 1.0]]"
j97dfv67dy12ea3rrw29q7v3358fkv29,Tester67,75,test,0,0,0.6040426783487383,0.0,True,"[[15.0, 75.0], [10.0, 75.0], [5.0, 47.0], [1.0, 75.0], [2.0, 10.0], [4.0, 13.0], [0.0, 10.0], [1.0, 4.0], [0.0, 1.0]]"
j97dfv67dy12ea3rrw29q7v3358fkv29,Tester67,100,test,0,1,0.5120448051696056,0.0,False,"[[25.0, 100.0], [16.0, 100.0], [6.0, 61.0], [1.0, 100.0], [4.0, 15.0], [9.0, 24.0], [0.0, 15.0], [3.0, 9.0], [0.0, 1.0]]"
j97a414gmn92p1rpcwj24585fn8fkrjs,Tester67,5,validation,0,1,0.6733777152903353,0.0,False,"[[3.0, 5.0], [3.0, 5.0], [0.0, 1.0], [0.0, 5.0], [0.0, 0.0], [0.0, 0.0], [0.0, 0.0], [0.0, 0.0], [0.0, 0.0]]"
j97a414gmn92p1rpcwj24585fn8fkrjs,percy-perc-filet,5,validation,0,0,0.6030513798067153,0.0,True,"[[0.0, 5.0], [0.0, 5.0], [0.0, 3.0], [0.0, 5.0], [0.0, 0.0], [0.0, 0.0], [0.0, 0.0], [0.0, 0.0], [0.0, 0.0]]"
j97a414gmn92p1rpcwj24585fn8fkrjs,RiverForge,5,validation,0,0,0.6000308243524375,0.0,True,"[[0.0, 5.0], [0.0, 5.0], [0.0, 2.0], [0.0, 5.0], [0.0, 0.0], [0.0, 0.0], [0.0, 0.0], [0.0, 0.0], [0.0, 0.0]]"
j97a414gmn92p1rpcwj24585fn8fkrjs,McSmart Meal,5,validation,1,1,0.5137984493202897,0.0,True,"[[1.0, 5.0], [1.0, 5.0], [0.0, 1.0], [0.0, 5.0], [0.0, 0.0], [0.0, 0.0], [0.0, 0.0], [0.0, 0.0], [0.0, 0.0]]"
j97a414gmn92p1rpcwj24585fn8fkrjs,Tester67,10,validation,0,1,0.5203716227697888,0.0,False,"[[4.0, 10.0], [3.0, 10.0], [0.0, 4.0], [0.0, 10.0], [1.0, 2.0], [0.0, 2.0], [0.0, 2.0], [0.0, 0.0], [0.0, 0.0]]"
j97a414gmn92p1rpcwj24585fn8fkrjs,percy-perc-filet,10,validation,0,0,0.7023229517136212,0.004439064310663178,True,"[[1.0, 10.0], [1.0, 10.0], [0.0, 5.0], [0.0, 10.0], [0.0, 0.0], [0.0, 3.0], [0.0, 0.0], [0.0, 0.0], [0.0, 0.0]]"
j97a414gmn92p1rpcwj24585fn8fkrjs,RiverForge,10,validation,0,1,0.5410242348612975,0.0,False,"[[3.0, 10.0], [3.0, 10.0], [0.0, 4.0], [0.0, 10.0], [0.0, 0.0], [3.0, 5.0], [0.0, 0.0], [0.0, 3.0], [0.0, 1.0]]"
j97a414gmn92p1rpcwj24585fn8fkrjs,McSmart Meal,10,validation,1,0,0.7196799612024894,0.04093935224547291,False,"[[3.0, 10.0], [1.0, 10.0], [0.0, 5.0], [0.0, 10.0], [0.0, 1.0], [0.0, 5.0], [0.0, 1.0], [0.0, 0.0], [0.0, 0.0]]"
j97a414gmn92p1rpcwj24585fn8fkrjs,Tester67,15,validation,0,0,0.5661963858820707,0.0,True,"[[4.0, 15.0], [3.0, 15.0], [0.0, 6.0], [0.0, 15.0], [1.0, 2.0], [0.0, 2.0], [0.0, 2.0], [0.0, 0.0], [0.0, 0.0]]"
j97a414gmn92p1rpcwj24585fn8fkrjs,percy-perc-filet,15,validation,0,0,0.6078522585134252,0.0,True,"[[4.0, 15.0], [3.0, 15.0], [0.0, 7.0], [0.0, 15.0], [1.0, 1.0], [1.0, 6.0], [0.0, 1.0], [0.0, 1.0], [0.0, 0.0]]"
j97a414gmn92p1rpcwj24585fn8fkrjs,RiverForge,15,validation,0,0,0.5483880708590142,0.0,True,"[[3.0, 15.0], [3.0, 15.0], [0.0, 8.0], [0.0, 15.0], [0.0, 0.0], [3.0, 5.0], [0.0, 0.0], [0.0, 3.0], [0.0, 1.0]]"
j97a414gmn92p1rpcwj24585fn8fkrjs,McSmart Meal,15,validation,1,0,0.7415538306710353,0.11484032232642832,False,"[[6.0, 15.0], [3.0, 15.0], [0.0, 8.0], [0.0, 15.0], [0.0, 2.0], [0.0, 8.0], [0.0, 2.0], [0.0, 0.0], [0.0, 0.0]]"
j97a414gmn92p1rpcwj24585fn8fkrjs,Tester67,20,validation,0,0,0.5766734157938188,0.0,True,"[[5.0, 20.0], [4.0, 20.0], [0.0, 7.0], [0.0, 20.0], [1.0, 2.0], [0.0, 2.0], [0.0, 2.0], [0.0, 0.0], [0.0, 0.0]]"
j97a414gmn92p1rpcwj24585fn8fkrjs,percy-perc-filet,20,validation,0,0,0.5234480621952974,0.0,True,"[[6.0, 20.0], [5.0, 20.0], [1.0, 8.0], [0.0, 20.0], [1.0, 1.0], [1.0, 6.0], [0.0, 1.0], [0.0, 1.0], [0.0, 0.0]]"
j97a414gmn92p1rpcwj24585fn8fkrjs,RiverForge,20,validation,0,0,0.5549256927826133,0.0,True,"[[4.0, 20.0], [4.0, 20.0], [0.0, 9.0], [0.0, 20.0], [0.0, 0.0], [3.0, 5.0], [0.0, 0.0], [0.0, 3.0], [0.0, 1.0]]"
j97a414gmn92p1rpcwj24585fn8fkrjs,McSmart Meal,20,validation,1,0,0.7539145290004124,0.15749736997465233,False,"[[7.0, 20.0], [4.0, 20.0], [0.0, 9.0], [0.0, 20.0], [0.0, 2.0], [0.0, 8.0], [0.0, 2.0], [0.0, 0.0], [0.0, 0.0]]"
j97a414gmn92p1rpcwj24585fn8fkrjs,Tester67,30,validation,0,0,0.5600124193976794,0.0,True,"[[7.0, 30.0], [6.0, 30.0], [1.0, 11.0], [0.0, 30.0], [1.0, 2.0], [0.0, 2.0], [0.0, 2.0], [0.0, 0.0], [0.0, 0.0]]"
j97a414gmn92p1rpcwj24585fn8fkrjs,percy-perc-filet,30,validation,0,0,0.5803323390743921,0.0,True,"[[10.0, 30.0], [7.0, 30.0], [2.0, 12.0], [0.0, 30.0], [3.0, 4.0], [1.0, 12.0], [0.0, 4.0], [0.0, 1.0], [0.0, 0.0]]"
j97a414gmn92p1rpcwj24585fn8fkrjs,RiverForge,30,validation,0,0,0.6030868990334072,0.0,True,"[[7.0, 30.0], [7.0, 30.0], [0.0, 11.0], [0.0, 30.0], [0.0, 1.0], [6.0, 13.0], [1.0, 1.0], [0.0, 7.0], [0.0, 2.0]]"
j97a414gmn92p1rpcwj24585fn8fkrjs,McSmart Meal,30,validation,1,0,0.6888431779032279,0.0,False,"[[12.0, 30.0], [8.0, 30.0], [0.0, 14.0], [0.0, 30.0], [1.0, 6.0], [3.0, 15.0], [1.0, 6.0], [1.0, 4.0], [0.0, 1.0]]"
j97a414gmn92p1rpcwj24585fn8fkrjs,Tester67,50,validation,0,0,0.5905158100528952,0.0,True,"[[12.0, 50.0], [11.0, 50.0], [1.0, 19.0], [0.0, 50.0], [1.0, 2.0], [2.0, 6.0], [0.0, 2.0], [0.0, 2.0], [0.0, 0.0]]"
j97a414gmn92p1rpcwj24585fn8fkrjs,percy-perc-filet,50,validation,0,0,0.6375021651735925,0.0,True,"[[19.0, 50.0], [13.0, 50.0], [3.0, 21.0], [0.0, 50.0], [6.0, 8.0], [1.0, 24.0], [0.0, 8.0], [0.0, 1.0], [0.0, 0.0]]"
j97a414gmn92p1rpcwj24585fn8fkrjs,RiverForge,50,validation,0,0,0.6491967289265418,0.0,True,"[[12.0, 50.0], [11.0, 50.0], [0.0, 20.0], [0.0, 50.0], [1.0, 2.0], [6.0, 17.0], [1.0, 2.0], [0.0, 7.0], [0.0, 2.0]]"
j97a414gmn92p1rpcwj24585fn8fkrjs,McSmart Meal,50,validation,1,0,0.794716241957812,0.31572080652604007,False,"[[19.0, 50.0], [11.0, 50.0], [0.0, 25.0], [0.0, 50.0], [1.0, 6.0], [4.0, 27.0], [1.0, 6.0], [1.0, 5.0], [0.0, 1.0]]"
j97a414gmn92p1rpcwj24585fn8fkrjs,Tester67,75,validation,0,0,0.5700075372116626,0.0,True,"[[18.0, 75.0], [14.0, 75.0], [3.0, 31.0], [0.0, 75.0], [3.0, 7.0], [4.0, 12.0], [1.0, 7.0], [1.0, 5.0], [0.0, 0.0]]"
j97a414gmn92p1rpcwj24585fn8fkrjs,percy-perc-filet,75,validation,0,0,0.6235513964705605,0.0,True,"[[31.0, 75.0], [21.0, 75.0], [5.0, 29.0], [0.0, 75.0], [8.0, 14.0], [5.0, 39.0], [0.0, 14.0], [0.0, 5.0], [0.0, 1.0]]"
j97a414gmn92p1rpcwj24585fn8fkrjs,RiverForge,75,validation,0,0,0.7749336315488791,0.23994070904733134,True,"[[15.0, 75.0], [14.0, 75.0], [0.0, 29.0], [0.0, 75.0], [1.0, 4.0], [7.0, 18.0], [1.0, 4.0], [0.0, 8.0], [0.0, 2.0]]"
j97a414gmn92p1rpcwj24585fn8fkrjs,McSmart Meal,75,validation,1,0,0.7345444854690534,0.09245735257716653,False,"[[31.0, 75.0], [21.0, 75.0], [0.0, 33.0], [0.0, 75.0], [2.0, 7.0], [5.0, 36.0], [1.0, 7.0], [1.0, 6.0], [0.0, 1.0]]"
j97a414gmn92p1rpcwj24585fn8fkrjs,Tester67,100,validation,0,0,0.6536162491318541,0.0,True,"[[24.0, 100.0], [18.0, 100.0], [3.0, 42.0], [0.0, 100.0], [4.0, 13.0], [8.0, 19.0], [1.0, 13.0], [3.0, 9.0], [0.0, 0.0]]"
j97a414gmn92p1rpcwj24585fn8fkrjs,percy-perc-filet,100,validation,0,0,0.5822029402817415,0.0,True,"[[42.0, 100.0], [29.0, 100.0], [6.0, 40.0], [0.0, 100.0], [12.0, 23.0], [9.0, 51.0], [0.0, 23.0], [1.0, 9.0], [0.0, 2.0]]"
j97a414gmn92p1rpcwj24585fn8fkrjs,RiverForge,100,validation,0,0,0.8861906591185146,0.6206355303950487,True,"[[19.0, 100.0], [16.0, 100.0], [0.0, 42.0], [0.0, 100.0], [3.0, 10.0], [7.0, 25.0], [1.0, 10.0], [0.0, 8.0], [0.0, 2.0]]"
j97a414gmn92p1rpcwj24585fn8fkrjs,McSmart Meal,100,validation,1,0,0.6024742004303182,0.0,False,"[[44.0, 100.0], [31.0, 100.0], [1.0, 44.0], [0.0, 100.0], [4.0, 11.0], [16.0, 52.0], [1.0, 11.0], [2.0, 17.0], [0.0, 2.0]]"
j97f4b9p3hbyys5em3vexsb3ah8fj4pw,Tester67,5,validation,0,0,0.6057519545525839,0.0,True,"[[0.0, 5.0], [0.0, 5.0], [0.0, 4.0], [0.0, 5.0], [0.0, 0.0], [0.0, 0.0], [0.0, 0.0], [0.0, 0.0], [0.0, 0.0]]"
j97f4b9p3hbyys5em3vexsb3ah8fj4pw,Tester67,10,validation,0,1,0.5906773558776081,0.0,False,"[[4.0, 10.0], [3.0, 10.0], [0.0, 6.0], [0.0, 10.0], [1.0, 4.0], [3.0, 6.0], [0.0, 4.0], [2.0, 3.0], [0.0, 1.0]]"
j97f4b9p3hbyys5em3vexsb3ah8fj4pw,Tester67,15,validation,0,0,0.5655206863018777,0.0,True,"[[6.0, 15.0], [3.0, 15.0], [0.0, 10.0], [0.0, 15.0], [1.0, 6.0], [4.0, 8.0], [0.0, 6.0], [2.0, 4.0], [0.0, 1.0]]"
j97f4b9p3hbyys5em3vexsb3ah8fj4pw,Tester67,20,validation,0,0,0.6371090509507189,0.0,True,"[[6.0, 20.0], [3.0, 20.0], [0.0, 12.0], [0.0, 20.0], [1.0, 6.0], [4.0, 8.0], [0.0, 6.0], [2.0, 4.0], [0.0, 1.0]]"
j97f4b9p3hbyys5em3vexsb3ah8fj4pw,Tester67,30,validation,0,0,0.6742944894411609,0.0,True,"[[7.0, 30.0], [4.0, 30.0], [1.0, 20.0], [0.0, 30.0], [1.0, 6.0], [4.0, 8.0], [0.0, 6.0], [2.0, 4.0], [0.0, 1.0]]"
j97f4b9p3hbyys5em3vexsb3ah8fj4pw,Tester67,50,validation,0,0,0.805886844765271,0.3529561492175699,True,"[[13.0, 50.0], [7.0, 50.0], [3.0, 36.0], [0.0, 50.0], [3.0, 12.0], [5.0, 18.0], [0.0, 12.0], [2.0, 5.0], [0.0, 1.0]]"
j97f4b9p3hbyys5em3vexsb3ah8fj4pw,Tester67,75,validation,0,0,0.8688995710264212,0.5629985700880709,True,"[[14.0, 75.0], [8.0, 75.0], [4.0, 55.0], [0.0, 75.0], [3.0, 12.0], [5.0, 18.0], [0.0, 12.0], [2.0, 5.0], [0.0, 1.0]]"
j97f4b9p3hbyys5em3vexsb3ah8fj4pw,Tester67,100,validation,0,0,0.822611111651844,0.40870370550614665,True,"[[19.0, 100.0], [11.0, 100.0], [7.0, 73.0], [0.0, 100.0], [5.0, 15.0], [5.0, 19.0], [0.0, 15.0], [2.0, 5.0], [0.0, 1.0]]"
j97430py6tmf8pm07m1rnvvjkh8fjfbv,percy-perc-filet,5,test,0,0,0.5307363878795861,0.0,True,"[[2.0, 5.0], [2.0, 5.0], [0.0, 1.0], [0.0, 5.0], [0.0, 1.0], [0.0, 2.0], [0.0, 1.0], [0.0, 0.0], [0.0, 0.0]]"
j97430py6tmf8pm07m1rnvvjkh8fjfbv,McSmart Meal,5,test,1,1,0.6852771907148085,0.0,True,"[[3.0, 5.0], [1.0, 5.0], [0.0, 3.0], [0.0, 5.0], [0.0, 1.0], [2.0, 4.0], [1.0, 1.0], [2.0, 3.0], [0.0, 0.0]]"
j97430py6tmf8pm07m1rnvvjkh8fjfbv,RiverForge,5,test,0,0,0.6000308243524375,0.0,True,"[[0.0, 5.0], [0.0, 5.0], [0.0, 2.0], [0.0, 5.0], [0.0, 0.0], [0.0, 0.0], [0.0, 0.0], [0.0, 0.0], [0.0, 0.0]]"
j97430py6tmf8pm07m1rnvvjkh8fjfbv,percy-perc-filet,10,test,0,1,0.5964337534318146,0.0,False,"[[4.0, 10.0], [3.0, 10.0], [0.0, 4.0], [0.0, 10.0], [0.0, 1.0], [2.0, 4.0], [0.0, 1.0], [1.0, 2.0], [0.0, 0.0]]"
j97430py6tmf8pm07m1rnvvjkh8fjfbv,McSmart Meal,10,test,1,1,0.6892777740252995,0.0,True,"[[6.0, 10.0], [3.0, 10.0], [0.0, 6.0], [0.0, 10.0], [1.0, 3.0], [2.0, 6.0], [1.0, 3.0], [2.0, 3.0], [0.0, 0.0]]"
j97430py6tmf8pm07m1rnvvjkh8fjfbv,RiverForge,10,test,0,0,0.6956241762322642,0.0,True,"[[0.0, 10.0], [0.0, 10.0], [0.0, 6.0], [0.0, 10.0], [0.0, 0.0], [0.0, 0.0], [0.0, 0.0], [0.0, 0.0], [0.0, 0.0]]"
j97430py6tmf8pm07m1rnvvjkh8fjfbv,percy-perc-filet,15,test,0,0,0.5084548672184066,0.0,True,"[[6.0, 15.0], [4.0, 15.0], [0.0, 6.0], [0.0, 15.0], [0.0, 2.0], [3.0, 7.0], [0.0, 2.0], [1.0, 3.0], [0.0, 0.0]]"
j97430py6tmf8pm07m1rnvvjkh8fjfbv,McSmart Meal,15,test,1,1,0.6511643477242359,0.0,True,"[[8.0, 15.0], [5.0, 15.0], [0.0, 8.0], [0.0, 15.0], [1.0, 4.0], [3.0, 8.0], [1.0, 4.0], [2.0, 4.0], [0.0, 0.0]]"
j97430py6tmf8pm07m1rnvvjkh8fjfbv,RiverForge,15,test,0,0,0.7622938641443013,0.18882014048610465,True,"[[0.0, 15.0], [0.0, 15.0], [0.0, 9.0], [0.0, 15.0], [0.0, 0.0], [0.0, 0.0], [0.0, 0.0], [0.0, 0.0], [0.0, 0.0]]"
j97430py6tmf8pm07m1rnvvjkh8fjfbv,percy-perc-filet,20,test,0,0,0.5849079421422424,0.0,True,"[[6.0, 20.0], [4.0, 20.0], [0.0, 9.0], [0.0, 20.0], [0.0, 2.0], [3.0, 7.0], [0.0, 2.0], [1.0, 3.0], [0.0, 0.0]]"
j97430py6tmf8pm07m1rnvvjkh8fjfbv,McSmart Meal,20,test,1,1,0.7455306581410022,0.10724536360093731,True,"[[11.0, 20.0], [8.0, 20.0], [0.0, 10.0], [0.0, 20.0], [2.0, 5.0], [4.0, 9.0], [1.0, 5.0], [2.0, 5.0], [0.0, 0.0]]"
j97430py6tmf8pm07m1rnvvjkh8fjfbv,RiverForge,20,test,0,0,0.7351326763175347,0.09428663513059744,True,"[[1.0, 20.0], [1.0, 20.0], [0.0, 13.0], [0.0, 20.0], [0.0, 0.0], [0.0, 0.0], [0.0, 0.0], [0.0, 0.0], [0.0, 0.0]]"
j97430py6tmf8pm07m1rnvvjkh8fjfbv,percy-perc-filet,30,test,0,1,0.5093145688074848,0.0,False,"[[10.0, 30.0], [8.0, 30.0], [1.0, 12.0], [0.0, 30.0], [0.0, 2.0], [3.0, 7.0], [0.0, 2.0], [1.0, 3.0], [0.0, 0.0]]"
j97430py6tmf8pm07m1rnvvjkh8fjfbv,McSmart Meal,30,test,1,1,0.6975949595519213,0.0,True,"[[13.0, 30.0], [10.0, 30.0], [0.0, 15.0], [0.0, 30.0], [2.0, 5.0], [4.0, 9.0], [1.0, 5.0], [2.0, 5.0], [0.0, 0.0]]"
j97430py6tmf8pm07m1rnvvjkh8fjfbv,RiverForge,30,test,0,0,0.7464410028178969,0.1312121100380322,True,"[[3.0, 30.0], [2.0, 30.0], [0.0, 17.0], [0.0, 30.0], [1.0, 1.0], [0.0, 1.0], [0.0, 1.0], [0.0, 0.0], [0.0, 0.0]]"
j97430py6tmf8pm07m1rnvvjkh8fjfbv,percy-perc-filet,50,test,0,0,0.5190551765197315,0.0,True,"[[19.0, 50.0], [14.0, 50.0], [1.0, 23.0], [0.0, 50.0], [1.0, 4.0], [5.0, 13.0], [0.0, 4.0], [1.0, 5.0], [0.0, 0.0]]"
j97430py6tmf8pm07m1rnvvjkh8fjfbv,McSmart Meal,50,test,1,1,0.6785215884030573,0.0,True,"[[22.0, 50.0], [19.0, 50.0], [0.0, 23.0], [0.0, 50.0], [5.0, 10.0], [6.0, 16.0], [1.0, 10.0], [2.0, 7.0], [0.0, 0.0]]"
j97430py6tmf8pm07m1rnvvjkh8fjfbv,RiverForge,50,test,0,0,0.6722575511739135,0.0,True,"[[7.0, 50.0], [5.0, 50.0], [0.0, 30.0], [0.0, 50.0], [1.0, 2.0], [2.0, 3.0], [1.0, 2.0], [0.0, 3.0], [0.0, 0.0]]"
j97430py6tmf8pm07m1rnvvjkh8fjfbv,percy-perc-filet,75,test,0,0,0.5501671061339608,0.0,True,"[[27.0, 75.0], [19.0, 75.0], [3.0, 40.0], [0.0, 75.0], [4.0, 9.0], [5.0, 21.0], [1.0, 9.0], [1.0, 6.0], [0.0, 0.0]]"
j97430py6tmf8pm07m1rnvvjkh8fjfbv,McSmart Meal,75,test,1,1,0.6600632597880338,0.0,True,"[[34.0, 75.0], [28.0, 75.0], [0.0, 35.0], [0.0, 75.0], [10.0, 15.0], [8.0, 24.0], [1.0, 15.0], [2.0, 9.0], [0.0, 0.0]]"
j97430py6tmf8pm07m1rnvvjkh8fjfbv,RiverForge,75,test,0,0,0.623173407994115,0.0,True,"[[14.0, 75.0], [12.0, 75.0], [0.0, 46.0], [0.0, 75.0], [3.0, 4.0], [2.0, 5.0], [1.0, 4.0], [0.0, 3.0], [0.0, 0.0]]"
j97430py6tmf8pm07m1rnvvjkh8fjfbv,percy-perc-filet,100,test,0,1,0.500467536488645,0.0,False,"[[39.0, 100.0], [27.0, 100.0], [6.0, 50.0], [0.0, 100.0], [7.0, 15.0], [11.0, 33.0], [1.0, 15.0], [1.0, 12.0], [0.0, 1.0]]"
j97430py6tmf8pm07m1rnvvjkh8fjfbv,McSmart Meal,100,test,1,1,0.7067822135280224,0.012793397793189906,True,"[[46.0, 100.0], [37.0, 100.0], [0.0, 45.0], [0.0, 100.0], [12.0, 19.0], [13.0, 33.0], [1.0, 19.0], [4.0, 14.0], [0.0, 1.0]]"
j97430py6tmf8pm07m1rnvvjkh8fjfbv,RiverForge,100,test,0,0,0.7156150993767085,0.038226868948591085,True,"[[18.0, 100.0], [16.0, 100.0], [1.0, 61.0], [0.0, 100.0], [4.0, 8.0], [2.0, 7.0], [1.0, 8.0], [0.0, 3.0], [0.0, 0.0]]"
j97dm1h021qwzzd93htwbg3t1s8fker4,McSmart Meal,5,test,1,1,0.5301637371855599,0.0,True,"[[1.0, 5.0], [1.0, 5.0], [0.0, 3.0], [0.0, 5.0], [0.0, 0.0], [1.0, 1.0], [0.0, 0.0], [0.0, 1.0], [0.0, 0.0]]"
j97dm1h021qwzzd93htwbg3t1s8fker4,percy-perc-filet,5,test,0,0,0.572497201883667,0.0,True,"[[1.0, 5.0], [0.0, 5.0], [0.0, 3.0], [0.0, 5.0], [1.0, 1.0], [0.0, 1.0], [0.0, 1.0], [0.0, 0.0], [0.0, 0.0]]"
j97dm1h021qwzzd93htwbg3t1s8fker4,RiverForge,5,test,0,1,0.599406296599445,0.0,False,"[[2.0, 5.0], [2.0, 5.0], [0.0, 2.0], [0.0, 5.0], [0.0, 0.0], [0.0, 0.0], [0.0, 0.0], [0.0, 0.0], [0.0, 0.0]]"
j97dm1h021qwzzd93htwbg3t1s8fker4,McSmart Meal,10,test,1,0,0.5733560389125412,0.0,False,"[[3.0, 10.0], [2.0, 10.0], [0.0, 7.0], [0.0, 10.0], [0.0, 0.0], [1.0, 4.0], [0.0, 0.0], [0.0, 1.0], [0.0, 0.0]]"
j97dm1h021qwzzd93htwbg3t1s8fker4,percy-perc-filet,10,test,0,0,0.6689829643917317,0.0,True,"[[2.0, 10.0], [1.0, 10.0], [0.0, 7.0], [0.0, 10.0], [1.0, 1.0], [0.0, 4.0], [0.0, 1.0], [0.0, 0.0], [0.0, 0.0]]"
j97dm1h021qwzzd93htwbg3t1s8fker4,RiverForge,10,test,0,1,0.6030311831015053,0.0,False,"[[4.0, 10.0], [3.0, 10.0], [0.0, 5.0], [0.0, 10.0], [0.0, 0.0], [0.0, 0.0], [0.0, 0.0], [0.0, 0.0], [0.0, 0.0]]"
j97dm1h021qwzzd93htwbg3t1s8fker4,McSmart Meal,15,test,1,0,0.578259839605314,0.0,False,"[[6.0, 15.0], [5.0, 15.0], [1.0, 10.0], [0.0, 15.0], [0.0, 3.0], [2.0, 5.0], [0.0, 3.0], [0.0, 2.0], [0.0, 0.0]]"
j97dm1h021qwzzd93htwbg3t1s8fker4,percy-perc-filet,15,test,0,0,0.6039178088951053,0.0,True,"[[4.0, 15.0], [3.0, 15.0], [0.0, 9.0], [0.0, 15.0], [1.0, 1.0], [0.0, 4.0], [0.0, 1.0], [0.0, 0.0], [0.0, 0.0]]"
j97dm1h021qwzzd93htwbg3t1s8fker4,RiverForge,15,test,0,1,0.6070153250114235,0.0,False,"[[5.0, 15.0], [3.0, 15.0], [0.0, 8.0], [0.0, 15.0], [0.0, 0.0], [3.0, 3.0], [0.0, 0.0], [0.0, 3.0], [0.0, 1.0]]"
j97dm1h021qwzzd93htwbg3t1s8fker4,McSmart Meal,20,test,1,1,0.5898470053325116,0.0,True,"[[10.0, 20.0], [8.0, 20.0], [1.0, 11.0], [0.0, 20.0], [2.0, 5.0], [3.0, 8.0], [0.0, 5.0], [0.0, 3.0], [0.0, 0.0]]"
j97dm1h021qwzzd93htwbg3t1s8fker4,percy-perc-filet,20,test,0,0,0.5438976372666111,0.0,True,"[[7.0, 20.0], [5.0, 20.0], [0.0, 12.0], [0.0, 20.0], [1.0, 2.0], [3.0, 8.0], [0.0, 2.0], [0.0, 3.0], [0.0, 0.0]]"
j97dm1h021qwzzd93htwbg3t1s8fker4,RiverForge,20,test,0,1,0.5314780833983441,0.0,False,"[[5.0, 20.0], [3.0, 20.0], [0.0, 12.0], [0.0, 20.0], [0.0, 0.0], [3.0, 3.0], [0.0, 0.0], [0.0, 3.0], [0.0, 1.0]]"
j97dm1h021qwzzd93htwbg3t1s8fker4,McSmart Meal,30,test,1,1,0.5287951037653413,0.0,True,"[[12.0, 30.0], [10.0, 30.0], [1.0, 16.0], [0.0, 30.0], [2.0, 5.0], [3.0, 8.0], [0.0, 5.0], [0.0, 3.0], [0.0, 0.0]]"
j97dm1h021qwzzd93htwbg3t1s8fker4,percy-perc-filet,30,test,0,0,0.5173009099508397,0.0,True,"[[11.0, 30.0], [8.0, 30.0], [0.0, 17.0], [0.0, 30.0], [2.0, 4.0], [5.0, 11.0], [0.0, 4.0], [0.0, 5.0], [0.0, 0.0]]"
j97dm1h021qwzzd93htwbg3t1s8fker4,RiverForge,30,test,0,0,0.5319818112227194,0.0,True,"[[6.0, 30.0], [4.0, 30.0], [0.0, 17.0], [0.0, 30.0], [0.0, 0.0], [3.0, 3.0], [0.0, 0.0], [0.0, 3.0], [0.0, 1.0]]"
j97dm1h021qwzzd93htwbg3t1s8fker4,McSmart Meal,50,test,1,1,0.5418521096887869,0.0,True,"[[23.0, 50.0], [19.0, 50.0], [1.0, 23.0], [0.0, 50.0], [4.0, 7.0], [5.0, 17.0], [0.0, 7.0], [0.0, 5.0], [0.0, 0.0]]"
j97dm1h021qwzzd93htwbg3t1s8fker4,percy-perc-filet,50,test,0,0,0.6208561550902505,0.0,True,"[[17.0, 50.0], [11.0, 50.0], [2.0, 30.0], [0.0, 50.0], [3.0, 6.0], [7.0, 20.0], [0.0, 6.0], [0.0, 7.0], [0.0, 0.0]]"
j97dm1h021qwzzd93htwbg3t1s8fker4,RiverForge,50,test,0,0,0.5703634742662895,0.0,True,"[[9.0, 50.0], [7.0, 50.0], [0.0, 24.0], [0.0, 50.0], [0.0, 0.0], [3.0, 3.0], [0.0, 0.0], [0.0, 3.0], [0.0, 1.0]]"
j97dm1h021qwzzd93htwbg3t1s8fker4,McSmart Meal,75,test,1,1,0.5515823707953438,0.0,True,"[[39.0, 75.0], [31.0, 75.0], [1.0, 31.0], [0.0, 75.0], [8.0, 13.0], [7.0, 25.0], [0.0, 13.0], [0.0, 7.0], [0.0, 0.0]]"
j97dm1h021qwzzd93htwbg3t1s8fker4,percy-perc-filet,75,test,0,0,0.6830768680993186,0.0,True,"[[26.0, 75.0], [18.0, 75.0], [5.0, 46.0], [0.0, 75.0], [4.0, 10.0], [8.0, 27.0], [0.0, 10.0], [0.0, 8.0], [0.0, 0.0]]"
j97dm1h021qwzzd93htwbg3t1s8fker4,RiverForge,75,test,0,0,0.6114572236005958,0.0,True,"[[12.0, 75.0], [10.0, 75.0], [1.0, 37.0], [0.0, 75.0], [0.0, 0.0], [5.0, 6.0], [0.0, 0.0], [0.0, 5.0], [0.0, 1.0]]"
j97dm1h021qwzzd93htwbg3t1s8fker4,McSmart Meal,100,test,1,0,0.531997902326176,0.0,False,"[[51.0, 100.0], [40.0, 100.0], [2.0, 43.0], [0.0, 100.0], [12.0, 19.0], [8.0, 38.0], [0.0, 19.0], [0.0, 8.0], [0.0, 0.0]]"
j97dm1h021qwzzd93htwbg3t1s8fker4,percy-perc-filet,100,test,0,0,0.6823931772547042,0.0,True,"[[39.0, 100.0], [26.0, 100.0], [7.0, 61.0], [0.0, 100.0], [6.0, 15.0], [12.0, 42.0], [1.0, 15.0], [0.0, 13.0], [0.0, 0.0]]"
j97dm1h021qwzzd93htwbg3t1s8fker4,RiverForge,100,test,0,0,0.6017906905778133,0.0,True,"[[15.0, 100.0], [12.0, 100.0], [1.0, 50.0], [0.0, 100.0], [1.0, 1.0], [6.0, 7.0], [0.0, 1.0], [0.0, 6.0], [0.0, 1.0]]"
j973bh0mpb5azajk0qfw7z3z8n8fkh8f,Tester67,5,validation,0,1,0.5301637371855599,0.0,False,"[[1.0, 5.0], [1.0, 5.0], [0.0, 3.0], [0.0, 5.0], [0.0, 0.0], [1.0, 1.0], [0.0, 0.0], [0.0, 1.0], [0.0, 0.0]]"
j973bh0mpb5azajk0qfw7z3z8n8fkh8f,Tester67,10,validation,0,0,0.5723296356992558,0.0,True,"[[1.0, 10.0], [1.0, 10.0], [0.0, 6.0], [0.0, 10.0], [0.0, 0.0], [1.0, 1.0], [0.0, 0.0], [0.0, 1.0], [0.0, 0.0]]"
j973bh0mpb5azajk0qfw7z3z8n8fkh8f,Tester67,15,validation,0,0,0.6514239138665907,0.0,True,"[[1.0, 15.0], [1.0, 15.0], [0.0, 8.0], [0.0, 15.0], [0.0, 0.0], [1.0, 1.0], [0.0, 0.0], [0.0, 1.0], [0.0, 0.0]]"
j973bh0mpb5azajk0qfw7z3z8n8fkh8f,Tester67,20,validation,0,0,0.714555959455564,0.035452072238460496,True,"[[1.0, 20.0], [1.0, 20.0], [0.0, 11.0], [0.0, 20.0], [0.0, 0.0], [1.0, 1.0], [0.0, 0.0], [0.0, 1.0], [0.0, 0.0]]"
j973bh0mpb5azajk0qfw7z3z8n8fkh8f,Tester67,30,validation,0,0,0.5970721486234074,0.0,True,"[[3.0, 30.0], [3.0, 30.0], [2.0, 15.0], [0.0, 30.0], [0.0, 0.0], [2.0, 2.0], [0.0, 0.0], [0.0, 2.0], [0.0, 0.0]]"
j973bh0mpb5azajk0qfw7z3z8n8fkh8f,Tester67,50,validation,0,0,0.6056064223256591,0.0,True,"[[6.0, 50.0], [5.0, 50.0], [3.0, 26.0], [0.0, 50.0], [0.0, 0.0], [3.0, 3.0], [0.0, 0.0], [0.0, 3.0], [0.0, 0.0]]"
j973bh0mpb5azajk0qfw7z3z8n8fkh8f,Tester67,75,validation,0,0,0.620792438252678,0.0,True,"[[12.0, 75.0], [8.0, 75.0], [5.0, 34.0], [0.0, 75.0], [1.0, 6.0], [8.0, 11.0], [2.0, 6.0], [1.0, 10.0], [0.0, 1.0]]"
j973bh0mpb5azajk0qfw7z3z8n8fkh8f,Tester67,100,validation,0,0,0.9417696042240681,0.8058986807468936,True,"[[18.0, 100.0], [11.0, 100.0], [6.0, 46.0], [0.0, 100.0], [3.0, 19.0], [9.0, 22.0], [2.0, 19.0], [1.0, 11.0], [0.0, 1.0]]"
j97e006rfdh2hfyr77gh5chaex8fkz2t,McSmart Meal,5,test,1,1,0.6049458866154215,0.0,True,"[[2.0, 5.0], [1.0, 5.0], [0.0, 2.0], [0.0, 5.0], [1.0, 1.0], [1.0, 1.0], [0.0, 1.0], [0.0, 1.0], [0.0, 0.0]]"
j97e006rfdh2hfyr77gh5chaex8fkz2t,percy-perc-filet,5,test,0,1,0.5102607557360694,0.0,False,"[[1.0, 5.0], [1.0, 5.0], [0.0, 2.0], [0.0, 5.0], [0.0, 0.0], [0.0, 0.0], [0.0, 0.0], [0.0, 0.0], [0.0, 0.0]]"
j97e006rfdh2hfyr77gh5chaex8fkz2t,RiverForge,5,test,0,1,0.561768636409903,0.0,False,"[[2.0, 5.0], [2.0, 5.0], [0.0, 2.0], [0.0, 5.0], [1.0, 3.0], [0.0, 0.0], [0.0, 3.0], [0.0, 0.0], [0.0, 0.0]]"
j97e006rfdh2hfyr77gh5chaex8fkz2t,McSmart Meal,10,test,1,1,0.7840721969778119,0.20118172693777547,True,"[[7.0, 10.0], [4.0, 10.0], [0.0, 4.0], [0.0, 10.0], [2.0, 4.0], [3.0, 4.0], [0.0, 4.0], [1.0, 3.0], [0.0, 0.0]]"
j97e006rfdh2hfyr77gh5chaex8fkz2t,percy-perc-filet,10,test,0,0,0.5245446276535196,0.0,True,"[[2.0, 10.0], [1.0, 10.0], [0.0, 6.0], [0.0, 10.0], [1.0, 1.0], [0.0, 0.0], [0.0, 1.0], [0.0, 0.0], [0.0, 0.0]]"
j97e006rfdh2hfyr77gh5chaex8fkz2t,RiverForge,10,test,0,0,0.5402359614715141,0.0,True,"[[2.0, 10.0], [2.0, 10.0], [0.0, 4.0], [0.0, 10.0], [1.0, 3.0], [0.0, 0.0], [0.0, 3.0], [0.0, 0.0], [0.0, 0.0]]"
j97e006rfdh2hfyr77gh5chaex8fkz2t,McSmart Meal,15,test,1,1,0.7575799919131412,0.1445628160112727,True,"[[9.0, 15.0], [5.0, 15.0], [0.0, 7.0], [0.0, 15.0], [3.0, 5.0], [3.0, 5.0], [0.0, 5.0], [1.0, 3.0], [0.0, 0.0]]"
j97e006rfdh2hfyr77gh5chaex8fkz2t,percy-perc-filet,15,test,0,1,0.588280318241451,0.0,False,"[[3.0, 15.0], [2.0, 15.0], [0.0, 8.0], [0.0, 15.0], [1.0, 1.0], [1.0, 1.0], [0.0, 1.0], [1.0, 1.0], [0.0, 0.0]]"
j97e006rfdh2hfyr77gh5chaex8fkz2t,RiverForge,15,test,0,1,0.5052752823311006,0.0,False,"[[4.0, 15.0], [4.0, 15.0], [0.0, 6.0], [0.0, 15.0], [2.0, 4.0], [0.0, 1.0], [0.0, 4.0], [0.0, 0.0], [0.0, 0.0]]"
j97e006rfdh2hfyr77gh5chaex8fkz2t,McSmart Meal,20,test,1,1,0.7555744024398326,0.13807228012396408,True,"[[12.0, 20.0], [8.0, 20.0], [0.0, 7.0], [0.0, 20.0], [3.0, 5.0], [4.0, 8.0], [0.0, 5.0], [1.0, 4.0], [0.0, 0.0]]"
j97e006rfdh2hfyr77gh5chaex8fkz2t,percy-perc-filet,20,test,0,1,0.5006101265169403,0.0,False,"[[6.0, 20.0], [4.0, 20.0], [0.0, 11.0], [0.0, 20.0], [1.0, 2.0], [2.0, 6.0], [0.0, 2.0], [1.0, 2.0], [0.0, 1.0]]"
j97e006rfdh2hfyr77gh5chaex8fkz2t,RiverForge,20,test,0,0,0.5827024490075925,0.0,True,"[[5.0, 20.0], [5.0, 20.0], [1.0, 10.0], [0.0, 20.0], [2.0, 5.0], [0.0, 3.0], [0.0, 5.0], [0.0, 0.0], [0.0, 0.0]]"
j97e006rfdh2hfyr77gh5chaex8fkz2t,McSmart Meal,30,test,1,1,0.6897804369047091,0.0,True,"[[16.0, 30.0], [11.0, 30.0], [0.0, 13.0], [0.0, 30.0], [3.0, 5.0], [5.0, 12.0], [0.0, 5.0], [1.0, 5.0], [0.0, 0.0]]"
j97e006rfdh2hfyr77gh5chaex8fkz2t,percy-perc-filet,30,test,0,0,0.5426358431207272,0.0,True,"[[7.0, 30.0], [5.0, 30.0], [1.0, 18.0], [0.0, 30.0], [1.0, 2.0], [2.0, 6.0], [0.0, 2.0], [1.0, 2.0], [0.0, 1.0]]"
j97e006rfdh2hfyr77gh5chaex8fkz2t,RiverForge,30,test,0,0,0.6256879477370592,0.0,True,"[[8.0, 30.0], [8.0, 30.0], [1.0, 13.0], [0.0, 30.0], [2.0, 5.0], [1.0, 7.0], [0.0, 5.0], [0.0, 1.0], [0.0, 0.0]]"
j97e006rfdh2hfyr77gh5chaex8fkz2t,McSmart Meal,50,test,1,1,0.6909324103399044,0.0,True,"[[29.0, 50.0], [20.0, 50.0], [1.0, 22.0], [0.0, 50.0], [6.0, 13.0], [5.0, 15.0], [1.0, 13.0], [1.0, 6.0], [0.0, 1.0]]"
j97e006rfdh2hfyr77gh5chaex8fkz2t,percy-perc-filet,50,test,0,1,0.5400780412805,0.0,False,"[[13.0, 50.0], [11.0, 50.0], [5.0, 29.0], [0.0, 50.0], [1.0, 2.0], [4.0, 11.0], [0.0, 2.0], [1.0, 4.0], [0.0, 1.0]]"
j97e006rfdh2hfyr77gh5chaex8fkz2t,RiverForge,50,test,0,0,0.6708282490004515,0.0,True,"[[12.0, 50.0], [11.0, 50.0], [1.0, 20.0], [0.0, 50.0], [2.0, 5.0], [2.0, 8.0], [0.0, 5.0], [0.0, 2.0], [0.0, 0.0]]"
j97e006rfdh2hfyr77gh5chaex8fkz2t,McSmart Meal,75,test,1,1,0.6958482811013713,0.0,True,"[[45.0, 75.0], [32.0, 75.0], [1.0, 30.0], [0.0, 75.0], [8.0, 17.0], [8.0, 29.0], [1.0, 17.0], [3.0, 9.0], [0.0, 1.0]]"
j97e006rfdh2hfyr77gh5chaex8fkz2t,percy-perc-filet,75,test,0,1,0.5316613296890222,0.0,False,"[[22.0, 75.0], [16.0, 75.0], [6.0, 43.0], [0.0, 75.0], [4.0, 6.0], [8.0, 24.0], [0.0, 6.0], [2.0, 8.0], [0.0, 1.0]]"
j97e006rfdh2hfyr77gh5chaex8fkz2t,RiverForge,75,test,0,0,0.8158071255264892,0.38602375175496395,True,"[[14.0, 75.0], [12.0, 75.0], [2.0, 32.0], [0.0, 75.0], [2.0, 6.0], [2.0, 11.0], [0.0, 6.0], [0.0, 2.0], [0.0, 0.0]]"
j97e006rfdh2hfyr77gh5chaex8fkz2t,McSmart Meal,100,test,1,1,0.7013342375847725,0.0024329083447355267,True,"[[56.0, 100.0], [39.0, 100.0], [1.0, 41.0], [0.0, 100.0], [10.0, 21.0], [13.0, 41.0], [2.0, 21.0], [5.0, 15.0], [0.0, 2.0]]"
j97e006rfdh2hfyr77gh5chaex8fkz2t,percy-perc-filet,100,test,0,0,0.6380907001187477,0.0,True,"[[31.0, 100.0], [22.0, 100.0], [6.0, 56.0], [0.0, 100.0], [4.0, 10.0], [9.0, 33.0], [0.0, 10.0], [2.0, 9.0], [0.0, 1.0]]"
j97e006rfdh2hfyr77gh5chaex8fkz2t,RiverForge,100,test,0,0,0.8515535566929769,0.5051785223099232,True,"[[18.0, 100.0], [16.0, 100.0], [2.0, 46.0], [0.0, 100.0], [2.0, 6.0], [2.0, 14.0], [0.0, 6.0], [0.0, 2.0], [0.0, 0.0]]"
j978cqz2tdx8dgeaw1zt3zw20h8fkmvv,RiverForge,5,validation,0,1,0.50711121609853,0.0,False,"[[1.0, 5.0], [1.0, 5.0], [0.0, 3.0], [0.0, 5.0], [0.0, 0.0], [0.0, 0.0], [0.0, 0.0], [0.0, 0.0], [0.0, 0.0]]"
j978cqz2tdx8dgeaw1zt3zw20h8fkmvv,McSmart Meal,5,validation,1,0,0.6030513798067153,0.0,False,"[[0.0, 5.0], [0.0, 5.0], [0.0, 3.0], [0.0, 5.0], [0.0, 0.0], [0.0, 0.0], [0.0, 0.0], [0.0, 0.0], [0.0, 0.0]]"
j978cqz2tdx8dgeaw1zt3zw20h8fkmvv,percy-perc-filet,5,validation,0,1,0.7323187443586276,0.02950100055626893,False,"[[3.0, 5.0], [3.0, 5.0], [0.0, 2.0], [0.0, 5.0], [1.0, 1.0], [2.0, 2.0], [0.0, 1.0], [0.0, 2.0], [0.0, 0.0]]"
j978cqz2tdx8dgeaw1zt3zw20h8fkmvv,Tester67,5,validation,0,1,0.5042878979542437,0.0,False,"[[1.0, 5.0], [1.0, 5.0], [0.0, 4.0], [0.0, 5.0], [0.0, 0.0], [0.0, 0.0], [0.0, 0.0], [0.0, 0.0], [0.0, 0.0]]"
j978cqz2tdx8dgeaw1zt3zw20h8fkmvv,RiverForge,10,validation,0,0,0.592540462387205,0.0,True,"[[1.0, 10.0], [1.0, 10.0], [0.0, 5.0], [0.0, 10.0], [0.0, 0.0], [0.0, 0.0], [0.0, 0.0], [0.0, 0.0], [0.0, 0.0]]"
j978cqz2tdx8dgeaw1zt3zw20h8fkmvv,McSmart Meal,10,validation,1,0,0.691495174836491,0.0,False,"[[0.0, 10.0], [0.0, 10.0], [0.0, 4.0], [0.0, 10.0], [0.0, 0.0], [0.0, 0.0], [0.0, 0.0], [0.0, 0.0], [0.0, 0.0]]"
j978cqz2tdx8dgeaw1zt3zw20h8fkmvv,percy-perc-filet,10,validation,0,1,0.7868257819932561,0.21061375077945702,False,"[[6.0, 10.0], [6.0, 10.0], [0.0, 3.0], [0.0, 10.0], [1.0, 1.0], [2.0, 2.0], [0.0, 1.0], [0.0, 2.0], [0.0, 0.0]]"
j978cqz2tdx8dgeaw1zt3zw20h8fkmvv,Tester67,10,validation,0,0,0.5086223129024896,0.0,True,"[[2.0, 10.0], [2.0, 10.0], [0.0, 7.0], [0.0, 10.0], [0.0, 0.0], [0.0, 0.0], [0.0, 0.0], [0.0, 0.0], [0.0, 0.0]]"
j978cqz2tdx8dgeaw1zt3zw20h8fkmvv,RiverForge,15,validation,0,0,0.511913839108524,0.0,True,"[[3.0, 15.0], [3.0, 15.0], [0.0, 6.0], [0.0, 15.0], [0.0, 0.0], [0.0, 0.0], [0.0, 0.0], [0.0, 0.0], [0.0, 0.0]]"
j978cqz2tdx8dgeaw1zt3zw20h8fkmvv,McSmart Meal,15,validation,1,0,0.6685264800027955,0.0,False,"[[1.0, 15.0], [1.0, 15.0], [0.0, 6.0], [0.0, 15.0], [0.0, 0.0], [0.0, 0.0], [0.0, 0.0], [0.0, 0.0], [0.0, 0.0]]"
j978cqz2tdx8dgeaw1zt3zw20h8fkmvv,percy-perc-filet,15,validation,0,1,0.7194697006447104,0.03962972569922515,False,"[[6.0, 15.0], [6.0, 15.0], [0.0, 6.0], [0.0, 15.0], [1.0, 1.0], [2.0, 2.0], [0.0, 1.0], [0.0, 2.0], [0.0, 0.0]]"
j978cqz2tdx8dgeaw1zt3zw20h8fkmvv,Tester67,15,validation,0,0,0.5913615793952339,0.0,True,"[[2.0, 15.0], [2.0, 15.0], [0.0, 9.0], [0.0, 15.0], [0.0, 0.0], [0.0, 0.0], [0.0, 0.0], [0.0, 0.0], [0.0, 0.0]]"
j978cqz2tdx8dgeaw1zt3zw20h8fkmvv,RiverForge,20,validation,0,0,0.5841434717848882,0.0,True,"[[3.0, 20.0], [3.0, 20.0], [0.0, 8.0], [0.0, 20.0], [0.0, 0.0], [0.0, 0.0], [0.0, 0.0], [0.0, 0.0], [0.0, 0.0]]"
j978cqz2tdx8dgeaw1zt3zw20h8fkmvv,McSmart Meal,20,validation,1,0,0.537934649692142,0.0,False,"[[4.0, 20.0], [4.0, 20.0], [0.0, 7.0], [0.0, 20.0], [1.0, 1.0], [0.0, 1.0], [0.0, 1.0], [0.0, 0.0], [0.0, 0.0]]"
j978cqz2tdx8dgeaw1zt3zw20h8fkmvv,percy-perc-filet,20,validation,0,1,0.6368116371794417,0.0,False,"[[7.0, 20.0], [6.0, 20.0], [0.0, 10.0], [0.0, 20.0], [2.0, 2.0], [2.0, 3.0], [0.0, 2.0], [0.0, 2.0], [0.0, 0.0]]"
j978cqz2tdx8dgeaw1zt3zw20h8fkmvv,Tester67,20,validation,0,0,0.597452486297121,0.0,True,"[[4.0, 20.0], [3.0, 20.0], [0.0, 12.0], [0.0, 20.0], [1.0, 1.0], [1.0, 3.0], [0.0, 1.0], [0.0, 1.0], [0.0, 0.0]]"
j978cqz2tdx8dgeaw1zt3zw20h8fkmvv,RiverForge,30,validation,0,0,0.6943674836180136,0.0,True,"[[3.0, 30.0], [3.0, 30.0], [0.0, 12.0], [0.0, 30.0], [0.0, 0.0], [0.0, 0.0], [0.0, 0.0], [0.0, 0.0], [0.0, 0.0]]"
j978cqz2tdx8dgeaw1zt3zw20h8fkmvv,McSmart Meal,30,validation,1,0,0.5059052391726627,0.0,False,"[[6.0, 30.0], [5.0, 30.0], [0.0, 10.0], [0.0, 30.0], [2.0, 2.0], [3.0, 4.0], [0.0, 2.0], [0.0, 3.0], [0.0, 0.0]]"
j978cqz2tdx8dgeaw1zt3zw20h8fkmvv,percy-perc-filet,30,validation,0,1,0.7012542240856585,0.0022858562522594284,False,"[[9.0, 30.0], [7.0, 30.0], [0.0, 13.0], [0.0, 30.0], [3.0, 3.0], [5.0, 6.0], [0.0, 3.0], [1.0, 5.0], [0.0, 1.0]]"
j978cqz2tdx8dgeaw1zt3zw20h8fkmvv,Tester67,30,validation,0,0,0.5097302207504978,0.0,True,"[[8.0, 30.0], [7.0, 30.0], [0.0, 14.0], [0.0, 30.0], [1.0, 1.0], [1.0, 3.0], [0.0, 1.0], [0.0, 1.0], [0.0, 0.0]]"
j978cqz2tdx8dgeaw1zt3zw20h8fkmvv,RiverForge,50,validation,0,0,0.6997863377981416,0.0,True,"[[5.0, 50.0], [5.0, 50.0], [1.0, 19.0], [0.0, 50.0], [0.0, 0.0], [1.0, 1.0], [0.0, 0.0], [0.0, 1.0], [0.0, 0.0]]"
j978cqz2tdx8dgeaw1zt3zw20h8fkmvv,McSmart Meal,50,validation,1,1,0.6444472164648586,0.0,True,"[[20.0, 50.0], [18.0, 50.0], [0.0, 13.0], [0.0, 50.0], [6.0, 7.0], [7.0, 12.0], [0.0, 7.0], [0.0, 7.0], [0.0, 0.0]]"
j978cqz2tdx8dgeaw1zt3zw20h8fkmvv,percy-perc-filet,50,validation,0,1,0.6063377435317915,0.0,False,"[[13.0, 50.0], [8.0, 50.0], [1.0, 26.0], [0.0, 50.0], [3.0, 7.0], [8.0, 9.0], [0.0, 7.0], [1.0, 8.0], [0.0, 2.0]]"
j978cqz2tdx8dgeaw1zt3zw20h8fkmvv,Tester67,50,validation,0,0,0.5504264105480963,0.0,True,"[[11.0, 50.0], [10.0, 50.0], [0.0, 22.0], [0.0, 50.0], [2.0, 2.0], [2.0, 4.0], [0.0, 2.0], [0.0, 2.0], [0.0, 0.0]]"
j978cqz2tdx8dgeaw1zt3zw20h8fkmvv,RiverForge,75,validation,0,0,0.7513029768269048,0.14813812396092624,True,"[[9.0, 75.0], [9.0, 75.0], [1.0, 32.0], [0.0, 75.0], [0.0, 1.0], [4.0, 6.0], [0.0, 1.0], [0.0, 4.0], [0.0, 0.0]]"
j978cqz2tdx8dgeaw1zt3zw20h8fkmvv,McSmart Meal,75,validation,1,0,0.512630728356051,0.0,False,"[[30.0, 75.0], [25.0, 75.0], [0.0, 25.0], [0.0, 75.0], [9.0, 13.0], [8.0, 22.0], [0.0, 13.0], [0.0, 8.0], [0.0, 0.0]]"
j978cqz2tdx8dgeaw1zt3zw20h8fkmvv,percy-perc-filet,75,validation,0,0,0.5141061161956255,0.0,True,"[[21.0, 75.0], [13.0, 75.0], [2.0, 40.0], [0.0, 75.0], [6.0, 13.0], [10.0, 16.0], [0.0, 13.0], [1.0, 10.0], [0.0, 3.0]]"
j978cqz2tdx8dgeaw1zt3zw20h8fkmvv,Tester67,75,validation,0,1,0.5088751848996519,0.0,False,"[[21.0, 75.0], [20.0, 75.0], [1.0, 34.0], [0.0, 75.0], [2.0, 2.0], [5.0, 10.0], [0.0, 2.0], [0.0, 5.0], [0.0, 0.0]]"
j978cqz2tdx8dgeaw1zt3zw20h8fkmvv,RiverForge,100,validation,0,0,0.7006872726056147,0.0015631105790689709,True,"[[15.0, 100.0], [14.0, 100.0], [1.0, 40.0], [0.0, 100.0], [2.0, 4.0], [4.0, 7.0], [0.0, 4.0], [0.0, 4.0], [0.0, 0.0]]"
j978cqz2tdx8dgeaw1zt3zw20h8fkmvv,McSmart Meal,100,validation,1,0,0.5751671058181782,0.0,False,"[[39.0, 100.0], [32.0, 100.0], [0.0, 36.0], [0.0, 100.0], [12.0, 16.0], [10.0, 28.0], [0.0, 16.0], [0.0, 10.0], [0.0, 0.0]]"
j978cqz2tdx8dgeaw1zt3zw20h8fkmvv,percy-perc-filet,100,validation,0,1,0.5686889755927327,0.0,False,"[[32.0, 100.0], [21.0, 100.0], [5.0, 54.0], [0.0, 100.0], [6.0, 14.0], [14.0, 23.0], [0.0, 14.0], [2.0, 14.0], [0.0, 3.0]]"
j978cqz2tdx8dgeaw1zt3zw20h8fkmvv,Tester67,100,validation,0,1,0.6534982653536108,0.0,False,"[[26.0, 100.0], [24.0, 100.0], [4.0, 46.0], [0.0, 100.0], [3.0, 4.0], [6.0, 11.0], [1.0, 4.0], [1.0, 7.0], [0.0, 0.0]]"
j974wd3nbj4by6byz7hg5dt3sn8fkzrn,percy-perc-filet,5,test,0,1,0.593085268303335,0.0,False,"[[3.0, 5.0], [3.0, 5.0], [0.0, 1.0], [0.0, 5.0], [1.0, 2.0], [0.0, 2.0], [0.0, 2.0], [0.0, 0.0], [0.0, 0.0]]"
j974wd3nbj4by6byz7hg5dt3sn8fkzrn,RiverForge,5,test,0,1,0.6181843717067771,0.0,False,"[[2.0, 5.0], [2.0, 5.0], [1.0, 3.0], [0.0, 5.0], [0.0, 0.0], [3.0, 5.0], [0.0, 0.0], [0.0, 3.0], [0.0, 0.0]]"
j974wd3nbj4by6byz7hg5dt3sn8fkzrn,McSmart Meal,5,test,1,0,0.5077220338853602,0.0,False,"[[2.0, 5.0], [1.0, 5.0], [0.0, 3.0], [0.0, 5.0], [1.0, 1.0], [0.0, 2.0], [0.0, 1.0], [0.0, 0.0], [0.0, 0.0]]"
j974wd3nbj4by6byz7hg5dt3sn8fkzrn,Tester67,5,test,0,1,0.5669560814426093,0.0,False,"[[1.0, 5.0], [1.0, 5.0], [1.0, 2.0], [0.0, 5.0], [0.0, 0.0], [0.0, 0.0], [0.0, 0.0], [0.0, 0.0], [0.0, 0.0]]"
j974wd3nbj4by6byz7hg5dt3sn8fkzrn,percy-perc-filet,10,test,0,1,0.5777295783747814,0.0,False,"[[4.0, 10.0], [4.0, 10.0], [0.0, 2.0], [0.0, 10.0], [1.0, 2.0], [1.0, 3.0], [0.0, 2.0], [0.0, 1.0], [0.0, 0.0]]"
j974wd3nbj4by6byz7hg5dt3sn8fkzrn,RiverForge,10,test,0,1,0.5183504616151544,0.0,False,"[[2.0, 10.0], [2.0, 10.0], [1.0, 4.0], [0.0, 10.0], [0.0, 0.0], [3.0, 5.0], [0.0, 0.0], [0.0, 3.0], [0.0, 0.0]]"
j974wd3nbj4by6byz7hg5dt3sn8fkzrn,McSmart Meal,10,test,1,1,0.5564703208898278,0.0,True,"[[5.0, 10.0], [3.0, 10.0], [0.0, 4.0], [0.0, 10.0], [2.0, 2.0], [0.0, 3.0], [0.0, 2.0], [0.0, 0.0], [0.0, 0.0]]"
j974wd3nbj4by6byz7hg5dt3sn8fkzrn,Tester67,10,test,0,0,0.5399357057678912,0.0,True,"[[1.0, 10.0], [1.0, 10.0], [1.0, 4.0], [0.0, 10.0], [0.0, 0.0], [0.0, 0.0], [0.0, 0.0], [0.0, 0.0], [0.0, 0.0]]"
j974wd3nbj4by6byz7hg5dt3sn8fkzrn,percy-perc-filet,15,test,0,1,0.5101339667872725,0.0,False,"[[7.0, 15.0], [5.0, 15.0], [0.0, 5.0], [0.0, 15.0], [3.0, 5.0], [1.0, 7.0], [0.0, 5.0], [0.0, 1.0], [0.0, 0.0]]"
j974wd3nbj4by6byz7hg5dt3sn8fkzrn,RiverForge,15,test,0,0,0.5049531422826766,0.0,True,"[[4.0, 15.0], [3.0, 15.0], [1.0, 7.0], [0.0, 15.0], [1.0, 1.0], [5.0, 10.0], [0.0, 1.0], [0.0, 5.0], [0.0, 0.0]]"
j974wd3nbj4by6byz7hg5dt3sn8fkzrn,McSmart Meal,15,test,1,1,0.5258232656052363,0.0,True,"[[6.0, 15.0], [4.0, 15.0], [0.0, 7.0], [0.0, 15.0], [2.0, 2.0], [0.0, 3.0], [0.0, 2.0], [0.0, 0.0], [0.0, 0.0]]"
j974wd3nbj4by6byz7hg5dt3sn8fkzrn,Tester67,15,test,0,1,0.5718002877219521,0.0,False,"[[4.0, 15.0], [4.0, 15.0], [2.0, 7.0], [0.0, 15.0], [0.0, 0.0], [1.0, 3.0], [0.0, 0.0], [0.0, 1.0], [0.0, 0.0]]"
j974wd3nbj4by6byz7hg5dt3sn8fkzrn,percy-perc-filet,20,test,0,1,0.6287403036084971,0.0,False,"[[11.0, 20.0], [8.0, 20.0], [1.0, 7.0], [0.0, 20.0], [4.0, 6.0], [3.0, 11.0], [0.0, 6.0], [0.0, 3.0], [0.0, 0.0]]"
j974wd3nbj4by6byz7hg5dt3sn8fkzrn,RiverForge,20,test,0,0,0.5104224803720211,0.0,True,"[[5.0, 20.0], [4.0, 20.0], [1.0, 9.0], [0.0, 20.0], [2.0, 2.0], [5.0, 10.0], [0.0, 2.0], [0.0, 5.0], [0.0, 0.0]]"
j974wd3nbj4by6byz7hg5dt3sn8fkzrn,McSmart Meal,20,test,1,0,0.5909026727498209,0.0,False,"[[7.0, 20.0], [4.0, 20.0], [0.0, 10.0], [0.0, 20.0], [2.0, 3.0], [0.0, 5.0], [0.0, 3.0], [0.0, 0.0], [0.0, 0.0]]"
j974wd3nbj4by6byz7hg5dt3sn8fkzrn,Tester67,20,test,0,1,0.6156668459699152,0.0,False,"[[6.0, 20.0], [5.0, 20.0], [2.0, 10.0], [0.0, 20.0], [1.0, 1.0], [2.0, 4.0], [0.0, 1.0], [0.0, 2.0], [0.0, 0.0]]"
j974wd3nbj4by6byz7hg5dt3sn8fkzrn,percy-perc-filet,30,test,0,1,0.5082602081297303,0.0,False,"[[15.0, 30.0], [11.0, 30.0], [1.0, 11.0], [0.0, 30.0], [4.0, 7.0], [4.0, 19.0], [0.0, 7.0], [0.0, 4.0], [0.0, 0.0]]"
j974wd3nbj4by6byz7hg5dt3sn8fkzrn,RiverForge,30,test,0,0,0.5853710696337265,0.0,True,"[[6.0, 30.0], [5.0, 30.0], [1.0, 14.0], [0.0, 30.0], [2.0, 2.0], [5.0, 10.0], [0.0, 2.0], [0.0, 5.0], [0.0, 0.0]]"
j974wd3nbj4by6byz7hg5dt3sn8fkzrn,McSmart Meal,30,test,1,0,0.6496094841016694,0.0,False,"[[14.0, 30.0], [8.0, 30.0], [0.0, 14.0], [0.0, 30.0], [4.0, 7.0], [1.0, 18.0], [0.0, 7.0], [0.0, 1.0], [0.0, 1.0]]"
j974wd3nbj4by6byz7hg5dt3sn8fkzrn,Tester67,30,test,0,0,0.5129531587168423,0.0,True,"[[9.0, 30.0], [6.0, 30.0], [2.0, 15.0], [0.0, 30.0], [2.0, 2.0], [5.0, 12.0], [0.0, 2.0], [0.0, 5.0], [0.0, 0.0]]"
j974wd3nbj4by6byz7hg5dt3sn8fkzrn,percy-perc-filet,50,test,0,0,0.5750695822743157,0.0,True,"[[20.0, 50.0], [15.0, 50.0], [1.0, 19.0], [0.0, 50.0], [4.0, 7.0], [5.0, 21.0], [0.0, 7.0], [0.0, 5.0], [0.0, 0.0]]"
j974wd3nbj4by6byz7hg5dt3sn8fkzrn,RiverForge,50,test,0,0,0.6496373050230404,0.0,True,"[[10.0, 50.0], [9.0, 50.0], [1.0, 22.0], [0.0, 50.0], [4.0, 6.0], [5.0, 12.0], [0.0, 6.0], [0.0, 5.0], [0.0, 0.0]]"
j974wd3nbj4by6byz7hg5dt3sn8fkzrn,McSmart Meal,50,test,1,0,0.6310363029834439,0.0,False,"[[22.0, 50.0], [16.0, 50.0], [0.0, 21.0], [0.0, 50.0], [4.0, 7.0], [2.0, 21.0], [0.0, 7.0], [0.0, 2.0], [0.0, 1.0]]"
j974wd3nbj4by6byz7hg5dt3sn8fkzrn,Tester67,50,test,0,1,0.5553398107962336,0.0,False,"[[17.0, 50.0], [12.0, 50.0], [5.0, 26.0], [0.0, 50.0], [2.0, 3.0], [8.0, 18.0], [0.0, 3.0], [0.0, 8.0], [0.0, 0.0]]"
j974wd3nbj4by6byz7hg5dt3sn8fkzrn,percy-perc-filet,75,test,0,1,0.5729146700349135,0.0,False,"[[38.0, 75.0], [27.0, 75.0], [4.0, 33.0], [0.0, 75.0], [8.0, 13.0], [16.0, 43.0], [0.0, 13.0], [0.0, 16.0], [1.0, 2.0]]"
j974wd3nbj4by6byz7hg5dt3sn8fkzrn,RiverForge,75,test,0,0,0.7945398391012422,0.3151327970041406,True,"[[11.0, 75.0], [10.0, 75.0], [1.0, 39.0], [0.0, 75.0], [4.0, 8.0], [5.0, 13.0], [0.0, 8.0], [0.0, 5.0], [0.0, 0.0]]"
j974wd3nbj4by6byz7hg5dt3sn8fkzrn,McSmart Meal,75,test,1,0,0.6004743701630243,0.0,False,"[[37.0, 75.0], [25.0, 75.0], [1.0, 33.0], [0.0, 75.0], [8.0, 14.0], [7.0, 36.0], [0.0, 14.0], [0.0, 7.0], [0.0, 1.0]]"
j974wd3nbj4by6byz7hg5dt3sn8fkzrn,Tester67,75,test,0,0,0.5269938298602417,0.0,True,"[[24.0, 75.0], [17.0, 75.0], [5.0, 41.0], [0.0, 75.0], [5.0, 8.0], [10.0, 23.0], [0.0, 8.0], [0.0, 10.0], [0.0, 0.0]]"
j974wd3nbj4by6byz7hg5dt3sn8fkzrn,percy-perc-filet,100,test,0,0,0.553515231579933,0.0,True,"[[47.0, 100.0], [33.0, 100.0], [4.0, 40.0], [0.0, 100.0], [9.0, 16.0], [18.0, 57.0], [0.0, 16.0], [0.0, 18.0], [1.0, 2.0]]"
j974wd3nbj4by6byz7hg5dt3sn8fkzrn,RiverForge,100,test,0,0,0.8638805441969746,0.546268480656582,True,"[[15.0, 100.0], [12.0, 100.0], [1.0, 48.0], [0.0, 100.0], [6.0, 12.0], [5.0, 20.0], [0.0, 12.0], [0.0, 5.0], [0.0, 0.0]]"
j974wd3nbj4by6byz7hg5dt3sn8fkzrn,McSmart Meal,100,test,1,0,0.6233794171129681,0.0,False,"[[50.0, 100.0], [35.0, 100.0], [1.0, 40.0], [0.0, 100.0], [9.0, 16.0], [14.0, 56.0], [0.0, 16.0], [0.0, 14.0], [0.0, 2.0]]"
j974wd3nbj4by6byz7hg5dt3sn8fkzrn,Tester67,100,test,0,0,0.684859551378652,0.0,True,"[[27.0, 100.0], [18.0, 100.0], [5.0, 53.0], [0.0, 100.0], [5.0, 10.0], [12.0, 29.0], [0.0, 10.0], [0.0, 12.0], [0.0, 0.0]]"
j973542z53gw4kyc30zvgwzw1h8fkegn,RiverForge,5,test,0,0,0.6000308243524375,0.0,True,"[[0.0, 5.0], [0.0, 5.0], [0.0, 2.0], [0.0, 5.0], [0.0, 0.0], [0.0, 0.0], [0.0, 0.0], [0.0, 0.0], [0.0, 0.0]]"
j973542z53gw4kyc30zvgwzw1h8fkegn,McSmart Meal,5,test,1,1,0.6089903977035775,0.0,True,"[[4.0, 5.0], [3.0, 5.0], [0.0, 2.0], [0.0, 5.0], [0.0, 0.0], [1.0, 4.0], [0.0, 0.0], [0.0, 1.0], [0.0, 0.0]]"
j973542z53gw4kyc30zvgwzw1h8fkegn,Tester67,5,test,0,1,0.702047301128636,0.001562462399662838,False,"[[3.0, 5.0], [2.0, 5.0], [1.0, 4.0], [0.0, 5.0], [1.0, 1.0], [0.0, 0.0], [0.0, 1.0], [0.0, 0.0], [0.0, 0.0]]"
j973542z53gw4kyc30zvgwzw1h8fkegn,percy-perc-filet,5,test,0,1,0.53680312140925,0.0,False,"[[2.0, 5.0], [2.0, 5.0], [1.0, 2.0], [0.0, 5.0], [0.0, 0.0], [0.0, 3.0], [0.0, 0.0], [0.0, 0.0], [0.0, 0.0]]"
j973542z53gw4kyc30zvgwzw1h8fkegn,RiverForge,10,test,0,1,0.5008342715647236,0.0,False,"[[2.0, 10.0], [1.0, 10.0], [0.0, 5.0], [0.0, 10.0], [1.0, 1.0], [1.0, 1.0], [0.0, 1.0], [0.0, 1.0], [0.0, 0.0]]"
j973542z53gw4kyc30zvgwzw1h8fkegn,McSmart Meal,10,test,1,1,0.6797357648914697,0.0,True,"[[7.0, 10.0], [5.0, 10.0], [0.0, 5.0], [0.0, 10.0], [2.0, 2.0], [1.0, 4.0], [0.0, 2.0], [0.0, 1.0], [0.0, 0.0]]"
j973542z53gw4kyc30zvgwzw1h8fkegn,Tester67,10,test,0,1,0.6125938479951681,0.0,False,"[[5.0, 10.0], [3.0, 10.0], [1.0, 7.0], [0.0, 10.0], [2.0, 3.0], [0.0, 2.0], [0.0, 3.0], [0.0, 0.0], [0.0, 0.0]]"
j973542z53gw4kyc30zvgwzw1h8fkegn,percy-perc-filet,10,test,0,1,0.5850735192959439,0.0,False,"[[4.0, 10.0], [3.0, 10.0], [1.0, 5.0], [0.0, 10.0], [0.0, 0.0], [3.0, 6.0], [0.0, 0.0], [0.0, 3.0], [0.0, 0.0]]"
j973542z53gw4kyc30zvgwzw1h8fkegn,RiverForge,15,test,0,0,0.5852491070529307,0.0,True,"[[2.0, 15.0], [1.0, 15.0], [0.0, 8.0], [0.0, 15.0], [1.0, 1.0], [1.0, 1.0], [0.0, 1.0], [0.0, 1.0], [0.0, 0.0]]"
j973542z53gw4kyc30zvgwzw1h8fkegn,McSmart Meal,15,test,1,1,0.7015914977910069,0.002906709177366383,True,"[[11.0, 15.0], [8.0, 15.0], [0.0, 7.0], [0.0, 15.0], [4.0, 4.0], [1.0, 5.0], [0.0, 4.0], [0.0, 1.0], [0.0, 0.0]]"
j973542z53gw4kyc30zvgwzw1h8fkegn,Tester67,15,test,0,1,0.6364616658561658,0.0,False,"[[8.0, 15.0], [5.0, 15.0], [2.0, 11.0], [0.0, 15.0], [2.0, 4.0], [2.0, 6.0], [0.0, 4.0], [0.0, 2.0], [0.0, 0.0]]"
j973542z53gw4kyc30zvgwzw1h8fkegn,percy-perc-filet,15,test,0,1,0.5928378146719386,0.0,False,"[[6.0, 15.0], [4.0, 15.0], [1.0, 8.0], [0.0, 15.0], [1.0, 1.0], [4.0, 8.0], [0.0, 1.0], [0.0, 4.0], [0.0, 0.0]]"
j973542z53gw4kyc30zvgwzw1h8fkegn,RiverForge,20,test,0,0,0.580936654099207,0.0,True,"[[4.0, 20.0], [3.0, 20.0], [0.0, 9.0], [0.0, 20.0], [2.0, 4.0], [1.0, 2.0], [0.0, 4.0], [0.0, 1.0], [0.0, 0.0]]"
j973542z53gw4kyc30zvgwzw1h8fkegn,McSmart Meal,20,test,1,1,0.8375165130319703,0.45838837677323435,True,"[[14.0, 20.0], [11.0, 20.0], [1.0, 10.0], [0.0, 20.0], [4.0, 4.0], [4.0, 10.0], [0.0, 4.0], [2.0, 4.0], [0.0, 0.0]]"
j973542z53gw4kyc30zvgwzw1h8fkegn,Tester67,20,test,0,1,0.5162509868322819,0.0,False,"[[10.0, 20.0], [5.0, 20.0], [2.0, 15.0], [0.0, 20.0], [2.0, 5.0], [4.0, 11.0], [0.0, 5.0], [0.0, 4.0], [0.0, 0.0]]"
j973542z53gw4kyc30zvgwzw1h8fkegn,percy-perc-filet,20,test,0,1,0.7057389779602705,0.010756133228568162,False,"[[9.0, 20.0], [7.0, 20.0], [3.0, 11.0], [0.0, 20.0], [2.0, 3.0], [5.0, 10.0], [0.0, 3.0], [0.0, 5.0], [0.0, 0.0]]"
j973542z53gw4kyc30zvgwzw1h8fkegn,RiverForge,30,test,0,0,0.6403175319792821,0.0,True,"[[5.0, 30.0], [4.0, 30.0], [0.0, 15.0], [0.0, 30.0], [2.0, 4.0], [1.0, 2.0], [0.0, 4.0], [0.0, 1.0], [0.0, 0.0]]"
j973542z53gw4kyc30zvgwzw1h8fkegn,McSmart Meal,30,test,1,1,0.8588409967647157,0.5294699892157191,True,"[[17.0, 30.0], [13.0, 30.0], [1.0, 15.0], [0.0, 30.0], [5.0, 5.0], [8.0, 15.0], [0.0, 5.0], [5.0, 8.0], [0.0, 1.0]]"
j973542z53gw4kyc30zvgwzw1h8fkegn,Tester67,30,test,0,1,0.5490267045244402,0.0,False,"[[15.0, 30.0], [9.0, 30.0], [2.0, 19.0], [0.0, 30.0], [2.0, 6.0], [7.0, 14.0], [0.0, 6.0], [0.0, 7.0], [0.0, 0.0]]"
j973542z53gw4kyc30zvgwzw1h8fkegn,percy-perc-filet,30,test,0,1,0.5586879893117581,0.0,False,"[[13.0, 30.0], [10.0, 30.0], [3.0, 16.0], [0.0, 30.0], [3.0, 8.0], [5.0, 12.0], [0.0, 8.0], [0.0, 5.0], [0.0, 0.0]]"
j973542z53gw4kyc30zvgwzw1h8fkegn,RiverForge,50,test,0,0,0.7834045538599926,0.2769390004712009,True,"[[7.0, 50.0], [6.0, 50.0], [0.0, 26.0], [0.0, 50.0], [2.0, 4.0], [3.0, 8.0], [0.0, 4.0], [0.0, 3.0], [0.0, 0.0]]"
j973542z53gw4kyc30zvgwzw1h8fkegn,McSmart Meal,50,test,1,1,0.7530447109028796,0.13004637006635578,True,"[[26.0, 50.0], [19.0, 50.0], [1.0, 25.0], [0.0, 50.0], [7.0, 11.0], [10.0, 29.0], [0.0, 11.0], [5.0, 10.0], [0.0, 1.0]]"
j973542z53gw4kyc30zvgwzw1h8fkegn,Tester67,50,test,0,0,0.5304416460632135,0.0,True,"[[18.0, 50.0], [10.0, 50.0], [2.0, 31.0], [0.0, 50.0], [2.0, 7.0], [9.0, 20.0], [1.0, 7.0], [2.0, 10.0], [0.0, 2.0]]"
j973542z53gw4kyc30zvgwzw1h8fkegn,percy-perc-filet,50,test,0,0,0.6548118635089635,0.0,True,"[[25.0, 50.0], [18.0, 50.0], [3.0, 24.0], [0.0, 50.0], [4.0, 14.0], [8.0, 28.0], [1.0, 14.0], [0.0, 9.0], [0.0, 2.0]]"
j973542z53gw4kyc30zvgwzw1h8fkegn,RiverForge,75,test,0,0,0.8592031306445213,0.5306771021484042,True,"[[12.0, 75.0], [10.0, 75.0], [0.0, 37.0], [0.0, 75.0], [2.0, 7.0], [4.0, 11.0], [0.0, 7.0], [0.0, 4.0], [0.0, 0.0]]"
j973542z53gw4kyc30zvgwzw1h8fkegn,McSmart Meal,75,test,1,1,0.6867651505859061,0.0,True,"[[37.0, 75.0], [28.0, 75.0], [1.0, 35.0], [0.0, 75.0], [8.0, 14.0], [11.0, 36.0], [0.0, 14.0], [5.0, 11.0], [0.0, 1.0]]"
j973542z53gw4kyc30zvgwzw1h8fkegn,Tester67,75,test,0,0,0.6511103608963763,0.0,True,"[[19.0, 75.0], [11.0, 75.0], [3.0, 45.0], [0.0, 75.0], [2.0, 7.0], [9.0, 20.0], [1.0, 7.0], [2.0, 10.0], [0.0, 2.0]]"
j973542z53gw4kyc30zvgwzw1h8fkegn,percy-perc-filet,75,test,0,1,0.5356031132501511,0.0,False,"[[36.0, 75.0], [28.0, 75.0], [5.0, 32.0], [0.0, 75.0], [5.0, 16.0], [14.0, 40.0], [1.0, 16.0], [3.0, 15.0], [0.0, 3.0]]"
j973542z53gw4kyc30zvgwzw1h8fkegn,RiverForge,100,test,0,0,0.888333191482025,0.6277773049400835,True,"[[13.0, 100.0], [11.0, 100.0], [0.0, 48.0], [0.0, 100.0], [2.0, 7.0], [4.0, 11.0], [0.0, 7.0], [0.0, 4.0], [0.0, 0.0]]"
j973542z53gw4kyc30zvgwzw1h8fkegn,McSmart Meal,100,test,1,1,0.7242592901502412,0.050770266218153275,True,"[[50.0, 100.0], [40.0, 100.0], [2.0, 42.0], [0.0, 100.0], [8.0, 15.0], [15.0, 44.0], [0.0, 15.0], [7.0, 15.0], [0.0, 1.0]]"
j973542z53gw4kyc30zvgwzw1h8fkegn,Tester67,100,test,0,0,0.7198848561179901,0.049687274648891416,True,"[[24.0, 100.0], [15.0, 100.0], [3.0, 58.0], [0.0, 100.0], [4.0, 13.0], [11.0, 23.0], [1.0, 13.0], [2.0, 12.0], [0.0, 2.0]]"
j973542z53gw4kyc30zvgwzw1h8fkegn,percy-perc-filet,100,test,0,1,0.5490881965691601,0.0,False,"[[46.0, 100.0], [36.0, 100.0], [7.0, 43.0], [0.0, 100.0], [6.0, 17.0], [16.0, 47.0], [1.0, 17.0], [3.0, 17.0], [0.0, 4.0]]"
j97bcq6wzwzfkv9jpcs9gfskb98fkd84,RiverForge,5,test,0,1,0.663014516460652,0.0,False,"[[3.0, 5.0], [2.0, 5.0], [0.0, 2.0], [0.0, 5.0], [1.0, 1.0], [0.0, 0.0], [0.0, 1.0], [0.0, 0.0], [0.0, 0.0]]"
j97bcq6wzwzfkv9jpcs9gfskb98fkd84,percy-perc-filet,5,test,0,1,0.50711121609853,0.0,False,"[[1.0, 5.0], [1.0, 5.0], [0.0, 3.0], [0.0, 5.0], [0.0, 0.0], [0.0, 0.0], [0.0, 0.0], [0.0, 0.0], [0.0, 0.0]]"
j97bcq6wzwzfkv9jpcs9gfskb98fkd84,McSmart Meal,5,test,1,1,0.5308349186157406,0.0,True,"[[2.0, 5.0], [2.0, 5.0], [0.0, 3.0], [0.0, 5.0], [1.0, 2.0], [1.0, 3.0], [0.0, 2.0], [0.0, 1.0], [0.0, 0.0]]"
j97bcq6wzwzfkv9jpcs9gfskb98fkd84,RiverForge,10,test,0,1,0.5618898606310831,0.0,False,"[[3.0, 10.0], [2.0, 10.0], [0.0, 5.0], [0.0, 10.0], [1.0, 1.0], [0.0, 0.0], [0.0, 1.0], [0.0, 0.0], [0.0, 0.0]]"
j97bcq6wzwzfkv9jpcs9gfskb98fkd84,percy-perc-filet,10,test,0,0,0.5112667707479852,0.0,True,"[[5.0, 10.0], [4.0, 10.0], [0.0, 5.0], [0.0, 10.0], [0.0, 1.0], [1.0, 5.0], [0.0, 1.0], [0.0, 1.0], [0.0, 0.0]]"
j97bcq6wzwzfkv9jpcs9gfskb98fkd84,McSmart Meal,10,test,1,1,0.5212330313935066,0.0,True,"[[4.0, 10.0], [4.0, 10.0], [0.0, 6.0], [0.0, 10.0], [1.0, 2.0], [2.0, 6.0], [0.0, 2.0], [0.0, 2.0], [0.0, 0.0]]"
j97bcq6wzwzfkv9jpcs9gfskb98fkd84,RiverForge,15,test,0,0,0.5254197560297416,0.0,True,"[[3.0, 15.0], [2.0, 15.0], [0.0, 8.0], [0.0, 15.0], [1.0, 1.0], [0.0, 0.0], [0.0, 1.0], [0.0, 0.0], [0.0, 0.0]]"
j97bcq6wzwzfkv9jpcs9gfskb98fkd84,percy-perc-filet,15,test,0,1,0.576445638463951,0.0,False,"[[7.0, 15.0], [6.0, 15.0], [1.0, 6.0], [0.0, 15.0], [1.0, 2.0], [1.0, 6.0], [0.0, 2.0], [0.0, 1.0], [0.0, 0.0]]"
j97bcq6wzwzfkv9jpcs9gfskb98fkd84,McSmart Meal,15,test,1,1,0.516229434555322,0.0,True,"[[6.0, 15.0], [6.0, 15.0], [0.0, 7.0], [0.0, 15.0], [2.0, 3.0], [3.0, 10.0], [0.0, 3.0], [0.0, 3.0], [0.0, 0.0]]"
j97bcq6wzwzfkv9jpcs9gfskb98fkd84,RiverForge,20,test,0,0,0.5706885525455275,0.0,True,"[[4.0, 20.0], [3.0, 20.0], [0.0, 9.0], [0.0, 20.0], [1.0, 3.0], [1.0, 1.0], [0.0, 3.0], [0.0, 1.0], [0.0, 0.0]]"
j97bcq6wzwzfkv9jpcs9gfskb98fkd84,percy-perc-filet,20,test,0,0,0.5191927886281792,0.0,True,"[[8.0, 20.0], [7.0, 20.0], [1.0, 8.0], [0.0, 20.0], [1.0, 2.0], [1.0, 9.0], [0.0, 2.0], [0.0, 1.0], [0.0, 0.0]]"
j97bcq6wzwzfkv9jpcs9gfskb98fkd84,McSmart Meal,20,test,1,0,0.5119507940785102,0.0,False,"[[7.0, 20.0], [7.0, 20.0], [0.0, 9.0], [0.0, 20.0], [2.0, 3.0], [3.0, 10.0], [0.0, 3.0], [0.0, 3.0], [0.0, 0.0]]"
j97bcq6wzwzfkv9jpcs9gfskb98fkd84,RiverForge,30,test,0,0,0.7623734372605196,0.18912720441725797,True,"[[5.0, 30.0], [3.0, 30.0], [0.0, 14.0], [0.0, 30.0], [1.0, 3.0], [1.0, 4.0], [0.0, 3.0], [0.0, 1.0], [0.0, 0.0]]"
j97bcq6wzwzfkv9jpcs9gfskb98fkd84,percy-perc-filet,30,test,0,1,0.5469470698398843,0.0,False,"[[12.0, 30.0], [11.0, 30.0], [2.0, 11.0], [0.0, 30.0], [1.0, 2.0], [3.0, 12.0], [0.0, 2.0], [0.0, 3.0], [0.0, 0.0]]"
j97bcq6wzwzfkv9jpcs9gfskb98fkd84,McSmart Meal,30,test,1,0,0.5072384501925497,0.0,False,"[[13.0, 30.0], [11.0, 30.0], [0.0, 13.0], [0.0, 30.0], [3.0, 4.0], [3.0, 14.0], [0.0, 4.0], [0.0, 3.0], [0.0, 0.0]]"
j97bcq6wzwzfkv9jpcs9gfskb98fkd84,RiverForge,50,test,0,0,0.8439078198256001,0.4796927327520006,True,"[[7.0, 50.0], [5.0, 50.0], [0.0, 24.0], [0.0, 50.0], [1.0, 4.0], [2.0, 6.0], [0.0, 4.0], [0.0, 2.0], [0.0, 0.0]]"
j97bcq6wzwzfkv9jpcs9gfskb98fkd84,percy-perc-filet,50,test,0,0,0.5180767592485379,0.0,True,"[[20.0, 50.0], [17.0, 50.0], [3.0, 19.0], [0.0, 50.0], [5.0, 9.0], [5.0, 23.0], [0.0, 9.0], [0.0, 5.0], [0.0, 0.0]]"
j97bcq6wzwzfkv9jpcs9gfskb98fkd84,McSmart Meal,50,test,1,1,0.5767540994851672,0.0,True,"[[23.0, 50.0], [19.0, 50.0], [0.0, 21.0], [0.0, 50.0], [4.0, 5.0], [9.0, 21.0], [0.0, 5.0], [0.0, 9.0], [0.0, 0.0]]"
j97bcq6wzwzfkv9jpcs9gfskb98fkd84,RiverForge,75,test,0,0,0.9262769707741785,0.7542565692472616,True,"[[11.0, 75.0], [7.0, 75.0], [0.0, 33.0], [0.0, 75.0], [1.0, 5.0], [3.0, 15.0], [0.0, 5.0], [0.0, 3.0], [0.0, 0.0]]"
j97bcq6wzwzfkv9jpcs9gfskb98fkd84,percy-perc-filet,75,test,0,0,0.5617199151986126,0.0,True,"[[31.0, 75.0], [28.0, 75.0], [4.0, 24.0], [0.0, 75.0], [5.0, 10.0], [8.0, 37.0], [0.0, 10.0], [0.0, 8.0], [0.0, 0.0]]"
j97bcq6wzwzfkv9jpcs9gfskb98fkd84,McSmart Meal,75,test,1,0,0.5566286635103725,0.0,False,"[[33.0, 75.0], [26.0, 75.0], [0.0, 32.0], [0.0, 75.0], [6.0, 8.0], [11.0, 34.0], [0.0, 8.0], [0.0, 11.0], [0.0, 0.0]]"
j97bcq6wzwzfkv9jpcs9gfskb98fkd84,RiverForge,100,test,0,0,0.9201683620886472,0.7338945402954906,True,"[[16.0, 100.0], [12.0, 100.0], [0.0, 45.0], [0.0, 100.0], [2.0, 8.0], [8.0, 24.0], [0.0, 8.0], [0.0, 8.0], [0.0, 0.0]]"
j97bcq6wzwzfkv9jpcs9gfskb98fkd84,percy-perc-filet,100,test,0,0,0.5132208047666242,0.0,True,"[[39.0, 100.0], [34.0, 100.0], [7.0, 37.0], [0.0, 100.0], [6.0, 13.0], [13.0, 47.0], [0.0, 13.0], [1.0, 13.0], [0.0, 0.0]]"
j97bcq6wzwzfkv9jpcs9gfskb98fkd84,McSmart Meal,100,test,1,1,0.6773023783082063,0.0,True,"[[45.0, 100.0], [35.0, 100.0], [0.0, 41.0], [0.0, 100.0], [8.0, 11.0], [19.0, 47.0], [0.0, 11.0], [6.0, 19.0], [0.0, 1.0]]"
j977221yf2czk61ppsyd07n31d8fk1qv,RiverForge,5,test,0,0,0.572497201883667,0.0,True,"[[1.0, 5.0], [0.0, 5.0], [0.0, 3.0], [0.0, 5.0], [1.0, 1.0], [0.0, 1.0], [0.0, 1.0], [0.0, 0.0], [0.0, 0.0]]"
j977221yf2czk61ppsyd07n31d8fk1qv,RiverForge,10,test,0,0,0.5614548027467601,0.0,True,"[[2.0, 10.0], [1.0, 10.0], [0.0, 7.0], [0.0, 10.0], [1.0, 2.0], [2.0, 3.0], [0.0, 2.0], [0.0, 2.0], [0.0, 0.0]]"
j977221yf2czk61ppsyd07n31d8fk1qv,RiverForge,15,test,0,0,0.6263990436113797,0.0,True,"[[3.0, 15.0], [1.0, 15.0], [0.0, 11.0], [0.0, 15.0], [2.0, 3.0], [2.0, 4.0], [0.0, 3.0], [0.0, 2.0], [0.0, 0.0]]"
j977221yf2czk61ppsyd07n31d8fk1qv,RiverForge,20,test,0,0,0.6934152937579132,0.0,True,"[[3.0, 20.0], [1.0, 20.0], [0.0, 15.0], [0.0, 20.0], [2.0, 3.0], [2.0, 4.0], [0.0, 3.0], [0.0, 2.0], [0.0, 0.0]]"
j977221yf2czk61ppsyd07n31d8fk1qv,RiverForge,30,test,0,0,0.8532880539309248,0.5109601797697493,True,"[[5.0, 30.0], [2.0, 30.0], [0.0, 19.0], [0.0, 30.0], [2.0, 7.0], [3.0, 8.0], [0.0, 7.0], [0.0, 3.0], [0.0, 1.0]]"
j977221yf2czk61ppsyd07n31d8fk1qv,RiverForge,50,test,0,0,0.8711927107576634,0.5706423691922112,True,"[[9.0, 50.0], [3.0, 50.0], [0.0, 31.0], [0.0, 50.0], [5.0, 10.0], [3.0, 13.0], [0.0, 10.0], [0.0, 3.0], [0.0, 1.0]]"
j977221yf2czk61ppsyd07n31d8fk1qv,RiverForge,75,test,0,0,0.8537493173470099,0.512497724490033,True,"[[16.0, 75.0], [7.0, 75.0], [1.0, 49.0], [0.0, 75.0], [7.0, 14.0], [4.0, 18.0], [0.0, 14.0], [0.0, 4.0], [0.0, 1.0]]"
j977221yf2czk61ppsyd07n31d8fk1qv,RiverForge,100,test,0,0,0.8844780538852838,0.6149268462842793,True,"[[17.0, 100.0], [8.0, 100.0], [1.0, 67.0], [0.0, 100.0], [7.0, 14.0], [4.0, 18.0], [0.0, 14.0], [0.0, 4.0], [0.0, 1.0]]"
j978fwttw5djfdr7q8se9qs8m98fk5ye,tungbot,5,test,1,1,0.5095451574881231,0.0,True,"[[2.0, 5.0], [0.0, 5.0], [0.0, 4.0], [0.0, 5.0], [1.0, 1.0], [2.0, 3.0], [0.0, 1.0], [0.0, 2.0], [0.0, 0.0]]"
j978fwttw5djfdr7q8se9qs8m98fk5ye,luck is all u need,5,test,1,1,0.6023475133261688,0.0,True,"[[2.0, 5.0], [1.0, 5.0], [0.0, 3.0], [0.0, 5.0], [1.0, 1.0], [1.0, 3.0], [0.0, 1.0], [1.0, 1.0], [0.0, 0.0]]"
j978fwttw5djfdr7q8se9qs8m98fk5ye,tungbot,10,test,1,1,0.6351379723799054,0.0,True,"[[6.0, 10.0], [1.0, 10.0], [1.0, 8.0], [0.0, 10.0], [4.0, 6.0], [4.0, 10.0], [1.0, 6.0], [1.0, 5.0], [0.0, 0.0]]"
j978fwttw5djfdr7q8se9qs8m98fk5ye,luck is all u need,10,test,1,1,0.5170225405225365,0.0,True,"[[3.0, 10.0], [1.0, 10.0], [0.0, 4.0], [0.0, 10.0], [2.0, 2.0], [1.0, 4.0], [0.0, 2.0], [1.0, 1.0], [0.0, 0.0]]"
j978fwttw5djfdr7q8se9qs8m98fk5ye,tungbot,15,test,1,1,0.6409497844132259,0.0,True,"[[8.0, 15.0], [1.0, 15.0], [1.0, 11.0], [0.0, 15.0], [4.0, 7.0], [10.0, 16.0], [1.0, 7.0], [1.0, 11.0], [0.0, 1.0]]"
j978fwttw5djfdr7q8se9qs8m98fk5ye,luck is all u need,15,test,1,1,0.5119503535340386,0.0,True,"[[6.0, 15.0], [3.0, 15.0], [0.0, 6.0], [0.0, 15.0], [2.0, 5.0], [4.0, 9.0], [0.0, 5.0], [1.0, 4.0], [0.0, 1.0]]"
j978fwttw5djfdr7q8se9qs8m98fk5ye,tungbot,20,test,1,1,0.6543584962803227,0.0,True,"[[10.0, 20.0], [2.0, 20.0], [1.0, 13.0], [0.0, 20.0], [4.0, 7.0], [13.0, 20.0], [1.0, 7.0], [1.0, 14.0], [0.0, 1.0]]"
j978fwttw5djfdr7q8se9qs8m98fk5ye,luck is all u need,20,test,1,0,0.5407858309224519,0.0,False,"[[7.0, 20.0], [3.0, 20.0], [0.0, 8.0], [0.0, 20.0], [2.0, 5.0], [6.0, 12.0], [0.0, 5.0], [1.0, 6.0], [0.0, 1.0]]"
j978fwttw5djfdr7q8se9qs8m98fk5ye,tungbot,30,test,1,1,0.6367960780171669,0.0,True,"[[14.0, 30.0], [3.0, 30.0], [1.0, 19.0], [0.0, 30.0], [7.0, 11.0], [17.0, 28.0], [1.0, 11.0], [2.0, 18.0], [0.0, 1.0]]"
j978fwttw5djfdr7q8se9qs8m98fk5ye,luck is all u need,30,test,1,0,0.5533749944379316,0.0,False,"[[10.0, 30.0], [5.0, 30.0], [0.0, 12.0], [0.0, 30.0], [2.0, 6.0], [10.0, 21.0], [0.0, 6.0], [3.0, 10.0], [0.0, 1.0]]"
j978fwttw5djfdr7q8se9qs8m98fk5ye,tungbot,50,test,1,1,0.64587323114408,0.0,True,"[[19.0, 50.0], [5.0, 50.0], [3.0, 29.0], [0.0, 50.0], [8.0, 12.0], [22.0, 33.0], [1.0, 12.0], [2.0, 23.0], [0.0, 1.0]]"
j978fwttw5djfdr7q8se9qs8m98fk5ye,luck is all u need,50,test,1,0,0.6811725989905181,0.0,False,"[[15.0, 50.0], [8.0, 50.0], [1.0, 18.0], [0.0, 50.0], [3.0, 10.0], [14.0, 31.0], [0.0, 10.0], [3.0, 14.0], [0.0, 2.0]]"
j978fwttw5djfdr7q8se9qs8m98fk5ye,tungbot,75,test,1,1,0.5709152593082045,0.0,True,"[[30.0, 75.0], [8.0, 75.0], [4.0, 43.0], [0.0, 75.0], [15.0, 21.0], [28.0, 46.0], [1.0, 21.0], [2.0, 29.0], [0.0, 1.0]]"
j978fwttw5djfdr7q8se9qs8m98fk5ye,luck is all u need,75,test,1,1,0.5154404995740047,0.0,True,"[[23.0, 75.0], [14.0, 75.0], [2.0, 27.0], [0.0, 75.0], [6.0, 16.0], [19.0, 41.0], [2.0, 16.0], [7.0, 21.0], [0.0, 2.0]]"
j978fwttw5djfdr7q8se9qs8m98fk5ye,tungbot,100,test,1,1,0.867148588735146,0.5571619624504868,True,"[[39.0, 100.0], [13.0, 100.0], [7.0, 56.0], [3.0, 100.0], [18.0, 26.0], [36.0, 57.0], [1.0, 26.0], [2.0, 37.0], [0.0, 1.0]]"
j978fwttw5djfdr7q8se9qs8m98fk5ye,luck is all u need,100,test,1,1,0.6312302641648974,0.0,True,"[[33.0, 100.0], [19.0, 100.0], [2.0, 34.0], [0.0, 100.0], [9.0, 23.0], [23.0, 53.0], [6.0, 23.0], [12.0, 29.0], [0.0, 2.0]]"
j977pvtj9j5n4tmyzykef8gtyn8fkmxd,percy-perc-filet,5,test,0,1,0.50711121609853,0.0,False,"[[1.0, 5.0], [1.0, 5.0], [0.0, 3.0], [0.0, 5.0], [0.0, 0.0], [0.0, 0.0], [0.0, 0.0], [0.0, 0.0], [0.0, 0.0]]"
j977pvtj9j5n4tmyzykef8gtyn8fkmxd,percy-perc-filet,10,test,0,1,0.5684190301432767,0.0,False,"[[3.0, 10.0], [3.0, 10.0], [0.0, 6.0], [0.0, 10.0], [0.0, 0.0], [0.0, 0.0], [0.0, 0.0], [0.0, 0.0], [0.0, 0.0]]"
j977pvtj9j5n4tmyzykef8gtyn8fkmxd,percy-perc-filet,15,test,0,0,0.5159434002942965,0.0,True,"[[3.0, 15.0], [3.0, 15.0], [0.0, 8.0], [0.0, 15.0], [0.0, 0.0], [0.0, 0.0], [0.0, 0.0], [0.0, 0.0], [0.0, 0.0]]"
j977pvtj9j5n4tmyzykef8gtyn8fkmxd,percy-perc-filet,20,test,0,0,0.5238468858815631,0.0,True,"[[6.0, 20.0], [5.0, 20.0], [0.0, 10.0], [0.0, 20.0], [3.0, 3.0], [0.0, 3.0], [0.0, 3.0], [0.0, 0.0], [0.0, 0.0]]"
j977pvtj9j5n4tmyzykef8gtyn8fkmxd,percy-perc-filet,30,test,0,1,0.6429637012754188,0.0,False,"[[11.0, 30.0], [10.0, 30.0], [2.0, 15.0], [0.0, 30.0], [5.0, 7.0], [1.0, 4.0], [0.0, 7.0], [0.0, 1.0], [0.0, 0.0]]"
j977pvtj9j5n4tmyzykef8gtyn8fkmxd,percy-perc-filet,50,test,0,1,0.6438844127214999,0.0,False,"[[18.0, 50.0], [15.0, 50.0], [2.0, 24.0], [0.0, 50.0], [7.0, 12.0], [8.0, 18.0], [1.0, 12.0], [1.0, 9.0], [0.0, 0.0]]"
j977pvtj9j5n4tmyzykef8gtyn8fkmxd,percy-perc-filet,75,test,0,1,0.6092754293527045,0.0,False,"[[31.0, 75.0], [24.0, 75.0], [2.0, 33.0], [0.0, 75.0], [10.0, 21.0], [17.0, 36.0], [1.0, 21.0], [2.0, 18.0], [0.0, 0.0]]"
j977pvtj9j5n4tmyzykef8gtyn8fkmxd,percy-perc-filet,100,test,0,1,0.5102187185334421,0.0,False,"[[39.0, 100.0], [29.0, 100.0], [4.0, 46.0], [0.0, 100.0], [11.0, 26.0], [20.0, 46.0], [2.0, 26.0], [2.0, 22.0], [0.0, 0.0]]"
j97chaxn96rkv4y8ndb83ethj18fj09f,percy-perc-filet,5,validation,0,1,0.5839676466354817,0.0,False,"[[2.0, 5.0], [2.0, 5.0], [1.0, 3.0], [0.0, 5.0], [1.0, 2.0], [1.0, 3.0], [0.0, 2.0], [0.0, 1.0], [0.0, 0.0]]"
j97chaxn96rkv4y8ndb83ethj18fj09f,percy-perc-filet,10,validation,0,1,0.5403785472069821,0.0,False,"[[3.0, 10.0], [3.0, 10.0], [1.0, 6.0], [0.0, 10.0], [2.0, 3.0], [1.0, 4.0], [0.0, 3.0], [0.0, 1.0], [0.0, 0.0]]"
j97chaxn96rkv4y8ndb83ethj18fj09f,percy-perc-filet,15,validation,0,0,0.5332203871721426,0.0,True,"[[4.0, 15.0], [3.0, 15.0], [1.0, 8.0], [0.0, 15.0], [3.0, 4.0], [1.0, 5.0], [0.0, 4.0], [0.0, 1.0], [0.0, 0.0]]"
j97chaxn96rkv4y8ndb83ethj18fj09f,percy-perc-filet,20,validation,0,0,0.610974533796506,0.0,True,"[[4.0, 20.0], [3.0, 20.0], [1.0, 11.0], [0.0, 20.0], [3.0, 4.0], [1.0, 5.0], [0.0, 4.0], [0.0, 1.0], [0.0, 0.0]]"
j97chaxn96rkv4y8ndb83ethj18fj09f,percy-perc-filet,30,validation,0,0,0.6658849219965244,0.0,True,"[[7.0, 30.0], [5.0, 30.0], [2.0, 15.0], [0.0, 30.0], [4.0, 6.0], [1.0, 10.0], [0.0, 6.0], [0.0, 1.0], [0.0, 0.0]]"
j97chaxn96rkv4y8ndb83ethj18fj09f,percy-perc-filet,50,validation,0,0,0.6639079713639667,0.0,True,"[[15.0, 50.0], [12.0, 50.0], [3.0, 24.0], [0.0, 50.0], [5.0, 14.0], [5.0, 21.0], [1.0, 14.0], [1.0, 6.0], [0.0, 0.0]]"
j97chaxn96rkv4y8ndb83ethj18fj09f,percy-perc-filet,75,validation,0,0,0.6248129663927576,0.0,True,"[[24.0, 75.0], [19.0, 75.0], [5.0, 37.0], [0.0, 75.0], [8.0, 20.0], [12.0, 35.0], [1.0, 20.0], [1.0, 13.0], [0.0, 1.0]]"
j97chaxn96rkv4y8ndb83ethj18fj09f,percy-perc-filet,100,validation,0,0,0.687111149119548,0.0,True,"[[36.0, 100.0], [27.0, 100.0], [6.0, 47.0], [0.0, 100.0], [12.0, 32.0], [16.0, 49.0], [2.0, 32.0], [1.0, 18.0], [0.0, 1.0]]"
j97337ardtn8pbafx2mq1nk0258fkdme,tungbot,5,test,1,1,0.5333015378042275,0.0,True,"[[1.0, 5.0], [1.0, 5.0], [0.0, 2.0], [0.0, 5.0], [0.0, 0.0], [1.0, 1.0], [0.0, 0.0], [0.0, 1.0], [0.0, 0.0]]"
j97337ardtn8pbafx2mq1nk0258fkdme,luck is all u need,5,test,1,1,0.7336904210261317,0.030989656584998897,True,"[[2.0, 5.0], [2.0, 5.0], [1.0, 2.0], [0.0, 5.0], [0.0, 0.0], [3.0, 4.0], [0.0, 0.0], [1.0, 3.0], [0.0, 0.0]]"
j97337ardtn8pbafx2mq1nk0258fkdme,tungbot,10,test,1,1,0.5214146696356483,0.0,True,"[[2.0, 10.0], [2.0, 10.0], [0.0, 4.0], [0.0, 10.0], [0.0, 0.0], [1.0, 1.0], [0.0, 0.0], [0.0, 1.0], [0.0, 0.0]]"
j97337ardtn8pbafx2mq1nk0258fkdme,luck is all u need,10,test,1,1,0.5976656500500523,0.0,True,"[[3.0, 10.0], [2.0, 10.0], [1.0, 5.0], [0.0, 10.0], [1.0, 2.0], [3.0, 6.0], [0.0, 2.0], [1.0, 3.0], [0.0, 0.0]]"
j97337ardtn8pbafx2mq1nk0258fkdme,tungbot,15,test,1,1,0.5730125593885983,0.0,True,"[[4.0, 15.0], [3.0, 15.0], [1.0, 8.0], [0.0, 15.0], [1.0, 1.0], [4.0, 6.0], [0.0, 1.0], [0.0, 4.0], [0.0, 0.0]]"
j97337ardtn8pbafx2mq1nk0258fkdme,luck is all u need,15,test,1,1,0.7074900312546653,0.014190120167820414,True,"[[6.0, 15.0], [4.0, 15.0], [1.0, 8.0], [0.0, 15.0], [2.0, 4.0], [4.0, 9.0], [1.0, 4.0], [2.0, 5.0], [0.0, 0.0]]"
j97337ardtn8pbafx2mq1nk0258fkdme,tungbot,20,test,1,0,0.5030718205454902,0.0,False,"[[4.0, 20.0], [3.0, 20.0], [1.0, 10.0], [0.0, 20.0], [1.0, 1.0], [4.0, 6.0], [0.0, 1.0], [0.0, 4.0], [0.0, 0.0]]"
j97337ardtn8pbafx2mq1nk0258fkdme,luck is all u need,20,test,1,1,0.7440232428016929,0.10285526968909267,True,"[[8.0, 20.0], [5.0, 20.0], [1.0, 11.0], [0.0, 20.0], [2.0, 4.0], [7.0, 13.0], [1.0, 4.0], [3.0, 8.0], [0.0, 0.0]]"
j97337ardtn8pbafx2mq1nk0258fkdme,tungbot,30,test,1,1,0.6825343003209355,0.0,True,"[[9.0, 30.0], [5.0, 30.0], [1.0, 13.0], [0.0, 30.0], [2.0, 2.0], [12.0, 17.0], [0.0, 2.0], [2.0, 12.0], [1.0, 2.0]]"
j97337ardtn8pbafx2mq1nk0258fkdme,luck is all u need,30,test,1,1,0.6463533330579886,0.0,True,"[[10.0, 30.0], [6.0, 30.0], [1.0, 15.0], [0.0, 30.0], [3.0, 6.0], [7.0, 15.0], [1.0, 6.0], [3.0, 8.0], [0.0, 0.0]]"
j97337ardtn8pbafx2mq1nk0258fkdme,tungbot,50,test,1,1,0.612543952499994,0.0,True,"[[15.0, 50.0], [6.0, 50.0], [1.0, 23.0], [0.0, 50.0], [5.0, 6.0], [21.0, 31.0], [1.0, 6.0], [2.0, 22.0], [1.0, 3.0]]"
j97337ardtn8pbafx2mq1nk0258fkdme,luck is all u need,50,test,1,1,0.6134110955825199,0.0,True,"[[19.0, 50.0], [12.0, 50.0], [2.0, 25.0], [0.0, 50.0], [4.0, 12.0], [11.0, 26.0], [2.0, 12.0], [6.0, 13.0], [0.0, 0.0]]"
j97337ardtn8pbafx2mq1nk0258fkdme,tungbot,75,test,1,1,0.8534308783431352,0.5114362611437843,True,"[[23.0, 75.0], [10.0, 75.0], [2.0, 31.0], [2.0, 75.0], [8.0, 11.0], [29.0, 44.0], [1.0, 11.0], [2.0, 30.0], [1.0, 4.0]]"
j97337ardtn8pbafx2mq1nk0258fkdme,luck is all u need,75,test,1,1,0.672026116846355,0.0,True,"[[27.0, 75.0], [15.0, 75.0], [4.0, 40.0], [0.0, 75.0], [8.0, 17.0], [15.0, 34.0], [2.0, 17.0], [7.0, 17.0], [0.0, 0.0]]"
j97337ardtn8pbafx2mq1nk0258fkdme,tungbot,100,test,1,1,0.8958505195778587,0.652835065259529,True,"[[36.0, 100.0], [18.0, 100.0], [3.0, 41.0], [9.0, 100.0], [8.0, 13.0], [35.0, 60.0], [3.0, 13.0], [4.0, 38.0], [1.0, 4.0]]"
j97337ardtn8pbafx2mq1nk0258fkdme,luck is all u need,100,test,1,1,0.6383261404661142,0.0,True,"[[32.0, 100.0], [18.0, 100.0], [4.0, 54.0], [0.0, 100.0], [8.0, 18.0], [19.0, 40.0], [2.0, 18.0], [10.0, 21.0], [0.0, 0.0]]"
j97c5j2wnbpsseh90qa953n7p58fjxq7,percy-perc-filet,5,test,0,0,0.6000308243524375,0.0,True,"[[0.0, 5.0], [0.0, 5.0], [0.0, 2.0], [0.0, 5.0], [0.0, 0.0], [0.0, 0.0], [0.0, 0.0], [0.0, 0.0], [0.0, 0.0]]"
j97c5j2wnbpsseh90qa953n7p58fjxq7,percy-perc-filet,10,test,0,0,0.5300850203144438,0.0,True,"[[2.0, 10.0], [2.0, 10.0], [0.0, 5.0], [0.0, 10.0], [1.0, 2.0], [1.0, 2.0], [0.0, 2.0], [0.0, 1.0], [0.0, 0.0]]"
j97c5j2wnbpsseh90qa953n7p58fjxq7,percy-perc-filet,15,test,0,0,0.5015606625835848,0.0,True,"[[5.0, 15.0], [5.0, 15.0], [1.0, 7.0], [0.0, 15.0], [1.0, 4.0], [1.0, 3.0], [0.0, 4.0], [0.0, 1.0], [0.0, 0.0]]"
j97c5j2wnbpsseh90qa953n7p58fjxq7,percy-perc-filet,20,test,0,0,0.5813643307282805,0.0,True,"[[5.0, 20.0], [5.0, 20.0], [1.0, 10.0], [0.0, 20.0], [1.0, 4.0], [1.0, 3.0], [0.0, 4.0], [0.0, 1.0], [0.0, 0.0]]"
j97c5j2wnbpsseh90qa953n7p58fjxq7,percy-perc-filet,30,test,0,0,0.5290981525594581,0.0,True,"[[8.0, 30.0], [7.0, 30.0], [1.0, 14.0], [0.0, 30.0], [4.0, 7.0], [2.0, 6.0], [0.0, 7.0], [0.0, 2.0], [0.0, 0.0]]"
j97c5j2wnbpsseh90qa953n7p58fjxq7,percy-perc-filet,50,test,0,0,0.6778762165283928,0.0,True,"[[16.0, 50.0], [12.0, 50.0], [2.0, 24.0], [0.0, 50.0], [6.0, 15.0], [5.0, 16.0], [0.0, 15.0], [0.0, 5.0], [0.0, 0.0]]"
j97c5j2wnbpsseh90qa953n7p58fjxq7,percy-perc-filet,75,test,0,0,0.6516491060516318,0.0,True,"[[26.0, 75.0], [20.0, 75.0], [4.0, 36.0], [0.0, 75.0], [10.0, 28.0], [10.0, 29.0], [0.0, 28.0], [2.0, 10.0], [0.0, 1.0]]"
j97c5j2wnbpsseh90qa953n7p58fjxq7,percy-perc-filet,100,test,0,0,0.6956516645969408,0.0,True,"[[34.0, 100.0], [25.0, 100.0], [5.0, 46.0], [0.0, 100.0], [12.0, 34.0], [18.0, 43.0], [0.0, 34.0], [2.0, 18.0], [0.0, 2.0]]"
j97cdjnkrr1nwvy5w0kpchykn18fkxn6,tungbot,5,validation,1,1,0.7043747235808709,0.0033875853962595888,True,"[[4.0, 5.0], [2.0, 5.0], [1.0, 3.0], [0.0, 5.0], [2.0, 2.0], [2.0, 4.0], [0.0, 2.0], [0.0, 2.0], [0.0, 0.0]]"
j97cdjnkrr1nwvy5w0kpchykn18fkxn6,luck is all u need,5,validation,1,0,0.5761045819919519,0.0,False,"[[2.0, 5.0], [0.0, 5.0], [0.0, 2.0], [0.0, 5.0], [1.0, 3.0], [3.0, 5.0], [0.0, 3.0], [0.0, 3.0], [0.0, 0.0]]"
j97cdjnkrr1nwvy5w0kpchykn18fkxn6,tungbot,10,validation,1,1,0.7079122250863084,0.012524008221490418,True,"[[6.0, 10.0], [3.0, 10.0], [1.0, 5.0], [0.0, 10.0], [2.0, 2.0], [3.0, 5.0], [0.0, 2.0], [0.0, 3.0], [0.0, 0.0]]"
j97cdjnkrr1nwvy5w0kpchykn18fkxn6,luck is all u need,10,validation,1,1,0.6336330076573804,0.0,True,"[[4.0, 10.0], [2.0, 10.0], [0.0, 4.0], [0.0, 10.0], [2.0, 4.0], [4.0, 6.0], [0.0, 4.0], [1.0, 4.0], [0.0, 0.0]]"
j97cdjnkrr1nwvy5w0kpchykn18fkxn6,tungbot,15,validation,1,1,0.6210383874194139,0.0,True,"[[6.0, 15.0], [3.0, 15.0], [1.0, 8.0], [0.0, 15.0], [2.0, 2.0], [3.0, 5.0], [0.0, 2.0], [0.0, 3.0], [0.0, 0.0]]"
j97cdjnkrr1nwvy5w0kpchykn18fkxn6,luck is all u need,15,validation,1,1,0.707256479326992,0.013727961488919874,True,"[[7.0, 15.0], [4.0, 15.0], [0.0, 6.0], [0.0, 15.0], [3.0, 6.0], [5.0, 8.0], [1.0, 6.0], [1.0, 6.0], [0.0, 0.0]]"
j97cdjnkrr1nwvy5w0kpchykn18fkxn6,tungbot,20,validation,1,1,0.6422062405459793,0.0,True,"[[9.0, 20.0], [5.0, 20.0], [2.0, 11.0], [0.0, 20.0], [2.0, 3.0], [4.0, 8.0], [0.0, 3.0], [0.0, 4.0], [0.0, 0.0]]"
j97cdjnkrr1nwvy5w0kpchykn18fkxn6,luck is all u need,20,validation,1,1,0.788580704427841,0.26008001003750886,True,"[[8.0, 20.0], [5.0, 20.0], [1.0, 8.0], [0.0, 20.0], [3.0, 6.0], [8.0, 11.0], [1.0, 6.0], [2.0, 9.0], [0.0, 0.0]]"
j97cdjnkrr1nwvy5w0kpchykn18fkxn6,tungbot,30,validation,1,1,0.5476913529873809,0.0,True,"[[15.0, 30.0], [7.0, 30.0], [2.0, 16.0], [0.0, 30.0], [3.0, 7.0], [7.0, 17.0], [1.0, 7.0], [0.0, 8.0], [0.0, 0.0]]"
j97cdjnkrr1nwvy5w0kpchykn18fkxn6,luck is all u need,30,validation,1,1,0.6053213635886566,0.0,True,"[[10.0, 30.0], [5.0, 30.0], [1.0, 12.0], [0.0, 30.0], [4.0, 9.0], [10.0, 17.0], [1.0, 9.0], [2.0, 11.0], [0.0, 0.0]]"
j97cdjnkrr1nwvy5w0kpchykn18fkxn6,tungbot,50,validation,1,1,0.8434821150345315,0.47827371678177183,True,"[[24.0, 50.0], [11.0, 50.0], [4.0, 27.0], [1.0, 50.0], [7.0, 14.0], [12.0, 27.0], [2.0, 14.0], [0.0, 14.0], [0.0, 0.0]]"
j97cdjnkrr1nwvy5w0kpchykn18fkxn6,luck is all u need,50,validation,1,0,0.5477656234719693,0.0,False,"[[16.0, 50.0], [8.0, 50.0], [2.0, 19.0], [0.0, 50.0], [7.0, 14.0], [10.0, 28.0], [1.0, 14.0], [2.0, 11.0], [0.0, 0.0]]"
j97cdjnkrr1nwvy5w0kpchykn18fkxn6,tungbot,75,validation,1,1,0.8289833529557818,0.42994450985260624,True,"[[32.0, 75.0], [15.0, 75.0], [7.0, 40.0], [3.0, 75.0], [9.0, 20.0], [14.0, 37.0], [3.0, 20.0], [1.0, 17.0], [0.0, 0.0]]"
j97cdjnkrr1nwvy5w0kpchykn18fkxn6,luck is all u need,75,validation,1,0,0.5282532903961944,0.0,False,"[[24.0, 75.0], [12.0, 75.0], [2.0, 26.0], [0.0, 75.0], [8.0, 19.0], [20.0, 44.0], [1.0, 19.0], [6.0, 21.0], [0.0, 2.0]]"
j97cdjnkrr1nwvy5w0kpchykn18fkxn6,tungbot,100,validation,1,1,0.8340753036750254,0.44691767891675127,True,"[[41.0, 100.0], [17.0, 100.0], [9.0, 54.0], [3.0, 100.0], [13.0, 26.0], [25.0, 53.0], [3.0, 26.0], [1.0, 28.0], [0.0, 0.0]]"
j97cdjnkrr1nwvy5w0kpchykn18fkxn6,luck is all u need,100,validation,1,0,0.547853680098964,0.0,False,"[[31.0, 100.0], [18.0, 100.0], [4.0, 33.0], [0.0, 100.0], [10.0, 26.0], [24.0, 55.0], [2.0, 26.0], [7.0, 26.0], [0.0, 2.0]]"
j976q9ft916g1p7qrp2d5ng1w98fjtzx,percy-perc-filet,5,validation,0,1,0.5084315233586719,0.0,False,"[[1.0, 5.0], [1.0, 5.0], [0.0, 3.0], [0.0, 5.0], [1.0, 2.0], [0.0, 0.0], [0.0, 2.0], [0.0, 0.0], [0.0, 0.0]]"
j976q9ft916g1p7qrp2d5ng1w98fjtzx,percy-perc-filet,10,validation,0,1,0.5210830057211786,0.0,False,"[[2.0, 10.0], [2.0, 10.0], [0.0, 6.0], [0.0, 10.0], [2.0, 3.0], [0.0, 0.0], [0.0, 3.0], [0.0, 0.0], [0.0, 0.0]]"
j976q9ft916g1p7qrp2d5ng1w98fjtzx,percy-perc-filet,15,validation,0,1,0.5234051511538722,0.0,False,"[[4.0, 15.0], [4.0, 15.0], [0.0, 8.0], [0.0, 15.0], [4.0, 5.0], [1.0, 3.0], [0.0, 5.0], [0.0, 1.0], [0.0, 0.0]]"
j976q9ft916g1p7qrp2d5ng1w98fjtzx,percy-perc-filet,20,validation,0,0,0.5316450650508061,0.0,True,"[[7.0, 20.0], [7.0, 20.0], [0.0, 10.0], [0.0, 20.0], [4.0, 5.0], [2.0, 10.0], [0.0, 5.0], [0.0, 2.0], [0.0, 0.0]]"
j976q9ft916g1p7qrp2d5ng1w98fjtzx,percy-perc-filet,30,validation,0,0,0.5925666160038018,0.0,True,"[[11.0, 30.0], [8.0, 30.0], [0.0, 14.0], [0.0, 30.0], [7.0, 9.0], [3.0, 14.0], [0.0, 9.0], [0.0, 3.0], [0.0, 0.0]]"
j976q9ft916g1p7qrp2d5ng1w98fjtzx,percy-perc-filet,50,validation,0,1,0.5089011094323772,0.0,False,"[[20.0, 50.0], [15.0, 50.0], [3.0, 24.0], [0.0, 50.0], [10.0, 21.0], [6.0, 22.0], [0.0, 21.0], [1.0, 6.0], [0.0, 0.0]]"
j976q9ft916g1p7qrp2d5ng1w98fjtzx,percy-perc-filet,75,validation,0,1,0.7517690303927841,0.12606646230119561,False,"[[28.0, 75.0], [20.0, 75.0], [7.0, 38.0], [1.0, 75.0], [13.0, 29.0], [9.0, 32.0], [0.0, 29.0], [1.0, 9.0], [0.0, 0.0]]"
j976q9ft916g1p7qrp2d5ng1w98fjtzx,percy-perc-filet,100,validation,0,1,0.726106421302084,0.055217780651153674,False,"[[37.0, 100.0], [26.0, 100.0], [9.0, 50.0], [1.0, 100.0], [17.0, 36.0], [13.0, 45.0], [0.0, 36.0], [1.0, 13.0], [0.0, 0.0]]"
j97ewkvh430xm3s5b895e0kxt98fkpkk,percy-perc-filet,5,validation,0,1,0.5436196586215807,0.0,False,"[[3.0, 5.0], [2.0, 5.0], [0.0, 3.0], [0.0, 5.0], [3.0, 3.0], [1.0, 5.0], [0.0, 3.0], [0.0, 1.0], [0.0, 0.0]]"
j97ewkvh430xm3s5b895e0kxt98fkpkk,percy-perc-filet,10,validation,0,0,0.5641586507186808,0.0,True,"[[3.0, 10.0], [2.0, 10.0], [0.0, 7.0], [0.0, 10.0], [3.0, 3.0], [1.0, 5.0], [0.0, 3.0], [0.0, 1.0], [0.0, 0.0]]"
j97ewkvh430xm3s5b895e0kxt98fkpkk,percy-perc-filet,15,validation,0,0,0.6435942124542806,0.0,True,"[[3.0, 15.0], [2.0, 15.0], [0.0, 8.0], [0.0, 15.0], [3.0, 3.0], [1.0, 5.0], [0.0, 3.0], [0.0, 1.0], [0.0, 0.0]]"
j97ewkvh430xm3s5b895e0kxt98fkpkk,percy-perc-filet,20,validation,0,0,0.7085261043130994,0.020163637732723668,True,"[[3.0, 20.0], [2.0, 20.0], [0.0, 11.0], [0.0, 20.0], [3.0, 3.0], [1.0, 5.0], [0.0, 3.0], [0.0, 1.0], [0.0, 0.0]]"
j97ewkvh430xm3s5b895e0kxt98fkpkk,percy-perc-filet,30,validation,0,0,0.6146240488482099,0.0,True,"[[6.0, 30.0], [5.0, 30.0], [2.0, 15.0], [0.0, 30.0], [5.0, 6.0], [1.0, 6.0], [0.0, 6.0], [0.0, 1.0], [0.0, 0.0]]"
j97ewkvh430xm3s5b895e0kxt98fkpkk,percy-perc-filet,50,validation,0,0,0.6079612715533838,0.0,True,"[[12.0, 50.0], [9.0, 50.0], [4.0, 25.0], [0.0, 50.0], [7.0, 9.0], [2.0, 10.0], [0.0, 9.0], [0.0, 2.0], [0.0, 0.0]]"
j97ewkvh430xm3s5b895e0kxt98fkpkk,percy-perc-filet,75,validation,0,0,0.674331964922638,0.0,True,"[[19.0, 75.0], [12.0, 75.0], [5.0, 36.0], [0.0, 75.0], [7.0, 12.0], [7.0, 22.0], [0.0, 12.0], [0.0, 7.0], [0.0, 0.0]]"
j97ewkvh430xm3s5b895e0kxt98fkpkk,percy-perc-filet,100,validation,0,0,0.7298051800707847,0.0780406365800316,True,"[[24.0, 100.0], [15.0, 100.0], [7.0, 45.0], [0.0, 100.0], [8.0, 17.0], [9.0, 26.0], [0.0, 17.0], [0.0, 9.0], [0.0, 0.0]]"
j979ss2g5vg9aq8wx303ect1vh8fjh63,tungbot,5,validation,1,1,0.5781113581478807,0.0,True,"[[2.0, 5.0], [2.0, 5.0], [1.0, 3.0], [0.0, 5.0], [1.0, 1.0], [1.0, 4.0], [0.0, 1.0], [0.0, 1.0], [0.0, 0.0]]"
j979ss2g5vg9aq8wx303ect1vh8fjh63,luck is all u need,5,validation,1,0,0.5053469180055256,0.0,False,"[[1.0, 5.0], [1.0, 5.0], [0.0, 1.0], [0.0, 5.0], [1.0, 1.0], [0.0, 1.0], [0.0, 1.0], [0.0, 0.0], [0.0, 0.0]]"
j979ss2g5vg9aq8wx303ect1vh8fjh63,tungbot,10,validation,1,1,0.613376227804358,0.0,True,"[[4.0, 10.0], [3.0, 10.0], [1.0, 5.0], [0.0, 10.0], [1.0, 1.0], [3.0, 6.0], [0.0, 1.0], [0.0, 3.0], [0.0, 0.0]]"
j979ss2g5vg9aq8wx303ect1vh8fjh63,luck is all u need,10,validation,1,0,0.55484930709811,0.0,False,"[[2.0, 10.0], [1.0, 10.0], [0.0, 3.0], [0.0, 10.0], [2.0, 2.0], [0.0, 1.0], [0.0, 2.0], [0.0, 0.0], [0.0, 0.0]]"
j979ss2g5vg9aq8wx303ect1vh8fjh63,tungbot,15,validation,1,1,0.6405375525686071,0.0,True,"[[6.0, 15.0], [4.0, 15.0], [1.0, 7.0], [0.0, 15.0], [1.0, 1.0], [5.0, 8.0], [0.0, 1.0], [0.0, 5.0], [0.0, 0.0]]"
j979ss2g5vg9aq8wx303ect1vh8fjh63,luck is all u need,15,validation,1,0,0.6232780703095826,0.0,False,"[[4.0, 15.0], [2.0, 15.0], [0.0, 5.0], [0.0, 15.0], [2.0, 2.0], [0.0, 4.0], [0.0, 2.0], [0.0, 0.0], [0.0, 0.0]]"
j979ss2g5vg9aq8wx303ect1vh8fjh63,tungbot,20,validation,1,1,0.5857975489970121,0.0,True,"[[7.0, 20.0], [4.0, 20.0], [1.0, 10.0], [0.0, 20.0], [1.0, 1.0], [5.0, 8.0], [0.0, 1.0], [0.0, 5.0], [0.0, 0.0]]"
j979ss2g5vg9aq8wx303ect1vh8fjh63,luck is all u need,20,validation,1,1,0.5687624526451316,0.0,True,"[[7.0, 20.0], [4.0, 20.0], [1.0, 7.0], [0.0, 20.0], [4.0, 5.0], [2.0, 8.0], [0.0, 5.0], [1.0, 2.0], [0.0, 0.0]]"
j979ss2g5vg9aq8wx303ect1vh8fjh63,tungbot,30,validation,1,1,0.6577262065419968,0.0,True,"[[12.0, 30.0], [5.0, 30.0], [1.0, 16.0], [0.0, 30.0], [4.0, 4.0], [11.0, 16.0], [0.0, 4.0], [1.0, 11.0], [0.0, 0.0]]"
j979ss2g5vg9aq8wx303ect1vh8fjh63,luck is all u need,30,validation,1,1,0.595623826358014,0.0,True,"[[10.0, 30.0], [5.0, 30.0], [2.0, 11.0], [0.0, 30.0], [6.0, 8.0], [2.0, 11.0], [1.0, 8.0], [2.0, 3.0], [0.0, 0.0]]"
j979ss2g5vg9aq8wx303ect1vh8fjh63,tungbot,50,validation,1,1,0.926303102629272,0.7543436754309065,True,"[[23.0, 50.0], [10.0, 50.0], [2.0, 28.0], [1.0, 50.0], [9.0, 9.0], [21.0, 27.0], [0.0, 9.0], [4.0, 21.0], [0.0, 0.0]]"
j979ss2g5vg9aq8wx303ect1vh8fjh63,luck is all u need,50,validation,1,0,0.5173847873394956,0.0,False,"[[17.0, 50.0], [6.0, 50.0], [3.0, 22.0], [0.0, 50.0], [10.0, 12.0], [4.0, 19.0], [1.0, 12.0], [3.0, 5.0], [0.0, 0.0]]"
j979ss2g5vg9aq8wx303ect1vh8fjh63,tungbot,75,validation,1,1,0.9448598742210638,0.8161995807368793,True,"[[33.0, 75.0], [16.0, 75.0], [6.0, 40.0], [1.0, 75.0], [12.0, 13.0], [30.0, 37.0], [0.0, 13.0], [4.0, 30.0], [0.0, 1.0]]"
j979ss2g5vg9aq8wx303ect1vh8fjh63,luck is all u need,75,validation,1,1,0.6505227294751799,0.0,True,"[[28.0, 75.0], [14.0, 75.0], [4.0, 29.0], [0.0, 75.0], [15.0, 21.0], [9.0, 32.0], [3.0, 21.0], [5.0, 12.0], [0.0, 1.0]]"
j979ss2g5vg9aq8wx303ect1vh8fjh63,tungbot,100,validation,1,1,0.9595768588973066,0.8652561963243554,True,"[[40.0, 100.0], [20.0, 100.0], [9.0, 55.0], [1.0, 100.0], [15.0, 20.0], [33.0, 42.0], [1.0, 20.0], [5.0, 34.0], [0.0, 1.0]]"
j979ss2g5vg9aq8wx303ect1vh8fjh63,luck is all u need,100,validation,1,1,0.8926951098012451,0.6423170326708171,True,"[[35.0, 100.0], [18.0, 100.0], [7.0, 37.0], [1.0, 100.0], [17.0, 25.0], [13.0, 40.0], [5.0, 25.0], [5.0, 18.0], [0.0, 1.0]]"
j973t4b207zkr64gkkg0nq34418fk8t3,tungbot,5,validation,1,1,0.50711121609853,0.0,True,"[[1.0, 5.0], [1.0, 5.0], [0.0, 3.0], [0.0, 5.0], [0.0, 0.0], [0.0, 0.0], [0.0, 0.0], [0.0, 0.0], [0.0, 0.0]]"
j973t4b207zkr64gkkg0nq34418fk8t3,tungbot,10,validation,1,0,0.6476298756814403,0.0,False,"[[1.0, 10.0], [1.0, 10.0], [0.0, 5.0], [0.0, 10.0], [1.0, 1.0], [0.0, 2.0], [0.0, 1.0], [0.0, 0.0], [0.0, 0.0]]"
j973t4b207zkr64gkkg0nq34418fk8t3,tungbot,15,validation,1,1,0.5152387877873601,0.0,True,"[[3.0, 15.0], [3.0, 15.0], [0.0, 7.0], [0.0, 15.0], [2.0, 2.0], [1.0, 4.0], [0.0, 2.0], [1.0, 1.0], [0.0, 0.0]]"
j973t4b207zkr64gkkg0nq34418fk8t3,tungbot,20,validation,1,1,0.7766446308527506,0.21210253921198546,True,"[[4.0, 20.0], [4.0, 20.0], [0.0, 9.0], [1.0, 20.0], [2.0, 2.0], [1.0, 4.0], [0.0, 2.0], [1.0, 1.0], [0.0, 0.0]]"
j973t4b207zkr64gkkg0nq34418fk8t3,tungbot,30,validation,1,1,0.7085540673746136,0.016311838799094737,True,"[[6.0, 30.0], [5.0, 30.0], [0.0, 13.0], [2.0, 30.0], [3.0, 3.0], [1.0, 6.0], [0.0, 3.0], [1.0, 1.0], [0.0, 0.0]]"
j973t4b207zkr64gkkg0nq34418fk8t3,tungbot,50,validation,1,1,0.7100702820545712,0.01938118237493246,True,"[[9.0, 50.0], [7.0, 50.0], [2.0, 16.0], [3.0, 50.0], [5.0, 6.0], [3.0, 13.0], [0.0, 6.0], [2.0, 3.0], [0.0, 0.0]]"
j973t4b207zkr64gkkg0nq34418fk8t3,tungbot,75,validation,1,1,0.8211043886747125,0.403681295582375,True,"[[15.0, 75.0], [12.0, 75.0], [3.0, 25.0], [4.0, 75.0], [7.0, 9.0], [6.0, 18.0], [0.0, 9.0], [5.0, 6.0], [0.0, 0.0]]"
j973t4b207zkr64gkkg0nq34418fk8t3,tungbot,100,validation,1,1,0.8397072338441929,0.465690779480643,True,"[[23.0, 100.0], [20.0, 100.0], [6.0, 31.0], [12.0, 100.0], [8.0, 10.0], [6.0, 19.0], [0.0, 10.0], [5.0, 6.0], [0.0, 0.0]]"
j974zvkpxx6y73w06ze611t6ax8fk8dk,luck is all u need,5,test,1,1,0.5724791351506503,0.0,True,"[[3.0, 5.0], [2.0, 5.0], [0.0, 2.0], [0.0, 5.0], [1.0, 2.0], [1.0, 3.0], [0.0, 2.0], [0.0, 1.0], [0.0, 0.0]]"
j974zvkpxx6y73w06ze611t6ax8fk8dk,luck is all u need,10,test,1,1,0.5579488699968589,0.0,True,"[[5.0, 10.0], [3.0, 10.0], [0.0, 5.0], [0.0, 10.0], [3.0, 5.0], [1.0, 4.0], [0.0, 5.0], [0.0, 1.0], [0.0, 0.0]]"
j974zvkpxx6y73w06ze611t6ax8fk8dk,luck is all u need,15,test,1,0,0.5276638953622638,0.0,False,"[[5.0, 15.0], [3.0, 15.0], [0.0, 6.0], [0.0, 15.0], [3.0, 5.0], [1.0, 4.0], [0.0, 5.0], [0.0, 1.0], [0.0, 0.0]]"
j974zvkpxx6y73w06ze611t6ax8fk8dk,luck is all u need,20,test,1,0,0.6044239503342205,0.0,False,"[[5.0, 20.0], [3.0, 20.0], [0.0, 10.0], [0.0, 20.0], [3.0, 5.0], [1.0, 4.0], [0.0, 5.0], [0.0, 1.0], [0.0, 0.0]]"
j974zvkpxx6y73w06ze611t6ax8fk8dk,luck is all u need,30,test,1,1,0.6397079305065693,0.0,True,"[[9.0, 30.0], [6.0, 30.0], [1.0, 15.0], [0.0, 30.0], [4.0, 7.0], [4.0, 9.0], [1.0, 7.0], [2.0, 5.0], [0.0, 0.0]]"
j974zvkpxx6y73w06ze611t6ax8fk8dk,luck is all u need,50,test,1,1,0.755786311641187,0.13875271838482556,True,"[[17.0, 50.0], [11.0, 50.0], [2.0, 23.0], [0.0, 50.0], [8.0, 12.0], [11.0, 19.0], [1.0, 12.0], [4.0, 12.0], [0.0, 1.0]]"
j974zvkpxx6y73w06ze611t6ax8fk8dk,luck is all u need,75,test,1,1,0.8574031985895627,0.5246773286318758,True,"[[28.0, 75.0], [17.0, 75.0], [4.0, 33.0], [0.0, 75.0], [10.0, 17.0], [20.0, 31.0], [3.0, 17.0], [7.0, 23.0], [0.0, 2.0]]"
j974zvkpxx6y73w06ze611t6ax8fk8dk,luck is all u need,100,test,1,1,0.8660865118632346,0.5536217062107821,True,"[[39.0, 100.0], [24.0, 100.0], [6.0, 46.0], [0.0, 100.0], [12.0, 20.0], [24.0, 40.0], [3.0, 20.0], [10.0, 27.0], [0.0, 3.0]]"
j975p5gc7ac7cfqp5mwnn8han18fjnp0,tungbot,5,validation,1,1,0.6025063416083037,0.0,True,"[[3.0, 5.0], [2.0, 5.0], [1.0, 2.0], [0.0, 5.0], [3.0, 3.0], [1.0, 5.0], [0.0, 3.0], [0.0, 1.0], [0.0, 0.0]]"
j975p5gc7ac7cfqp5mwnn8han18fjnp0,tungbot,10,validation,1,1,0.5626993554825497,0.0,True,"[[4.0, 10.0], [3.0, 10.0], [1.0, 3.0], [0.0, 10.0], [3.0, 4.0], [2.0, 7.0], [0.0, 4.0], [0.0, 2.0], [0.0, 0.0]]"
j975p5gc7ac7cfqp5mwnn8han18fjnp0,tungbot,15,validation,1,1,0.5552783626840905,0.0,True,"[[5.0, 15.0], [4.0, 15.0], [2.0, 5.0], [0.0, 15.0], [4.0, 5.0], [3.0, 10.0], [0.0, 5.0], [0.0, 3.0], [0.0, 0.0]]"
j975p5gc7ac7cfqp5mwnn8han18fjnp0,tungbot,20,validation,1,0,0.5285262335691379,0.0,False,"[[5.0, 20.0], [4.0, 20.0], [2.0, 7.0], [0.0, 20.0], [4.0, 5.0], [3.0, 10.0], [0.0, 5.0], [0.0, 3.0], [0.0, 0.0]]"
j975p5gc7ac7cfqp5mwnn8han18fjnp0,tungbot,30,validation,1,1,0.8735097171108048,0.5783657237026828,True,"[[8.0, 30.0], [7.0, 30.0], [4.0, 11.0], [1.0, 30.0], [5.0, 6.0], [5.0, 12.0], [0.0, 6.0], [1.0, 5.0], [0.0, 0.0]]"
j975p5gc7ac7cfqp5mwnn8han18fjnp0,tungbot,50,validation,1,1,0.8729859601414114,0.576619867138038,True,"[[14.0, 50.0], [11.0, 50.0], [6.0, 19.0], [4.0, 50.0], [7.0, 8.0], [8.0, 16.0], [0.0, 8.0], [1.0, 8.0], [0.0, 1.0]]"
j975p5gc7ac7cfqp5mwnn8han18fjnp0,tungbot,75,validation,1,1,0.8906456302276697,0.6354854340922325,True,"[[24.0, 75.0], [20.0, 75.0], [13.0, 31.0], [13.0, 75.0], [7.0, 9.0], [8.0, 19.0], [0.0, 9.0], [1.0, 8.0], [0.0, 1.0]]"
j975p5gc7ac7cfqp5mwnn8han18fjnp0,tungbot,100,validation,1,1,0.8776350190248368,0.5921167300827893,True,"[[32.0, 100.0], [27.0, 100.0], [15.0, 39.0], [19.0, 100.0], [9.0, 11.0], [9.0, 23.0], [0.0, 11.0], [2.0, 9.0], [0.0, 1.0]]"
j97dd6tenpcnpheh80000vxdqn8fke63,tungbot,5,test,1,0,0.5729944776538539,0.0,False,"[[2.0, 5.0], [1.0, 5.0], [1.0, 4.0], [0.0, 5.0], [1.0, 2.0], [0.0, 5.0], [0.0, 2.0], [0.0, 0.0], [0.0, 0.0]]"
j97dd6tenpcnpheh80000vxdqn8fke63,tungbot,10,test,1,0,0.6839482782092798,0.0,False,"[[3.0, 10.0], [1.0, 10.0], [1.0, 8.0], [0.0, 10.0], [2.0, 4.0], [0.0, 7.0], [0.0, 4.0], [0.0, 0.0], [0.0, 0.0]]"
j97dd6tenpcnpheh80000vxdqn8fke63,tungbot,15,test,1,0,0.5139932609737835,0.0,False,"[[6.0, 15.0], [3.0, 15.0], [1.0, 10.0], [0.0, 15.0], [2.0, 6.0], [3.0, 13.0], [1.0, 6.0], [2.0, 4.0], [0.0, 1.0]]"
j97dd6tenpcnpheh80000vxdqn8fke63,tungbot,20,test,1,0,0.5386283645808596,0.0,False,"[[8.0, 20.0], [4.0, 20.0], [1.0, 13.0], [0.0, 20.0], [3.0, 7.0], [3.0, 18.0], [1.0, 7.0], [2.0, 4.0], [0.0, 1.0]]"
j97dd6tenpcnpheh80000vxdqn8fke63,tungbot,30,test,1,0,0.6176610680081905,0.0,False,"[[11.0, 30.0], [4.0, 30.0], [1.0, 19.0], [0.0, 30.0], [6.0, 10.0], [3.0, 25.0], [1.0, 10.0], [2.0, 4.0], [0.0, 1.0]]"
j97dd6tenpcnpheh80000vxdqn8fke63,tungbot,50,test,1,1,0.669956590723131,0.0,True,"[[15.0, 50.0], [7.0, 50.0], [3.0, 28.0], [2.0, 50.0], [7.0, 12.0], [3.0, 29.0], [1.0, 12.0], [2.0, 4.0], [0.0, 1.0]]"
j97dd6tenpcnpheh80000vxdqn8fke63,tungbot,75,test,1,1,0.6326534655108227,0.0,True,"[[22.0, 75.0], [14.0, 75.0], [7.0, 37.0], [9.0, 75.0], [7.0, 15.0], [3.0, 32.0], [1.0, 15.0], [2.0, 4.0], [0.0, 1.0]]"
j97dd6tenpcnpheh80000vxdqn8fke63,tungbot,100,test,1,1,0.6330751989306347,0.0,True,"[[31.0, 100.0], [22.0, 100.0], [8.0, 50.0], [15.0, 100.0], [9.0, 17.0], [3.0, 36.0], [1.0, 17.0], [2.0, 4.0], [0.0, 1.0]]"
j973885bpq10d4h2cvmytp4jcd8fkrhw,luck is all u need,5,test,1,1,0.6348812303473852,0.0,True,"[[2.0, 5.0], [1.0, 5.0], [0.0, 2.0], [0.0, 5.0], [0.0, 1.0], [2.0, 2.0], [0.0, 1.0], [1.0, 2.0], [0.0, 0.0]]"
j973885bpq10d4h2cvmytp4jcd8fkrhw,luck is all u need,10,test,1,1,0.7686071395813348,0.15192655643247205,True,"[[5.0, 10.0], [4.0, 10.0], [1.0, 5.0], [0.0, 10.0], [0.0, 1.0], [2.0, 2.0], [0.0, 1.0], [1.0, 2.0], [0.0, 0.0]]"
j973885bpq10d4h2cvmytp4jcd8fkrhw,luck is all u need,15,test,1,1,0.695257228891902,0.0,True,"[[6.0, 15.0], [4.0, 15.0], [1.0, 9.0], [0.0, 15.0], [0.0, 1.0], [4.0, 5.0], [0.0, 1.0], [1.0, 4.0], [0.0, 1.0]]"
j973885bpq10d4h2cvmytp4jcd8fkrhw,luck is all u need,20,test,1,1,0.6991440437428034,0.0,True,"[[7.0, 20.0], [4.0, 20.0], [1.0, 13.0], [0.0, 20.0], [1.0, 2.0], [5.0, 6.0], [0.0, 2.0], [1.0, 5.0], [0.0, 1.0]]"
j973885bpq10d4h2cvmytp4jcd8fkrhw,luck is all u need,30,test,1,1,0.7556857522940876,0.13842966628486955,True,"[[11.0, 30.0], [6.0, 30.0], [1.0, 18.0], [0.0, 30.0], [2.0, 4.0], [10.0, 12.0], [0.0, 4.0], [2.0, 10.0], [0.0, 1.0]]"
j973885bpq10d4h2cvmytp4jcd8fkrhw,luck is all u need,50,test,1,1,0.7643132823204457,0.16719203741054547,True,"[[15.0, 50.0], [9.0, 50.0], [3.0, 29.0], [0.0, 50.0], [3.0, 6.0], [14.0, 16.0], [0.0, 6.0], [2.0, 14.0], [0.0, 2.0]]"
j973885bpq10d4h2cvmytp4jcd8fkrhw,luck is all u need,75,test,1,1,0.7806363954154507,0.22763963803402504,True,"[[24.0, 75.0], [12.0, 75.0], [5.0, 42.0], [0.0, 75.0], [5.0, 13.0], [18.0, 23.0], [4.0, 13.0], [3.0, 22.0], [0.0, 3.0]]"
j973885bpq10d4h2cvmytp4jcd8fkrhw,luck is all u need,100,test,1,1,0.7193517770081725,0.03936251430631066,True,"[[32.0, 100.0], [14.0, 100.0], [6.0, 54.0], [0.0, 100.0], [6.0, 16.0], [29.0, 39.0], [5.0, 16.0], [3.0, 34.0], [0.0, 5.0]]"
j97drd8eka9mhr44xmebz2n7kn8fkdx7,luck is all u need,5,test,1,0,0.56935291475418,0.0,False,"[[3.0, 5.0], [0.0, 5.0], [0.0, 4.0], [0.0, 5.0], [3.0, 5.0], [0.0, 3.0], [0.0, 5.0], [0.0, 0.0], [0.0, 0.0]]"
j97drd8eka9mhr44xmebz2n7kn8fkdx7,luck is all u need,10,test,1,0,0.6934725025106359,0.0,False,"[[4.0, 10.0], [0.0, 10.0], [0.0, 7.0], [0.0, 10.0], [3.0, 6.0], [1.0, 6.0], [0.0, 6.0], [0.0, 1.0], [0.0, 0.0]]"
j97drd8eka9mhr44xmebz2n7kn8fkdx7,luck is all u need,15,test,1,0,0.6069310841161939,0.0,False,"[[6.0, 15.0], [2.0, 15.0], [0.0, 9.0], [0.0, 15.0], [3.0, 6.0], [2.0, 7.0], [0.0, 6.0], [0.0, 2.0], [0.0, 0.0]]"
j97drd8eka9mhr44xmebz2n7kn8fkdx7,luck is all u need,20,test,1,0,0.6568186330739655,0.0,False,"[[7.0, 20.0], [2.0, 20.0], [0.0, 12.0], [0.0, 20.0], [4.0, 7.0], [2.0, 8.0], [0.0, 7.0], [0.0, 2.0], [0.0, 0.0]]"
j97drd8eka9mhr44xmebz2n7kn8fkdx7,luck is all u need,30,test,1,0,0.5882564210070745,0.0,False,"[[12.0, 30.0], [3.0, 30.0], [0.0, 19.0], [0.0, 30.0], [7.0, 13.0], [3.0, 13.0], [2.0, 13.0], [1.0, 5.0], [0.0, 0.0]]"
j97drd8eka9mhr44xmebz2n7kn8fkdx7,luck is all u need,50,test,1,0,0.5568345207589247,0.0,False,"[[20.0, 50.0], [7.0, 50.0], [1.0, 28.0], [0.0, 50.0], [10.0, 20.0], [5.0, 19.0], [4.0, 20.0], [1.0, 9.0], [0.0, 0.0]]"
j97drd8eka9mhr44xmebz2n7kn8fkdx7,luck is all u need,75,test,1,1,0.6576513879580764,0.0,True,"[[30.0, 75.0], [13.0, 75.0], [4.0, 40.0], [0.0, 75.0], [10.0, 24.0], [12.0, 28.0], [7.0, 24.0], [4.0, 19.0], [0.0, 2.0]]"
j97drd8eka9mhr44xmebz2n7kn8fkdx7,luck is all u need,100,test,1,1,0.5805144756213138,0.0,True,"[[38.0, 100.0], [16.0, 100.0], [4.0, 55.0], [0.0, 100.0], [11.0, 29.0], [19.0, 41.0], [7.0, 29.0], [7.0, 26.0], [0.0, 3.0]]"
j97etj3mctdbc02t8dsw1jg8qs8fkt6p,luck is all u need,5,validation,1,1,0.6856342041405014,0.0,True,"[[2.0, 5.0], [1.0, 5.0], [0.0, 3.0], [0.0, 5.0], [1.0, 1.0], [1.0, 1.0], [0.0, 1.0], [1.0, 1.0], [0.0, 0.0]]"
j97etj3mctdbc02t8dsw1jg8qs8fkt6p,luck is all u need,10,validation,1,1,0.5842323944595995,0.0,True,"[[3.0, 10.0], [1.0, 10.0], [0.0, 7.0], [0.0, 10.0], [2.0, 2.0], [1.0, 2.0], [0.0, 2.0], [1.0, 1.0], [0.0, 0.0]]"
j97etj3mctdbc02t8dsw1jg8qs8fkt6p,luck is all u need,15,validation,1,1,0.5517459344908577,0.0,True,"[[7.0, 15.0], [2.0, 15.0], [0.0, 10.0], [0.0, 15.0], [3.0, 7.0], [1.0, 7.0], [2.0, 7.0], [2.0, 3.0], [0.0, 0.0]]"
j97etj3mctdbc02t8dsw1jg8qs8fkt6p,luck is all u need,20,validation,1,1,0.6572619709967085,0.0,True,"[[11.0, 20.0], [4.0, 20.0], [0.0, 12.0], [0.0, 20.0], [4.0, 8.0], [3.0, 13.0], [2.0, 8.0], [3.0, 5.0], [0.0, 0.0]]"
j97etj3mctdbc02t8dsw1jg8qs8fkt6p,luck is all u need,30,validation,1,1,0.7384645859638035,0.08718760649501194,True,"[[16.0, 30.0], [6.0, 30.0], [0.0, 19.0], [0.0, 30.0], [5.0, 10.0], [6.0, 18.0], [3.0, 10.0], [5.0, 9.0], [0.0, 0.0]]"
j97etj3mctdbc02t8dsw1jg8qs8fkt6p,luck is all u need,50,validation,1,1,0.7271320773807685,0.05772399706985123,True,"[[19.0, 50.0], [9.0, 50.0], [2.0, 31.0], [0.0, 50.0], [5.0, 10.0], [7.0, 19.0], [3.0, 10.0], [6.0, 10.0], [0.0, 0.0]]"
j97etj3mctdbc02t8dsw1jg8qs8fkt6p,luck is all u need,75,validation,1,1,0.8188818299377001,0.3962727664590004,True,"[[31.0, 75.0], [14.0, 75.0], [4.0, 45.0], [0.0, 75.0], [11.0, 17.0], [13.0, 31.0], [4.0, 17.0], [10.0, 17.0], [0.0, 0.0]]"
j97etj3mctdbc02t8dsw1jg8qs8fkt6p,luck is all u need,100,validation,1,1,0.7741440115505637,0.2026226430887835,True,"[[37.0, 100.0], [16.0, 100.0], [5.0, 59.0], [0.0, 100.0], [14.0, 23.0], [17.0, 38.0], [5.0, 23.0], [10.0, 22.0], [0.0, 0.0]]"
j97dv452jrd0ywecvb0gn0zaan8fk6y1,tungbot,5,test,1,0,0.6527535831700282,0.0,False,"[[1.0, 5.0], [0.0, 5.0], [0.0, 1.0], [0.0, 5.0], [0.0, 2.0], [0.0, 1.0], [1.0, 2.0], [0.0, 1.0], [0.0, 0.0]]"
j97dv452jrd0ywecvb0gn0zaan8fk6y1,tungbot,10,test,1,0,0.6886806226066604,0.0,False,"[[2.0, 10.0], [0.0, 10.0], [0.0, 3.0], [0.0, 10.0], [1.0, 3.0], [0.0, 2.0], [1.0, 3.0], [0.0, 1.0], [0.0, 0.0]]"
j97dv452jrd0ywecvb0gn0zaan8fk6y1,tungbot,15,test,1,0,0.6960577307937942,0.0,False,"[[3.0, 15.0], [1.0, 15.0], [0.0, 3.0], [0.0, 15.0], [2.0, 4.0], [0.0, 4.0], [1.0, 4.0], [0.0, 1.0], [0.0, 0.0]]"
j97dv452jrd0ywecvb0gn0zaan8fk6y1,tungbot,20,test,1,0,0.7556735245527099,0.16390808940137955,False,"[[3.0, 20.0], [1.0, 20.0], [0.0, 5.0], [0.0, 20.0], [2.0, 4.0], [0.0, 4.0], [1.0, 4.0], [0.0, 1.0], [0.0, 0.0]]"
j97dv452jrd0ywecvb0gn0zaan8fk6y1,tungbot,30,test,1,1,0.6523522515448081,0.0,True,"[[6.0, 30.0], [4.0, 30.0], [0.0, 7.0], [1.0, 30.0], [4.0, 7.0], [1.0, 9.0], [1.0, 7.0], [1.0, 2.0], [0.0, 0.0]]"
j97dv452jrd0ywecvb0gn0zaan8fk6y1,tungbot,50,test,1,1,0.6953748831697208,0.0,True,"[[15.0, 50.0], [10.0, 50.0], [0.0, 15.0], [6.0, 50.0], [4.0, 10.0], [4.0, 15.0], [2.0, 10.0], [2.0, 6.0], [0.0, 0.0]]"
j97dv452jrd0ywecvb0gn0zaan8fk6y1,tungbot,75,test,1,1,0.7542458975146477,0.13383510949541444,True,"[[24.0, 75.0], [17.0, 75.0], [1.0, 21.0], [13.0, 75.0], [9.0, 15.0], [5.0, 20.0], [2.0, 15.0], [3.0, 7.0], [0.0, 0.0]]"
j97dv452jrd0ywecvb0gn0zaan8fk6y1,tungbot,100,test,1,1,0.7965591668243037,0.2947740102769509,True,"[[40.0, 100.0], [33.0, 100.0], [5.0, 27.0], [29.0, 100.0], [11.0, 18.0], [5.0, 22.0], [3.0, 18.0], [4.0, 8.0], [0.0, 0.0]]"
j978kgbgs8xhbw3madk72te2an8fj2w7,luck is all u need,5,test,1,0,0.6057519545525839,0.0,False,"[[0.0, 5.0], [0.0, 5.0], [0.0, 4.0], [0.0, 5.0], [0.0, 0.0], [0.0, 0.0], [0.0, 0.0], [0.0, 0.0], [0.0, 0.0]]"
j978kgbgs8xhbw3madk72te2an8fj2w7,luck is all u need,10,test,1,0,0.5744892862782007,0.0,False,"[[2.0, 10.0], [0.0, 10.0], [0.0, 8.0], [0.0, 10.0], [0.0, 1.0], [2.0, 4.0], [1.0, 1.0], [1.0, 3.0], [0.0, 0.0]]"
j978kgbgs8xhbw3madk72te2an8fj2w7,luck is all u need,15,test,1,0,0.520568973090689,0.0,False,"[[4.0, 15.0], [1.0, 15.0], [0.0, 11.0], [0.0, 15.0], [1.0, 2.0], [4.0, 8.0], [1.0, 2.0], [1.0, 5.0], [0.0, 0.0]]"
j978kgbgs8xhbw3madk72te2an8fj2w7,luck is all u need,20,test,1,0,0.5118763551140896,0.0,False,"[[5.0, 20.0], [1.0, 20.0], [0.0, 12.0], [0.0, 20.0], [1.0, 2.0], [6.0, 11.0], [1.0, 2.0], [2.0, 7.0], [0.0, 0.0]]"
j978kgbgs8xhbw3madk72te2an8fj2w7,luck is all u need,30,test,1,1,0.6277988432773155,0.0,True,"[[7.0, 30.0], [3.0, 30.0], [1.0, 16.0], [0.0, 30.0], [1.0, 2.0], [8.0, 13.0], [1.0, 2.0], [4.0, 9.0], [0.0, 0.0]]"
j978kgbgs8xhbw3madk72te2an8fj2w7,luck is all u need,50,test,1,1,0.792986809620435,0.2789713779324305,True,"[[16.0, 50.0], [10.0, 50.0], [3.0, 25.0], [0.0, 50.0], [1.0, 3.0], [15.0, 23.0], [2.0, 3.0], [5.0, 17.0], [0.0, 0.0]]"
j978kgbgs8xhbw3madk72te2an8fj2w7,luck is all u need,75,test,1,1,0.7339415099849762,0.07503439034142635,True,"[[25.0, 75.0], [15.0, 75.0], [5.0, 35.0], [0.0, 75.0], [3.0, 9.0], [23.0, 38.0], [3.0, 9.0], [6.0, 26.0], [0.0, 1.0]]"
j978kgbgs8xhbw3madk72te2an8fj2w7,luck is all u need,100,test,1,1,0.8214770712138509,0.4049235707128366,True,"[[33.0, 100.0], [19.0, 100.0], [6.0, 47.0], [0.0, 100.0], [5.0, 12.0], [34.0, 52.0], [4.0, 12.0], [10.0, 38.0], [0.0, 1.0]]"
j9732y7zz6m3sqnrhpggf3k5c98fkkpb,luck is all u need,5,test,1,1,0.6017426182010059,0.0,True,"[[2.0, 5.0], [2.0, 5.0], [0.0, 2.0], [0.0, 5.0], [0.0, 0.0], [2.0, 5.0], [0.0, 0.0], [1.0, 2.0], [0.0, 0.0]]"
j9732y7zz6m3sqnrhpggf3k5c98fkkpb,tungbot,5,test,1,0,0.5307351635598522,0.0,False,"[[1.0, 5.0], [0.0, 5.0], [0.0, 3.0], [0.0, 5.0], [0.0, 0.0], [1.0, 1.0], [0.0, 0.0], [0.0, 1.0], [0.0, 0.0]]"
j9732y7zz6m3sqnrhpggf3k5c98fkkpb,luck is all u need,10,test,1,1,0.5007739057950711,0.0,True,"[[2.0, 10.0], [2.0, 10.0], [0.0, 4.0], [0.0, 10.0], [0.0, 0.0], [2.0, 5.0], [0.0, 0.0], [1.0, 2.0], [0.0, 0.0]]"
j9732y7zz6m3sqnrhpggf3k5c98fkkpb,tungbot,10,test,1,0,0.5325131874841359,0.0,False,"[[3.0, 10.0], [0.0, 10.0], [0.0, 6.0], [0.0, 10.0], [0.0, 0.0], [5.0, 6.0], [0.0, 0.0], [0.0, 5.0], [0.0, 0.0]]"
j9732y7zz6m3sqnrhpggf3k5c98fkkpb,luck is all u need,15,test,1,0,0.6318947487778361,0.0,False,"[[3.0, 15.0], [2.0, 15.0], [0.0, 5.0], [0.0, 15.0], [0.0, 2.0], [3.0, 6.0], [0.0, 2.0], [1.0, 3.0], [0.0, 0.0]]"
j9732y7zz6m3sqnrhpggf3k5c98fkkpb,tungbot,15,test,1,0,0.5337153262071781,0.0,False,"[[5.0, 15.0], [0.0, 15.0], [0.0, 8.0], [0.0, 15.0], [2.0, 2.0], [7.0, 9.0], [0.0, 2.0], [0.0, 7.0], [0.0, 0.0]]"
j9732y7zz6m3sqnrhpggf3k5c98fkkpb,luck is all u need,20,test,1,0,0.5644601730987197,0.0,False,"[[4.0, 20.0], [3.0, 20.0], [1.0, 8.0], [0.0, 20.0], [1.0, 3.0], [3.0, 7.0], [0.0, 3.0], [1.0, 3.0], [0.0, 0.0]]"
j9732y7zz6m3sqnrhpggf3k5c98fkkpb,tungbot,20,test,1,1,0.5719898045536244,0.0,True,"[[8.0, 20.0], [1.0, 20.0], [0.0, 11.0], [0.0, 20.0], [3.0, 3.0], [11.0, 15.0], [0.0, 3.0], [1.0, 11.0], [0.0, 0.0]]"
j9732y7zz6m3sqnrhpggf3k5c98fkkpb,luck is all u need,30,test,1,1,0.565590630456636,0.0,True,"[[7.0, 30.0], [5.0, 30.0], [1.0, 13.0], [0.0, 30.0], [2.0, 4.0], [8.0, 13.0], [0.0, 4.0], [2.0, 8.0], [0.0, 0.0]]"
j9732y7zz6m3sqnrhpggf3k5c98fkkpb,tungbot,30,test,1,1,0.6552320767684847,0.0,True,"[[10.0, 30.0], [3.0, 30.0], [0.0, 16.0], [0.0, 30.0], [3.0, 6.0], [14.0, 18.0], [1.0, 6.0], [2.0, 15.0], [0.0, 0.0]]"
j9732y7zz6m3sqnrhpggf3k5c98fkkpb,luck is all u need,50,test,1,0,0.5227693986659089,0.0,False,"[[11.0, 50.0], [6.0, 50.0], [1.0, 24.0], [0.0, 50.0], [4.0, 8.0], [12.0, 20.0], [1.0, 8.0], [2.0, 13.0], [0.0, 0.0]]"
j9732y7zz6m3sqnrhpggf3k5c98fkkpb,tungbot,50,test,1,1,0.6551294338722304,0.0,True,"[[19.0, 50.0], [5.0, 50.0], [0.0, 29.0], [0.0, 50.0], [6.0, 12.0], [24.0, 33.0], [2.0, 12.0], [3.0, 26.0], [0.0, 0.0]]"
j9732y7zz6m3sqnrhpggf3k5c98fkkpb,luck is all u need,75,test,1,1,0.5286353254833105,0.0,True,"[[20.0, 75.0], [12.0, 75.0], [2.0, 35.0], [0.0, 75.0], [5.0, 13.0], [17.0, 30.0], [3.0, 13.0], [3.0, 20.0], [1.0, 2.0]]"
j9732y7zz6m3sqnrhpggf3k5c98fkkpb,tungbot,75,test,1,1,0.7605994311741239,0.15454943166223936,True,"[[31.0, 75.0], [10.0, 75.0], [1.0, 41.0], [0.0, 75.0], [9.0, 19.0], [34.0, 47.0], [5.0, 19.0], [4.0, 39.0], [0.0, 1.0]]"
j9732y7zz6m3sqnrhpggf3k5c98fkkpb,luck is all u need,100,test,1,1,0.5315970126855353,0.0,True,"[[25.0, 100.0], [15.0, 100.0], [4.0, 49.0], [0.0, 100.0], [6.0, 14.0], [18.0, 33.0], [3.0, 14.0], [3.0, 21.0], [1.0, 2.0]]"
j9732y7zz6m3sqnrhpggf3k5c98fkkpb,tungbot,100,test,1,1,0.7835712379062432,0.23938544872636733,True,"[[44.0, 100.0], [16.0, 100.0], [3.0, 56.0], [0.0, 100.0], [11.0, 23.0], [45.0, 64.0], [6.0, 23.0], [4.0, 51.0], [0.0, 2.0]]"
j97ehqwf48nsy70mf9gqz4fh6s8fkbbs,luck is all u need,5,validation,1,1,0.6161426240095771,0.0,True,"[[2.0, 5.0], [1.0, 5.0], [0.0, 2.0], [0.0, 5.0], [0.0, 0.0], [1.0, 2.0], [0.0, 0.0], [1.0, 1.0], [0.0, 0.0]]"
j97ehqwf48nsy70mf9gqz4fh6s8fkbbs,tungbot,5,validation,1,1,0.6415683268109027,0.0,True,"[[2.0, 5.0], [2.0, 5.0], [0.0, 2.0], [0.0, 5.0], [0.0, 0.0], [2.0, 2.0], [0.0, 0.0], [0.0, 2.0], [0.0, 0.0]]"
j97ehqwf48nsy70mf9gqz4fh6s8fkbbs,luck is all u need,10,validation,1,1,0.7762305940858418,0.17543295689440644,True,"[[5.0, 10.0], [3.0, 10.0], [1.0, 5.0], [0.0, 10.0], [1.0, 2.0], [3.0, 6.0], [1.0, 2.0], [2.0, 4.0], [0.0, 0.0]]"
j97ehqwf48nsy70mf9gqz4fh6s8fkbbs,tungbot,10,validation,1,1,0.6438026593731302,0.0,True,"[[3.0, 10.0], [3.0, 10.0], [0.0, 4.0], [0.0, 10.0], [1.0, 1.0], [2.0, 2.0], [0.0, 1.0], [0.0, 2.0], [0.0, 0.0]]"
j97ehqwf48nsy70mf9gqz4fh6s8fkbbs,luck is all u need,15,validation,1,1,0.8008085783459203,0.31415286196669173,True,"[[7.0, 15.0], [4.0, 15.0], [2.0, 8.0], [0.0, 15.0], [2.0, 3.0], [4.0, 8.0], [1.0, 3.0], [2.0, 5.0], [0.0, 0.0]]"
j97ehqwf48nsy70mf9gqz4fh6s8fkbbs,tungbot,15,validation,1,1,0.5643047229638732,0.0,True,"[[3.0, 15.0], [3.0, 15.0], [0.0, 5.0], [0.0, 15.0], [1.0, 1.0], [2.0, 2.0], [0.0, 1.0], [0.0, 2.0], [0.0, 0.0]]"
j97ehqwf48nsy70mf9gqz4fh6s8fkbbs,luck is all u need,20,validation,1,1,0.7962679762267976,0.29346935469762997,True,"[[8.0, 20.0], [4.0, 20.0], [2.0, 12.0], [0.0, 20.0], [2.0, 4.0], [4.0, 8.0], [2.0, 4.0], [3.0, 6.0], [0.0, 0.0]]"
j97ehqwf48nsy70mf9gqz4fh6s8fkbbs,tungbot,20,validation,1,0,0.5179201717484672,0.0,False,"[[5.0, 20.0], [3.0, 20.0], [0.0, 8.0], [0.0, 20.0], [3.0, 3.0], [3.0, 5.0], [0.0, 3.0], [0.0, 3.0], [0.0, 0.0]]"
j97ehqwf48nsy70mf9gqz4fh6s8fkbbs,luck is all u need,30,validation,1,1,0.7602049118892816,0.15322980058588206,True,"[[10.0, 30.0], [5.0, 30.0], [3.0, 18.0], [0.0, 30.0], [2.0, 6.0], [4.0, 10.0], [4.0, 6.0], [4.0, 8.0], [0.0, 0.0]]"
j97ehqwf48nsy70mf9gqz4fh6s8fkbbs,tungbot,30,validation,1,1,0.6101727522802157,0.0,True,"[[9.0, 30.0], [7.0, 30.0], [1.0, 12.0], [0.0, 30.0], [3.0, 3.0], [4.0, 6.0], [0.0, 3.0], [0.0, 4.0], [0.0, 0.0]]"
j97ehqwf48nsy70mf9gqz4fh6s8fkbbs,luck is all u need,50,validation,1,1,0.8270331323718124,0.42344377457270815,True,"[[15.0, 50.0], [8.0, 50.0], [4.0, 27.0], [0.0, 50.0], [4.0, 9.0], [10.0, 17.0], [5.0, 9.0], [5.0, 15.0], [0.0, 1.0]]"
j97ehqwf48nsy70mf9gqz4fh6s8fkbbs,tungbot,50,validation,1,1,0.7401092510239542,0.09173851032345112,True,"[[15.0, 50.0], [12.0, 50.0], [1.0, 19.0], [0.0, 50.0], [3.0, 3.0], [10.0, 12.0], [0.0, 3.0], [1.0, 10.0], [0.0, 0.0]]"
j97ehqwf48nsy70mf9gqz4fh6s8fkbbs,luck is all u need,75,validation,1,1,0.7349177791176498,0.07761287771624381,True,"[[19.0, 75.0], [10.0, 75.0], [4.0, 40.0], [0.0, 75.0], [7.0, 13.0], [12.0, 22.0], [5.0, 13.0], [5.0, 17.0], [0.0, 1.0]]"
j97ehqwf48nsy70mf9gqz4fh6s8fkbbs,tungbot,75,validation,1,1,0.6745805767862924,0.0,True,"[[21.0, 75.0], [15.0, 75.0], [2.0, 29.0], [0.0, 75.0], [5.0, 5.0], [19.0, 24.0], [0.0, 5.0], [1.0, 19.0], [1.0, 1.0]]"
j97ehqwf48nsy70mf9gqz4fh6s8fkbbs,luck is all u need,100,validation,1,1,0.7530653366996863,0.13011108903794324,True,"[[28.0, 100.0], [14.0, 100.0], [5.0, 56.0], [0.0, 100.0], [10.0, 20.0], [17.0, 34.0], [8.0, 20.0], [7.0, 25.0], [0.0, 1.0]]"
j97ehqwf48nsy70mf9gqz4fh6s8fkbbs,tungbot,100,validation,1,1,0.9559091438308701,0.8530304794362338,True,"[[33.0, 100.0], [24.0, 100.0], [4.0, 42.0], [1.0, 100.0], [9.0, 12.0], [31.0, 38.0], [1.0, 12.0], [4.0, 32.0], [1.0, 3.0]]"
j974pafrxf2np5q259acqxp5z18fk55w,luck is all u need,5,test,1,1,0.561477638390282,0.0,True,"[[2.0, 5.0], [1.0, 5.0], [1.0, 2.0], [0.0, 5.0], [0.0, 1.0], [0.0, 1.0], [1.0, 1.0], [0.0, 1.0], [0.0, 0.0]]"
j974pafrxf2np5q259acqxp5z18fk55w,tungbot,5,test,1,1,0.7729780257982903,0.08261172983744608,True,"[[2.0, 5.0], [2.0, 5.0], [1.0, 2.0], [0.0, 5.0], [0.0, 0.0], [3.0, 3.0], [0.0, 0.0], [1.0, 3.0], [0.0, 0.0]]"
j974pafrxf2np5q259acqxp5z18fk55w,luck is all u need,10,test,1,0,0.5166713693247861,0.0,False,"[[3.0, 10.0], [1.0, 10.0], [1.0, 6.0], [0.0, 10.0], [1.0, 2.0], [0.0, 2.0], [1.0, 2.0], [0.0, 1.0], [0.0, 0.0]]"
j974pafrxf2np5q259acqxp5z18fk55w,tungbot,10,test,1,1,0.7533320345632645,0.10912415659480279,True,"[[3.0, 10.0], [3.0, 10.0], [1.0, 5.0], [0.0, 10.0], [0.0, 1.0], [3.0, 3.0], [1.0, 1.0], [1.0, 4.0], [0.0, 0.0]]"
j974pafrxf2np5q259acqxp5z18fk55w,luck is all u need,15,test,1,0,0.5474781445969498,0.0,False,"[[5.0, 15.0], [3.0, 15.0], [1.0, 9.0], [0.0, 15.0], [1.0, 2.0], [0.0, 5.0], [1.0, 2.0], [0.0, 1.0], [0.0, 0.0]]"
j974pafrxf2np5q259acqxp5z18fk55w,tungbot,15,test,1,1,0.8063204551823067,0.3402570344750416,True,"[[4.0, 15.0], [4.0, 15.0], [1.0, 8.0], [0.0, 15.0], [0.0, 1.0], [6.0, 6.0], [1.0, 1.0], [2.0, 7.0], [0.0, 0.0]]"
j974pafrxf2np5q259acqxp5z18fk55w,luck is all u need,20,test,1,1,0.5339012459360966,0.0,True,"[[7.0, 20.0], [4.0, 20.0], [1.0, 11.0], [0.0, 20.0], [1.0, 3.0], [3.0, 9.0], [1.0, 3.0], [1.0, 4.0], [0.0, 0.0]]"
j974pafrxf2np5q259acqxp5z18fk55w,tungbot,20,test,1,1,0.8255509584435115,0.41850319481170495,True,"[[6.0, 20.0], [5.0, 20.0], [1.0, 11.0], [0.0, 20.0], [0.0, 1.0], [8.0, 8.0], [1.0, 1.0], [2.0, 9.0], [0.0, 0.0]]"
j974pafrxf2np5q259acqxp5z18fk55w,luck is all u need,30,test,1,1,0.6661877856305787,0.0,True,"[[10.0, 30.0], [6.0, 30.0], [2.0, 17.0], [0.0, 30.0], [1.0, 3.0], [5.0, 11.0], [1.0, 3.0], [3.0, 6.0], [0.0, 0.0]]"
j974pafrxf2np5q259acqxp5z18fk55w,tungbot,30,test,1,1,0.7934241971675305,0.28088258888928114,True,"[[9.0, 30.0], [6.0, 30.0], [1.0, 15.0], [0.0, 30.0], [2.0, 5.0], [10.0, 13.0], [3.0, 5.0], [2.0, 13.0], [0.0, 0.0]]"
j974pafrxf2np5q259acqxp5z18fk55w,luck is all u need,50,test,1,1,0.7902978761688227,0.2673647174409707,True,"[[20.0, 50.0], [11.0, 50.0], [3.0, 27.0], [0.0, 50.0], [3.0, 9.0], [11.0, 21.0], [4.0, 9.0], [6.0, 15.0], [0.0, 0.0]]"
j974pafrxf2np5q259acqxp5z18fk55w,tungbot,50,test,1,1,0.7842265732476794,0.24204608697690413,True,"[[14.0, 50.0], [9.0, 50.0], [2.0, 24.0], [0.0, 50.0], [5.0, 8.0], [13.0, 18.0], [3.0, 8.0], [2.0, 16.0], [0.0, 0.0]]"
j974pafrxf2np5q259acqxp5z18fk55w,luck is all u need,75,test,1,1,0.8113920623788274,0.3652741166179348,True,"[[28.0, 75.0], [15.0, 75.0], [5.0, 42.0], [0.0, 75.0], [4.0, 11.0], [19.0, 35.0], [5.0, 11.0], [9.0, 24.0], [0.0, 2.0]]"
j974pafrxf2np5q259acqxp5z18fk55w,tungbot,75,test,1,1,0.698063521192881,0.0,True,"[[20.0, 75.0], [11.0, 75.0], [3.0, 33.0], [0.0, 75.0], [7.0, 14.0], [16.0, 25.0], [5.0, 14.0], [2.0, 21.0], [0.0, 1.0]]"
j974pafrxf2np5q259acqxp5z18fk55w,luck is all u need,100,test,1,1,0.7359968992514333,0.08049154392276871,True,"[[37.0, 100.0], [20.0, 100.0], [8.0, 55.0], [0.0, 100.0], [5.0, 16.0], [25.0, 43.0], [5.0, 16.0], [9.0, 30.0], [0.0, 3.0]]"
j974pafrxf2np5q259acqxp5z18fk55w,tungbot,100,test,1,1,0.7414379455664623,0.09546693946783999,True,"[[31.0, 100.0], [19.0, 100.0], [6.0, 43.0], [0.0, 100.0], [10.0, 21.0], [20.0, 32.0], [6.0, 21.0], [2.0, 26.0], [0.0, 1.0]]"
j978xhwt66he8dddae08vq98a18fjsjf,tungbot,5,test,1,1,0.6576881540522069,0.0,True,"[[2.0, 5.0], [2.0, 5.0], [0.0, 3.0], [0.0, 5.0], [1.0, 2.0], [1.0, 2.0], [0.0, 2.0], [1.0, 1.0], [0.0, 0.0]]"
j978xhwt66he8dddae08vq98a18fjsjf,luck is all u need,5,test,1,0,0.6119365787439222,0.0,False,"[[1.0, 5.0], [1.0, 5.0], [0.0, 3.0], [0.0, 5.0], [0.0, 0.0], [0.0, 3.0], [0.0, 0.0], [0.0, 0.0], [0.0, 0.0]]"
j978xhwt66he8dddae08vq98a18fjsjf,tungbot,10,test,1,1,0.823350769450514,0.34264102625142784,True,"[[5.0, 10.0], [4.0, 10.0], [0.0, 5.0], [0.0, 10.0], [2.0, 4.0], [4.0, 5.0], [0.0, 4.0], [3.0, 4.0], [0.0, 0.0]]"
j978xhwt66he8dddae08vq98a18fjsjf,luck is all u need,10,test,1,1,0.5698546629420255,0.0,True,"[[4.0, 10.0], [3.0, 10.0], [1.0, 5.0], [0.0, 10.0], [1.0, 2.0], [1.0, 5.0], [1.0, 2.0], [0.0, 2.0], [0.0, 0.0]]"
j978xhwt66he8dddae08vq98a18fjsjf,tungbot,15,test,1,1,0.7652719384716188,0.17052061667015855,True,"[[5.0, 15.0], [4.0, 15.0], [0.0, 8.0], [0.0, 15.0], [2.0, 4.0], [4.0, 5.0], [0.0, 4.0], [3.0, 4.0], [0.0, 0.0]]"
j978xhwt66he8dddae08vq98a18fjsjf,luck is all u need,15,test,1,1,0.5750027075195414,0.0,True,"[[5.0, 15.0], [4.0, 15.0], [2.0, 9.0], [0.0, 15.0], [1.0, 2.0], [1.0, 5.0], [1.0, 2.0], [0.0, 2.0], [0.0, 0.0]]"
j978xhwt66he8dddae08vq98a18fjsjf,tungbot,20,test,1,1,0.706899090037709,0.013023220400376016,True,"[[5.0, 20.0], [4.0, 20.0], [0.0, 11.0], [0.0, 20.0], [2.0, 4.0], [4.0, 5.0], [0.0, 4.0], [3.0, 4.0], [0.0, 0.0]]"
j978xhwt66he8dddae08vq98a18fjsjf,luck is all u need,20,test,1,1,0.6219780801744815,0.0,True,"[[6.0, 20.0], [5.0, 20.0], [3.0, 12.0], [0.0, 20.0], [1.0, 2.0], [3.0, 7.0], [1.0, 2.0], [0.0, 4.0], [0.0, 0.0]]"
j978xhwt66he8dddae08vq98a18fjsjf,tungbot,30,test,1,1,0.7253438357517732,0.05337136595967475,True,"[[9.0, 30.0], [5.0, 30.0], [0.0, 17.0], [0.0, 30.0], [5.0, 9.0], [6.0, 8.0], [1.0, 9.0], [3.0, 7.0], [0.0, 0.0]]"
j978xhwt66he8dddae08vq98a18fjsjf,luck is all u need,30,test,1,1,0.7739069799704584,0.2017340528648827,True,"[[11.0, 30.0], [6.0, 30.0], [4.0, 19.0], [0.0, 30.0], [3.0, 7.0], [4.0, 10.0], [3.0, 7.0], [3.0, 7.0], [0.0, 0.0]]"
j978xhwt66he8dddae08vq98a18fjsjf,tungbot,50,test,1,1,0.7415851134279667,0.09588276676377372,True,"[[15.0, 50.0], [9.0, 50.0], [0.0, 25.0], [0.0, 50.0], [6.0, 12.0], [12.0, 16.0], [1.0, 12.0], [5.0, 13.0], [0.0, 0.0]]"
j978xhwt66he8dddae08vq98a18fjsjf,luck is all u need,50,test,1,1,0.6627325386562186,0.0,True,"[[14.0, 50.0], [6.0, 50.0], [4.0, 28.0], [0.0, 50.0], [5.0, 10.0], [6.0, 14.0], [3.0, 10.0], [4.0, 9.0], [0.0, 0.0]]"
j978xhwt66he8dddae08vq98a18fjsjf,tungbot,75,test,1,1,0.6831015643529246,0.0,True,"[[21.0, 75.0], [11.0, 75.0], [0.0, 39.0], [0.0, 75.0], [7.0, 17.0], [21.0, 25.0], [1.0, 17.0], [5.0, 22.0], [0.0, 0.0]]"
j978xhwt66he8dddae08vq98a18fjsjf,luck is all u need,75,test,1,1,0.7602717017480037,0.15345289282092203,True,"[[22.0, 75.0], [11.0, 75.0], [4.0, 40.0], [0.0, 75.0], [7.0, 16.0], [14.0, 24.0], [5.0, 16.0], [8.0, 19.0], [0.0, 1.0]]"
j978xhwt66he8dddae08vq98a18fjsjf,tungbot,100,test,1,1,0.7890509262984349,0.26206502344940474,True,"[[32.0, 100.0], [17.0, 100.0], [2.0, 53.0], [0.0, 100.0], [10.0, 23.0], [34.0, 40.0], [2.0, 23.0], [6.0, 36.0], [0.0, 1.0]]"
j978xhwt66he8dddae08vq98a18fjsjf,luck is all u need,100,test,1,1,0.6086379579358803,0.0,True,"[[29.0, 100.0], [14.0, 100.0], [4.0, 49.0], [0.0, 100.0], [8.0, 22.0], [18.0, 34.0], [6.0, 22.0], [9.0, 24.0], [0.0, 1.0]]"
j97fk1qah6gt2se31tnyj1m8n18fjqa3,tungbot,5,validation,1,1,0.8166264637937822,0.1619811997135865,True,"[[3.0, 5.0], [2.0, 5.0], [0.0, 2.0], [0.0, 5.0], [0.0, 1.0], [4.0, 4.0], [1.0, 1.0], [2.0, 5.0], [0.0, 0.0]]"
j97fk1qah6gt2se31tnyj1m8n18fjqa3,luck is all u need,5,validation,1,0,0.6030513798067153,0.0,False,"[[0.0, 5.0], [0.0, 5.0], [0.0, 3.0], [0.0, 5.0], [0.0, 0.0], [0.0, 0.0], [0.0, 0.0], [0.0, 0.0], [0.0, 0.0]]"
j97fk1qah6gt2se31tnyj1m8n18fjqa3,tungbot,10,validation,1,1,0.7457216633588951,0.08983831679677548,True,"[[3.0, 10.0], [2.0, 10.0], [0.0, 4.0], [0.0, 10.0], [0.0, 1.0], [4.0, 4.0], [1.0, 1.0], [2.0, 5.0], [0.0, 0.0]]"
j97fk1qah6gt2se31tnyj1m8n18fjqa3,luck is all u need,10,validation,1,0,0.5700665479382797,0.0,False,"[[1.0, 10.0], [1.0, 10.0], [0.0, 5.0], [0.0, 10.0], [0.0, 0.0], [1.0, 1.0], [0.0, 0.0], [0.0, 1.0], [0.0, 0.0]]"
j97fk1qah6gt2se31tnyj1m8n18fjqa3,tungbot,15,validation,1,1,0.8567169965550513,0.5223899885168377,True,"[[5.0, 15.0], [4.0, 15.0], [1.0, 6.0], [0.0, 15.0], [1.0, 3.0], [7.0, 7.0], [1.0, 3.0], [3.0, 8.0], [0.0, 0.0]]"
j97fk1qah6gt2se31tnyj1m8n18fjqa3,luck is all u need,15,validation,1,0,0.60732030075987,0.0,False,"[[3.0, 15.0], [2.0, 15.0], [1.0, 7.0], [0.0, 15.0], [0.0, 2.0], [2.0, 4.0], [1.0, 2.0], [0.0, 3.0], [0.0, 0.0]]"
j97fk1qah6gt2se31tnyj1m8n18fjqa3,tungbot,20,validation,1,1,0.8268691723998426,0.4228972413328087,True,"[[6.0, 20.0], [5.0, 20.0], [1.0, 8.0], [0.0, 20.0], [1.0, 3.0], [9.0, 10.0], [1.0, 3.0], [3.0, 10.0], [0.0, 0.0]]"
j97fk1qah6gt2se31tnyj1m8n18fjqa3,luck is all u need,20,validation,1,0,0.6275550965988844,0.0,False,"[[4.0, 20.0], [3.0, 20.0], [1.0, 9.0], [0.0, 20.0], [0.0, 2.0], [3.0, 6.0], [1.0, 2.0], [0.0, 4.0], [0.0, 0.0]]"
j97fk1qah6gt2se31tnyj1m8n18fjqa3,tungbot,30,validation,1,1,0.8580572472812458,0.526857490937486,True,"[[9.0, 30.0], [8.0, 30.0], [2.0, 13.0], [0.0, 30.0], [1.0, 3.0], [11.0, 12.0], [1.0, 3.0], [3.0, 12.0], [0.0, 0.0]]"
j97fk1qah6gt2se31tnyj1m8n18fjqa3,luck is all u need,30,validation,1,0,0.6942266210262732,0.0,False,"[[6.0, 30.0], [4.0, 30.0], [1.0, 13.0], [0.0, 30.0], [0.0, 3.0], [3.0, 10.0], [2.0, 3.0], [1.0, 5.0], [0.0, 0.0]]"
j97fk1qah6gt2se31tnyj1m8n18fjqa3,tungbot,50,validation,1,1,0.8880688109643539,0.6268960365478462,True,"[[15.0, 50.0], [11.0, 50.0], [2.0, 24.0], [0.0, 50.0], [3.0, 5.0], [18.0, 20.0], [1.0, 5.0], [5.0, 19.0], [0.0, 0.0]]"
j97fk1qah6gt2se31tnyj1m8n18fjqa3,luck is all u need,50,validation,1,0,0.5863789674532808,0.0,False,"[[13.0, 50.0], [8.0, 50.0], [2.0, 24.0], [0.0, 50.0], [2.0, 6.0], [7.0, 21.0], [2.0, 6.0], [2.0, 9.0], [0.0, 0.0]]"
j97fk1qah6gt2se31tnyj1m8n18fjqa3,tungbot,75,validation,1,1,0.8681351209764633,0.5604504032548777,True,"[[20.0, 75.0], [15.0, 75.0], [3.0, 33.0], [0.0, 75.0], [6.0, 8.0], [21.0, 24.0], [1.0, 8.0], [5.0, 22.0], [0.0, 0.0]]"
j97fk1qah6gt2se31tnyj1m8n18fjqa3,luck is all u need,75,validation,1,0,0.5497784011640338,0.0,False,"[[20.0, 75.0], [13.0, 75.0], [2.0, 32.0], [0.0, 75.0], [4.0, 12.0], [14.0, 29.0], [3.0, 12.0], [3.0, 17.0], [0.0, 0.0]]"
j97fk1qah6gt2se31tnyj1m8n18fjqa3,tungbot,100,validation,1,1,0.8526577819211847,0.5088592730706157,True,"[[26.0, 100.0], [18.0, 100.0], [4.0, 45.0], [0.0, 100.0], [7.0, 9.0], [29.0, 34.0], [1.0, 9.0], [6.0, 30.0], [0.0, 0.0]]"
j97fk1qah6gt2se31tnyj1m8n18fjqa3,luck is all u need,100,validation,1,0,0.5299169152663079,0.0,False,"[[27.0, 100.0], [17.0, 100.0], [3.0, 43.0], [0.0, 100.0], [6.0, 15.0], [18.0, 37.0], [3.0, 15.0], [3.0, 21.0], [0.0, 0.0]]"
j976zke73h4d7ffxt85bzeqmcd8fkjff,tungbot,5,validation,1,1,0.753003527692486,0.05413215915852429,True,"[[3.0, 5.0], [2.0, 5.0], [0.0, 1.0], [0.0, 5.0], [2.0, 2.0], [3.0, 4.0], [0.0, 2.0], [1.0, 3.0], [0.0, 0.0]]"
j976zke73h4d7ffxt85bzeqmcd8fkjff,luck is all u need,5,validation,1,0,0.5752592398627974,0.0,False,"[[1.0, 5.0], [0.0, 5.0], [0.0, 4.0], [0.0, 5.0], [1.0, 1.0], [0.0, 1.0], [0.0, 1.0], [0.0, 0.0], [0.0, 0.0]]"
j976zke73h4d7ffxt85bzeqmcd8fkjff,tungbot,10,validation,1,1,0.8156909060573757,0.32136362793715484,True,"[[5.0, 10.0], [4.0, 10.0], [1.0, 4.0], [0.0, 10.0], [2.0, 2.0], [4.0, 5.0], [0.0, 2.0], [1.0, 4.0], [0.0, 0.0]]"
j976zke73h4d7ffxt85bzeqmcd8fkjff,luck is all u need,10,validation,1,0,0.572667792772172,0.0,False,"[[2.0, 10.0], [1.0, 10.0], [0.0, 6.0], [0.0, 10.0], [1.0, 1.0], [0.0, 1.0], [0.0, 1.0], [0.0, 0.0], [0.0, 0.0]]"
j976zke73h4d7ffxt85bzeqmcd8fkjff,tungbot,15,validation,1,1,0.8217169656748954,0.405723218916318,True,"[[6.0, 15.0], [5.0, 15.0], [2.0, 6.0], [0.0, 15.0], [2.0, 2.0], [4.0, 5.0], [0.0, 2.0], [1.0, 4.0], [0.0, 0.0]]"
j976zke73h4d7ffxt85bzeqmcd8fkjff,luck is all u need,15,validation,1,0,0.5686355582675119,0.0,False,"[[4.0, 15.0], [2.0, 15.0], [0.0, 7.0], [0.0, 15.0], [2.0, 2.0], [0.0, 2.0], [0.0, 2.0], [0.0, 0.0], [0.0, 0.0]]"
j976zke73h4d7ffxt85bzeqmcd8fkjff,tungbot,20,validation,1,1,0.8446181040909442,0.482060346969814,True,"[[8.0, 20.0], [6.0, 20.0], [3.0, 9.0], [0.0, 20.0], [3.0, 4.0], [5.0, 6.0], [0.0, 4.0], [1.0, 5.0], [0.0, 0.0]]"
j976zke73h4d7ffxt85bzeqmcd8fkjff,luck is all u need,20,validation,1,1,0.7813760690404888,0.23057396735979618,True,"[[8.0, 20.0], [5.0, 20.0], [0.0, 8.0], [0.0, 20.0], [3.0, 3.0], [4.0, 6.0], [0.0, 3.0], [3.0, 4.0], [0.0, 1.0]]"
j976zke73h4d7ffxt85bzeqmcd8fkjff,tungbot,30,validation,1,1,0.8360916511526396,0.45363883717546544,True,"[[11.0, 30.0], [9.0, 30.0], [4.0, 14.0], [0.0, 30.0], [4.0, 7.0], [5.0, 7.0], [1.0, 7.0], [1.0, 6.0], [0.0, 0.0]]"
j976zke73h4d7ffxt85bzeqmcd8fkjff,luck is all u need,30,validation,1,1,0.7328632649680186,0.07221495144841057,True,"[[13.0, 30.0], [7.0, 30.0], [0.0, 12.0], [0.0, 30.0], [6.0, 7.0], [7.0, 12.0], [0.0, 7.0], [3.0, 7.0], [0.0, 1.0]]"
j976zke73h4d7ffxt85bzeqmcd8fkjff,tungbot,50,validation,1,1,0.8940879742131372,0.6469599140437908,True,"[[20.0, 50.0], [14.0, 50.0], [6.0, 24.0], [0.0, 50.0], [7.0, 11.0], [11.0, 14.0], [1.0, 11.0], [2.0, 12.0], [0.0, 1.0]]"
j976zke73h4d7ffxt85bzeqmcd8fkjff,luck is all u need,50,validation,1,1,0.791478609241229,0.2724311424704893,True,"[[19.0, 50.0], [12.0, 50.0], [2.0, 20.0], [0.0, 50.0], [7.0, 9.0], [8.0, 16.0], [1.0, 9.0], [5.0, 9.0], [0.0, 1.0]]"
j976zke73h4d7ffxt85bzeqmcd8fkjff,tungbot,75,validation,1,1,0.8004540214049648,0.31251142377068825,True,"[[28.0, 75.0], [18.0, 75.0], [8.0, 37.0], [0.0, 75.0], [9.0, 17.0], [17.0, 29.0], [2.0, 17.0], [3.0, 19.0], [0.0, 2.0]]"
j976zke73h4d7ffxt85bzeqmcd8fkjff,luck is all u need,75,validation,1,1,0.7530684524024036,0.13012086641671106,True,"[[22.0, 75.0], [13.0, 75.0], [2.0, 27.0], [0.0, 75.0], [8.0, 12.0], [15.0, 26.0], [2.0, 12.0], [7.0, 17.0], [0.0, 2.0]]"
j976zke73h4d7ffxt85bzeqmcd8fkjff,tungbot,100,validation,1,1,0.7352172437157246,0.07840872258401868,True,"[[31.0, 100.0], [20.0, 100.0], [9.0, 51.0], [0.0, 100.0], [11.0, 20.0], [17.0, 29.0], [2.0, 20.0], [3.0, 19.0], [0.0, 2.0]]"
j976zke73h4d7ffxt85bzeqmcd8fkjff,luck is all u need,100,validation,1,1,0.821726815755289,0.40575605251763025,True,"[[31.0, 100.0], [21.0, 100.0], [5.0, 37.0], [0.0, 100.0], [8.0, 13.0], [21.0, 36.0], [2.0, 13.0], [10.0, 23.0], [0.0, 2.0]]"
j9733p8sr38mcck7h8bqy045a58fkcj3,luck is all u need,5,test,1,0,0.5641778505286696,0.0,False,"[[2.0, 5.0], [1.0, 5.0], [0.0, 4.0], [0.0, 5.0], [0.0, 1.0], [1.0, 6.0], [0.0, 1.0], [1.0, 1.0], [0.0, 0.0]]"
j9733p8sr38mcck7h8bqy045a58fkcj3,tungbot,5,test,1,1,0.678503651865741,0.0,True,"[[1.0, 5.0], [1.0, 5.0], [1.0, 4.0], [0.0, 5.0], [0.0, 0.0], [2.0, 2.0], [0.0, 0.0], [1.0, 2.0], [0.0, 0.0]]"
j9733p8sr38mcck7h8bqy045a58fkcj3,luck is all u need,10,test,1,0,0.567480342206769,0.0,False,"[[4.0, 10.0], [2.0, 10.0], [0.0, 6.0], [0.0, 10.0], [0.0, 2.0], [2.0, 8.0], [1.0, 2.0], [1.0, 3.0], [0.0, 0.0]]"
j9733p8sr38mcck7h8bqy045a58fkcj3,tungbot,10,test,1,1,0.7244732406741176,0.042734236024267916,True,"[[3.0, 10.0], [2.0, 10.0], [1.0, 6.0], [0.0, 10.0], [0.0, 0.0], [4.0, 4.0], [0.0, 0.0], [1.0, 4.0], [0.0, 0.0]]"
j9733p8sr38mcck7h8bqy045a58fkcj3,luck is all u need,15,test,1,0,0.5285970795695093,0.0,False,"[[5.0, 15.0], [3.0, 15.0], [0.0, 9.0], [0.0, 15.0], [1.0, 3.0], [2.0, 8.0], [1.0, 3.0], [1.0, 3.0], [0.0, 0.0]]"
j9733p8sr38mcck7h8bqy045a58fkcj3,tungbot,15,test,1,1,0.7738197714465624,0.20140755689866938,True,"[[6.0, 15.0], [3.0, 15.0], [1.0, 9.0], [0.0, 15.0], [1.0, 1.0], [8.0, 9.0], [0.0, 1.0], [1.0, 8.0], [0.0, 0.0]]"
j9733p8sr38mcck7h8bqy045a58fkcj3,luck is all u need,20,test,1,0,0.5570978380294929,0.0,False,"[[6.0, 20.0], [3.0, 20.0], [0.0, 13.0], [0.0, 20.0], [1.0, 4.0], [3.0, 9.0], [1.0, 4.0], [2.0, 4.0], [0.0, 0.0]]"
j9733p8sr38mcck7h8bqy045a58fkcj3,tungbot,20,test,1,1,0.7502688596519119,0.1214435683274747,True,"[[7.0, 20.0], [3.0, 20.0], [1.0, 12.0], [0.0, 20.0], [1.0, 1.0], [10.0, 11.0], [0.0, 1.0], [1.0, 10.0], [0.0, 0.0]]"
j9733p8sr38mcck7h8bqy045a58fkcj3,luck is all u need,30,test,1,0,0.6802033545755279,0.0,False,"[[8.0, 30.0], [3.0, 30.0], [0.0, 18.0], [0.0, 30.0], [2.0, 7.0], [4.0, 11.0], [1.0, 7.0], [2.0, 5.0], [0.0, 1.0]]"
j9733p8sr38mcck7h8bqy045a58fkcj3,tungbot,30,test,1,1,0.8489987474301625,0.4966624914338749,True,"[[12.0, 30.0], [7.0, 30.0], [1.0, 15.0], [0.0, 30.0], [2.0, 2.0], [17.0, 19.0], [0.0, 2.0], [2.0, 17.0], [0.0, 1.0]]"
j9733p8sr38mcck7h8bqy045a58fkcj3,luck is all u need,50,test,1,0,0.5412075285468987,0.0,False,"[[14.0, 50.0], [5.0, 50.0], [0.0, 24.0], [0.0, 50.0], [5.0, 11.0], [7.0, 17.0], [2.0, 11.0], [4.0, 9.0], [0.0, 1.0]]"
j9733p8sr38mcck7h8bqy045a58fkcj3,tungbot,50,test,1,1,0.8403453323346124,0.46781777444870803,True,"[[23.0, 50.0], [15.0, 50.0], [2.0, 21.0], [0.0, 50.0], [3.0, 10.0], [28.0, 37.0], [2.0, 10.0], [7.0, 30.0], [0.0, 2.0]]"
j9733p8sr38mcck7h8bqy045a58fkcj3,luck is all u need,75,test,1,1,0.6345030160234926,0.0,True,"[[21.0, 75.0], [10.0, 75.0], [1.0, 37.0], [0.0, 75.0], [7.0, 14.0], [10.0, 21.0], [3.0, 14.0], [7.0, 13.0], [0.0, 1.0]]"
j9733p8sr38mcck7h8bqy045a58fkcj3,tungbot,75,test,1,1,0.7555614075328926,0.13803059460183478,True,"[[27.0, 75.0], [19.0, 75.0], [4.0, 33.0], [0.0, 75.0], [4.0, 13.0], [29.0, 40.0], [2.0, 13.0], [7.0, 31.0], [0.0, 2.0]]"
j9733p8sr38mcck7h8bqy045a58fkcj3,luck is all u need,100,test,1,1,0.6558430470396073,0.0,True,"[[28.0, 100.0], [12.0, 100.0], [2.0, 52.0], [0.0, 100.0], [10.0, 19.0], [15.0, 30.0], [4.0, 19.0], [9.0, 19.0], [0.0, 1.0]]"
j9733p8sr38mcck7h8bqy045a58fkcj3,tungbot,100,test,1,1,0.7234008381805833,0.048732048989163536,True,"[[35.0, 100.0], [23.0, 100.0], [4.0, 43.0], [0.0, 100.0], [8.0, 20.0], [35.0, 51.0], [2.0, 20.0], [7.0, 37.0], [0.0, 2.0]]"
j977kjznw48f7xjgvyh1krvvax8fkptc,tungbot,5,test,1,0,0.5059154800464126,0.0,False,"[[1.0, 5.0], [0.0, 5.0], [0.0, 2.0], [0.0, 5.0], [0.0, 0.0], [2.0, 2.0], [0.0, 0.0], [0.0, 2.0], [0.0, 0.0]]"
j977kjznw48f7xjgvyh1krvvax8fkptc,luck is all u need,5,test,1,1,0.5486386529779197,0.0,True,"[[2.0, 5.0], [1.0, 5.0], [0.0, 1.0], [0.0, 5.0], [2.0, 2.0], [0.0, 1.0], [0.0, 2.0], [0.0, 0.0], [0.0, 0.0]]"
j977kjznw48f7xjgvyh1krvvax8fkptc,tungbot,10,test,1,0,0.5076952135152217,0.0,False,"[[2.0, 10.0], [1.0, 10.0], [0.0, 4.0], [0.0, 10.0], [1.0, 1.0], [3.0, 4.0], [0.0, 1.0], [0.0, 3.0], [0.0, 0.0]]"
j977kjznw48f7xjgvyh1krvvax8fkptc,luck is all u need,10,test,1,0,0.6192167284209161,0.0,False,"[[3.0, 10.0], [1.0, 10.0], [0.0, 4.0], [0.0, 10.0], [2.0, 2.0], [0.0, 4.0], [0.0, 2.0], [0.0, 0.0], [0.0, 0.0]]"
j977kjznw48f7xjgvyh1krvvax8fkptc,tungbot,15,test,1,1,0.6553433920293179,0.0,True,"[[4.0, 15.0], [3.0, 15.0], [0.0, 6.0], [0.0, 15.0], [1.0, 1.0], [4.0, 5.0], [0.0, 1.0], [1.0, 4.0], [0.0, 0.0]]"
j977kjznw48f7xjgvyh1krvvax8fkptc,luck is all u need,15,test,1,0,0.7266071558506508,0.06863331885521226,False,"[[4.0, 15.0], [1.0, 15.0], [0.0, 7.0], [0.0, 15.0], [2.0, 2.0], [0.0, 7.0], [0.0, 2.0], [0.0, 0.0], [0.0, 0.0]]"
j977kjznw48f7xjgvyh1krvvax8fkptc,tungbot,20,test,1,1,0.624286380304087,0.0,True,"[[5.0, 20.0], [4.0, 20.0], [0.0, 9.0], [0.0, 20.0], [2.0, 2.0], [5.0, 7.0], [0.0, 2.0], [1.0, 5.0], [0.0, 0.0]]"
j977kjznw48f7xjgvyh1krvvax8fkptc,luck is all u need,20,test,1,0,0.7526745196559913,0.15302990717682718,False,"[[5.0, 20.0], [1.0, 20.0], [0.0, 11.0], [0.0, 20.0], [3.0, 4.0], [1.0, 8.0], [0.0, 4.0], [0.0, 1.0], [0.0, 0.0]]"
j977kjznw48f7xjgvyh1krvvax8fkptc,tungbot,30,test,1,1,0.593238830806315,0.0,True,"[[9.0, 30.0], [7.0, 30.0], [0.0, 14.0], [0.0, 30.0], [2.0, 2.0], [9.0, 17.0], [0.0, 2.0], [2.0, 9.0], [0.0, 1.0]]"
j977kjznw48f7xjgvyh1krvvax8fkptc,luck is all u need,30,test,1,0,0.6405845058693288,0.0,False,"[[11.0, 30.0], [3.0, 30.0], [0.0, 18.0], [0.0, 30.0], [4.0, 8.0], [4.0, 17.0], [0.0, 8.0], [2.0, 4.0], [0.0, 0.0]]"
j977kjznw48f7xjgvyh1krvvax8fkptc,tungbot,50,test,1,1,0.5214543956064381,0.0,True,"[[13.0, 50.0], [10.0, 50.0], [2.0, 28.0], [0.0, 50.0], [3.0, 3.0], [9.0, 20.0], [0.0, 3.0], [2.0, 9.0], [0.0, 1.0]]"
j977kjznw48f7xjgvyh1krvvax8fkptc,luck is all u need,50,test,1,0,0.6432251939548563,0.0,False,"[[16.0, 50.0], [5.0, 50.0], [0.0, 29.0], [0.0, 50.0], [7.0, 11.0], [7.0, 25.0], [0.0, 11.0], [3.0, 7.0], [0.0, 0.0]]"
j977kjznw48f7xjgvyh1krvvax8fkptc,tungbot,75,test,1,1,0.65363847007548,0.0,True,"[[21.0, 75.0], [13.0, 75.0], [3.0, 45.0], [0.0, 75.0], [3.0, 4.0], [19.0, 35.0], [1.0, 4.0], [5.0, 20.0], [1.0, 3.0]]"
j977kjznw48f7xjgvyh1krvvax8fkptc,luck is all u need,75,test,1,0,0.6239984513599516,0.0,False,"[[25.0, 75.0], [8.0, 75.0], [1.0, 44.0], [0.0, 75.0], [9.0, 16.0], [11.0, 37.0], [1.0, 16.0], [4.0, 12.0], [0.0, 0.0]]"
j977kjznw48f7xjgvyh1krvvax8fkptc,tungbot,100,test,1,1,0.7244270363389276,0.051170672287385505,True,"[[33.0, 100.0], [19.0, 100.0], [6.0, 61.0], [0.0, 100.0], [7.0, 11.0], [29.0, 47.0], [1.0, 11.0], [5.0, 30.0], [1.0, 4.0]]"
j977kjznw48f7xjgvyh1krvvax8fkptc,luck is all u need,100,test,1,0,0.6188507336145986,0.0,False,"[[32.0, 100.0], [12.0, 100.0], [3.0, 58.0], [0.0, 100.0], [13.0, 24.0], [12.0, 40.0], [1.0, 24.0], [4.0, 13.0], [0.0, 0.0]]"
j972h1mz26jxphf7za8q40c2w58fk50d,tungbot,5,validation,1,0,0.5548899205890002,0.0,False,"[[2.0, 5.0], [0.0, 5.0], [0.0, 2.0], [0.0, 5.0], [2.0, 2.0], [0.0, 2.0], [0.0, 2.0], [0.0, 0.0], [0.0, 0.0]]"
j972h1mz26jxphf7za8q40c2w58fk50d,luck is all u need,5,validation,1,1,0.6255862882297156,0.0,True,"[[3.0, 5.0], [1.0, 5.0], [0.0, 3.0], [0.0, 5.0], [2.0, 6.0], [2.0, 3.0], [1.0, 6.0], [1.0, 3.0], [0.0, 0.0]]"
j972h1mz26jxphf7za8q40c2w58fk50d,tungbot,10,validation,1,0,0.514378853824903,0.0,False,"[[3.0, 10.0], [1.0, 10.0], [1.0, 5.0], [0.0, 10.0], [2.0, 2.0], [0.0, 2.0], [0.0, 2.0], [0.0, 0.0], [0.0, 0.0]]"
j972h1mz26jxphf7za8q40c2w58fk50d,luck is all u need,10,validation,1,1,0.518178313130841,0.0,True,"[[4.0, 10.0], [1.0, 10.0], [0.0, 6.0], [0.0, 10.0], [3.0, 7.0], [2.0, 5.0], [1.0, 7.0], [1.0, 3.0], [0.0, 0.0]]"
j972h1mz26jxphf7za8q40c2w58fk50d,tungbot,15,validation,1,0,0.657143490302473,0.0,False,"[[4.0, 15.0], [1.0, 15.0], [1.0, 8.0], [0.0, 15.0], [2.0, 2.0], [0.0, 5.0], [0.0, 2.0], [0.0, 0.0], [0.0, 0.0]]"
j972h1mz26jxphf7za8q40c2w58fk50d,luck is all u need,15,validation,1,0,0.5848498816640016,0.0,False,"[[7.0, 15.0], [2.0, 15.0], [0.0, 10.0], [0.0, 15.0], [3.0, 8.0], [3.0, 11.0], [1.0, 8.0], [1.0, 4.0], [0.0, 0.0]]"
j972h1mz26jxphf7za8q40c2w58fk50d,tungbot,20,validation,1,0,0.6421076545958313,0.0,False,"[[6.0, 20.0], [3.0, 20.0], [1.0, 11.0], [0.0, 20.0], [2.0, 5.0], [0.0, 5.0], [1.0, 5.0], [0.0, 1.0], [0.0, 0.0]]"
j972h1mz26jxphf7za8q40c2w58fk50d,luck is all u need,20,validation,1,0,0.5654859956425144,0.0,False,"[[8.0, 20.0], [2.0, 20.0], [0.0, 13.0], [0.0, 20.0], [3.0, 9.0], [5.0, 13.0], [2.0, 9.0], [2.0, 7.0], [0.0, 0.0]]"
j972h1mz26jxphf7za8q40c2w58fk50d,tungbot,30,validation,1,0,0.5215088094704105,0.0,False,"[[10.0, 30.0], [3.0, 30.0], [1.0, 16.0], [0.0, 30.0], [4.0, 7.0], [3.0, 9.0], [1.0, 7.0], [1.0, 4.0], [0.0, 0.0]]"
j972h1mz26jxphf7za8q40c2w58fk50d,luck is all u need,30,validation,1,0,0.647923709452444,0.0,False,"[[10.0, 30.0], [2.0, 30.0], [0.0, 20.0], [0.0, 30.0], [3.0, 10.0], [9.0, 17.0], [2.0, 10.0], [2.0, 11.0], [0.0, 0.0]]"
j972h1mz26jxphf7za8q40c2w58fk50d,tungbot,50,validation,1,1,0.7717879687915595,0.19386654192580285,True,"[[15.0, 50.0], [7.0, 50.0], [2.0, 25.0], [1.0, 50.0], [4.0, 9.0], [7.0, 14.0], [1.0, 9.0], [1.0, 8.0], [0.0, 1.0]]"
j972h1mz26jxphf7za8q40c2w58fk50d,luck is all u need,50,validation,1,0,0.7815437368836256,0.2686167120134706,False,"[[12.0, 50.0], [3.0, 50.0], [0.0, 29.0], [0.0, 50.0], [3.0, 10.0], [9.0, 20.0], [2.0, 10.0], [2.0, 11.0], [0.0, 0.0]]"
j972h1mz26jxphf7za8q40c2w58fk50d,tungbot,75,validation,1,1,0.7092579384294337,0.01772998695199179,True,"[[18.0, 75.0], [9.0, 75.0], [2.0, 35.0], [1.0, 75.0], [4.0, 9.0], [10.0, 18.0], [1.0, 9.0], [1.0, 11.0], [0.0, 1.0]]"
j972h1mz26jxphf7za8q40c2w58fk50d,luck is all u need,75,validation,1,0,0.6263960495724595,0.0,False,"[[19.0, 75.0], [7.0, 75.0], [3.0, 40.0], [0.0, 75.0], [4.0, 12.0], [11.0, 25.0], [3.0, 12.0], [4.0, 14.0], [0.0, 0.0]]"
j972h1mz26jxphf7za8q40c2w58fk50d,tungbot,100,validation,1,1,0.7798855918241558,0.22467894471484667,True,"[[26.0, 100.0], [15.0, 100.0], [3.0, 49.0], [1.0, 100.0], [5.0, 11.0], [19.0, 30.0], [2.0, 11.0], [1.0, 21.0], [0.0, 2.0]]"
j972h1mz26jxphf7za8q40c2w58fk50d,luck is all u need,100,validation,1,0,0.6585813008944478,0.0,False,"[[26.0, 100.0], [9.0, 100.0], [4.0, 58.0], [0.0, 100.0], [6.0, 18.0], [17.0, 38.0], [4.0, 18.0], [6.0, 21.0], [0.0, 1.0]]"
j975twxahc562196y946enp1w58fjqb5,luck is all u need,5,validation,1,0,0.6495133096644876,0.0,False,"[[1.0, 5.0], [1.0, 5.0], [0.0, 1.0], [0.0, 5.0], [0.0, 1.0], [0.0, 3.0], [0.0, 1.0], [0.0, 0.0], [0.0, 0.0]]"
j975twxahc562196y946enp1w58fjqb5,tungbot,5,validation,1,1,0.511580752021574,0.0,True,"[[1.0, 5.0], [1.0, 5.0], [0.0, 2.0], [0.0, 5.0], [1.0, 2.0], [0.0, 0.0], [0.0, 2.0], [0.0, 0.0], [0.0, 0.0]]"
j975twxahc562196y946enp1w58fjqb5,luck is all u need,10,validation,1,1,0.6226391072537487,0.0,True,"[[4.0, 10.0], [3.0, 10.0], [1.0, 3.0], [0.0, 10.0], [1.0, 2.0], [1.0, 5.0], [0.0, 2.0], [1.0, 1.0], [0.0, 0.0]]"
j975twxahc562196y946enp1w58fjqb5,tungbot,10,validation,1,1,0.520043227548323,0.0,True,"[[3.0, 10.0], [1.0, 10.0], [0.0, 6.0], [0.0, 10.0], [2.0, 4.0], [2.0, 3.0], [1.0, 4.0], [0.0, 3.0], [0.0, 0.0]]"
j975twxahc562196y946enp1w58fjqb5,luck is all u need,15,validation,1,1,0.6771806887727149,0.0,True,"[[7.0, 15.0], [4.0, 15.0], [2.0, 7.0], [0.0, 15.0], [3.0, 5.0], [2.0, 9.0], [1.0, 5.0], [1.0, 3.0], [0.0, 0.0]]"
j975twxahc562196y946enp1w58fjqb5,tungbot,15,validation,1,0,0.5142937987083585,0.0,False,"[[4.0, 15.0], [2.0, 15.0], [0.0, 8.0], [0.0, 15.0], [3.0, 6.0], [3.0, 5.0], [1.0, 6.0], [0.0, 4.0], [0.0, 0.0]]"
j975twxahc562196y946enp1w58fjqb5,luck is all u need,20,validation,1,1,0.5952007621403209,0.0,True,"[[7.0, 20.0], [4.0, 20.0], [2.0, 10.0], [0.0, 20.0], [3.0, 5.0], [2.0, 9.0], [1.0, 5.0], [1.0, 3.0], [0.0, 0.0]]"
j975twxahc562196y946enp1w58fjqb5,tungbot,20,validation,1,0,0.512810841713481,0.0,False,"[[6.0, 20.0], [3.0, 20.0], [0.0, 10.0], [0.0, 20.0], [3.0, 6.0], [6.0, 10.0], [1.0, 6.0], [0.0, 7.0], [0.0, 0.0]]"
j975twxahc562196y946enp1w58fjqb5,luck is all u need,30,validation,1,1,0.6474872225028719,0.0,True,"[[10.0, 30.0], [5.0, 30.0], [2.0, 15.0], [0.0, 30.0], [3.0, 7.0], [4.0, 11.0], [2.0, 7.0], [3.0, 6.0], [0.0, 0.0]]"
j975twxahc562196y946enp1w58fjqb5,tungbot,30,validation,1,0,0.5299644799975449,0.0,False,"[[8.0, 30.0], [5.0, 30.0], [0.0, 15.0], [0.0, 30.0], [3.0, 6.0], [6.0, 10.0], [1.0, 6.0], [0.0, 7.0], [0.0, 0.0]]"
j975twxahc562196y946enp1w58fjqb5,luck is all u need,50,validation,1,1,0.610650755253145,0.0,True,"[[17.0, 50.0], [8.0, 50.0], [2.0, 23.0], [0.0, 50.0], [4.0, 13.0], [11.0, 24.0], [4.0, 13.0], [7.0, 15.0], [1.0, 1.0]]"
j975twxahc562196y946enp1w58fjqb5,tungbot,50,validation,1,1,0.6232279091865495,0.0,True,"[[14.0, 50.0], [10.0, 50.0], [0.0, 26.0], [0.0, 50.0], [4.0, 7.0], [12.0, 17.0], [1.0, 7.0], [1.0, 13.0], [0.0, 1.0]]"
j975twxahc562196y946enp1w58fjqb5,luck is all u need,75,validation,1,1,0.5072673599243244,0.0,True,"[[19.0, 75.0], [10.0, 75.0], [3.0, 35.0], [0.0, 75.0], [4.0, 13.0], [13.0, 28.0], [4.0, 13.0], [7.0, 17.0], [1.0, 1.0]]"
j975twxahc562196y946enp1w58fjqb5,tungbot,75,validation,1,1,0.6390875711483931,0.0,True,"[[20.0, 75.0], [14.0, 75.0], [2.0, 43.0], [0.0, 75.0], [6.0, 10.0], [13.0, 18.0], [1.0, 10.0], [1.0, 14.0], [0.0, 1.0]]"
j975twxahc562196y946enp1w58fjqb5,luck is all u need,100,validation,1,0,0.5256607472293753,0.0,False,"[[27.0, 100.0], [13.0, 100.0], [4.0, 49.0], [0.0, 100.0], [4.0, 15.0], [20.0, 42.0], [5.0, 15.0], [10.0, 25.0], [1.0, 1.0]]"
j975twxahc562196y946enp1w58fjqb5,tungbot,100,validation,1,0,0.5175912177373889,0.0,False,"[[23.0, 100.0], [15.0, 100.0], [3.0, 55.0], [0.0, 100.0], [7.0, 11.0], [14.0, 24.0], [1.0, 11.0], [1.0, 15.0], [0.0, 1.0]]"
j97fvc7s2q1xvx6aa0y4fkz9s18fk5fm,tungbot,5,test,1,1,0.5490121344325245,0.0,True,"[[3.0, 5.0], [2.0, 5.0], [1.0, 3.0], [0.0, 5.0], [1.0, 4.0], [0.0, 2.0], [1.0, 4.0], [0.0, 1.0], [0.0, 0.0]]"
j97fvc7s2q1xvx6aa0y4fkz9s18fk5fm,luck is all u need,5,test,1,0,0.6057519545525839,0.0,False,"[[0.0, 5.0], [0.0, 5.0], [0.0, 4.0], [0.0, 5.0], [0.0, 0.0], [0.0, 0.0], [0.0, 0.0], [0.0, 0.0], [0.0, 0.0]]"
j97fvc7s2q1xvx6aa0y4fkz9s18fk5fm,tungbot,10,test,1,1,0.6547368521766959,0.0,True,"[[7.0, 10.0], [3.0, 10.0], [1.0, 6.0], [0.0, 10.0], [3.0, 7.0], [4.0, 8.0], [1.0, 7.0], [0.0, 5.0], [0.0, 0.0]]"
j97fvc7s2q1xvx6aa0y4fkz9s18fk5fm,luck is all u need,10,test,1,1,0.7183024409475659,0.030833024924917445,True,"[[2.0, 10.0], [2.0, 10.0], [1.0, 7.0], [0.0, 10.0], [0.0, 1.0], [2.0, 2.0], [1.0, 1.0], [2.0, 3.0], [0.0, 0.0]]"
j97fvc7s2q1xvx6aa0y4fkz9s18fk5fm,tungbot,15,test,1,1,0.6027805556299145,0.0,True,"[[9.0, 15.0], [4.0, 15.0], [1.0, 9.0], [0.0, 15.0], [4.0, 10.0], [4.0, 8.0], [1.0, 10.0], [0.0, 5.0], [0.0, 0.0]]"
j97fvc7s2q1xvx6aa0y4fkz9s18fk5fm,luck is all u need,15,test,1,1,0.7434876152261201,0.10130995912214036,True,"[[4.0, 15.0], [3.0, 15.0], [1.0, 9.0], [0.0, 15.0], [2.0, 3.0], [2.0, 3.0], [1.0, 3.0], [2.0, 3.0], [0.0, 0.0]]"
j97fvc7s2q1xvx6aa0y4fkz9s18fk5fm,tungbot,20,test,1,1,0.6614664017473794,0.0,True,"[[11.0, 20.0], [6.0, 20.0], [2.0, 12.0], [0.0, 20.0], [5.0, 12.0], [5.0, 9.0], [1.0, 12.0], [0.0, 6.0], [0.0, 0.0]]"
j97fvc7s2q1xvx6aa0y4fkz9s18fk5fm,luck is all u need,20,test,1,1,0.734375218019296,0.07617686381763239,True,"[[5.0, 20.0], [4.0, 20.0], [1.0, 10.0], [0.0, 20.0], [2.0, 3.0], [2.0, 3.0], [1.0, 3.0], [2.0, 3.0], [0.0, 0.0]]"
j97fvc7s2q1xvx6aa0y4fkz9s18fk5fm,tungbot,30,test,1,1,0.6270496588895251,0.0,True,"[[13.0, 30.0], [8.0, 30.0], [2.0, 18.0], [0.0, 30.0], [5.0, 12.0], [7.0, 11.0], [1.0, 12.0], [0.0, 8.0], [0.0, 0.0]]"
j97fvc7s2q1xvx6aa0y4fkz9s18fk5fm,luck is all u need,30,test,1,1,0.7195015816279707,0.039702025138558965,True,"[[9.0, 30.0], [4.0, 30.0], [1.0, 16.0], [0.0, 30.0], [5.0, 6.0], [3.0, 5.0], [1.0, 6.0], [3.0, 4.0], [0.0, 0.0]]"
j97fvc7s2q1xvx6aa0y4fkz9s18fk5fm,tungbot,50,test,1,1,0.6464759663133613,0.0,True,"[[18.0, 50.0], [12.0, 50.0], [4.0, 31.0], [0.0, 50.0], [5.0, 12.0], [11.0, 15.0], [1.0, 12.0], [0.0, 12.0], [0.0, 0.0]]"
j97fvc7s2q1xvx6aa0y4fkz9s18fk5fm,luck is all u need,50,test,1,1,0.7871240433958347,0.25397740036016064,True,"[[17.0, 50.0], [11.0, 50.0], [3.0, 25.0], [0.0, 50.0], [5.0, 7.0], [8.0, 13.0], [1.0, 7.0], [3.0, 9.0], [0.0, 0.0]]"
j97fvc7s2q1xvx6aa0y4fkz9s18fk5fm,tungbot,75,test,1,1,0.5433742535270965,0.0,True,"[[26.0, 75.0], [17.0, 75.0], [5.0, 46.0], [0.0, 75.0], [6.0, 18.0], [16.0, 21.0], [2.0, 18.0], [0.0, 18.0], [0.0, 0.0]]"
j97fvc7s2q1xvx6aa0y4fkz9s18fk5fm,luck is all u need,75,test,1,1,0.8238548662901481,0.4128495543004939,True,"[[27.0, 75.0], [15.0, 75.0], [4.0, 41.0], [0.0, 75.0], [7.0, 14.0], [16.0, 26.0], [4.0, 14.0], [6.0, 20.0], [0.0, 1.0]]"
j97fvc7s2q1xvx6aa0y4fkz9s18fk5fm,tungbot,100,test,1,1,0.675122922776668,0.0,True,"[[42.0, 100.0], [28.0, 100.0], [8.0, 58.0], [0.0, 100.0], [13.0, 32.0], [27.0, 40.0], [3.0, 32.0], [1.0, 30.0], [0.0, 1.0]]"
j97fvc7s2q1xvx6aa0y4fkz9s18fk5fm,luck is all u need,100,test,1,1,0.806801021669554,0.34258597935310786,True,"[[37.0, 100.0], [18.0, 100.0], [4.0, 50.0], [0.0, 100.0], [7.0, 19.0], [28.0, 44.0], [6.0, 19.0], [14.0, 34.0], [0.0, 2.0]]"
j971vghs6nx0fymke0ttm12qyh8fj8hq,luck is all u need,5,validation,1,1,0.5828777629258699,0.0,True,"[[2.0, 5.0], [0.0, 5.0], [0.0, 3.0], [0.0, 5.0], [1.0, 1.0], [1.0, 2.0], [0.0, 1.0], [1.0, 1.0], [0.0, 0.0]]"
j971vghs6nx0fymke0ttm12qyh8fj8hq,tungbot,5,validation,1,1,0.5767765181498954,0.0,True,"[[2.0, 5.0], [0.0, 5.0], [0.0, 3.0], [0.0, 5.0], [1.0, 2.0], [2.0, 4.0], [1.0, 2.0], [1.0, 3.0], [0.0, 0.0]]"
j971vghs6nx0fymke0ttm12qyh8fj8hq,luck is all u need,10,validation,1,1,0.6397475741432618,0.0,True,"[[4.0, 10.0], [1.0, 10.0], [0.0, 5.0], [0.0, 10.0], [1.0, 1.0], [3.0, 4.0], [0.0, 1.0], [1.0, 3.0], [0.0, 0.0]]"
j971vghs6nx0fymke0ttm12qyh8fj8hq,tungbot,10,validation,1,1,0.6885481617157356,0.0,True,"[[4.0, 10.0], [2.0, 10.0], [1.0, 4.0], [0.0, 10.0], [2.0, 4.0], [2.0, 4.0], [1.0, 4.0], [1.0, 3.0], [0.0, 0.0]]"
j971vghs6nx0fymke0ttm12qyh8fj8hq,luck is all u need,15,validation,1,1,0.5994433992293731,0.0,True,"[[5.0, 15.0], [1.0, 15.0], [0.0, 7.0], [0.0, 15.0], [1.0, 1.0], [4.0, 5.0], [0.0, 1.0], [1.0, 4.0], [0.0, 0.0]]"
j971vghs6nx0fymke0ttm12qyh8fj8hq,tungbot,15,validation,1,1,0.6760102687689671,0.0,True,"[[5.0, 15.0], [3.0, 15.0], [1.0, 4.0], [0.0, 15.0], [2.0, 4.0], [2.0, 4.0], [1.0, 4.0], [1.0, 3.0], [0.0, 0.0]]"
j971vghs6nx0fymke0ttm12qyh8fj8hq,luck is all u need,20,validation,1,1,0.5644875338787891,0.0,True,"[[6.0, 20.0], [1.0, 20.0], [0.0, 10.0], [0.0, 20.0], [1.0, 1.0], [5.0, 6.0], [0.0, 1.0], [1.0, 5.0], [0.0, 0.0]]"
j971vghs6nx0fymke0ttm12qyh8fj8hq,tungbot,20,validation,1,1,0.6699523824760434,0.0,True,"[[6.0, 20.0], [4.0, 20.0], [1.0, 7.0], [0.0, 20.0], [2.0, 4.0], [3.0, 5.0], [1.0, 4.0], [1.0, 4.0], [0.0, 0.0]]"
j971vghs6nx0fymke0ttm12qyh8fj8hq,luck is all u need,30,validation,1,1,0.7539609510066775,0.13293271082308908,True,"[[10.0, 30.0], [3.0, 30.0], [1.0, 18.0], [0.0, 30.0], [2.0, 4.0], [6.0, 7.0], [2.0, 4.0], [2.0, 8.0], [0.0, 0.0]]"
j971vghs6nx0fymke0ttm12qyh8fj8hq,tungbot,30,validation,1,1,0.5861269557206432,0.0,True,"[[7.0, 30.0], [4.0, 30.0], [1.0, 11.0], [0.0, 30.0], [2.0, 4.0], [4.0, 6.0], [1.0, 4.0], [1.0, 5.0], [0.0, 0.0]]"
j971vghs6nx0fymke0ttm12qyh8fj8hq,luck is all u need,50,validation,1,1,0.7342296277733384,0.07579281205171888,True,"[[15.0, 50.0], [7.0, 50.0], [3.0, 29.0], [0.0, 50.0], [6.0, 10.0], [7.0, 11.0], [3.0, 10.0], [2.0, 10.0], [0.0, 0.0]]"
j971vghs6nx0fymke0ttm12qyh8fj8hq,tungbot,50,validation,1,1,0.8135962291024829,0.37645381816641,True,"[[16.0, 50.0], [12.0, 50.0], [3.0, 17.0], [0.0, 50.0], [3.0, 7.0], [13.0, 17.0], [2.0, 7.0], [2.0, 15.0], [0.0, 0.0]]"
j971vghs6nx0fymke0ttm12qyh8fj8hq,luck is all u need,75,validation,1,1,0.617721513170055,0.0,True,"[[20.0, 75.0], [10.0, 75.0], [4.0, 45.0], [0.0, 75.0], [6.0, 13.0], [10.0, 19.0], [4.0, 13.0], [3.0, 14.0], [0.0, 1.0]]"
j971vghs6nx0fymke0ttm12qyh8fj8hq,tungbot,75,validation,1,1,0.735049927673923,0.07796378576635896,True,"[[23.0, 75.0], [16.0, 75.0], [4.0, 30.0], [0.0, 75.0], [3.0, 9.0], [21.0, 28.0], [2.0, 9.0], [3.0, 23.0], [0.0, 0.0]]"
j971vghs6nx0fymke0ttm12qyh8fj8hq,luck is all u need,100,validation,1,1,0.6258651902288104,0.0,True,"[[26.0, 100.0], [13.0, 100.0], [6.0, 59.0], [0.0, 100.0], [7.0, 18.0], [14.0, 26.0], [7.0, 18.0], [4.0, 21.0], [0.0, 1.0]]"
j971vghs6nx0fymke0ttm12qyh8fj8hq,tungbot,100,validation,1,1,0.7726233230584422,0.19695171990492202,True,"[[28.0, 100.0], [18.0, 100.0], [4.0, 42.0], [0.0, 100.0], [5.0, 11.0], [25.0, 32.0], [2.0, 11.0], [4.0, 27.0], [0.0, 0.0]]"
j978zg1vpmj7n9saz0m2rgjs1h8fkjj6,tungbot,5,validation,1,0,0.5349336609590005,0.0,False,"[[2.0, 5.0], [1.0, 5.0], [0.0, 4.0], [0.0, 5.0], [2.0, 4.0], [2.0, 5.0], [0.0, 4.0], [0.0, 2.0], [0.0, 0.0]]"
j978zg1vpmj7n9saz0m2rgjs1h8fkjj6,luck is all u need,5,validation,1,0,0.7083862044326785,0.008257969282078162,False,"[[1.0, 5.0], [0.0, 5.0], [0.0, 3.0], [0.0, 5.0], [0.0, 1.0], [0.0, 3.0], [0.0, 1.0], [0.0, 0.0], [0.0, 0.0]]"
j978zg1vpmj7n9saz0m2rgjs1h8fkjj6,tungbot,10,validation,1,1,0.6183206841377721,0.0,True,"[[5.0, 10.0], [4.0, 10.0], [0.0, 6.0], [0.0, 10.0], [2.0, 5.0], [4.0, 10.0], [1.0, 5.0], [1.0, 5.0], [0.0, 0.0]]"
j978zg1vpmj7n9saz0m2rgjs1h8fkjj6,luck is all u need,10,validation,1,0,0.8075010508204012,0.2986140300566702,False,"[[2.0, 10.0], [0.0, 10.0], [0.0, 6.0], [0.0, 10.0], [0.0, 1.0], [0.0, 6.0], [0.0, 1.0], [0.0, 0.0], [0.0, 0.0]]"
j978zg1vpmj7n9saz0m2rgjs1h8fkjj6,tungbot,15,validation,1,1,0.7332447967206948,0.07320919755084881,True,"[[8.0, 15.0], [7.0, 15.0], [1.0, 8.0], [0.0, 15.0], [2.0, 5.0], [6.0, 12.0], [1.0, 5.0], [1.0, 7.0], [0.0, 0.0]]"
j978zg1vpmj7n9saz0m2rgjs1h8fkjj6,luck is all u need,15,validation,1,0,0.8558544780038314,0.5195149266794381,False,"[[2.0, 15.0], [0.0, 15.0], [0.0, 9.0], [0.0, 15.0], [0.0, 1.0], [0.0, 6.0], [0.0, 1.0], [0.0, 0.0], [0.0, 0.0]]"
j978zg1vpmj7n9saz0m2rgjs1h8fkjj6,tungbot,20,validation,1,1,0.6527954173313663,0.0,True,"[[9.0, 20.0], [7.0, 20.0], [1.0, 12.0], [0.0, 20.0], [2.0, 5.0], [7.0, 15.0], [1.0, 5.0], [1.0, 8.0], [0.0, 0.0]]"
j978zg1vpmj7n9saz0m2rgjs1h8fkjj6,luck is all u need,20,validation,1,0,0.7768259560654814,0.24801027923526245,False,"[[4.0, 20.0], [1.0, 20.0], [0.0, 11.0], [0.0, 20.0], [1.0, 3.0], [1.0, 9.0], [0.0, 3.0], [1.0, 1.0], [0.0, 0.0]]"
j978zg1vpmj7n9saz0m2rgjs1h8fkjj6,tungbot,30,validation,1,1,0.7534982663185021,0.13147224585380535,True,"[[16.0, 30.0], [11.0, 30.0], [1.0, 15.0], [0.0, 30.0], [5.0, 10.0], [9.0, 18.0], [2.0, 10.0], [1.0, 11.0], [0.0, 0.0]]"
j978zg1vpmj7n9saz0m2rgjs1h8fkjj6,luck is all u need,30,validation,1,0,0.6997729955386636,0.0,False,"[[6.0, 30.0], [2.0, 30.0], [0.0, 17.0], [0.0, 30.0], [1.0, 4.0], [3.0, 11.0], [1.0, 4.0], [3.0, 4.0], [0.0, 0.0]]"
j978zg1vpmj7n9saz0m2rgjs1h8fkjj6,tungbot,50,validation,1,1,0.7705075151063486,0.18917854847692606,True,"[[22.0, 50.0], [14.0, 50.0], [2.0, 25.0], [0.0, 50.0], [7.0, 13.0], [14.0, 26.0], [3.0, 13.0], [2.0, 17.0], [0.0, 0.0]]"
j978zg1vpmj7n9saz0m2rgjs1h8fkjj6,luck is all u need,50,validation,1,0,0.7482682404256148,0.1374978606890851,False,"[[9.0, 50.0], [3.0, 50.0], [0.0, 27.0], [0.0, 50.0], [3.0, 8.0], [3.0, 12.0], [2.0, 8.0], [3.0, 5.0], [0.0, 0.0]]"
j978zg1vpmj7n9saz0m2rgjs1h8fkjj6,tungbot,75,validation,1,1,0.6770848256913929,0.0,True,"[[30.0, 75.0], [19.0, 75.0], [2.0, 37.0], [0.0, 75.0], [10.0, 20.0], [20.0, 36.0], [3.0, 20.0], [2.0, 23.0], [0.0, 0.0]]"
j978zg1vpmj7n9saz0m2rgjs1h8fkjj6,luck is all u need,75,validation,1,0,0.6994470612063,0.0,False,"[[15.0, 75.0], [4.0, 75.0], [0.0, 41.0], [0.0, 75.0], [4.0, 10.0], [12.0, 26.0], [3.0, 10.0], [4.0, 15.0], [0.0, 0.0]]"
j978zg1vpmj7n9saz0m2rgjs1h8fkjj6,tungbot,100,validation,1,1,0.7076154226131274,0.014438774689975448,True,"[[38.0, 100.0], [23.0, 100.0], [3.0, 51.0], [0.0, 100.0], [14.0, 25.0], [25.0, 45.0], [4.0, 25.0], [3.0, 29.0], [0.0, 0.0]]"
j978zg1vpmj7n9saz0m2rgjs1h8fkjj6,luck is all u need,100,validation,1,0,0.6703398930747537,0.0,False,"[[19.0, 100.0], [5.0, 100.0], [0.0, 57.0], [0.0, 100.0], [5.0, 11.0], [14.0, 29.0], [3.0, 11.0], [5.0, 17.0], [0.0, 0.0]]"
j9752da198zpagavxy16w51a7s8fknfe,tungbot,5,validation,1,1,0.5564187817117252,0.0,True,"[[1.0, 5.0], [1.0, 5.0], [1.0, 4.0], [0.0, 5.0], [1.0, 2.0], [0.0, 0.0], [0.0, 2.0], [0.0, 0.0], [0.0, 0.0]]"
j9752da198zpagavxy16w51a7s8fknfe,luck is all u need,5,validation,1,0,0.5224358638211111,0.0,False,"[[2.0, 5.0], [0.0, 5.0], [0.0, 2.0], [0.0, 5.0], [1.0, 2.0], [0.0, 4.0], [1.0, 2.0], [1.0, 1.0], [0.0, 0.0]]"
j9752da198zpagavxy16w51a7s8fknfe,tungbot,10,validation,1,1,0.5156026470352657,0.0,True,"[[2.0, 10.0], [1.0, 10.0], [1.0, 7.0], [0.0, 10.0], [2.0, 3.0], [0.0, 0.0], [0.0, 3.0], [0.0, 0.0], [0.0, 0.0]]"
j9752da198zpagavxy16w51a7s8fknfe,luck is all u need,10,validation,1,1,0.5700221807700538,0.0,True,"[[4.0, 10.0], [1.0, 10.0], [0.0, 5.0], [0.0, 10.0], [2.0, 4.0], [0.0, 5.0], [2.0, 4.0], [2.0, 2.0], [0.0, 0.0]]"
j9752da198zpagavxy16w51a7s8fknfe,tungbot,15,validation,1,0,0.5277658259584816,0.0,False,"[[4.0, 15.0], [2.0, 15.0], [1.0, 10.0], [0.0, 15.0], [2.0, 3.0], [1.0, 3.0], [0.0, 3.0], [0.0, 1.0], [0.0, 0.0]]"
j9752da198zpagavxy16w51a7s8fknfe,luck is all u need,15,validation,1,1,0.5583971701205733,0.0,True,"[[5.0, 15.0], [1.0, 15.0], [0.0, 9.0], [0.0, 15.0], [2.0, 4.0], [1.0, 7.0], [2.0, 4.0], [3.0, 3.0], [0.0, 0.0]]"
j9752da198zpagavxy16w51a7s8fknfe,tungbot,20,validation,1,1,0.5061657269874327,0.0,True,"[[6.0, 20.0], [3.0, 20.0], [1.0, 12.0], [0.0, 20.0], [2.0, 5.0], [3.0, 5.0], [1.0, 5.0], [0.0, 4.0], [0.0, 1.0]]"
j9752da198zpagavxy16w51a7s8fknfe,luck is all u need,20,validation,1,0,0.506516415757673,0.0,False,"[[6.0, 20.0], [1.0, 20.0], [0.0, 12.0], [0.0, 20.0], [3.0, 6.0], [1.0, 7.0], [2.0, 6.0], [3.0, 3.0], [0.0, 0.0]]"
j9752da198zpagavxy16w51a7s8fknfe,tungbot,30,validation,1,0,0.5271485200893885,0.0,False,"[[9.0, 30.0], [6.0, 30.0], [2.0, 17.0], [0.0, 30.0], [3.0, 10.0], [5.0, 7.0], [1.0, 10.0], [0.0, 6.0], [0.0, 1.0]]"
j9752da198zpagavxy16w51a7s8fknfe,luck is all u need,30,validation,1,1,0.5744797175433368,0.0,True,"[[13.0, 30.0], [5.0, 30.0], [2.0, 18.0], [0.0, 30.0], [4.0, 14.0], [6.0, 17.0], [5.0, 14.0], [4.0, 11.0], [1.0, 2.0]]"
j9752da198zpagavxy16w51a7s8fknfe,tungbot,50,validation,1,1,0.6442386902114828,0.0,True,"[[17.0, 50.0], [9.0, 50.0], [3.0, 28.0], [0.0, 50.0], [5.0, 13.0], [12.0, 18.0], [2.0, 13.0], [2.0, 14.0], [0.0, 2.0]]"
j9752da198zpagavxy16w51a7s8fknfe,luck is all u need,50,validation,1,1,0.5607657814307238,0.0,True,"[[19.0, 50.0], [8.0, 50.0], [2.0, 28.0], [0.0, 50.0], [7.0, 19.0], [11.0, 28.0], [5.0, 19.0], [5.0, 16.0], [1.0, 3.0]]"
j9752da198zpagavxy16w51a7s8fknfe,tungbot,75,validation,1,1,0.6589678432977696,0.0,True,"[[22.0, 75.0], [13.0, 75.0], [5.0, 41.0], [0.0, 75.0], [6.0, 14.0], [13.0, 19.0], [2.0, 14.0], [2.0, 15.0], [0.0, 2.0]]"
j9752da198zpagavxy16w51a7s8fknfe,luck is all u need,75,validation,1,1,0.5183265220461375,0.0,True,"[[28.0, 75.0], [13.0, 75.0], [4.0, 41.0], [0.0, 75.0], [8.0, 24.0], [21.0, 48.0], [5.0, 24.0], [8.0, 26.0], [1.0, 5.0]]"
j9752da198zpagavxy16w51a7s8fknfe,tungbot,100,validation,1,1,0.6979218299676809,0.0,True,"[[31.0, 100.0], [19.0, 100.0], [7.0, 56.0], [0.0, 100.0], [8.0, 19.0], [19.0, 28.0], [3.0, 19.0], [3.0, 22.0], [0.0, 2.0]]"
j9752da198zpagavxy16w51a7s8fknfe,luck is all u need,100,validation,1,1,0.645651486444888,0.0,True,"[[39.0, 100.0], [17.0, 100.0], [6.0, 56.0], [0.0, 100.0], [12.0, 31.0], [29.0, 64.0], [7.0, 31.0], [12.0, 36.0], [1.0, 6.0]]"
j978af0y4kqpbq588xq4qp64318fke7e,luck is all u need,5,validation,1,1,0.5799053874675163,0.0,True,"[[2.0, 5.0], [1.0, 5.0], [0.0, 1.0], [0.0, 5.0], [0.0, 0.0], [1.0, 1.0], [0.0, 0.0], [0.0, 1.0], [0.0, 0.0]]"
j978af0y4kqpbq588xq4qp64318fke7e,tungbot,5,validation,1,1,0.7473103042454008,0.04687784391839169,True,"[[3.0, 5.0], [3.0, 5.0], [1.0, 1.0], [0.0, 5.0], [1.0, 1.0], [0.0, 0.0], [0.0, 1.0], [0.0, 0.0], [0.0, 0.0]]"
j978af0y4kqpbq588xq4qp64318fke7e,luck is all u need,10,validation,1,0,0.5286070209630582,0.0,False,"[[2.0, 10.0], [1.0, 10.0], [0.0, 5.0], [0.0, 10.0], [0.0, 0.0], [1.0, 1.0], [0.0, 0.0], [0.0, 1.0], [0.0, 0.0]]"
j978af0y4kqpbq588xq4qp64318fke7e,tungbot,10,validation,1,1,0.8444999883895552,0.4013888566376534,True,"[[7.0, 10.0], [7.0, 10.0], [2.0, 3.0], [0.0, 10.0], [2.0, 2.0], [1.0, 2.0], [0.0, 2.0], [0.0, 1.0], [0.0, 0.0]]"
j978af0y4kqpbq588xq4qp64318fke7e,luck is all u need,15,validation,1,1,0.6620670425859773,0.0,True,"[[4.0, 15.0], [2.0, 15.0], [0.0, 6.0], [0.0, 15.0], [1.0, 2.0], [4.0, 7.0], [1.0, 2.0], [3.0, 5.0], [0.0, 0.0]]"
j978af0y4kqpbq588xq4qp64318fke7e,tungbot,15,validation,1,1,0.8410748247047922,0.47024941568264084,True,"[[8.0, 15.0], [8.0, 15.0], [3.0, 5.0], [0.0, 15.0], [3.0, 3.0], [1.0, 2.0], [0.0, 3.0], [0.0, 1.0], [0.0, 0.0]]"
j978af0y4kqpbq588xq4qp64318fke7e,luck is all u need,20,validation,1,1,0.5910193306908874,0.0,True,"[[4.0, 20.0], [2.0, 20.0], [0.0, 9.0], [0.0, 20.0], [1.0, 2.0], [4.0, 7.0], [1.0, 2.0], [3.0, 5.0], [0.0, 0.0]]"
j978af0y4kqpbq588xq4qp64318fke7e,tungbot,20,validation,1,1,0.7755754950191878,0.20802576770000678,True,"[[8.0, 20.0], [8.0, 20.0], [3.0, 9.0], [0.0, 20.0], [3.0, 3.0], [1.0, 2.0], [0.0, 3.0], [0.0, 1.0], [0.0, 0.0]]"
j978af0y4kqpbq588xq4qp64318fke7e,luck is all u need,30,validation,1,0,0.5292851743205627,0.0,False,"[[4.0, 30.0], [2.0, 30.0], [0.0, 13.0], [0.0, 30.0], [1.0, 2.0], [4.0, 7.0], [1.0, 2.0], [3.0, 5.0], [0.0, 0.0]]"
j978af0y4kqpbq588xq4qp64318fke7e,tungbot,30,validation,1,1,0.7247121532796106,0.05185283759679882,True,"[[11.0, 30.0], [10.0, 30.0], [5.0, 16.0], [0.0, 30.0], [3.0, 4.0], [1.0, 4.0], [0.0, 4.0], [0.0, 1.0], [0.0, 0.0]]"
j978af0y4kqpbq588xq4qp64318fke7e,luck is all u need,50,validation,1,1,0.5560019065394357,0.0,True,"[[15.0, 50.0], [7.0, 50.0], [1.0, 23.0], [0.0, 50.0], [4.0, 11.0], [10.0, 21.0], [3.0, 11.0], [5.0, 13.0], [0.0, 0.0]]"
j978af0y4kqpbq588xq4qp64318fke7e,tungbot,50,validation,1,1,0.7985920158157616,0.30396481253998286,True,"[[16.0, 50.0], [13.0, 50.0], [6.0, 27.0], [0.0, 50.0], [5.0, 6.0], [4.0, 7.0], [0.0, 6.0], [2.0, 4.0], [0.0, 0.0]]"
j978af0y4kqpbq588xq4qp64318fke7e,luck is all u need,75,validation,1,1,0.5614025002959989,0.0,True,"[[24.0, 75.0], [11.0, 75.0], [2.0, 36.0], [0.0, 75.0], [7.0, 15.0], [13.0, 33.0], [3.0, 15.0], [6.0, 16.0], [0.0, 0.0]]"
j978af0y4kqpbq588xq4qp64318fke7e,tungbot,75,validation,1,1,0.7103402394005277,0.01993335186498355,True,"[[23.0, 75.0], [17.0, 75.0], [8.0, 43.0], [0.0, 75.0], [8.0, 10.0], [8.0, 15.0], [0.0, 10.0], [2.0, 8.0], [0.0, 0.0]]"
j978af0y4kqpbq588xq4qp64318fke7e,luck is all u need,100,validation,1,1,0.6353049814783109,0.0,True,"[[32.0, 100.0], [16.0, 100.0], [3.0, 50.0], [0.0, 100.0], [10.0, 20.0], [17.0, 48.0], [5.0, 20.0], [10.0, 22.0], [0.0, 1.0]]"
j978af0y4kqpbq588xq4qp64318fke7e,tungbot,100,validation,1,1,0.7467405938354688,0.11081320624176896,True,"[[32.0, 100.0], [23.0, 100.0], [10.0, 58.0], [0.0, 100.0], [11.0, 15.0], [13.0, 22.0], [1.0, 15.0], [2.0, 14.0], [0.0, 0.0]]"
j976amhhd797phyjy1d7pw97mx8fks0k,tungbot,5,validation,1,1,0.8730427380324031,0.24033713615611543,True,"[[5.0, 5.0], [4.0, 5.0], [0.0, 1.0], [0.0, 5.0], [1.0, 1.0], [8.0, 10.0], [0.0, 1.0], [2.0, 8.0], [0.0, 0.0]]"
j976amhhd797phyjy1d7pw97mx8fks0k,luck is all u need,5,validation,1,0,0.6030513798067153,0.0,False,"[[0.0, 5.0], [0.0, 5.0], [0.0, 3.0], [0.0, 5.0], [0.0, 0.0], [0.0, 0.0], [0.0, 0.0], [0.0, 0.0], [0.0, 0.0]]"
j976amhhd797phyjy1d7pw97mx8fks0k,tungbot,10,validation,1,1,0.8432365083355293,0.39787918982091486,True,"[[7.0, 10.0], [4.0, 10.0], [0.0, 5.0], [0.0, 10.0], [2.0, 2.0], [10.0, 14.0], [0.0, 2.0], [3.0, 10.0], [0.0, 0.0]]"
j976amhhd797phyjy1d7pw97mx8fks0k,luck is all u need,10,validation,1,0,0.6152862592806205,0.0,False,"[[1.0, 10.0], [0.0, 10.0], [0.0, 7.0], [0.0, 10.0], [0.0, 1.0], [0.0, 1.0], [1.0, 1.0], [1.0, 1.0], [0.0, 0.0]]"
j976amhhd797phyjy1d7pw97mx8fks0k,tungbot,15,validation,1,1,0.8799735611030368,0.5999118703434562,True,"[[9.0, 15.0], [6.0, 15.0], [2.0, 8.0], [0.0, 15.0], [3.0, 5.0], [10.0, 14.0], [0.0, 5.0], [3.0, 10.0], [0.0, 0.0]]"
j976amhhd797phyjy1d7pw97mx8fks0k,luck is all u need,15,validation,1,1,0.6487824999428025,0.0,True,"[[4.0, 15.0], [2.0, 15.0], [0.0, 10.0], [0.0, 15.0], [0.0, 1.0], [4.0, 5.0], [1.0, 1.0], [2.0, 5.0], [0.0, 0.0]]"
j976amhhd797phyjy1d7pw97mx8fks0k,tungbot,20,validation,1,1,0.8675642313227409,0.5585474377424696,True,"[[10.0, 20.0], [7.0, 20.0], [2.0, 9.0], [0.0, 20.0], [3.0, 5.0], [11.0, 15.0], [0.0, 5.0], [3.0, 11.0], [0.0, 0.0]]"
j976amhhd797phyjy1d7pw97mx8fks0k,luck is all u need,20,validation,1,1,0.6457047592965579,0.0,True,"[[5.0, 20.0], [2.0, 20.0], [0.0, 13.0], [0.0, 20.0], [1.0, 2.0], [4.0, 5.0], [1.0, 2.0], [2.0, 5.0], [0.0, 0.0]]"
j976amhhd797phyjy1d7pw97mx8fks0k,tungbot,30,validation,1,1,0.8609433425065883,0.5364778083552945,True,"[[13.0, 30.0], [10.0, 30.0], [2.0, 13.0], [0.0, 30.0], [3.0, 5.0], [13.0, 17.0], [0.0, 5.0], [3.0, 13.0], [0.0, 0.0]]"
j976amhhd797phyjy1d7pw97mx8fks0k,luck is all u need,30,validation,1,1,0.7101795748309766,0.01960452203002563,True,"[[8.0, 30.0], [4.0, 30.0], [1.0, 20.0], [0.0, 30.0], [1.0, 3.0], [6.0, 7.0], [1.0, 3.0], [3.0, 7.0], [0.0, 0.0]]"
j976amhhd797phyjy1d7pw97mx8fks0k,tungbot,50,validation,1,1,0.7936155761566162,0.2817208990749158,True,"[[18.0, 50.0], [14.0, 50.0], [2.0, 20.0], [0.0, 50.0], [6.0, 9.0], [16.0, 23.0], [0.0, 9.0], [3.0, 16.0], [0.0, 0.0]]"
j976amhhd797phyjy1d7pw97mx8fks0k,luck is all u need,50,validation,1,1,0.5892792164199155,0.0,True,"[[13.0, 50.0], [6.0, 50.0], [3.0, 32.0], [0.0, 50.0], [2.0, 7.0], [8.0, 13.0], [3.0, 7.0], [3.0, 11.0], [0.0, 0.0]]"
j976amhhd797phyjy1d7pw97mx8fks0k,tungbot,75,validation,1,1,0.7871480173441102,0.2540772699345668,True,"[[26.0, 75.0], [19.0, 75.0], [2.0, 29.0], [0.0, 75.0], [8.0, 11.0], [23.0, 33.0], [0.0, 11.0], [5.0, 23.0], [0.0, 0.0]]"
j976amhhd797phyjy1d7pw97mx8fks0k,luck is all u need,75,validation,1,1,0.7816653629414942,0.2317263610782192,True,"[[23.0, 75.0], [11.0, 75.0], [7.0, 46.0], [0.0, 75.0], [5.0, 10.0], [16.0, 23.0], [3.0, 10.0], [3.0, 19.0], [0.0, 0.0]]"
j976amhhd797phyjy1d7pw97mx8fks0k,tungbot,100,validation,1,1,0.7744209983860486,0.20366320437586746,True,"[[34.0, 100.0], [26.0, 100.0], [3.0, 39.0], [0.0, 100.0], [11.0, 14.0], [29.0, 42.0], [0.0, 14.0], [6.0, 29.0], [0.0, 0.0]]"
j976amhhd797phyjy1d7pw97mx8fks0k,luck is all u need,100,validation,1,1,0.8551218161700495,0.5170727205668316,True,"[[35.0, 100.0], [14.0, 100.0], [8.0, 59.0], [0.0, 100.0], [9.0, 17.0], [25.0, 37.0], [6.0, 17.0], [6.0, 31.0], [0.0, 1.0]]"
j970577b6f2wjqfp6y6mnc03yd8fjymb,luck is all u need,5,test,1,1,0.6858538883429799,0.0,True,"[[2.0, 5.0], [2.0, 5.0], [0.0, 1.0], [0.0, 5.0], [0.0, 1.0], [0.0, 0.0], [1.0, 1.0], [1.0, 1.0], [0.0, 0.0]]"
j970577b6f2wjqfp6y6mnc03yd8fjymb,tungbot,5,test,1,1,0.6471249260475133,0.0,True,"[[2.0, 5.0], [1.0, 5.0], [1.0, 4.0], [0.0, 5.0], [1.0, 1.0], [1.0, 1.0], [0.0, 1.0], [0.0, 1.0], [0.0, 0.0]]"
j970577b6f2wjqfp6y6mnc03yd8fjymb,luck is all u need,10,test,1,1,0.7335437120090903,0.06165895826828408,True,"[[4.0, 10.0], [3.0, 10.0], [0.0, 4.0], [0.0, 10.0], [1.0, 3.0], [0.0, 1.0], [2.0, 3.0], [2.0, 2.0], [0.0, 0.0]]"
j970577b6f2wjqfp6y6mnc03yd8fjymb,tungbot,10,test,1,1,0.7986702930453669,0.253601354723575,True,"[[6.0, 10.0], [2.0, 10.0], [1.0, 7.0], [0.0, 10.0], [3.0, 5.0], [4.0, 5.0], [1.0, 5.0], [1.0, 5.0], [0.0, 0.0]]"
j970577b6f2wjqfp6y6mnc03yd8fjymb,luck is all u need,15,test,1,1,0.7188982312862428,0.03833794411888561,True,"[[6.0, 15.0], [4.0, 15.0], [0.0, 6.0], [0.0, 15.0], [2.0, 5.0], [1.0, 4.0], [3.0, 5.0], [2.0, 4.0], [0.0, 0.0]]"
j970577b6f2wjqfp6y6mnc03yd8fjymb,tungbot,15,test,1,1,0.8181172154008791,0.3937240513362638,True,"[[8.0, 15.0], [4.0, 15.0], [1.0, 8.0], [0.0, 15.0], [3.0, 5.0], [4.0, 5.0], [1.0, 5.0], [1.0, 5.0], [0.0, 0.0]]"
j970577b6f2wjqfp6y6mnc03yd8fjymb,luck is all u need,20,test,1,1,0.7800588995020684,0.22536077315352884,True,"[[10.0, 20.0], [7.0, 20.0], [0.0, 7.0], [0.0, 20.0], [5.0, 10.0], [2.0, 7.0], [4.0, 10.0], [2.0, 6.0], [0.0, 0.0]]"
j970577b6f2wjqfp6y6mnc03yd8fjymb,tungbot,20,test,1,1,0.9060422826441802,0.686807608813934,True,"[[11.0, 20.0], [5.0, 20.0], [2.0, 12.0], [0.0, 20.0], [4.0, 6.0], [7.0, 8.0], [1.0, 6.0], [3.0, 8.0], [0.0, 0.0]]"
j970577b6f2wjqfp6y6mnc03yd8fjymb,luck is all u need,30,test,1,1,0.7636377021498231,0.16486246998796747,True,"[[12.0, 30.0], [8.0, 30.0], [1.0, 13.0], [0.0, 30.0], [5.0, 10.0], [4.0, 10.0], [4.0, 10.0], [2.0, 8.0], [0.0, 0.0]]"
j970577b6f2wjqfp6y6mnc03yd8fjymb,tungbot,30,test,1,1,0.8215093317982209,0.4050311059940699,True,"[[13.0, 30.0], [5.0, 30.0], [2.0, 16.0], [0.0, 30.0], [5.0, 8.0], [8.0, 11.0], [1.0, 8.0], [3.0, 9.0], [0.0, 0.0]]"
j970577b6f2wjqfp6y6mnc03yd8fjymb,luck is all u need,50,test,1,1,0.6946185904978004,0.0,True,"[[14.0, 50.0], [9.0, 50.0], [2.0, 23.0], [0.0, 50.0], [5.0, 10.0], [5.0, 12.0], [4.0, 10.0], [3.0, 9.0], [0.0, 0.0]]"
j970577b6f2wjqfp6y6mnc03yd8fjymb,tungbot,50,test,1,1,0.7482388386891196,0.11528596771772397,True,"[[15.0, 50.0], [6.0, 50.0], [3.0, 24.0], [0.0, 50.0], [5.0, 9.0], [11.0, 14.0], [1.0, 9.0], [3.0, 12.0], [0.0, 1.0]]"
j970577b6f2wjqfp6y6mnc03yd8fjymb,luck is all u need,75,test,1,1,0.6245349063904422,0.0,True,"[[20.0, 75.0], [12.0, 75.0], [4.0, 34.0], [0.0, 75.0], [9.0, 16.0], [5.0, 15.0], [4.0, 16.0], [3.0, 9.0], [0.0, 0.0]]"
j970577b6f2wjqfp6y6mnc03yd8fjymb,tungbot,75,test,1,1,0.9150921188457619,0.7169737294858731,True,"[[25.0, 75.0], [15.0, 75.0], [5.0, 36.0], [1.0, 75.0], [5.0, 14.0], [14.0, 18.0], [2.0, 14.0], [3.0, 16.0], [0.0, 1.0]]"
j970577b6f2wjqfp6y6mnc03yd8fjymb,luck is all u need,100,test,1,1,0.6168809810932557,0.0,True,"[[29.0, 100.0], [15.0, 100.0], [4.0, 45.0], [0.0, 100.0], [12.0, 22.0], [11.0, 27.0], [5.0, 22.0], [4.0, 16.0], [0.0, 1.0]]"
j970577b6f2wjqfp6y6mnc03yd8fjymb,tungbot,100,test,1,1,0.9365809146771584,0.7886030489238615,True,"[[33.0, 100.0], [19.0, 100.0], [7.0, 50.0], [3.0, 100.0], [8.0, 19.0], [18.0, 23.0], [3.0, 19.0], [3.0, 21.0], [0.0, 1.0]]"
j9796vt3g3bf5qv8g7hmcbvey58fjd89,luck is all u need,5,test,1,0,0.5752592398627974,0.0,False,"[[1.0, 5.0], [0.0, 5.0], [0.0, 4.0], [0.0, 5.0], [1.0, 1.0], [0.0, 1.0], [0.0, 1.0], [0.0, 0.0], [0.0, 0.0]]"
j9796vt3g3bf5qv8g7hmcbvey58fjd89,luck is all u need,10,test,1,0,0.5498235616471013,0.0,False,"[[4.0, 10.0], [3.0, 10.0], [0.0, 4.0], [0.0, 10.0], [3.0, 3.0], [0.0, 6.0], [0.0, 3.0], [0.0, 0.0], [0.0, 0.0]]"
j9796vt3g3bf5qv8g7hmcbvey58fjd89,luck is all u need,15,test,1,0,0.6373388808633629,0.0,False,"[[4.0, 15.0], [3.0, 15.0], [0.0, 4.0], [0.0, 15.0], [4.0, 4.0], [0.0, 6.0], [0.0, 4.0], [0.0, 0.0], [0.0, 0.0]]"
j9796vt3g3bf5qv8g7hmcbvey58fjd89,luck is all u need,20,test,1,1,0.5461923364763248,0.0,True,"[[6.0, 20.0], [4.0, 20.0], [0.0, 6.0], [0.0, 20.0], [5.0, 5.0], [3.0, 9.0], [0.0, 5.0], [2.0, 3.0], [0.0, 1.0]]"
j9796vt3g3bf5qv8g7hmcbvey58fjd89,luck is all u need,30,test,1,1,0.5689309541335267,0.0,True,"[[8.0, 30.0], [5.0, 30.0], [0.0, 7.0], [0.0, 30.0], [6.0, 6.0], [6.0, 13.0], [0.0, 6.0], [4.0, 6.0], [0.0, 2.0]]"
j9796vt3g3bf5qv8g7hmcbvey58fjd89,luck is all u need,50,test,1,0,0.620008817519771,0.0,False,"[[13.0, 50.0], [5.0, 50.0], [0.0, 16.0], [0.0, 50.0], [9.0, 10.0], [10.0, 25.0], [0.0, 10.0], [5.0, 10.0], [0.0, 3.0]]"
j9796vt3g3bf5qv8g7hmcbvey58fjd89,luck is all u need,75,test,1,0,0.5417617140677012,0.0,False,"[[22.0, 75.0], [12.0, 75.0], [0.0, 23.0], [0.0, 75.0], [14.0, 17.0], [16.0, 45.0], [0.0, 17.0], [10.0, 16.0], [0.0, 5.0]]"
j9796vt3g3bf5qv8g7hmcbvey58fjd89,luck is all u need,100,test,1,0,0.574612328690096,0.0,False,"[[26.0, 100.0], [15.0, 100.0], [0.0, 30.0], [0.0, 100.0], [16.0, 19.0], [20.0, 52.0], [0.0, 19.0], [13.0, 20.0], [0.0, 5.0]]"
j9715dsqxw1jyc9kt9vxvr1bz18fknyt,luck is all u need,5,validation,1,1,0.5131445974131653,0.0,True,"[[1.0, 5.0], [1.0, 5.0], [0.0, 1.0], [0.0, 5.0], [0.0, 1.0], [0.0, 0.0], [1.0, 1.0], [0.0, 1.0], [0.0, 0.0]]"
j9715dsqxw1jyc9kt9vxvr1bz18fknyt,tungbot,5,validation,1,1,0.6568533941448473,0.0,True,"[[3.0, 5.0], [2.0, 5.0], [1.0, 3.0], [0.0, 5.0], [2.0, 2.0], [1.0, 3.0], [0.0, 2.0], [0.0, 1.0], [0.0, 0.0]]"
j9715dsqxw1jyc9kt9vxvr1bz18fknyt,luck is all u need,10,validation,1,1,0.5679982276187161,0.0,True,"[[3.0, 10.0], [2.0, 10.0], [1.0, 4.0], [0.0, 10.0], [0.0, 2.0], [4.0, 5.0], [1.0, 2.0], [0.0, 5.0], [0.0, 1.0]]"
j9715dsqxw1jyc9kt9vxvr1bz18fknyt,tungbot,10,validation,1,1,0.7777814334863837,0.18039695684348403,True,"[[5.0, 10.0], [4.0, 10.0], [1.0, 4.0], [0.0, 10.0], [3.0, 5.0], [4.0, 6.0], [0.0, 5.0], [1.0, 4.0], [0.0, 0.0]]"
j9715dsqxw1jyc9kt9vxvr1bz18fknyt,luck is all u need,15,validation,1,1,0.6013433235674643,0.0,True,"[[5.0, 15.0], [4.0, 15.0], [2.0, 6.0], [0.0, 15.0], [1.0, 4.0], [5.0, 8.0], [1.0, 4.0], [0.0, 6.0], [0.0, 1.0]]"
j9715dsqxw1jyc9kt9vxvr1bz18fknyt,tungbot,15,validation,1,1,0.7814818431335571,0.2309950052589,True,"[[7.0, 15.0], [5.0, 15.0], [1.0, 5.0], [0.0, 15.0], [4.0, 6.0], [4.0, 6.0], [0.0, 6.0], [1.0, 4.0], [0.0, 0.0]]"
j9715dsqxw1jyc9kt9vxvr1bz18fknyt,luck is all u need,20,validation,1,1,0.5033641080003296,0.0,True,"[[6.0, 20.0], [4.0, 20.0], [2.0, 9.0], [0.0, 20.0], [1.0, 5.0], [5.0, 9.0], [2.0, 5.0], [0.0, 7.0], [0.0, 1.0]]"
j9715dsqxw1jyc9kt9vxvr1bz18fknyt,tungbot,20,validation,1,1,0.7827395611816101,0.2360288491948337,True,"[[9.0, 20.0], [6.0, 20.0], [2.0, 8.0], [0.0, 20.0], [4.0, 7.0], [6.0, 9.0], [0.0, 7.0], [1.0, 6.0], [0.0, 0.0]]"
j9715dsqxw1jyc9kt9vxvr1bz18fknyt,luck is all u need,30,validation,1,1,0.5613912744217332,0.0,True,"[[10.0, 30.0], [5.0, 30.0], [3.0, 15.0], [0.0, 30.0], [3.0, 8.0], [7.0, 12.0], [2.0, 8.0], [0.0, 9.0], [0.0, 1.0]]"
j9715dsqxw1jyc9kt9vxvr1bz18fknyt,tungbot,30,validation,1,1,0.8357169131895152,0.45238971063171757,True,"[[11.0, 30.0], [8.0, 30.0], [2.0, 9.0], [0.0, 30.0], [4.0, 8.0], [8.0, 11.0], [1.0, 8.0], [3.0, 9.0], [0.0, 0.0]]"
j9715dsqxw1jyc9kt9vxvr1bz18fknyt,luck is all u need,50,validation,1,1,0.5484750441300934,0.0,True,"[[18.0, 50.0], [9.0, 50.0], [4.0, 26.0], [0.0, 50.0], [4.0, 13.0], [12.0, 25.0], [4.0, 13.0], [2.0, 16.0], [0.0, 1.0]]"
j9715dsqxw1jyc9kt9vxvr1bz18fknyt,tungbot,50,validation,1,1,0.8076776061343877,0.34685635541632154,True,"[[17.0, 50.0], [12.0, 50.0], [2.0, 18.0], [0.0, 50.0], [7.0, 14.0], [14.0, 18.0], [1.0, 14.0], [3.0, 15.0], [0.0, 0.0]]"
j9715dsqxw1jyc9kt9vxvr1bz18fknyt,luck is all u need,75,validation,1,1,0.5622333699310974,0.0,True,"[[28.0, 75.0], [14.0, 75.0], [6.0, 40.0], [0.0, 75.0], [4.0, 17.0], [17.0, 36.0], [8.0, 17.0], [4.0, 25.0], [0.0, 1.0]]"
j9715dsqxw1jyc9kt9vxvr1bz18fknyt,tungbot,75,validation,1,1,0.7457737339370768,0.10795898170552853,True,"[[21.0, 75.0], [15.0, 75.0], [3.0, 30.0], [0.0, 75.0], [8.0, 15.0], [14.0, 19.0], [1.0, 15.0], [3.0, 15.0], [0.0, 0.0]]"
j9715dsqxw1jyc9kt9vxvr1bz18fknyt,luck is all u need,100,validation,1,1,0.6779986304832474,0.0,True,"[[37.0, 100.0], [21.0, 100.0], [9.0, 52.0], [0.0, 100.0], [5.0, 21.0], [21.0, 43.0], [11.0, 21.0], [7.0, 32.0], [0.0, 1.0]]"
j9715dsqxw1jyc9kt9vxvr1bz18fknyt,tungbot,100,validation,1,1,0.9320595953362336,0.7735319844541121,True,"[[29.0, 100.0], [23.0, 100.0], [4.0, 39.0], [2.0, 100.0], [10.0, 19.0], [16.0, 22.0], [1.0, 19.0], [4.0, 17.0], [0.0, 0.0]]"
j978jr6hp4bggn2em97gc304pn8fj4f0,luck is all u need,5,validation,1,0,0.6000308243524375,0.0,False,"[[0.0, 5.0], [0.0, 5.0], [0.0, 2.0], [0.0, 5.0], [0.0, 0.0], [0.0, 0.0], [0.0, 0.0], [0.0, 0.0], [0.0, 0.0]]"
j978jr6hp4bggn2em97gc304pn8fj4f0,luck is all u need,10,validation,1,1,0.6202045048135744,0.0,True,"[[3.0, 10.0], [1.0, 10.0], [0.0, 4.0], [0.0, 10.0], [1.0, 2.0], [5.0, 7.0], [0.0, 2.0], [2.0, 5.0], [0.0, 2.0]]"
j978jr6hp4bggn2em97gc304pn8fj4f0,luck is all u need,15,validation,1,1,0.8326224972149985,0.4420749907166617,True,"[[6.0, 15.0], [4.0, 15.0], [2.0, 6.0], [0.0, 15.0], [1.0, 2.0], [7.0, 10.0], [0.0, 2.0], [4.0, 7.0], [0.0, 2.0]]"
j978jr6hp4bggn2em97gc304pn8fj4f0,luck is all u need,20,validation,1,1,0.7845727055406779,0.2434569910203293,True,"[[6.0, 20.0], [4.0, 20.0], [2.0, 7.0], [0.0, 20.0], [1.0, 2.0], [7.0, 10.0], [0.0, 2.0], [4.0, 7.0], [0.0, 2.0]]"
j978jr6hp4bggn2em97gc304pn8fj4f0,luck is all u need,30,validation,1,1,0.7717928832126103,0.1938846301699598,True,"[[10.0, 30.0], [5.0, 30.0], [2.0, 13.0], [0.0, 30.0], [3.0, 5.0], [10.0, 14.0], [0.0, 5.0], [4.0, 10.0], [0.0, 2.0]]"
j978jr6hp4bggn2em97gc304pn8fj4f0,luck is all u need,50,validation,1,1,0.6644812526118588,0.0,True,"[[13.0, 50.0], [7.0, 50.0], [2.0, 20.0], [0.0, 50.0], [4.0, 6.0], [11.0, 18.0], [0.0, 6.0], [5.0, 11.0], [0.0, 2.0]]"
j978jr6hp4bggn2em97gc304pn8fj4f0,luck is all u need,75,validation,1,1,0.6564035152741116,0.0,True,"[[20.0, 75.0], [11.0, 75.0], [2.0, 30.0], [0.0, 75.0], [5.0, 10.0], [17.0, 29.0], [1.0, 10.0], [8.0, 18.0], [0.0, 2.0]]"
j978jr6hp4bggn2em97gc304pn8fj4f0,luck is all u need,100,validation,1,1,0.7197189889752151,0.04019571932832631,True,"[[30.0, 100.0], [17.0, 100.0], [4.0, 39.0], [0.0, 100.0], [11.0, 17.0], [19.0, 37.0], [1.0, 17.0], [10.0, 20.0], [0.0, 2.0]]"
j978tzsw4wk5dswkxt7sgncv8n8fkp07,tungbot,5,test,1,0,0.6000308243524375,0.0,False,"[[0.0, 5.0], [0.0, 5.0], [0.0, 2.0], [0.0, 5.0], [0.0, 0.0], [0.0, 0.0], [0.0, 0.0], [0.0, 0.0], [0.0, 0.0]]"
j978tzsw4wk5dswkxt7sgncv8n8fkp07,tungbot,10,test,1,1,0.5740864919740171,0.0,True,"[[1.0, 10.0], [1.0, 10.0], [1.0, 4.0], [0.0, 10.0], [0.0, 0.0], [1.0, 1.0], [0.0, 0.0], [1.0, 1.0], [0.0, 0.0]]"
j978tzsw4wk5dswkxt7sgncv8n8fkp07,tungbot,15,test,1,0,0.5088666378123814,0.0,False,"[[3.0, 15.0], [2.0, 15.0], [1.0, 7.0], [0.0, 15.0], [2.0, 2.0], [1.0, 5.0], [0.0, 2.0], [1.0, 1.0], [0.0, 0.0]]"
j978tzsw4wk5dswkxt7sgncv8n8fkp07,tungbot,20,test,1,0,0.5813459534842538,0.0,False,"[[3.0, 20.0], [2.0, 20.0], [1.0, 8.0], [0.0, 20.0], [2.0, 2.0], [1.0, 5.0], [0.0, 2.0], [1.0, 1.0], [0.0, 0.0]]"
j978tzsw4wk5dswkxt7sgncv8n8fkp07,tungbot,30,test,1,0,0.69971029530746,0.0,False,"[[3.0, 30.0], [2.0, 30.0], [1.0, 13.0], [0.0, 30.0], [2.0, 2.0], [1.0, 5.0], [0.0, 2.0], [1.0, 1.0], [0.0, 0.0]]"
j978tzsw4wk5dswkxt7sgncv8n8fkp07,tungbot,50,test,1,1,0.5904243793717479,0.0,True,"[[6.0, 50.0], [4.0, 50.0], [2.0, 24.0], [2.0, 50.0], [3.0, 5.0], [1.0, 10.0], [1.0, 5.0], [2.0, 2.0], [0.0, 1.0]]"
j978tzsw4wk5dswkxt7sgncv8n8fkp07,tungbot,75,test,1,1,0.6222154763155867,0.0,True,"[[9.0, 75.0], [6.0, 75.0], [3.0, 35.0], [4.0, 75.0], [3.0, 5.0], [2.0, 12.0], [1.0, 5.0], [3.0, 3.0], [0.0, 1.0]]"
j978tzsw4wk5dswkxt7sgncv8n8fkp07,tungbot,100,test,1,1,0.7380519268859941,0.08605683942032927,True,"[[15.0, 100.0], [11.0, 100.0], [6.0, 51.0], [6.0, 100.0], [5.0, 7.0], [5.0, 21.0], [1.0, 7.0], [5.0, 6.0], [0.0, 1.0]]"
j973881r5fgxxrxrt95krw7x918fjj6q,luck is all u need,5,validation,1,1,0.512141715995354,0.0,True,"[[3.0, 5.0], [2.0, 5.0], [0.0, 2.0], [0.0, 5.0], [1.0, 1.0], [1.0, 6.0], [0.0, 1.0], [0.0, 1.0], [0.0, 0.0]]"
j973881r5fgxxrxrt95krw7x918fjj6q,luck is all u need,10,validation,1,0,0.5502739153393903,0.0,False,"[[5.0, 10.0], [2.0, 10.0], [0.0, 6.0], [0.0, 10.0], [2.0, 2.0], [2.0, 9.0], [0.0, 2.0], [0.0, 2.0], [0.0, 0.0]]"
j973881r5fgxxrxrt95krw7x918fjj6q,luck is all u need,15,validation,1,1,0.5913876124053817,0.0,True,"[[9.0, 15.0], [4.0, 15.0], [0.0, 8.0], [0.0, 15.0], [3.0, 4.0], [2.0, 13.0], [1.0, 4.0], [1.0, 3.0], [0.0, 0.0]]"
j973881r5fgxxrxrt95krw7x918fjj6q,luck is all u need,20,validation,1,1,0.5322706322916788,0.0,True,"[[10.0, 20.0], [4.0, 20.0], [0.0, 11.0], [0.0, 20.0], [4.0, 5.0], [2.0, 13.0], [1.0, 5.0], [1.0, 3.0], [0.0, 0.0]]"
j973881r5fgxxrxrt95krw7x918fjj6q,luck is all u need,30,validation,1,0,0.5471702370281274,0.0,False,"[[11.0, 30.0], [5.0, 30.0], [0.0, 14.0], [0.0, 30.0], [4.0, 5.0], [2.0, 13.0], [1.0, 5.0], [1.0, 3.0], [0.0, 0.0]]"
j973881r5fgxxrxrt95krw7x918fjj6q,luck is all u need,50,validation,1,1,0.5784234665410081,0.0,True,"[[21.0, 50.0], [9.0, 50.0], [0.0, 24.0], [0.0, 50.0], [9.0, 12.0], [7.0, 27.0], [1.0, 12.0], [5.0, 8.0], [0.0, 0.0]]"
j973881r5fgxxrxrt95krw7x918fjj6q,luck is all u need,75,validation,1,1,0.6873158779526799,0.0,True,"[[29.0, 75.0], [15.0, 75.0], [1.0, 31.0], [0.0, 75.0], [10.0, 15.0], [11.0, 33.0], [2.0, 15.0], [8.0, 13.0], [0.0, 1.0]]"
j973881r5fgxxrxrt95krw7x918fjj6q,luck is all u need,100,validation,1,1,0.6524349249695433,0.0,True,"[[33.0, 100.0], [17.0, 100.0], [1.0, 41.0], [0.0, 100.0], [11.0, 17.0], [11.0, 34.0], [3.0, 17.0], [9.0, 14.0], [0.0, 1.0]]"
j974w0dhhgmm2qsxzw93npzhh98fjq6h,tungbot,5,test,1,1,0.6969803658432364,0.0,True,"[[3.0, 5.0], [2.0, 5.0], [0.0, 3.0], [0.0, 5.0], [1.0, 1.0], [5.0, 8.0], [0.0, 1.0], [1.0, 5.0], [0.0, 1.0]]"
j974w0dhhgmm2qsxzw93npzhh98fjq6h,tungbot,10,test,1,1,0.7236854893812035,0.04117156487809372,True,"[[6.0, 10.0], [4.0, 10.0], [0.0, 6.0], [0.0, 10.0], [3.0, 3.0], [7.0, 14.0], [0.0, 3.0], [2.0, 7.0], [0.0, 1.0]]"
j974w0dhhgmm2qsxzw93npzhh98fjq6h,tungbot,15,test,1,1,0.7189524321005721,0.038460122038734175,True,"[[8.0, 15.0], [6.0, 15.0], [1.0, 9.0], [0.0, 15.0], [3.0, 3.0], [7.0, 17.0], [0.0, 3.0], [2.0, 7.0], [0.0, 1.0]]"
j974w0dhhgmm2qsxzw93npzhh98fjq6h,tungbot,20,test,1,1,0.8908846279500987,0.6362820931669957,True,"[[10.0, 20.0], [8.0, 20.0], [1.0, 10.0], [2.0, 20.0], [3.0, 3.0], [7.0, 17.0], [0.0, 3.0], [2.0, 7.0], [0.0, 1.0]]"
j974w0dhhgmm2qsxzw93npzhh98fjq6h,tungbot,30,test,1,1,0.8998818356052491,0.6662727853508306,True,"[[16.0, 30.0], [11.0, 30.0], [1.0, 16.0], [3.0, 30.0], [6.0, 7.0], [14.0, 29.0], [0.0, 7.0], [3.0, 14.0], [0.0, 3.0]]"
j974w0dhhgmm2qsxzw93npzhh98fjq6h,tungbot,50,test,1,1,0.8807282610930977,0.6024275369769923,True,"[[24.0, 50.0], [16.0, 50.0], [2.0, 27.0], [5.0, 50.0], [10.0, 12.0], [16.0, 36.0], [0.0, 12.0], [4.0, 16.0], [0.0, 3.0]]"
j974w0dhhgmm2qsxzw93npzhh98fjq6h,tungbot,75,test,1,1,0.9150394768571067,0.7167982561903559,True,"[[32.0, 75.0], [22.0, 75.0], [5.0, 37.0], [6.0, 75.0], [11.0, 13.0], [24.0, 48.0], [0.0, 13.0], [8.0, 24.0], [0.0, 4.0]]"
j974w0dhhgmm2qsxzw93npzhh98fjq6h,tungbot,100,test,1,1,0.8229777805945566,0.40992593531518884,True,"[[39.0, 100.0], [25.0, 100.0], [6.0, 50.0], [7.0, 100.0], [16.0, 18.0], [25.0, 60.0], [0.0, 18.0], [8.0, 25.0], [0.0, 4.0]]"
j973dyfbyesrek3c2xb6spn3918fkhk8,luck is all u need,5,validation,1,1,0.5882158529687372,0.0,True,"[[2.0, 5.0], [2.0, 5.0], [0.0, 0.0], [0.0, 5.0], [1.0, 1.0], [0.0, 1.0], [0.0, 1.0], [0.0, 0.0], [0.0, 0.0]]"
j973dyfbyesrek3c2xb6spn3918fkhk8,luck is all u need,10,validation,1,1,0.5645807643527531,0.0,True,"[[4.0, 10.0], [3.0, 10.0], [0.0, 2.0], [0.0, 10.0], [2.0, 2.0], [0.0, 2.0], [0.0, 2.0], [0.0, 0.0], [0.0, 0.0]]"
j973dyfbyesrek3c2xb6spn3918fkhk8,luck is all u need,15,validation,1,0,0.5226317945715255,0.0,False,"[[6.0, 15.0], [4.0, 15.0], [0.0, 5.0], [0.0, 15.0], [2.0, 2.0], [0.0, 5.0], [0.0, 2.0], [0.0, 0.0], [0.0, 0.0]]"
j973dyfbyesrek3c2xb6spn3918fkhk8,luck is all u need,20,validation,1,0,0.5458184709302893,0.0,False,"[[7.0, 20.0], [5.0, 20.0], [0.0, 7.0], [0.0, 20.0], [2.0, 2.0], [0.0, 5.0], [0.0, 2.0], [0.0, 0.0], [0.0, 0.0]]"
j973dyfbyesrek3c2xb6spn3918fkhk8,luck is all u need,30,validation,1,0,0.6034629472169754,0.0,False,"[[9.0, 30.0], [6.0, 30.0], [0.0, 12.0], [0.0, 30.0], [3.0, 4.0], [0.0, 5.0], [0.0, 4.0], [0.0, 0.0], [0.0, 0.0]]"
j973dyfbyesrek3c2xb6spn3918fkhk8,luck is all u need,50,validation,1,0,0.6552875128080706,0.0,False,"[[13.0, 50.0], [7.0, 50.0], [1.0, 24.0], [0.0, 50.0], [4.0, 6.0], [5.0, 13.0], [0.0, 6.0], [0.0, 5.0], [1.0, 1.0]]"
j973dyfbyesrek3c2xb6spn3918fkhk8,luck is all u need,75,validation,1,0,0.6182648417773373,0.0,False,"[[18.0, 75.0], [10.0, 75.0], [1.0, 37.0], [0.0, 75.0], [4.0, 6.0], [7.0, 16.0], [0.0, 6.0], [1.0, 7.0], [1.0, 1.0]]"
j973dyfbyesrek3c2xb6spn3918fkhk8,luck is all u need,100,validation,1,0,0.5672449373262091,0.0,False,"[[25.0, 100.0], [12.0, 100.0], [2.0, 54.0], [0.0, 100.0], [6.0, 8.0], [10.0, 23.0], [0.0, 8.0], [3.0, 10.0], [1.0, 1.0]]"
j979wray3155q51m6tfk3pwr2s8fk6gb,luck is all u need,5,test,1,1,0.6300940640931603,0.0,True,"[[2.0, 5.0], [1.0, 5.0], [0.0, 4.0], [0.0, 5.0], [1.0, 2.0], [0.0, 1.0], [1.0, 2.0], [1.0, 1.0], [0.0, 0.0]]"
j979wray3155q51m6tfk3pwr2s8fk6gb,luck is all u need,10,test,1,1,0.5636067477540969,0.0,True,"[[3.0, 10.0], [1.0, 10.0], [0.0, 6.0], [0.0, 10.0], [1.0, 3.0], [0.0, 1.0], [2.0, 3.0], [1.0, 2.0], [0.0, 0.0]]"
j979wray3155q51m6tfk3pwr2s8fk6gb,luck is all u need,15,test,1,0,0.5218773112199083,0.0,False,"[[3.0, 15.0], [1.0, 15.0], [0.0, 8.0], [0.0, 15.0], [1.0, 3.0], [0.0, 1.0], [2.0, 3.0], [1.0, 2.0], [0.0, 0.0]]"
j979wray3155q51m6tfk3pwr2s8fk6gb,luck is all u need,20,test,1,0,0.5732254003850855,0.0,False,"[[4.0, 20.0], [1.0, 20.0], [0.0, 11.0], [0.0, 20.0], [2.0, 4.0], [0.0, 2.0], [2.0, 4.0], [1.0, 2.0], [0.0, 0.0]]"
j979wray3155q51m6tfk3pwr2s8fk6gb,luck is all u need,30,test,1,1,0.522611685995292,0.0,True,"[[9.0, 30.0], [4.0, 30.0], [0.0, 17.0], [0.0, 30.0], [3.0, 7.0], [1.0, 6.0], [3.0, 7.0], [2.0, 4.0], [0.0, 0.0]]"
j979wray3155q51m6tfk3pwr2s8fk6gb,luck is all u need,50,test,1,1,0.5012936679258949,0.0,True,"[[14.0, 50.0], [4.0, 50.0], [0.0, 26.0], [0.0, 50.0], [4.0, 8.0], [6.0, 14.0], [3.0, 8.0], [3.0, 9.0], [0.0, 1.0]]"
j979wray3155q51m6tfk3pwr2s8fk6gb,luck is all u need,75,test,1,1,0.6610881283035436,0.0,True,"[[22.0, 75.0], [7.0, 75.0], [0.0, 41.0], [0.0, 75.0], [6.0, 11.0], [16.0, 26.0], [4.0, 11.0], [5.0, 20.0], [0.0, 2.0]]"
j979wray3155q51m6tfk3pwr2s8fk6gb,luck is all u need,100,test,1,1,0.6156456624970036,0.0,True,"[[30.0, 100.0], [9.0, 100.0], [0.0, 52.0], [0.0, 100.0], [9.0, 18.0], [21.0, 35.0], [5.0, 18.0], [6.0, 26.0], [0.0, 2.0]]"
j97fp6m0bt4ntpjgj8nn6js7zs8fjb42,luck is all u need,5,validation,1,1,0.5711968646214092,0.0,True,"[[2.0, 5.0], [2.0, 5.0], [0.0, 3.0], [0.0, 5.0], [1.0, 2.0], [1.0, 2.0], [0.0, 2.0], [0.0, 1.0], [0.0, 0.0]]"
j97fp6m0bt4ntpjgj8nn6js7zs8fjb42,luck is all u need,10,validation,1,0,0.5275465030450781,0.0,False,"[[2.0, 10.0], [2.0, 10.0], [0.0, 4.0], [0.0, 10.0], [1.0, 2.0], [1.0, 2.0], [0.0, 2.0], [0.0, 1.0], [0.0, 0.0]]"
j97fp6m0bt4ntpjgj8nn6js7zs8fjb42,luck is all u need,15,validation,1,1,0.50732845096303,0.0,True,"[[4.0, 15.0], [3.0, 15.0], [1.0, 7.0], [0.0, 15.0], [1.0, 3.0], [3.0, 7.0], [0.0, 3.0], [1.0, 3.0], [0.0, 1.0]]"
j97fp6m0bt4ntpjgj8nn6js7zs8fjb42,luck is all u need,20,validation,1,0,0.5659930127487571,0.0,False,"[[4.0, 20.0], [3.0, 20.0], [1.0, 8.0], [0.0, 20.0], [1.0, 3.0], [3.0, 7.0], [0.0, 3.0], [1.0, 3.0], [0.0, 1.0]]"
j97fp6m0bt4ntpjgj8nn6js7zs8fjb42,luck is all u need,30,validation,1,0,0.5012844365159317,0.0,False,"[[8.0, 30.0], [5.0, 30.0], [1.0, 11.0], [0.0, 30.0], [1.0, 7.0], [4.0, 11.0], [4.0, 7.0], [4.0, 8.0], [0.0, 1.0]]"
j97fp6m0bt4ntpjgj8nn6js7zs8fjb42,luck is all u need,50,validation,1,0,0.5027581774435306,0.0,False,"[[13.0, 50.0], [6.0, 50.0], [1.0, 22.0], [0.0, 50.0], [3.0, 11.0], [10.0, 21.0], [4.0, 11.0], [7.0, 14.0], [0.0, 2.0]]"
j97fp6m0bt4ntpjgj8nn6js7zs8fjb42,luck is all u need,75,validation,1,0,0.6772367617377694,0.0,False,"[[18.0, 75.0], [6.0, 75.0], [1.0, 37.0], [0.0, 75.0], [5.0, 17.0], [14.0, 29.0], [4.0, 17.0], [8.0, 18.0], [0.0, 2.0]]"
j97fp6m0bt4ntpjgj8nn6js7zs8fjb42,luck is all u need,100,validation,1,0,0.6910078891274066,0.0,False,"[[23.0, 100.0], [8.0, 100.0], [2.0, 53.0], [0.0, 100.0], [6.0, 20.0], [18.0, 36.0], [5.0, 20.0], [8.0, 23.0], [0.0, 3.0]]"
j97dt7d5xepfb491tv0es3rj318fjge0,tungbot,5,test,1,0,0.5312946138630823,0.0,False,"[[1.0, 5.0], [0.0, 5.0], [0.0, 3.0], [0.0, 5.0], [1.0, 1.0], [2.0, 3.0], [0.0, 1.0], [0.0, 2.0], [0.0, 0.0]]"
j97dt7d5xepfb491tv0es3rj318fjge0,tungbot,10,test,1,0,0.5245931894640451,0.0,False,"[[2.0, 10.0], [1.0, 10.0], [0.0, 3.0], [0.0, 10.0], [1.0, 3.0], [3.0, 4.0], [1.0, 3.0], [0.0, 4.0], [0.0, 1.0]]"
j97dt7d5xepfb491tv0es3rj318fjge0,tungbot,15,test,1,0,0.6109959656250082,0.0,False,"[[2.0, 15.0], [1.0, 15.0], [0.0, 6.0], [0.0, 15.0], [1.0, 3.0], [3.0, 4.0], [1.0, 3.0], [0.0, 4.0], [0.0, 1.0]]"
j97dt7d5xepfb491tv0es3rj318fjge0,tungbot,20,test,1,1,0.6935670353061623,0.0,True,"[[3.0, 20.0], [2.0, 20.0], [0.0, 7.0], [1.0, 20.0], [1.0, 3.0], [3.0, 4.0], [1.0, 3.0], [0.0, 4.0], [0.0, 1.0]]"
j97dt7d5xepfb491tv0es3rj318fjge0,tungbot,30,test,1,1,0.678219277048584,0.0,True,"[[5.0, 30.0], [3.0, 30.0], [0.0, 11.0], [1.0, 30.0], [2.0, 4.0], [3.0, 5.0], [1.0, 4.0], [0.0, 4.0], [0.0, 1.0]]"
j97dt7d5xepfb491tv0es3rj318fjge0,tungbot,50,test,1,1,0.9180328831762476,0.7267762772541588,True,"[[14.0, 50.0], [10.0, 50.0], [5.0, 23.0], [5.0, 50.0], [4.0, 6.0], [8.0, 15.0], [1.0, 6.0], [4.0, 9.0], [0.0, 2.0]]"
j97dt7d5xepfb491tv0es3rj318fjge0,tungbot,75,test,1,1,0.9331647432128467,0.7772158107094891,True,"[[25.0, 75.0], [18.0, 75.0], [8.0, 37.0], [11.0, 75.0], [6.0, 9.0], [13.0, 22.0], [1.0, 9.0], [5.0, 14.0], [0.0, 2.0]]"
j97dt7d5xepfb491tv0es3rj318fjge0,tungbot,100,test,1,1,0.9070801369352368,0.6902671231174561,True,"[[31.0, 100.0], [23.0, 100.0], [8.0, 46.0], [15.0, 100.0], [7.0, 12.0], [14.0, 28.0], [2.0, 12.0], [6.0, 16.0], [0.0, 2.0]]"
j9717z908tmcaxavkcfxj9w9298fjcaw,tungbot,5,test,1,0,0.5279855956983154,0.0,False,"[[2.0, 5.0], [0.0, 5.0], [0.0, 2.0], [0.0, 5.0], [2.0, 3.0], [0.0, 1.0], [0.0, 3.0], [0.0, 0.0], [0.0, 0.0]]"
j9717z908tmcaxavkcfxj9w9298fjcaw,luck is all u need,5,test,1,0,0.5989109163702627,0.0,False,"[[1.0, 5.0], [1.0, 5.0], [0.0, 0.0], [0.0, 5.0], [0.0, 2.0], [3.0, 6.0], [1.0, 2.0], [0.0, 4.0], [0.0, 2.0]]"
j9717z908tmcaxavkcfxj9w9298fjcaw,tungbot,10,test,1,0,0.5366611819835824,0.0,False,"[[5.0, 10.0], [1.0, 10.0], [0.0, 4.0], [0.0, 10.0], [4.0, 8.0], [0.0, 2.0], [0.0, 8.0], [0.0, 0.0], [0.0, 0.0]]"
j9717z908tmcaxavkcfxj9w9298fjcaw,luck is all u need,10,test,1,1,0.7490661419555678,0.09815153183126098,True,"[[3.0, 10.0], [3.0, 10.0], [0.0, 1.0], [0.0, 10.0], [0.0, 2.0], [8.0, 11.0], [1.0, 2.0], [5.0, 9.0], [0.0, 3.0]]"
j9717z908tmcaxavkcfxj9w9298fjcaw,tungbot,15,test,1,0,0.6770195530413545,0.0,False,"[[6.0, 15.0], [1.0, 15.0], [0.0, 6.0], [0.0, 15.0], [4.0, 8.0], [0.0, 5.0], [0.0, 8.0], [0.0, 0.0], [0.0, 0.0]]"
j9717z908tmcaxavkcfxj9w9298fjcaw,luck is all u need,15,test,1,1,0.7693333914585817,0.18492327491668115,True,"[[5.0, 15.0], [4.0, 15.0], [0.0, 2.0], [0.0, 15.0], [1.0, 4.0], [10.0, 14.0], [1.0, 4.0], [6.0, 11.0], [0.0, 3.0]]"
j9717z908tmcaxavkcfxj9w9298fjcaw,tungbot,20,test,1,0,0.7041036075986564,0.00949437430811843,False,"[[7.0, 20.0], [1.0, 20.0], [0.0, 8.0], [0.0, 20.0], [5.0, 9.0], [0.0, 5.0], [0.0, 9.0], [0.0, 0.0], [0.0, 0.0]]"
j9717z908tmcaxavkcfxj9w9298fjcaw,luck is all u need,20,test,1,1,0.8600375091264723,0.5334583637549076,True,"[[7.0, 20.0], [6.0, 20.0], [0.0, 2.0], [0.0, 20.0], [2.0, 5.0], [14.0, 18.0], [1.0, 5.0], [8.0, 15.0], [0.0, 4.0]]"
j9717z908tmcaxavkcfxj9w9298fjcaw,tungbot,30,test,1,0,0.6107156071965987,0.0,False,"[[10.0, 30.0], [3.0, 30.0], [0.0, 14.0], [0.0, 30.0], [6.0, 11.0], [1.0, 7.0], [0.0, 11.0], [1.0, 1.0], [0.0, 0.0]]"
j9717z908tmcaxavkcfxj9w9298fjcaw,luck is all u need,30,test,1,1,0.9294682289129206,0.7648940963764019,True,"[[11.0, 30.0], [9.0, 30.0], [1.0, 6.0], [0.0, 30.0], [4.0, 7.0], [24.0, 30.0], [1.0, 7.0], [14.0, 25.0], [0.0, 7.0]]"
j9717z908tmcaxavkcfxj9w9298fjcaw,tungbot,50,test,1,1,0.6925450988729974,0.0,True,"[[19.0, 50.0], [7.0, 50.0], [0.0, 23.0], [2.0, 50.0], [12.0, 20.0], [1.0, 13.0], [0.0, 20.0], [1.0, 1.0], [0.0, 0.0]]"
j9717z908tmcaxavkcfxj9w9298fjcaw,luck is all u need,50,test,1,1,0.9182843192234508,0.7276143974115026,True,"[[15.0, 50.0], [12.0, 50.0], [1.0, 12.0], [0.0, 50.0], [5.0, 10.0], [31.0, 39.0], [2.0, 10.0], [20.0, 33.0], [0.0, 8.0]]"
j9717z908tmcaxavkcfxj9w9298fjcaw,tungbot,75,test,1,1,0.7531761687321479,0.13045905629989046,True,"[[26.0, 75.0], [11.0, 75.0], [1.0, 33.0], [4.0, 75.0], [15.0, 26.0], [7.0, 22.0], [1.0, 26.0], [2.0, 8.0], [0.0, 2.0]]"
j9717z908tmcaxavkcfxj9w9298fjcaw,luck is all u need,75,test,1,1,0.9471805324805065,0.823935108268355,True,"[[26.0, 75.0], [19.0, 75.0], [1.0, 20.0], [0.0, 75.0], [9.0, 15.0], [44.0, 54.0], [2.0, 15.0], [30.0, 46.0], [0.0, 12.0]]"
j9717z908tmcaxavkcfxj9w9298fjcaw,tungbot,100,test,1,1,0.8436936656073113,0.4789788853577044,True,"[[33.0, 100.0], [16.0, 100.0], [2.0, 43.0], [6.0, 100.0], [17.0, 30.0], [10.0, 27.0], [2.0, 30.0], [6.0, 12.0], [0.0, 3.0]]"
j9717z908tmcaxavkcfxj9w9298fjcaw,luck is all u need,100,test,1,1,0.9256246445353359,0.7520821484511196,True,"[[33.0, 100.0], [20.0, 100.0], [1.0, 32.0], [0.0, 100.0], [12.0, 18.0], [52.0, 66.0], [2.0, 18.0], [36.0, 54.0], [0.0, 14.0]]"
j97fpmqw0d2z85xd3hjes4z4jd8fntbr,luck is all u need,5,test,1,1,0.5594632499434402,0.0,True,"[[2.0, 5.0], [1.0, 5.0], [0.0, 1.0], [0.0, 5.0], [1.0, 1.0], [1.0, 2.0], [0.0, 1.0], [0.0, 1.0], [0.0, 0.0]]"
j97fpmqw0d2z85xd3hjes4z4jd8fntbr,larp larp sahur,5,test,1,1,0.8201017364087279,0.16680796723434427,True,"[[1.0, 5.0], [1.0, 5.0], [0.0, 1.0], [0.0, 5.0], [0.0, 0.0], [6.0, 6.0], [0.0, 0.0], [5.0, 6.0], [0.0, 2.0]]"
j97fpmqw0d2z85xd3hjes4z4jd8fntbr,luck is all u need,10,test,1,0,0.5374786381057634,0.0,False,"[[3.0, 10.0], [1.0, 10.0], [0.0, 3.0], [0.0, 10.0], [2.0, 2.0], [1.0, 3.0], [0.0, 2.0], [0.0, 1.0], [0.0, 0.0]]"
j97fpmqw0d2z85xd3hjes4z4jd8fntbr,larp larp sahur,10,test,1,1,0.7649666104360832,0.14121463028185702,True,"[[2.0, 10.0], [2.0, 10.0], [0.0, 3.0], [0.0, 10.0], [1.0, 1.0], [6.0, 8.0], [0.0, 1.0], [5.0, 6.0], [0.0, 2.0]]"
j97fpmqw0d2z85xd3hjes4z4jd8fntbr,luck is all u need,15,test,1,0,0.532967897568652,0.0,False,"[[6.0, 15.0], [3.0, 15.0], [0.0, 4.0], [0.0, 15.0], [4.0, 5.0], [1.0, 6.0], [0.0, 5.0], [0.0, 1.0], [0.0, 0.0]]"
j97fpmqw0d2z85xd3hjes4z4jd8fntbr,larp larp sahur,15,test,1,1,0.8027367101287397,0.3231584675792064,True,"[[4.0, 15.0], [3.0, 15.0], [0.0, 5.0], [0.0, 15.0], [1.0, 1.0], [8.0, 11.0], [0.0, 1.0], [7.0, 8.0], [0.0, 3.0]]"
j97fpmqw0d2z85xd3hjes4z4jd8fntbr,luck is all u need,20,test,1,0,0.5062735716418598,0.0,False,"[[7.0, 20.0], [4.0, 20.0], [1.0, 6.0], [0.0, 20.0], [4.0, 5.0], [1.0, 6.0], [0.0, 5.0], [0.0, 1.0], [0.0, 0.0]]"
j97fpmqw0d2z85xd3hjes4z4jd8fntbr,larp larp sahur,20,test,1,1,0.7514304803259122,0.1250177870681649,True,"[[4.0, 20.0], [3.0, 20.0], [0.0, 7.0], [0.0, 20.0], [1.0, 1.0], [8.0, 11.0], [0.0, 1.0], [7.0, 8.0], [0.0, 3.0]]"
j97fpmqw0d2z85xd3hjes4z4jd8fntbr,luck is all u need,30,test,1,1,0.8584489929009279,0.5281633096697598,True,"[[11.0, 30.0], [7.0, 30.0], [2.0, 11.0], [0.0, 30.0], [4.0, 5.0], [11.0, 17.0], [0.0, 5.0], [8.0, 11.0], [0.0, 3.0]]"
j97fpmqw0d2z85xd3hjes4z4jd8fntbr,larp larp sahur,30,test,1,1,0.6475043926955052,0.0,True,"[[4.0, 30.0], [3.0, 30.0], [0.0, 13.0], [0.0, 30.0], [1.0, 1.0], [8.0, 11.0], [0.0, 1.0], [7.0, 8.0], [0.0, 3.0]]"
j97fpmqw0d2z85xd3hjes4z4jd8fntbr,luck is all u need,50,test,1,1,0.8830089325971618,0.6100297753238729,True,"[[17.0, 50.0], [11.0, 50.0], [3.0, 15.0], [0.0, 50.0], [7.0, 10.0], [16.0, 23.0], [0.0, 10.0], [11.0, 16.0], [0.0, 4.0]]"
j97fpmqw0d2z85xd3hjes4z4jd8fntbr,larp larp sahur,50,test,1,1,0.5533665538699682,0.0,True,"[[7.0, 50.0], [6.0, 50.0], [1.0, 19.0], [0.0, 50.0], [4.0, 5.0], [10.0, 19.0], [0.0, 5.0], [8.0, 10.0], [0.0, 3.0]]"
j97fpmqw0d2z85xd3hjes4z4jd8fntbr,luck is all u need,75,test,1,1,0.8558350605148589,0.5194502017161965,True,"[[27.0, 75.0], [16.0, 75.0], [3.0, 24.0], [0.0, 75.0], [13.0, 19.0], [26.0, 44.0], [0.0, 19.0], [20.0, 26.0], [0.0, 7.0]]"
j97fpmqw0d2z85xd3hjes4z4jd8fntbr,larp larp sahur,75,test,1,0,0.5582964894929011,0.0,False,"[[10.0, 75.0], [6.0, 75.0], [1.0, 29.0], [0.0, 75.0], [6.0, 7.0], [13.0, 27.0], [0.0, 7.0], [11.0, 13.0], [0.0, 4.0]]"
j97fpmqw0d2z85xd3hjes4z4jd8fntbr,luck is all u need,100,test,1,1,0.8645182854145388,0.5483942847151294,True,"[[32.0, 100.0], [21.0, 100.0], [5.0, 32.0], [0.0, 100.0], [13.0, 20.0], [30.0, 53.0], [1.0, 20.0], [24.0, 31.0], [0.0, 8.0]]"
j97fpmqw0d2z85xd3hjes4z4jd8fntbr,larp larp sahur,100,test,1,1,0.5080019306926571,0.0,True,"[[16.0, 100.0], [11.0, 100.0], [1.0, 37.0], [0.0, 100.0], [10.0, 11.0], [19.0, 37.0], [0.0, 11.0], [17.0, 19.0], [0.0, 6.0]]"
j97582s2qm1qtk125d7wrprsrx8fnnyw,krestrel,5,validation,1,1,0.8485761315794926,0.2063557383048509,True,"[[3.0, 5.0], [3.0, 5.0], [1.0, 2.0], [0.0, 5.0], [0.0, 0.0], [2.0, 2.0], [0.0, 0.0], [2.0, 2.0], [0.0, 0.0]]"
j97582s2qm1qtk125d7wrprsrx8fnnyw,krestrel,10,validation,1,1,0.97477384033853,0.7632606676070277,True,"[[6.0, 10.0], [6.0, 10.0], [2.0, 5.0], [1.0, 10.0], [1.0, 1.0], [3.0, 3.0], [0.0, 1.0], [3.0, 3.0], [0.0, 0.0]]"
j97582s2qm1qtk125d7wrprsrx8fnnyw,krestrel,15,validation,1,1,0.9699354710135727,0.8997849033785756,True,"[[8.0, 15.0], [7.0, 15.0], [2.0, 6.0], [1.0, 15.0], [2.0, 2.0], [3.0, 4.0], [0.0, 2.0], [3.0, 3.0], [0.0, 0.0]]"
j97582s2qm1qtk125d7wrprsrx8fnnyw,krestrel,20,validation,1,1,0.969800837773516,0.89933612591172,True,"[[9.0, 20.0], [8.0, 20.0], [3.0, 7.0], [2.0, 20.0], [2.0, 2.0], [3.0, 4.0], [0.0, 2.0], [3.0, 3.0], [0.0, 0.0]]"
j97582s2qm1qtk125d7wrprsrx8fnnyw,krestrel,30,validation,1,1,0.985060407396955,0.95020135798985,True,"[[15.0, 30.0], [13.0, 30.0], [5.0, 12.0], [4.0, 30.0], [3.0, 3.0], [5.0, 6.0], [0.0, 3.0], [5.0, 5.0], [0.0, 0.0]]"
j97582s2qm1qtk125d7wrprsrx8fnnyw,krestrel,50,validation,1,1,0.9850008647741483,0.9500028825804943,True,"[[18.0, 50.0], [15.0, 50.0], [6.0, 18.0], [5.0, 50.0], [3.0, 5.0], [5.0, 7.0], [2.0, 5.0], [7.0, 7.0], [0.0, 0.0]]"
j97582s2qm1qtk125d7wrprsrx8fnnyw,krestrel,75,validation,1,1,0.9819206917599734,0.9397356391999114,True,"[[22.0, 75.0], [18.0, 75.0], [7.0, 27.0], [5.0, 75.0], [5.0, 8.0], [6.0, 10.0], [3.0, 8.0], [9.0, 9.0], [0.0, 0.0]]"
j97582s2qm1qtk125d7wrprsrx8fnnyw,krestrel,100,validation,1,1,0.9700273748984705,0.9000912496615682,True,"[[23.0, 100.0], [19.0, 100.0], [7.0, 39.0], [6.0, 100.0], [5.0, 8.0], [6.0, 10.0], [3.0, 8.0], [9.0, 9.0], [0.0, 0.0]]"
j976w6xx25xxxj8m9v4enbh34h8fnb2j,larp larp sahur,5,test,1,1,0.9182295314527376,0.30309657146213553,True,"[[3.0, 5.0], [3.0, 5.0], [1.0, 1.0], [1.0, 5.0], [0.0, 1.0], [4.0, 4.0], [0.0, 1.0], [1.0, 4.0], [0.0, 1.0]]"
j976w6xx25xxxj8m9v4enbh34h8fnb2j,larp larp sahur,10,test,1,1,0.9279631922915653,0.6332310896987926,True,"[[6.0, 10.0], [6.0, 10.0], [1.0, 3.0], [1.0, 10.0], [2.0, 3.0], [4.0, 7.0], [0.0, 3.0], [1.0, 4.0], [0.0, 1.0]]"
j976w6xx25xxxj8m9v4enbh34h8fnb2j,larp larp sahur,15,test,1,1,0.9114193678635113,0.7047312262117044,True,"[[7.0, 15.0], [6.0, 15.0], [1.0, 6.0], [1.0, 15.0], [2.0, 3.0], [4.0, 7.0], [0.0, 3.0], [1.0, 4.0], [0.0, 1.0]]"
j976w6xx25xxxj8m9v4enbh34h8fnb2j,larp larp sahur,20,test,1,1,0.888026301910602,0.6267543397020066,True,"[[8.0, 20.0], [6.0, 20.0], [1.0, 8.0], [1.0, 20.0], [3.0, 4.0], [4.0, 8.0], [0.0, 4.0], [1.0, 4.0], [0.0, 1.0]]"
j976w6xx25xxxj8m9v4enbh34h8fnb2j,larp larp sahur,30,test,1,1,0.8582603834402547,0.5275346114675157,True,"[[11.0, 30.0], [8.0, 30.0], [1.0, 11.0], [1.0, 30.0], [5.0, 6.0], [4.0, 10.0], [0.0, 6.0], [1.0, 4.0], [0.0, 1.0]]"
j976w6xx25xxxj8m9v4enbh34h8fnb2j,larp larp sahur,50,test,1,1,0.9457516697646975,0.8191722325489916,True,"[[19.0, 50.0], [15.0, 50.0], [3.0, 18.0], [1.0, 50.0], [5.0, 14.0], [13.0, 21.0], [1.0, 14.0], [10.0, 14.0], [0.0, 4.0]]"
j976w6xx25xxxj8m9v4enbh34h8fnb2j,larp larp sahur,75,test,1,1,0.9413213164879826,0.8044043882932752,True,"[[25.0, 75.0], [19.0, 75.0], [3.0, 29.0], [1.0, 75.0], [11.0, 20.0], [14.0, 27.0], [1.0, 20.0], [11.0, 15.0], [0.0, 4.0]]"
j976w6xx25xxxj8m9v4enbh34h8fnb2j,larp larp sahur,100,test,1,1,0.9454775194414072,0.8182583981380241,True,"[[32.0, 100.0], [22.0, 100.0], [4.0, 42.0], [2.0, 100.0], [14.0, 27.0], [19.0, 35.0], [2.0, 27.0], [16.0, 21.0], [0.0, 5.0]]"
j97dc6jn2tyw0fv925yesxa54x8fn15z,larp larp sahur,5,test,1,0,0.5966279818607878,0.0,False,"[[0.0, 5.0], [0.0, 5.0], [0.0, 1.0], [0.0, 5.0], [0.0, 0.0], [0.0, 0.0], [0.0, 0.0], [0.0, 0.0], [0.0, 0.0]]"
j97dc6jn2tyw0fv925yesxa54x8fn15z,larp larp sahur,10,test,1,0,0.6427119993459983,0.0,False,"[[1.0, 10.0], [1.0, 10.0], [0.0, 3.0], [0.0, 10.0], [1.0, 1.0], [0.0, 2.0], [0.0, 1.0], [0.0, 0.0], [0.0, 0.0]]"
j97dc6jn2tyw0fv925yesxa54x8fn15z,larp larp sahur,15,test,1,1,0.5266969300872181,0.0,True,"[[2.0, 15.0], [2.0, 15.0], [1.0, 6.0], [0.0, 15.0], [1.0, 1.0], [2.0, 4.0], [0.0, 1.0], [1.0, 2.0], [0.0, 0.0]]"
j97dc6jn2tyw0fv925yesxa54x8fn15z,larp larp sahur,20,test,1,1,0.5852787416117704,0.0,True,"[[5.0, 20.0], [4.0, 20.0], [1.0, 8.0], [0.0, 20.0], [2.0, 4.0], [3.0, 9.0], [1.0, 4.0], [2.0, 4.0], [0.0, 0.0]]"
j97dc6jn2tyw0fv925yesxa54x8fn15z,larp larp sahur,30,test,1,0,0.5374221526086078,0.0,False,"[[7.0, 30.0], [4.0, 30.0], [1.0, 12.0], [0.0, 30.0], [2.0, 7.0], [6.0, 15.0], [1.0, 7.0], [5.0, 7.0], [0.0, 1.0]]"
j97dc6jn2tyw0fv925yesxa54x8fn15z,larp larp sahur,50,test,1,1,0.5973081799791513,0.0,True,"[[14.0, 50.0], [10.0, 50.0], [2.0, 20.0], [0.0, 50.0], [5.0, 14.0], [13.0, 32.0], [2.0, 14.0], [11.0, 15.0], [0.0, 5.0]]"
j97dc6jn2tyw0fv925yesxa54x8fn15z,larp larp sahur,75,test,1,1,0.6850363066882307,0.0,True,"[[20.0, 75.0], [14.0, 75.0], [4.0, 30.0], [0.0, 75.0], [7.0, 18.0], [20.0, 41.0], [2.0, 18.0], [17.0, 22.0], [0.0, 7.0]]"
j97dc6jn2tyw0fv925yesxa54x8fn15z,larp larp sahur,100,test,1,1,0.7019960892838668,0.0036549333162689255,True,"[[27.0, 100.0], [18.0, 100.0], [4.0, 41.0], [0.0, 100.0], [10.0, 24.0], [25.0, 49.0], [2.0, 24.0], [22.0, 27.0], [0.0, 7.0]]"
j971kja9e2rx2apg635s0je0598fnzx4,krestrel,5,test,1,1,0.7490814574152678,0.04909509109863162,True,"[[2.0, 5.0], [2.0, 5.0], [1.0, 2.0], [0.0, 5.0], [0.0, 1.0], [1.0, 1.0], [1.0, 1.0], [1.0, 2.0], [0.0, 0.0]]"
j971kja9e2rx2apg635s0je0598fnzx4,krestrel,10,test,1,1,0.8288275545578059,0.3578543182161275,True,"[[4.0, 10.0], [4.0, 10.0], [1.0, 3.0], [0.0, 10.0], [0.0, 1.0], [2.0, 2.0], [1.0, 1.0], [2.0, 3.0], [0.0, 0.0]]"
j971kja9e2rx2apg635s0je0598fnzx4,krestrel,15,test,1,1,0.8405589814961343,0.4685299383204477,True,"[[6.0, 15.0], [6.0, 15.0], [1.0, 4.0], [0.0, 15.0], [0.0, 1.0], [2.0, 2.0], [1.0, 1.0], [2.0, 3.0], [0.0, 0.0]]"
j971kja9e2rx2apg635s0je0598fnzx4,krestrel,20,test,1,1,0.8110309612040842,0.3634605154823781,True,"[[7.0, 20.0], [6.0, 20.0], [1.0, 5.0], [0.0, 20.0], [0.0, 1.0], [2.0, 2.0], [1.0, 1.0], [2.0, 3.0], [0.0, 0.0]]"
j971kja9e2rx2apg635s0je0598fnzx4,krestrel,30,test,1,1,0.9593217222936151,0.8644057409787171,True,"[[11.0, 30.0], [8.0, 30.0], [3.0, 12.0], [2.0, 30.0], [1.0, 2.0], [3.0, 3.0], [1.0, 2.0], [2.0, 4.0], [0.0, 0.0]]"
j971kja9e2rx2apg635s0je0598fnzx4,krestrel,50,test,1,1,0.9872929097306422,0.957643032435474,True,"[[21.0, 50.0], [17.0, 50.0], [7.0, 18.0], [4.0, 50.0], [3.0, 4.0], [5.0, 5.0], [1.0, 4.0], [3.0, 6.0], [0.0, 0.0]]"
j971kja9e2rx2apg635s0je0598fnzx4,krestrel,75,test,1,1,0.9883706815354372,0.9612356051181239,True,"[[36.0, 75.0], [31.0, 75.0], [13.0, 32.0], [13.0, 75.0], [5.0, 6.0], [7.0, 9.0], [1.0, 6.0], [5.0, 8.0], [0.0, 0.0]]"
j971kja9e2rx2apg635s0je0598fnzx4,krestrel,100,test,1,1,0.9909330112642549,0.969776704214183,True,"[[59.0, 100.0], [54.0, 100.0], [21.0, 40.0], [28.0, 100.0], [6.0, 8.0], [9.0, 12.0], [1.0, 8.0], [5.0, 10.0], [0.0, 1.0]]"
j97darhsvq25vgedy71cztfc9d8fnj1d,larp larp sahur,5,validation,1,1,0.6797192495343612,0.0,True,"[[2.0, 5.0], [2.0, 5.0], [0.0, 1.0], [0.0, 5.0], [2.0, 2.0], [3.0, 7.0], [0.0, 2.0], [2.0, 3.0], [0.0, 1.0]]"
j97darhsvq25vgedy71cztfc9d8fnj1d,larp larp sahur,10,validation,1,1,0.7062832277732306,0.009846495657721914,True,"[[4.0, 10.0], [3.0, 10.0], [1.0, 3.0], [0.0, 10.0], [3.0, 3.0], [3.0, 8.0], [0.0, 3.0], [2.0, 3.0], [0.0, 1.0]]"
j97darhsvq25vgedy71cztfc9d8fnj1d,larp larp sahur,15,validation,1,1,0.6238448732171474,0.0,True,"[[4.0, 15.0], [3.0, 15.0], [1.0, 5.0], [0.0, 15.0], [3.0, 3.0], [3.0, 8.0], [0.0, 3.0], [2.0, 3.0], [0.0, 1.0]]"
j97darhsvq25vgedy71cztfc9d8fnj1d,larp larp sahur,20,validation,1,1,0.5757314215515319,0.0,True,"[[5.0, 20.0], [4.0, 20.0], [1.0, 7.0], [0.0, 20.0], [4.0, 4.0], [3.0, 9.0], [0.0, 4.0], [2.0, 3.0], [0.0, 1.0]]"
j97darhsvq25vgedy71cztfc9d8fnj1d,larp larp sahur,30,validation,1,0,0.5531502495310351,0.0,False,"[[6.0, 30.0], [4.0, 30.0], [1.0, 9.0], [0.0, 30.0], [6.0, 6.0], [3.0, 9.0], [0.0, 6.0], [2.0, 3.0], [0.0, 1.0]]"
j97darhsvq25vgedy71cztfc9d8fnj1d,larp larp sahur,50,validation,1,1,0.5847311320710841,0.0,True,"[[12.0, 50.0], [9.0, 50.0], [2.0, 18.0], [0.0, 50.0], [9.0, 11.0], [6.0, 17.0], [0.0, 11.0], [5.0, 6.0], [0.0, 1.0]]"
j97darhsvq25vgedy71cztfc9d8fnj1d,larp larp sahur,75,validation,1,1,0.9353350107795455,0.7844500359318184,True,"[[21.0, 75.0], [14.0, 75.0], [2.0, 29.0], [1.0, 75.0], [12.0, 18.0], [15.0, 28.0], [1.0, 18.0], [14.0, 16.0], [0.0, 5.0]]"
j97darhsvq25vgedy71cztfc9d8fnj1d,larp larp sahur,100,validation,1,1,0.9003148915470995,0.6677163051569985,True,"[[25.0, 100.0], [16.0, 100.0], [2.0, 42.0], [1.0, 100.0], [14.0, 20.0], [16.0, 33.0], [1.0, 20.0], [15.0, 17.0], [0.0, 5.0]]"
j973pgf5mnzs69ma6v5ppdk11s8fm0w8,krestrel,5,validation,1,1,0.9357516648102946,0.3274328677920758,True,"[[4.0, 5.0], [4.0, 5.0], [1.0, 1.0], [1.0, 5.0], [0.0, 0.0], [1.0, 1.0], [0.0, 0.0], [1.0, 1.0], [0.0, 0.0]]"
j973pgf5mnzs69ma6v5ppdk11s8fm0w8,krestrel,10,validation,1,1,0.9764826853538803,0.7680074593163341,True,"[[6.0, 10.0], [6.0, 10.0], [2.0, 3.0], [1.0, 10.0], [0.0, 0.0], [6.0, 6.0], [0.0, 0.0], [3.0, 6.0], [0.0, 0.0]]"
j973pgf5mnzs69ma6v5ppdk11s8fm0w8,krestrel,15,validation,1,1,0.9826694972119664,0.9422316573732213,True,"[[10.0, 15.0], [9.0, 15.0], [3.0, 6.0], [1.0, 15.0], [0.0, 0.0], [8.0, 9.0], [0.0, 0.0], [3.0, 8.0], [0.0, 0.0]]"
j973pgf5mnzs69ma6v5ppdk11s8fm0w8,krestrel,20,validation,1,1,0.9869899945407402,0.9566333151358007,True,"[[13.0, 20.0], [12.0, 20.0], [5.0, 10.0], [2.0, 20.0], [0.0, 0.0], [8.0, 9.0], [0.0, 0.0], [3.0, 8.0], [0.0, 0.0]]"
j973pgf5mnzs69ma6v5ppdk11s8fm0w8,krestrel,30,validation,1,1,0.9951235015101826,0.9837450050339419,True,"[[19.0, 30.0], [18.0, 30.0], [8.0, 14.0], [2.0, 30.0], [1.0, 1.0], [11.0, 13.0], [0.0, 1.0], [6.0, 11.0], [0.0, 0.0]]"
j973pgf5mnzs69ma6v5ppdk11s8fm0w8,krestrel,50,validation,1,1,0.9966815205103521,0.9889384017011736,True,"[[28.0, 50.0], [26.0, 50.0], [10.0, 22.0], [3.0, 50.0], [2.0, 3.0], [17.0, 20.0], [1.0, 3.0], [9.0, 18.0], [0.0, 1.0]]"
j973pgf5mnzs69ma6v5ppdk11s8fm0w8,krestrel,75,validation,1,1,0.9939992130181681,0.9799973767272269,True,"[[37.0, 75.0], [31.0, 75.0], [11.0, 33.0], [3.0, 75.0], [4.0, 6.0], [22.0, 29.0], [1.0, 6.0], [12.0, 23.0], [1.0, 2.0]]"
j973pgf5mnzs69ma6v5ppdk11s8fm0w8,krestrel,100,validation,1,1,0.9907182455606255,0.9690608185354183,True,"[[42.0, 100.0], [34.0, 100.0], [12.0, 47.0], [3.0, 100.0], [4.0, 6.0], [24.0, 32.0], [1.0, 6.0], [14.0, 25.0], [1.0, 2.0]]"
j974g9jd77pa9t2g7pw3zvyy6x8fm7gf,larp larp sahur,5,test,1,0,0.6105466048648328,0.0,False,"[[1.0, 5.0], [0.0, 5.0], [0.0, 3.0], [0.0, 5.0], [1.0, 1.0], [0.0, 2.0], [0.0, 1.0], [0.0, 0.0], [0.0, 0.0]]"
j974g9jd77pa9t2g7pw3zvyy6x8fm7gf,krestrel,5,test,1,1,0.7270109442493647,0.02392776584673175,True,"[[2.0, 5.0], [2.0, 5.0], [0.0, 2.0], [0.0, 5.0], [1.0, 1.0], [1.0, 1.0], [0.0, 1.0], [1.0, 1.0], [0.0, 0.0]]"
j974g9jd77pa9t2g7pw3zvyy6x8fm7gf,larp larp sahur,10,test,1,1,0.5125313179640726,0.0,True,"[[3.0, 10.0], [2.0, 10.0], [0.0, 3.0], [0.0, 10.0], [3.0, 4.0], [1.0, 6.0], [0.0, 4.0], [1.0, 1.0], [0.0, 0.0]]"
j974g9jd77pa9t2g7pw3zvyy6x8fm7gf,krestrel,10,test,1,1,0.9188471362741106,0.6079087118725296,True,"[[5.0, 10.0], [5.0, 10.0], [2.0, 6.0], [0.0, 10.0], [1.0, 1.0], [6.0, 6.0], [0.0, 1.0], [3.0, 6.0], [0.0, 1.0]]"
j974g9jd77pa9t2g7pw3zvyy6x8fm7gf,larp larp sahur,15,test,1,0,0.5006115237262008,0.0,False,"[[4.0, 15.0], [3.0, 15.0], [0.0, 4.0], [0.0, 15.0], [3.0, 4.0], [1.0, 6.0], [0.0, 4.0], [1.0, 1.0], [0.0, 0.0]]"
j974g9jd77pa9t2g7pw3zvyy6x8fm7gf,krestrel,15,test,1,1,0.908817887666688,0.6960596255556268,True,"[[7.0, 15.0], [5.0, 15.0], [2.0, 8.0], [0.0, 15.0], [2.0, 2.0], [6.0, 6.0], [0.0, 2.0], [3.0, 6.0], [0.0, 1.0]]"
j974g9jd77pa9t2g7pw3zvyy6x8fm7gf,larp larp sahur,20,test,1,0,0.5725357059328909,0.0,False,"[[4.0, 20.0], [3.0, 20.0], [0.0, 5.0], [0.0, 20.0], [3.0, 4.0], [1.0, 6.0], [0.0, 4.0], [1.0, 1.0], [0.0, 0.0]]"
j974g9jd77pa9t2g7pw3zvyy6x8fm7gf,krestrel,20,test,1,1,0.9119211629154832,0.7064038763849441,True,"[[9.0, 20.0], [6.0, 20.0], [3.0, 12.0], [0.0, 20.0], [3.0, 4.0], [7.0, 9.0], [1.0, 4.0], [4.0, 8.0], [0.0, 1.0]]"
j974g9jd77pa9t2g7pw3zvyy6x8fm7gf,larp larp sahur,30,test,1,0,0.528359836203021,0.0,False,"[[6.0, 30.0], [4.0, 30.0], [0.0, 10.0], [0.0, 30.0], [3.0, 4.0], [3.0, 8.0], [0.0, 4.0], [2.0, 3.0], [0.0, 0.0]]"
j974g9jd77pa9t2g7pw3zvyy6x8fm7gf,krestrel,30,test,1,1,0.9683648196101413,0.894549398700471,True,"[[12.0, 30.0], [8.0, 30.0], [4.0, 18.0], [1.0, 30.0], [4.0, 5.0], [8.0, 11.0], [1.0, 5.0], [4.0, 9.0], [0.0, 1.0]]"
j974g9jd77pa9t2g7pw3zvyy6x8fm7gf,larp larp sahur,50,test,1,0,0.5108696170653517,0.0,False,"[[9.0, 50.0], [5.0, 50.0], [0.0, 19.0], [0.0, 50.0], [5.0, 7.0], [5.0, 10.0], [0.0, 7.0], [4.0, 5.0], [0.0, 0.0]]"
j974g9jd77pa9t2g7pw3zvyy6x8fm7gf,krestrel,50,test,1,1,0.9853082046961199,0.9510273489870663,True,"[[22.0, 50.0], [16.0, 50.0], [6.0, 26.0], [3.0, 50.0], [7.0, 10.0], [17.0, 23.0], [2.0, 10.0], [8.0, 19.0], [0.0, 4.0]]"
j974g9jd77pa9t2g7pw3zvyy6x8fm7gf,larp larp sahur,75,test,1,0,0.5526569560894269,0.0,False,"[[12.0, 75.0], [6.0, 75.0], [0.0, 27.0], [0.0, 75.0], [6.0, 12.0], [6.0, 12.0], [1.0, 12.0], [6.0, 7.0], [0.0, 0.0]]"
j974g9jd77pa9t2g7pw3zvyy6x8fm7gf,krestrel,75,test,1,1,0.9897506232120502,0.965835410706834,True,"[[37.0, 75.0], [29.0, 75.0], [11.0, 36.0], [11.0, 75.0], [7.0, 12.0], [23.0, 32.0], [3.0, 12.0], [11.0, 26.0], [1.0, 5.0]]"
j974g9jd77pa9t2g7pw3zvyy6x8fm7gf,larp larp sahur,100,test,1,1,0.5781903329401189,0.0,True,"[[18.0, 100.0], [11.0, 100.0], [2.0, 40.0], [0.0, 100.0], [10.0, 17.0], [8.0, 17.0], [1.0, 17.0], [8.0, 9.0], [0.0, 0.0]]"
j974g9jd77pa9t2g7pw3zvyy6x8fm7gf,krestrel,100,test,1,1,0.9898044124538414,0.9660147081794714,True,"[[47.0, 100.0], [37.0, 100.0], [14.0, 47.0], [14.0, 100.0], [8.0, 13.0], [29.0, 40.0], [3.0, 13.0], [12.0, 32.0], [1.0, 6.0]]"
j9749nhb03dxts8mdmywhj1vmx8fnf15,poke-bowl,5,test,1,1,0.6742903693190129,0.0,True,"[[3.0, 5.0], [2.0, 5.0], [0.0, 1.0], [0.0, 5.0], [3.0, 3.0], [0.0, 0.0], [0.0, 3.0], [0.0, 0.0], [0.0, 0.0]]"
j9749nhb03dxts8mdmywhj1vmx8fnf15,poke-bowl,10,test,1,1,0.6707763612158341,0.0,True,"[[4.0, 10.0], [2.0, 10.0], [0.0, 2.0], [0.0, 10.0], [3.0, 4.0], [3.0, 3.0], [0.0, 4.0], [0.0, 3.0], [0.0, 1.0]]"
j9749nhb03dxts8mdmywhj1vmx8fnf15,poke-bowl,15,test,1,1,0.8322127711894561,0.4407092372981872,True,"[[7.0, 15.0], [4.0, 15.0], [0.0, 4.0], [0.0, 15.0], [3.0, 4.0], [8.0, 8.0], [0.0, 4.0], [1.0, 8.0], [0.0, 2.0]]"
j9749nhb03dxts8mdmywhj1vmx8fnf15,poke-bowl,20,test,1,1,0.8431154461359055,0.4770514871196851,True,"[[9.0, 20.0], [6.0, 20.0], [0.0, 6.0], [0.0, 20.0], [3.0, 4.0], [8.0, 8.0], [0.0, 4.0], [1.0, 8.0], [0.0, 2.0]]"
j9749nhb03dxts8mdmywhj1vmx8fnf15,poke-bowl,30,test,1,1,0.733350575770557,0.07348550921274495,True,"[[11.0, 30.0], [7.0, 30.0], [0.0, 10.0], [0.0, 30.0], [5.0, 7.0], [8.0, 10.0], [0.0, 7.0], [1.0, 8.0], [0.0, 2.0]]"
j9749nhb03dxts8mdmywhj1vmx8fnf15,poke-bowl,50,test,1,1,0.6964270187833349,0.0,True,"[[18.0, 50.0], [12.0, 50.0], [1.0, 18.0], [0.0, 50.0], [8.0, 11.0], [8.0, 12.0], [0.0, 11.0], [1.0, 8.0], [0.0, 2.0]]"
j9749nhb03dxts8mdmywhj1vmx8fnf15,poke-bowl,75,test,1,1,0.5714351970101031,0.0,True,"[[27.0, 75.0], [16.0, 75.0], [2.0, 30.0], [0.0, 75.0], [13.0, 17.0], [10.0, 19.0], [0.0, 17.0], [1.0, 10.0], [0.0, 2.0]]"
j9749nhb03dxts8mdmywhj1vmx8fnf15,poke-bowl,100,test,1,1,0.5840547155790469,0.0,True,"[[33.0, 100.0], [20.0, 100.0], [2.0, 41.0], [0.0, 100.0], [15.0, 23.0], [14.0, 23.0], [0.0, 23.0], [1.0, 14.0], [0.0, 3.0]]"
j9774z84t25kajwhjcj2vry9q58fnmks,poke-bowl,5,test,1,0,0.6000308243524375,0.0,False,"[[0.0, 5.0], [0.0, 5.0], [0.0, 2.0], [0.0, 5.0], [0.0, 0.0], [0.0, 0.0], [0.0, 0.0], [0.0, 0.0], [0.0, 0.0]]"
j9774z84t25kajwhjcj2vry9q58fnmks,poke-bowl,10,test,1,1,0.5338068069403953,0.0,True,"[[2.0, 10.0], [0.0, 10.0], [0.0, 4.0], [0.0, 10.0], [0.0, 0.0], [2.0, 3.0], [0.0, 0.0], [2.0, 2.0], [0.0, 0.0]]"
j9774z84t25kajwhjcj2vry9q58fnmks,poke-bowl,15,test,1,0,0.5539450454852457,0.0,False,"[[2.0, 15.0], [0.0, 15.0], [0.0, 7.0], [0.0, 15.0], [0.0, 0.0], [2.0, 3.0], [0.0, 0.0], [2.0, 2.0], [0.0, 0.0]]"
j9774z84t25kajwhjcj2vry9q58fnmks,poke-bowl,20,test,1,1,0.5892536026182249,0.0,True,"[[3.0, 20.0], [1.0, 20.0], [0.0, 8.0], [0.0, 20.0], [0.0, 0.0], [4.0, 5.0], [0.0, 0.0], [4.0, 4.0], [0.0, 0.0]]"
j9774z84t25kajwhjcj2vry9q58fnmks,poke-bowl,30,test,1,1,0.713840903678705,0.027250007613752177,True,"[[8.0, 30.0], [3.0, 30.0], [0.0, 12.0], [0.0, 30.0], [2.0, 4.0], [7.0, 9.0], [0.0, 4.0], [6.0, 7.0], [0.0, 0.0]]"
j9774z84t25kajwhjcj2vry9q58fnmks,poke-bowl,50,test,1,1,0.8228547590637181,0.409515863545727,True,"[[15.0, 50.0], [10.0, 50.0], [1.0, 17.0], [0.0, 50.0], [3.0, 5.0], [7.0, 9.0], [0.0, 5.0], [6.0, 7.0], [0.0, 0.0]]"
j9774z84t25kajwhjcj2vry9q58fnmks,poke-bowl,75,test,1,1,0.8018518977966446,0.3190091614844274,True,"[[24.0, 75.0], [16.0, 75.0], [1.0, 24.0], [0.0, 75.0], [7.0, 12.0], [16.0, 21.0], [0.0, 12.0], [6.0, 16.0], [0.0, 1.0]]"
j9774z84t25kajwhjcj2vry9q58fnmks,poke-bowl,100,test,1,1,0.8254856496372153,0.41828549879071764,True,"[[33.0, 100.0], [23.0, 100.0], [1.0, 31.0], [0.0, 100.0], [10.0, 16.0], [20.0, 26.0], [0.0, 16.0], [7.0, 20.0], [0.0, 2.0]]"
j975mnxhrfj9s695sdn33byqzn8fmxh7,orcabot,5,test,1,0,0.6149175716108991,0.0,False,"[[0.0, 5.0], [0.0, 5.0], [0.0, 1.0], [0.0, 5.0], [1.0, 1.0], [0.0, 1.0], [0.0, 1.0], [0.0, 0.0], [0.0, 0.0]]"
j975mnxhrfj9s695sdn33byqzn8fmxh7,orcabot,10,test,1,0,0.7147364339459551,0.029935824396027107,False,"[[2.0, 10.0], [0.0, 10.0], [0.0, 3.0], [0.0, 10.0], [2.0, 3.0], [0.0, 4.0], [0.0, 3.0], [0.0, 0.0], [0.0, 0.0]]"
j975mnxhrfj9s695sdn33byqzn8fmxh7,orcabot,15,test,1,0,0.746761297631164,0.1323074111145641,False,"[[3.0, 15.0], [0.0, 15.0], [0.0, 6.0], [0.0, 15.0], [3.0, 4.0], [0.0, 4.0], [0.0, 4.0], [0.0, 0.0], [0.0, 0.0]]"
j975mnxhrfj9s695sdn33byqzn8fmxh7,orcabot,20,test,1,0,0.592926077647293,0.0,False,"[[4.0, 20.0], [1.0, 20.0], [0.0, 9.0], [0.0, 20.0], [3.0, 4.0], [2.0, 7.0], [0.0, 4.0], [2.0, 2.0], [0.0, 1.0]]"
j975mnxhrfj9s695sdn33byqzn8fmxh7,orcabot,30,test,1,0,0.7044118422604102,0.010223225414612935,False,"[[4.0, 30.0], [1.0, 30.0], [0.0, 14.0], [0.0, 30.0], [3.0, 4.0], [2.0, 7.0], [0.0, 4.0], [2.0, 2.0], [0.0, 1.0]]"
j975mnxhrfj9s695sdn33byqzn8fmxh7,orcabot,50,test,1,1,0.7412789494920928,0.09501833360151153,True,"[[13.0, 50.0], [8.0, 50.0], [0.0, 21.0], [1.0, 50.0], [7.0, 8.0], [4.0, 15.0], [0.0, 8.0], [3.0, 4.0], [0.0, 1.0]]"
j975mnxhrfj9s695sdn33byqzn8fmxh7,orcabot,75,test,1,1,0.8570139425070245,0.5233798083567482,True,"[[24.0, 75.0], [14.0, 75.0], [3.0, 36.0], [1.0, 75.0], [9.0, 10.0], [13.0, 30.0], [0.0, 10.0], [8.0, 13.0], [0.0, 3.0]]"
j975mnxhrfj9s695sdn33byqzn8fmxh7,orcabot,100,test,1,1,0.906031463767653,0.6867715458921766,True,"[[35.0, 100.0], [22.0, 100.0], [5.0, 47.0], [2.0, 100.0], [12.0, 13.0], [23.0, 44.0], [0.0, 13.0], [15.0, 23.0], [0.0, 3.0]]"
j97fcc87tyxws5a27xa5zwcfs18fnhrb,poke-bowl,5,validation,1,1,0.9550706055337472,0.3542647299079823,True,"[[4.0, 5.0], [3.0, 5.0], [1.0, 2.0], [1.0, 5.0], [0.0, 2.0], [5.0, 5.0], [2.0, 2.0], [2.0, 7.0], [0.0, 2.0]]"
j97fcc87tyxws5a27xa5zwcfs18fnhrb,poke-bowl,10,validation,1,1,0.9611922878708955,0.7255341329747097,True,"[[5.0, 10.0], [4.0, 10.0], [1.0, 4.0], [1.0, 10.0], [0.0, 2.0], [6.0, 6.0], [2.0, 2.0], [3.0, 8.0], [0.0, 2.0]]"
j97fcc87tyxws5a27xa5zwcfs18fnhrb,poke-bowl,15,validation,1,1,0.9491036257686406,0.830345419228802,True,"[[5.0, 15.0], [4.0, 15.0], [1.0, 5.0], [1.0, 15.0], [0.0, 2.0], [6.0, 6.0], [2.0, 2.0], [3.0, 8.0], [0.0, 2.0]]"
j97fcc87tyxws5a27xa5zwcfs18fnhrb,poke-bowl,20,validation,1,1,0.9782777675209242,0.9275925584030807,True,"[[9.0, 20.0], [6.0, 20.0], [1.0, 7.0], [1.0, 20.0], [1.0, 3.0], [10.0, 10.0], [2.0, 3.0], [4.0, 12.0], [0.0, 2.0]]"
j97fcc87tyxws5a27xa5zwcfs18fnhrb,poke-bowl,30,validation,1,1,0.9727477638827566,0.9091592129425221,True,"[[13.0, 30.0], [8.0, 30.0], [1.0, 12.0], [1.0, 30.0], [1.0, 3.0], [15.0, 18.0], [2.0, 3.0], [6.0, 17.0], [0.0, 2.0]]"
j97fcc87tyxws5a27xa5zwcfs18fnhrb,poke-bowl,50,validation,1,1,0.9837809090386027,0.945936363462009,True,"[[22.0, 50.0], [14.0, 50.0], [1.0, 18.0], [1.0, 50.0], [4.0, 8.0], [20.0, 24.0], [3.0, 8.0], [9.0, 23.0], [0.0, 3.0]]"
j97fcc87tyxws5a27xa5zwcfs18fnhrb,poke-bowl,75,validation,1,1,0.9621599080638057,0.8738663602126857,True,"[[34.0, 75.0], [18.0, 75.0], [1.0, 31.0], [1.0, 75.0], [9.0, 18.0], [31.0, 44.0], [3.0, 18.0], [11.0, 34.0], [0.0, 3.0]]"
j97fcc87tyxws5a27xa5zwcfs18fnhrb,poke-bowl,100,validation,1,1,0.940198163555555,0.8006605451851833,True,"[[45.0, 100.0], [24.0, 100.0], [1.0, 40.0], [1.0, 100.0], [11.0, 22.0], [33.0, 54.0], [3.0, 22.0], [12.0, 36.0], [0.0, 3.0]]"
j973aemarc3w53d7fmj2acbp458fmw9j,orcabot,5,validation,1,1,0.5607072637274372,0.0,True,"[[1.0, 5.0], [1.0, 5.0], [1.0, 3.0], [0.0, 5.0], [0.0, 0.0], [0.0, 0.0], [0.0, 0.0], [0.0, 0.0], [0.0, 0.0]]"
j973aemarc3w53d7fmj2acbp458fmw9j,orcabot,10,validation,1,1,0.6415971846985731,0.0,True,"[[3.0, 10.0], [2.0, 10.0], [1.0, 5.0], [0.0, 10.0], [0.0, 0.0], [1.0, 2.0], [0.0, 0.0], [1.0, 1.0], [0.0, 0.0]]"
j973aemarc3w53d7fmj2acbp458fmw9j,orcabot,15,validation,1,1,0.8327174413591573,0.44239147119719097,True,"[[6.0, 15.0], [5.0, 15.0], [3.0, 9.0], [0.0, 15.0], [0.0, 0.0], [2.0, 3.0], [0.0, 0.0], [2.0, 2.0], [0.0, 0.0]]"
j973aemarc3w53d7fmj2acbp458fmw9j,orcabot,20,validation,1,1,0.8103048830796726,0.35982900962848624,True,"[[8.0, 20.0], [6.0, 20.0], [3.0, 10.0], [0.0, 20.0], [0.0, 0.0], [3.0, 5.0], [0.0, 0.0], [2.0, 3.0], [0.0, 0.0]]"
j973aemarc3w53d7fmj2acbp458fmw9j,orcabot,30,validation,1,1,0.9159450854829221,0.7198169516097404,True,"[[13.0, 30.0], [9.0, 30.0], [3.0, 13.0], [1.0, 30.0], [3.0, 3.0], [3.0, 10.0], [0.0, 3.0], [2.0, 3.0], [0.0, 0.0]]"
j973aemarc3w53d7fmj2acbp458fmw9j,orcabot,50,validation,1,1,0.8946616550615676,0.6488721835385587,True,"[[20.0, 50.0], [12.0, 50.0], [3.0, 23.0], [1.0, 50.0], [6.0, 6.0], [5.0, 13.0], [0.0, 6.0], [3.0, 5.0], [0.0, 0.0]]"
j973aemarc3w53d7fmj2acbp458fmw9j,orcabot,75,validation,1,1,0.9163729461919173,0.7212431539730578,True,"[[27.0, 75.0], [16.0, 75.0], [3.0, 34.0], [1.0, 75.0], [8.0, 10.0], [9.0, 20.0], [1.0, 10.0], [6.0, 10.0], [0.0, 0.0]]"
j973aemarc3w53d7fmj2acbp458fmw9j,orcabot,100,validation,1,1,0.8864670868781527,0.621556956260509,True,"[[35.0, 100.0], [20.0, 100.0], [3.0, 46.0], [1.0, 100.0], [12.0, 16.0], [9.0, 26.0], [2.0, 16.0], [7.0, 11.0], [0.0, 0.0]]"
j976104jajjwbkbtds4fqxya9d8fmqkh,poke-bowl,5,validation,1,1,0.7000407676934238,3.0722108578372606e-05,True,"[[2.0, 5.0], [0.0, 5.0], [0.0, 3.0], [0.0, 5.0], [0.0, 0.0], [4.0, 4.0], [0.0, 0.0], [2.0, 4.0], [0.0, 0.0]]"
j976104jajjwbkbtds4fqxya9d8fmqkh,poke-bowl,10,validation,1,1,0.7046026360039995,0.00713823710413461,True,"[[3.0, 10.0], [0.0, 10.0], [0.0, 5.0], [0.0, 10.0], [1.0, 2.0], [6.0, 6.0], [0.0, 2.0], [3.0, 6.0], [0.0, 0.0]]"
j976104jajjwbkbtds4fqxya9d8fmqkh,poke-bowl,15,validation,1,1,0.649578695771479,0.0,True,"[[4.0, 15.0], [0.0, 15.0], [0.0, 7.0], [0.0, 15.0], [1.0, 2.0], [7.0, 8.0], [0.0, 2.0], [4.0, 7.0], [0.0, 0.0]]"
j976104jajjwbkbtds4fqxya9d8fmqkh,poke-bowl,20,validation,1,1,0.5806672155460674,0.0,True,"[[4.0, 20.0], [0.0, 20.0], [0.0, 8.0], [0.0, 20.0], [1.0, 2.0], [7.0, 8.0], [0.0, 2.0], [4.0, 7.0], [0.0, 0.0]]"
j976104jajjwbkbtds4fqxya9d8fmqkh,poke-bowl,30,validation,1,1,0.6908731306790965,0.0,True,"[[9.0, 30.0], [3.0, 30.0], [0.0, 14.0], [0.0, 30.0], [4.0, 5.0], [10.0, 14.0], [0.0, 5.0], [5.0, 10.0], [0.0, 0.0]]"
j976104jajjwbkbtds4fqxya9d8fmqkh,poke-bowl,50,validation,1,1,0.849327618073462,0.49775872691154016,True,"[[17.0, 50.0], [9.0, 50.0], [2.0, 23.0], [0.0, 50.0], [4.0, 5.0], [13.0, 17.0], [0.0, 5.0], [8.0, 13.0], [0.0, 0.0]]"
j976104jajjwbkbtds4fqxya9d8fmqkh,poke-bowl,75,validation,1,1,0.8814150813963444,0.6047169379878147,True,"[[28.0, 75.0], [15.0, 75.0], [2.0, 34.0], [0.0, 75.0], [6.0, 8.0], [18.0, 23.0], [0.0, 8.0], [11.0, 18.0], [0.0, 0.0]]"
j976104jajjwbkbtds4fqxya9d8fmqkh,poke-bowl,100,validation,1,1,0.8988305202174067,0.6627684007246891,True,"[[41.0, 100.0], [26.0, 100.0], [3.0, 43.0], [0.0, 100.0], [9.0, 11.0], [19.0, 25.0], [0.0, 11.0], [12.0, 19.0], [0.0, 0.0]]"
j974zwp75qb813rknjv1qpyd9n8fnjbw,orcabot,5,test,1,0,0.5536552861717278,0.0,False,"[[1.0, 5.0], [0.0, 5.0], [0.0, 3.0], [0.0, 5.0], [0.0, 0.0], [0.0, 0.0], [0.0, 0.0], [0.0, 0.0], [0.0, 0.0]]"
j974zwp75qb813rknjv1qpyd9n8fnjbw,orcabot,10,test,1,0,0.6299944087175288,0.0,False,"[[2.0, 10.0], [1.0, 10.0], [0.0, 3.0], [0.0, 10.0], [1.0, 2.0], [0.0, 2.0], [0.0, 2.0], [0.0, 0.0], [0.0, 0.0]]"
j974zwp75qb813rknjv1qpyd9n8fnjbw,orcabot,15,test,1,1,0.5377032958178051,0.0,True,"[[5.0, 15.0], [1.0, 15.0], [0.0, 7.0], [0.0, 15.0], [3.0, 4.0], [2.0, 4.0], [0.0, 4.0], [1.0, 2.0], [0.0, 0.0]]"
j974zwp75qb813rknjv1qpyd9n8fnjbw,orcabot,20,test,1,1,0.5737873089940645,0.0,True,"[[7.0, 20.0], [2.0, 20.0], [0.0, 10.0], [0.0, 20.0], [3.0, 4.0], [3.0, 5.0], [0.0, 4.0], [1.0, 3.0], [0.0, 0.0]]"
j974zwp75qb813rknjv1qpyd9n8fnjbw,orcabot,30,test,1,1,0.5168120653330732,0.0,True,"[[10.0, 30.0], [3.0, 30.0], [0.0, 14.0], [0.0, 30.0], [4.0, 5.0], [3.0, 6.0], [0.0, 5.0], [1.0, 3.0], [0.0, 0.0]]"
j974zwp75qb813rknjv1qpyd9n8fnjbw,orcabot,50,test,1,1,0.5855786127537915,0.0,True,"[[16.0, 50.0], [6.0, 50.0], [1.0, 24.0], [0.0, 50.0], [7.0, 8.0], [8.0, 15.0], [0.0, 8.0], [4.0, 8.0], [0.0, 1.0]]"
j974zwp75qb813rknjv1qpyd9n8fnjbw,orcabot,75,test,1,1,0.9420129987393473,0.8067099957978243,True,"[[24.0, 75.0], [12.0, 75.0], [4.0, 36.0], [1.0, 75.0], [9.0, 13.0], [12.0, 21.0], [2.0, 13.0], [9.0, 14.0], [0.0, 1.0]]"
j974zwp75qb813rknjv1qpyd9n8fnjbw,orcabot,100,test,1,1,0.9435822031821767,0.8119406772739223,True,"[[34.0, 100.0], [16.0, 100.0], [5.0, 53.0], [1.0, 100.0], [15.0, 24.0], [16.0, 29.0], [3.0, 24.0], [13.0, 19.0], [0.0, 1.0]]"
j970dvr4v83stx9nkrmvxt30y98fm2mt,poke-bowl,5,test,1,1,0.7426059496391962,0.04115955587640891,True,"[[3.0, 5.0], [1.0, 5.0], [0.0, 4.0], [0.0, 5.0], [1.0, 1.0], [3.0, 3.0], [0.0, 1.0], [1.0, 3.0], [0.0, 0.0]]"
j970dvr4v83stx9nkrmvxt30y98fm2mt,poke-bowl,10,test,1,1,0.6387558130411156,0.0,True,"[[7.0, 10.0], [4.0, 10.0], [0.0, 6.0], [0.0, 10.0], [3.0, 10.0], [4.0, 6.0], [0.0, 10.0], [1.0, 4.0], [0.0, 0.0]]"
j970dvr4v83stx9nkrmvxt30y98fm2mt,poke-bowl,15,test,1,1,0.639526068741489,0.0,True,"[[8.0, 15.0], [4.0, 15.0], [0.0, 9.0], [0.0, 15.0], [3.0, 10.0], [5.0, 7.0], [0.0, 10.0], [2.0, 5.0], [0.0, 0.0]]"
j970dvr4v83stx9nkrmvxt30y98fm2mt,poke-bowl,20,test,1,1,0.6630438533438358,0.0,True,"[[10.0, 20.0], [6.0, 20.0], [1.0, 11.0], [0.0, 20.0], [4.0, 13.0], [7.0, 11.0], [0.0, 13.0], [3.0, 7.0], [0.0, 0.0]]"
j970dvr4v83stx9nkrmvxt30y98fm2mt,poke-bowl,30,test,1,1,0.7900197736506096,0.26617823283576936,True,"[[14.0, 30.0], [9.0, 30.0], [2.0, 15.0], [0.0, 30.0], [5.0, 14.0], [9.0, 13.0], [0.0, 14.0], [5.0, 9.0], [0.0, 0.0]]"
j970dvr4v83stx9nkrmvxt30y98fm2mt,poke-bowl,50,test,1,1,0.738164032815329,0.08636359273458949,True,"[[19.0, 50.0], [12.0, 50.0], [2.0, 23.0], [0.0, 50.0], [5.0, 15.0], [13.0, 18.0], [1.0, 15.0], [6.0, 14.0], [0.0, 1.0]]"
j970dvr4v83stx9nkrmvxt30y98fm2mt,poke-bowl,75,test,1,1,0.8887591199586621,0.6291970665288736,True,"[[31.0, 75.0], [18.0, 75.0], [3.0, 35.0], [0.0, 75.0], [8.0, 19.0], [23.0, 29.0], [2.0, 19.0], [12.0, 25.0], [0.0, 2.0]]"
j970dvr4v83stx9nkrmvxt30y98fm2mt,poke-bowl,100,test,1,1,0.8308535546895834,0.4361785156319449,True,"[[40.0, 100.0], [22.0, 100.0], [3.0, 48.0], [0.0, 100.0], [9.0, 24.0], [31.0, 40.0], [2.0, 24.0], [15.0, 33.0], [0.0, 2.0]]"
j977fz98yhnnsy01zdwxmdmewx8fmwyj,RaiseYourEdge,5,test,1,1,0.5843252553349803,0.0,True,"[[2.0, 5.0], [2.0, 5.0], [0.0, 1.0], [0.0, 5.0], [1.0, 1.0], [0.0, 1.0], [0.0, 1.0], [0.0, 0.0], [0.0, 0.0]]"
j977fz98yhnnsy01zdwxmdmewx8fmwyj,poke-bowl,5,test,1,1,0.5160765783974168,0.0,True,"[[2.0, 5.0], [0.0, 5.0], [0.0, 2.0], [0.0, 5.0], [0.0, 0.0], [1.0, 1.0], [0.0, 0.0], [0.0, 1.0], [0.0, 0.0]]"
j977fz98yhnnsy01zdwxmdmewx8fmwyj,RaiseYourEdge,10,test,1,1,0.5704947018201003,0.0,True,"[[3.0, 10.0], [3.0, 10.0], [0.0, 2.0], [0.0, 10.0], [2.0, 2.0], [0.0, 1.0], [0.0, 2.0], [0.0, 0.0], [0.0, 0.0]]"
j977fz98yhnnsy01zdwxmdmewx8fmwyj,poke-bowl,10,test,1,1,0.678028938683575,0.0,True,"[[4.0, 10.0], [1.0, 10.0], [0.0, 4.0], [0.0, 10.0], [0.0, 0.0], [4.0, 4.0], [0.0, 0.0], [1.0, 4.0], [0.0, 0.0]]"
j977fz98yhnnsy01zdwxmdmewx8fmwyj,RaiseYourEdge,15,test,1,1,0.6059502473529665,0.0,True,"[[5.0, 15.0], [5.0, 15.0], [0.0, 3.0], [0.0, 15.0], [3.0, 3.0], [0.0, 1.0], [0.0, 3.0], [0.0, 0.0], [0.0, 0.0]]"
j977fz98yhnnsy01zdwxmdmewx8fmwyj,poke-bowl,15,test,1,1,0.8196409306449494,0.3988031021498313,True,"[[7.0, 15.0], [3.0, 15.0], [0.0, 7.0], [0.0, 15.0], [1.0, 1.0], [6.0, 6.0], [0.0, 1.0], [2.0, 6.0], [0.0, 0.0]]"
j977fz98yhnnsy01zdwxmdmewx8fmwyj,RaiseYourEdge,20,test,1,1,0.6788010112715066,0.0,True,"[[6.0, 20.0], [6.0, 20.0], [0.0, 5.0], [0.0, 20.0], [4.0, 4.0], [1.0, 2.0], [0.0, 4.0], [1.0, 1.0], [0.0, 0.0]]"
j977fz98yhnnsy01zdwxmdmewx8fmwyj,poke-bowl,20,test,1,1,0.8409687900406897,0.46989596680229906,True,"[[10.0, 20.0], [4.0, 20.0], [0.0, 10.0], [0.0, 20.0], [2.0, 3.0], [9.0, 10.0], [0.0, 3.0], [3.0, 9.0], [0.0, 0.0]]"
j977fz98yhnnsy01zdwxmdmewx8fmwyj,RaiseYourEdge,30,test,1,1,0.561337946241549,0.0,True,"[[6.0, 30.0], [6.0, 30.0], [0.0, 10.0], [0.0, 30.0], [4.0, 4.0], [1.0, 2.0], [0.0, 4.0], [1.0, 1.0], [0.0, 0.0]]"
j977fz98yhnnsy01zdwxmdmewx8fmwyj,poke-bowl,30,test,1,1,0.8669946560489956,0.5566488534966522,True,"[[14.0, 30.0], [7.0, 30.0], [0.0, 14.0], [0.0, 30.0], [2.0, 4.0], [12.0, 13.0], [0.0, 4.0], [4.0, 12.0], [0.0, 0.0]]"
j977fz98yhnnsy01zdwxmdmewx8fmwyj,RaiseYourEdge,50,test,1,0,0.5709371450380561,0.0,False,"[[8.0, 50.0], [7.0, 50.0], [0.0, 22.0], [0.0, 50.0], [5.0, 5.0], [1.0, 2.0], [0.0, 5.0], [1.0, 1.0], [0.0, 0.0]]"
j977fz98yhnnsy01zdwxmdmewx8fmwyj,poke-bowl,50,test,1,1,0.9221842065215614,0.7406140217385381,True,"[[22.0, 50.0], [12.0, 50.0], [1.0, 24.0], [0.0, 50.0], [6.0, 11.0], [19.0, 21.0], [1.0, 11.0], [7.0, 20.0], [0.0, 1.0]]"
j977fz98yhnnsy01zdwxmdmewx8fmwyj,RaiseYourEdge,75,test,1,0,0.7426682230743799,0.1185175144869915,False,"[[12.0, 75.0], [10.0, 75.0], [0.0, 38.0], [0.0, 75.0], [7.0, 7.0], [1.0, 6.0], [0.0, 7.0], [1.0, 1.0], [0.0, 0.0]]"
j977fz98yhnnsy01zdwxmdmewx8fmwyj,poke-bowl,75,test,1,1,0.7453671118566108,0.10676611961033951,True,"[[29.0, 75.0], [14.0, 75.0], [1.0, 39.0], [0.0, 75.0], [9.0, 18.0], [23.0, 35.0], [1.0, 18.0], [8.0, 24.0], [0.0, 2.0]]"
j977fz98yhnnsy01zdwxmdmewx8fmwyj,RaiseYourEdge,100,test,1,0,0.7392595180618474,0.10737280894348479,False,"[[18.0, 100.0], [14.0, 100.0], [1.0, 49.0], [0.0, 100.0], [9.0, 11.0], [1.0, 10.0], [0.0, 11.0], [1.0, 1.0], [0.0, 0.0]]"
j977fz98yhnnsy01zdwxmdmewx8fmwyj,poke-bowl,100,test,1,1,0.7248381371563489,0.05215490566706474,True,"[[35.0, 100.0], [18.0, 100.0], [1.0, 50.0], [0.0, 100.0], [11.0, 20.0], [26.0, 41.0], [1.0, 20.0], [9.0, 27.0], [0.0, 2.0]]"
j97e96h6cxp359g3c4xwr5p82x8fnpde,orcabot,5,test,1,0,0.6000308243524375,0.0,False,"[[0.0, 5.0], [0.0, 5.0], [0.0, 2.0], [0.0, 5.0], [0.0, 0.0], [0.0, 0.0], [0.0, 0.0], [0.0, 0.0], [0.0, 0.0]]"
j97e96h6cxp359g3c4xwr5p82x8fnpde,orcabot,10,test,1,0,0.6654115206654354,0.0,False,"[[1.0, 10.0], [0.0, 10.0], [0.0, 4.0], [0.0, 10.0], [1.0, 1.0], [0.0, 1.0], [0.0, 1.0], [0.0, 0.0], [0.0, 0.0]]"
j97e96h6cxp359g3c4xwr5p82x8fnpde,orcabot,15,test,1,0,0.5451425150806593,0.0,False,"[[3.0, 15.0], [0.0, 15.0], [0.0, 8.0], [0.0, 15.0], [2.0, 3.0], [1.0, 4.0], [1.0, 3.0], [2.0, 2.0], [0.0, 0.0]]"
j97e96h6cxp359g3c4xwr5p82x8fnpde,orcabot,20,test,1,0,0.5718615519639165,0.0,False,"[[6.0, 20.0], [1.0, 20.0], [1.0, 12.0], [0.0, 20.0], [2.0, 5.0], [2.0, 8.0], [1.0, 5.0], [2.0, 3.0], [0.0, 0.0]]"
j97e96h6cxp359g3c4xwr5p82x8fnpde,orcabot,30,test,1,1,0.5725160653938322,0.0,True,"[[10.0, 30.0], [4.0, 30.0], [3.0, 18.0], [0.0, 30.0], [3.0, 6.0], [2.0, 9.0], [1.0, 6.0], [2.0, 3.0], [0.0, 0.0]]"
j97e96h6cxp359g3c4xwr5p82x8fnpde,orcabot,50,test,1,1,0.9541328025873731,0.8471093419579103,True,"[[22.0, 50.0], [14.0, 50.0], [7.0, 25.0], [1.0, 50.0], [6.0, 9.0], [4.0, 14.0], [1.0, 9.0], [4.0, 5.0], [0.0, 0.0]]"
j97e96h6cxp359g3c4xwr5p82x8fnpde,orcabot,75,test,1,1,0.9902937244508804,0.9676457481696012,True,"[[39.0, 75.0], [28.0, 75.0], [13.0, 38.0], [1.0, 75.0], [10.0, 16.0], [12.0, 27.0], [3.0, 16.0], [13.0, 15.0], [0.0, 0.0]]"
j97e96h6cxp359g3c4xwr5p82x8fnpde,orcabot,100,test,1,1,0.9984483512620079,0.9948278375400265,True,"[[62.0, 100.0], [46.0, 100.0], [24.0, 53.0], [3.0, 100.0], [14.0, 22.0], [26.0, 43.0], [5.0, 22.0], [27.0, 31.0], [0.0, 0.0]]"
j974r4sejzqtqy7yvjxt4432ch8fnv8g,orcabot,5,test,1,0,0.6883007780703235,0.0,False,"[[2.0, 5.0], [0.0, 5.0], [0.0, 3.0], [0.0, 5.0], [1.0, 3.0], [0.0, 4.0], [0.0, 3.0], [0.0, 0.0], [0.0, 0.0]]"
j974r4sejzqtqy7yvjxt4432ch8fnv8g,orcabot,10,test,1,1,0.5381959718356635,0.0,True,"[[5.0, 10.0], [0.0, 10.0], [0.0, 6.0], [0.0, 10.0], [2.0, 4.0], [4.0, 10.0], [0.0, 4.0], [3.0, 4.0], [0.0, 0.0]]"
j974r4sejzqtqy7yvjxt4432ch8fnv8g,orcabot,15,test,1,1,0.6098949954016445,0.0,True,"[[7.0, 15.0], [2.0, 15.0], [0.0, 8.0], [0.0, 15.0], [2.0, 4.0], [4.0, 10.0], [0.0, 4.0], [3.0, 4.0], [0.0, 0.0]]"
j974r4sejzqtqy7yvjxt4432ch8fnv8g,orcabot,20,test,1,1,0.5978758511456965,0.0,True,"[[8.0, 20.0], [3.0, 20.0], [0.0, 10.0], [0.0, 20.0], [3.0, 5.0], [4.0, 11.0], [0.0, 5.0], [3.0, 4.0], [0.0, 0.0]]"
j974r4sejzqtqy7yvjxt4432ch8fnv8g,orcabot,30,test,1,1,0.6035926135320958,0.0,True,"[[11.0, 30.0], [4.0, 30.0], [0.0, 14.0], [0.0, 30.0], [4.0, 6.0], [5.0, 13.0], [0.0, 6.0], [4.0, 5.0], [0.0, 0.0]]"
j974r4sejzqtqy7yvjxt4432ch8fnv8g,orcabot,50,test,1,1,0.7416871405314744,0.09617138317637292,True,"[[20.0, 50.0], [11.0, 50.0], [0.0, 26.0], [0.0, 50.0], [7.0, 11.0], [9.0, 21.0], [0.0, 11.0], [8.0, 9.0], [0.0, 0.0]]"
j974r4sejzqtqy7yvjxt4432ch8fnv8g,orcabot,75,test,1,1,0.9527121934035154,0.8423739780117181,True,"[[34.0, 75.0], [21.0, 75.0], [3.0, 37.0], [1.0, 75.0], [10.0, 17.0], [13.0, 31.0], [1.0, 17.0], [12.0, 14.0], [0.0, 0.0]]"
j974r4sejzqtqy7yvjxt4432ch8fnv8g,orcabot,100,test,1,1,0.9729539902088773,0.909846634029591,True,"[[49.0, 100.0], [36.0, 100.0], [9.0, 46.0], [2.0, 100.0], [12.0, 21.0], [18.0, 39.0], [1.0, 21.0], [13.0, 19.0], [0.0, 2.0]]"
j976gxyrtjshsyf22q9zbbd1cx8fnwd2,poke-bowl,5,test,1,0,0.6351564859954739,0.0,False,"[[1.0, 5.0], [0.0, 5.0], [0.0, 5.0], [0.0, 5.0], [0.0, 2.0], [1.0, 3.0], [0.0, 2.0], [1.0, 1.0], [0.0, 0.0]]"
j976gxyrtjshsyf22q9zbbd1cx8fnwd2,poke-bowl,10,test,1,0,0.5354781960313298,0.0,False,"[[4.0, 10.0], [1.0, 10.0], [0.0, 8.0], [0.0, 10.0], [1.0, 4.0], [2.0, 4.0], [0.0, 4.0], [1.0, 2.0], [0.0, 0.0]]"
j976gxyrtjshsyf22q9zbbd1cx8fnwd2,poke-bowl,15,test,1,1,0.5806884928151889,0.0,True,"[[6.0, 15.0], [1.0, 15.0], [0.0, 12.0], [0.0, 15.0], [2.0, 5.0], [5.0, 7.0], [0.0, 5.0], [2.0, 5.0], [0.0, 0.0]]"
j976gxyrtjshsyf22q9zbbd1cx8fnwd2,poke-bowl,20,test,1,1,0.5877966820418467,0.0,True,"[[8.0, 20.0], [1.0, 20.0], [0.0, 15.0], [0.0, 20.0], [2.0, 5.0], [8.0, 11.0], [0.0, 5.0], [3.0, 8.0], [0.0, 0.0]]"
j976gxyrtjshsyf22q9zbbd1cx8fnwd2,poke-bowl,30,test,1,1,0.5782006639282893,0.0,True,"[[10.0, 30.0], [1.0, 30.0], [0.0, 21.0], [0.0, 30.0], [3.0, 6.0], [9.0, 12.0], [0.0, 6.0], [4.0, 9.0], [0.0, 0.0]]"
j976gxyrtjshsyf22q9zbbd1cx8fnwd2,poke-bowl,50,test,1,1,0.664406441688408,0.0,True,"[[16.0, 50.0], [4.0, 50.0], [0.0, 28.0], [0.0, 50.0], [7.0, 10.0], [12.0, 16.0], [0.0, 10.0], [5.0, 12.0], [0.0, 0.0]]"
j976gxyrtjshsyf22q9zbbd1cx8fnwd2,poke-bowl,75,test,1,1,0.67287310460604,0.0,True,"[[23.0, 75.0], [9.0, 75.0], [0.0, 39.0], [0.0, 75.0], [9.0, 13.0], [13.0, 19.0], [0.0, 13.0], [6.0, 13.0], [0.0, 0.0]]"
j976gxyrtjshsyf22q9zbbd1cx8fnwd2,poke-bowl,100,test,1,1,0.8730052884464138,0.5766842948213794,True,"[[33.0, 100.0], [16.0, 100.0], [1.0, 51.0], [1.0, 100.0], [13.0, 20.0], [19.0, 31.0], [0.0, 20.0], [6.0, 19.0], [0.0, 1.0]]"
j9723572jbt6tah7v1szy5vg2x8fnv87,poke-bowl,5,validation,1,1,0.7059466756559811,0.004649878677293115,True,"[[2.0, 5.0], [2.0, 5.0], [0.0, 1.0], [0.0, 5.0], [0.0, 0.0], [1.0, 1.0], [0.0, 0.0], [1.0, 1.0], [0.0, 0.0]]"
j9723572jbt6tah7v1szy5vg2x8fnv87,poke-bowl,10,validation,1,1,0.7187294299751985,0.0316315783790699,True,"[[3.0, 10.0], [2.0, 10.0], [0.0, 3.0], [0.0, 10.0], [0.0, 0.0], [2.0, 2.0], [0.0, 0.0], [2.0, 2.0], [0.0, 0.0]]"
j9723572jbt6tah7v1szy5vg2x8fnv87,poke-bowl,15,validation,1,1,0.6859273083496525,0.0,True,"[[5.0, 15.0], [4.0, 15.0], [0.0, 5.0], [0.0, 15.0], [1.0, 4.0], [2.0, 2.0], [0.0, 4.0], [2.0, 2.0], [0.0, 0.0]]"
j9723572jbt6tah7v1szy5vg2x8fnv87,poke-bowl,20,validation,1,1,0.6680195934785595,0.0,True,"[[6.0, 20.0], [5.0, 20.0], [0.0, 7.0], [0.0, 20.0], [1.0, 4.0], [2.0, 2.0], [0.0, 4.0], [2.0, 2.0], [0.0, 0.0]]"
j9723572jbt6tah7v1szy5vg2x8fnv87,poke-bowl,30,validation,1,1,0.6568786720641342,0.0,True,"[[10.0, 30.0], [9.0, 30.0], [0.0, 8.0], [0.0, 30.0], [1.0, 7.0], [5.0, 5.0], [0.0, 7.0], [3.0, 5.0], [1.0, 1.0]]"
j9723572jbt6tah7v1szy5vg2x8fnv87,poke-bowl,50,validation,1,1,0.7987472693236634,0.3046727200976726,True,"[[21.0, 50.0], [17.0, 50.0], [1.0, 13.0], [0.0, 50.0], [6.0, 17.0], [10.0, 13.0], [0.0, 17.0], [5.0, 10.0], [1.0, 2.0]]"
j9723572jbt6tah7v1szy5vg2x8fnv87,poke-bowl,75,validation,1,1,0.7582738073248191,0.14683460612744462,True,"[[24.0, 75.0], [19.0, 75.0], [3.0, 25.0], [0.0, 75.0], [6.0, 18.0], [14.0, 17.0], [0.0, 18.0], [6.0, 14.0], [1.0, 2.0]]"
j9723572jbt6tah7v1szy5vg2x8fnv87,poke-bowl,100,validation,1,1,0.8364859067462773,0.4549530224875911,True,"[[35.0, 100.0], [25.0, 100.0], [3.0, 36.0], [0.0, 100.0], [9.0, 22.0], [18.0, 24.0], [1.0, 22.0], [11.0, 19.0], [1.0, 2.0]]"
j973pf2x923d61c1nhdyrjw7xd8fnneb,RaiseYourEdge,5,test,1,1,0.5396513294529133,0.0,True,"[[1.0, 5.0], [1.0, 5.0], [0.0, 2.0], [0.0, 5.0], [1.0, 1.0], [0.0, 0.0], [0.0, 1.0], [0.0, 0.0], [0.0, 0.0]]"
j973pf2x923d61c1nhdyrjw7xd8fnneb,orcabot,5,test,1,0,0.6105466048648328,0.0,False,"[[1.0, 5.0], [0.0, 5.0], [0.0, 3.0], [0.0, 5.0], [1.0, 1.0], [0.0, 2.0], [0.0, 1.0], [0.0, 0.0], [0.0, 0.0]]"
j973pf2x923d61c1nhdyrjw7xd8fnneb,RaiseYourEdge,10,test,1,1,0.7645208733632549,0.13992544896078615,True,"[[4.0, 10.0], [4.0, 10.0], [1.0, 4.0], [0.0, 10.0], [2.0, 2.0], [1.0, 2.0], [0.0, 2.0], [1.0, 1.0], [0.0, 0.0]]"
j973pf2x923d61c1nhdyrjw7xd8fnneb,orcabot,10,test,1,0,0.6052853999409818,0.0,False,"[[3.0, 10.0], [0.0, 10.0], [0.0, 6.0], [0.0, 10.0], [2.0, 2.0], [1.0, 3.0], [0.0, 2.0], [0.0, 1.0], [0.0, 0.0]]"
j973pf2x923d61c1nhdyrjw7xd8fnneb,RaiseYourEdge,15,test,1,1,0.7358571152202094,0.08011696210555222,True,"[[5.0, 15.0], [5.0, 15.0], [1.0, 7.0], [0.0, 15.0], [2.0, 2.0], [1.0, 2.0], [0.0, 2.0], [1.0, 1.0], [0.0, 0.0]]"
j973pf2x923d61c1nhdyrjw7xd8fnneb,orcabot,15,test,1,0,0.5692639652977367,0.0,False,"[[5.0, 15.0], [1.0, 15.0], [1.0, 10.0], [0.0, 15.0], [3.0, 3.0], [1.0, 4.0], [0.0, 3.0], [0.0, 1.0], [0.0, 0.0]]"
j973pf2x923d61c1nhdyrjw7xd8fnneb,RaiseYourEdge,20,test,1,1,0.7136781487295545,0.026903375206734866,True,"[[6.0, 20.0], [6.0, 20.0], [1.0, 9.0], [0.0, 20.0], [3.0, 3.0], [1.0, 2.0], [0.0, 3.0], [1.0, 1.0], [0.0, 0.0]]"
j973pf2x923d61c1nhdyrjw7xd8fnneb,orcabot,20,test,1,1,0.9348748300698089,0.7829161002326963,True,"[[9.0, 20.0], [5.0, 20.0], [3.0, 12.0], [1.0, 20.0], [3.0, 3.0], [4.0, 7.0], [0.0, 3.0], [2.0, 4.0], [0.0, 0.0]]"
j973pf2x923d61c1nhdyrjw7xd8fnneb,RaiseYourEdge,30,test,1,1,0.7097331866011981,0.018694103365110556,True,"[[11.0, 30.0], [10.0, 30.0], [1.0, 11.0], [0.0, 30.0], [3.0, 3.0], [2.0, 5.0], [0.0, 3.0], [1.0, 2.0], [0.0, 0.0]]"
j973pf2x923d61c1nhdyrjw7xd8fnneb,orcabot,30,test,1,1,0.9520218427030885,0.8400728090102951,True,"[[13.0, 30.0], [8.0, 30.0], [6.0, 17.0], [1.0, 30.0], [4.0, 4.0], [5.0, 9.0], [0.0, 4.0], [2.0, 5.0], [0.0, 0.0]]"
j973pf2x923d61c1nhdyrjw7xd8fnneb,RaiseYourEdge,50,test,1,1,0.5624134789254234,0.0,True,"[[13.0, 50.0], [11.0, 50.0], [1.0, 18.0], [0.0, 50.0], [5.0, 6.0], [3.0, 7.0], [0.0, 6.0], [1.0, 3.0], [0.0, 0.0]]"
j973pf2x923d61c1nhdyrjw7xd8fnneb,orcabot,50,test,1,1,0.9916501296724984,0.9721670989083281,True,"[[24.0, 50.0], [18.0, 50.0], [14.0, 30.0], [1.0, 50.0], [6.0, 7.0], [11.0, 17.0], [1.0, 7.0], [7.0, 12.0], [0.0, 0.0]]"
j973pf2x923d61c1nhdyrjw7xd8fnneb,RaiseYourEdge,75,test,1,1,0.5667446278906917,0.0,True,"[[18.0, 75.0], [15.0, 75.0], [2.0, 31.0], [0.0, 75.0], [6.0, 7.0], [4.0, 9.0], [0.0, 7.0], [2.0, 4.0], [0.0, 0.0]]"
j973pf2x923d61c1nhdyrjw7xd8fnneb,orcabot,75,test,1,1,0.9889303051580361,0.9631010171934539,True,"[[36.0, 75.0], [27.0, 75.0], [19.0, 45.0], [1.0, 75.0], [12.0, 17.0], [13.0, 24.0], [1.0, 17.0], [8.0, 14.0], [0.0, 0.0]]"
j973pf2x923d61c1nhdyrjw7xd8fnneb,RaiseYourEdge,100,test,1,1,0.5355148597511364,0.0,True,"[[23.0, 100.0], [20.0, 100.0], [2.0, 41.0], [0.0, 100.0], [7.0, 8.0], [4.0, 9.0], [0.0, 8.0], [2.0, 4.0], [0.0, 0.0]]"
j973pf2x923d61c1nhdyrjw7xd8fnneb,orcabot,100,test,1,1,0.9850693851690566,0.9502312838968554,True,"[[45.0, 100.0], [30.0, 100.0], [20.0, 59.0], [1.0, 100.0], [13.0, 21.0], [21.0, 36.0], [2.0, 21.0], [11.0, 23.0], [0.0, 0.0]]"
j97b89vcgg4m90n3sfb5803tz18fnkjj,RaiseYourEdge,5,test,1,1,0.6306581365625101,0.0,True,"[[2.0, 5.0], [2.0, 5.0], [0.0, 1.0], [0.0, 5.0], [1.0, 1.0], [0.0, 0.0], [0.0, 1.0], [0.0, 0.0], [0.0, 0.0]]"
j97b89vcgg4m90n3sfb5803tz18fnkjj,RaiseYourEdge,10,test,1,1,0.5252431706211932,0.0,True,"[[2.0, 10.0], [2.0, 10.0], [0.0, 5.0], [0.0, 10.0], [1.0, 1.0], [0.0, 0.0], [0.0, 1.0], [0.0, 0.0], [0.0, 0.0]]"
j97b89vcgg4m90n3sfb5803tz18fnkjj,RaiseYourEdge,15,test,1,0,0.5589527314346099,0.0,False,"[[2.0, 15.0], [2.0, 15.0], [0.0, 7.0], [0.0, 15.0], [1.0, 1.0], [0.0, 0.0], [0.0, 1.0], [0.0, 0.0], [0.0, 0.0]]"
j97b89vcgg4m90n3sfb5803tz18fnkjj,RaiseYourEdge,20,test,1,0,0.513228586058618,0.0,False,"[[3.0, 20.0], [3.0, 20.0], [1.0, 8.0], [0.0, 20.0], [1.0, 1.0], [0.0, 0.0], [0.0, 1.0], [0.0, 0.0], [0.0, 0.0]]"
j97b89vcgg4m90n3sfb5803tz18fnkjj,RaiseYourEdge,30,test,1,1,0.536041370442665,0.0,True,"[[5.0, 30.0], [5.0, 30.0], [2.0, 13.0], [0.0, 30.0], [1.0, 1.0], [1.0, 1.0], [0.0, 1.0], [0.0, 1.0], [0.0, 0.0]]"
j97b89vcgg4m90n3sfb5803tz18fnkjj,RaiseYourEdge,50,test,1,1,0.6555534795138369,0.0,True,"[[9.0, 50.0], [9.0, 50.0], [3.0, 25.0], [0.0, 50.0], [1.0, 2.0], [2.0, 2.0], [1.0, 2.0], [1.0, 3.0], [0.0, 0.0]]"
j97b89vcgg4m90n3sfb5803tz18fnkjj,RaiseYourEdge,75,test,1,1,0.595186375280308,0.0,True,"[[15.0, 75.0], [13.0, 75.0], [4.0, 38.0], [0.0, 75.0], [4.0, 5.0], [2.0, 4.0], [1.0, 5.0], [1.0, 3.0], [0.0, 0.0]]"
j97b89vcgg4m90n3sfb5803tz18fnkjj,RaiseYourEdge,100,test,1,1,0.7367446368355475,0.08250384808116824,True,"[[21.0, 100.0], [15.0, 100.0], [5.0, 53.0], [0.0, 100.0], [4.0, 7.0], [7.0, 11.0], [2.0, 7.0], [5.0, 9.0], [0.0, 0.0]]"
