bot,epoch,first_hand,last_hand,parameter,estimate,ci_low,ci_high,status,opportunities,matches
Allen Iverson,1,0,19,vpip,0.11,0.11,0.2,estimated,150,14
Allen Iverson,1,0,19,pfr,0.11,0.11,0.19,estimated,153,14
Allen Iverson,1,0,19,threebet,0.05,0.05,0.06,estimated,121,14
Allen Iverson,1,0,19,limp,0.0,0.0,0.15000000000000002,estimated,153,14
Allen Iverson,1,0,19,aggression,0.35000000000000003,0.0,0.55,estimated,46,10
Allen Iverson,1,0,19,cbet,0.30000000000000004,0.0,0.55,insufficient_data,11,5
Allen Iverson,1,0,19,bluff,0.1,0.0,0.25,estimated,46,10
Allen Iverson,1,0,19,stickiness,0.9,0.56,0.9,estimated,28,10
Allen Iverson,1,0,19,size,0.62,0.52,1.0899999999999999,insufficient_data,6,6
Allen Iverson,1,0,19,adaptive,0.0,0.0,1.0,model_comparison_only,74,13
Allen Iverson,1,20,39,vpip,0.11,0.1,0.17,estimated,132,14
Allen Iverson,1,20,39,pfr,0.11,0.1,0.17,estimated,133,14
Allen Iverson,1,20,39,threebet,0.02,0.02,0.06,estimated,136,14
Allen Iverson,1,20,39,limp,0.05,0.0,0.25,estimated,133,14
Allen Iverson,1,20,39,aggression,0.0,0.0,0.7000000000000001,estimated,32,10
Allen Iverson,1,20,39,cbet,0.7000000000000001,0.0,1.0,insufficient_data,5,5
Allen Iverson,1,20,39,bluff,0.35000000000000003,0.05,0.65,weakly_identified,32,10
Allen Iverson,1,20,39,stickiness,0.8300000000000001,0.68,0.8300000000000001,estimated,20,8
Allen Iverson,1,20,39,size,0.39,0.33450000000000013,0.925,insufficient_data,7,5
Allen Iverson,1,20,39,adaptive,0.0,0.0,0.0,model_comparison_only,52,12
Allen Iverson,1,40,59,vpip,0.11,0.1,0.14,estimated,140,14
Allen Iverson,1,40,59,pfr,0.11,0.1,0.14,estimated,141,14
Allen Iverson,1,40,59,threebet,0.02,0.01,0.04,estimated,129,14
Allen Iverson,1,40,59,limp,0.05,0.0,0.15000000000000002,estimated,141,14
Allen Iverson,1,40,59,aggression,0.1,0.0,0.45,weakly_identified,43,9
Allen Iverson,1,40,59,cbet,0.05,0.0,0.37624999999999886,insufficient_data,5,4
Allen Iverson,1,40,59,bluff,0.2,0.0,0.4,estimated,43,9
Allen Iverson,1,40,59,stickiness,0.84,0.56,0.84,estimated,24,8
Allen Iverson,1,40,59,size,0.9500000000000001,0.335,0.9500000000000001,insufficient_data,10,7
Allen Iverson,1,40,59,adaptive,0.0,0.0,1.0,model_comparison_only,67,9
Allen Iverson,1,60,79,vpip,0.12,0.12,0.1709999999999991,estimated,134,14
Allen Iverson,1,60,79,pfr,0.12,0.12,0.1709999999999991,estimated,135,14
Allen Iverson,1,60,79,threebet,0.03,0.03,0.05,estimated,129,14
Allen Iverson,1,60,79,limp,0.0,0.0,0.05249999999999773,estimated,135,14
Allen Iverson,1,60,79,aggression,0.55,0.55,1.0,estimated,34,11
Allen Iverson,1,60,79,cbet,0.0,0.0,0.1,insufficient_data,7,6
Allen Iverson,1,60,79,bluff,0.30000000000000004,0.05,0.65,weakly_identified,34,11
Allen Iverson,1,60,79,stickiness,0.71,0.45,0.71,insufficient_data,14,7
Allen Iverson,1,60,79,size,0.78,0.615,1.005,insufficient_data,9,5
Allen Iverson,1,60,79,adaptive,0.0,0.0,0.0,model_comparison_only,48,11
Allen Iverson,1,80,99,vpip,0.14,0.09,0.23,estimated,145,14
Allen Iverson,1,80,99,pfr,0.14,0.09,0.23,estimated,145,14
Allen Iverson,1,80,99,threebet,0.03,0.03,0.07,estimated,121,14
Allen Iverson,1,80,99,limp,0.1,0.0,0.25,estimated,145,14
Allen Iverson,1,80,99,aggression,0.55,0.55,1.0,estimated,40,11
Allen Iverson,1,80,99,cbet,0.0,0.0,0.25,insufficient_data,7,7
Allen Iverson,1,80,99,bluff,0.15000000000000002,0.0,0.4,estimated,40,11
Allen Iverson,1,80,99,stickiness,0.9500000000000001,0.55,0.9500000000000001,insufficient_data,18,7
Allen Iverson,1,80,99,size,0.79,0.33,0.965,insufficient_data,12,6
Allen Iverson,1,80,99,adaptive,0.0,0.0,0.0,model_comparison_only,58,11
Allen Iverson 2.0,2,0,19,vpip,0.1,0.09,0.17,estimated,709,72
Allen Iverson 2.0,2,0,19,pfr,0.1,0.09,0.17,estimated,716,72
Allen Iverson 2.0,2,0,19,threebet,0.04,0.04,0.04,grid_limited,665,72
Allen Iverson 2.0,2,0,19,limp,0.0,0.0,0.22624999999999887,estimated,716,72
Allen Iverson 2.0,2,0,19,aggression,0.0,0.0,0.65,estimated,190,54
Allen Iverson 2.0,2,0,19,cbet,0.2,0.0,0.45,estimated,51,34
Allen Iverson 2.0,2,0,19,bluff,0.7000000000000001,0.2,0.8762499999999989,estimated,190,54
Allen Iverson 2.0,2,0,19,stickiness,0.96,0.87,0.96,estimated,116,44
Allen Iverson 2.0,2,0,19,size,0.36,0.347375,0.925,estimated,62,37
Allen Iverson 2.0,2,0,19,adaptive,0.0,0.0,1.0,model_comparison_only,306,58
Allen Iverson 2.0,2,20,39,vpip,0.1,0.1,0.19,estimated,684,72
Allen Iverson 2.0,2,20,39,pfr,0.1,0.1,0.18,estimated,689,72
Allen Iverson 2.0,2,20,39,threebet,0.02,0.01,0.03,estimated,679,72
Allen Iverson 2.0,2,20,39,limp,0.05,0.0,0.25,estimated,689,72
Allen Iverson 2.0,2,20,39,aggression,0.55,0.0,0.55,estimated,184,50
Allen Iverson 2.0,2,20,39,cbet,0.15000000000000002,0.0,0.35000000000000003,estimated,47,32
Allen Iverson 2.0,2,20,39,bluff,0.25,0.1,0.55,estimated,184,50
Allen Iverson 2.0,2,20,39,stickiness,1.0,0.71,1.0,estimated,123,48
Allen Iverson 2.0,2,20,39,size,0.745,0.33,0.77,estimated,47,28
Allen Iverson 2.0,2,20,39,adaptive,0.0,0.0,1.0,model_comparison_only,307,57
Allen Iverson 2.0,2,40,59,vpip,0.1,0.1,0.11,estimated,679,72
Allen Iverson 2.0,2,40,59,pfr,0.1,0.1,0.11,estimated,687,72
Allen Iverson 2.0,2,40,59,threebet,0.03,0.03,0.04,estimated,674,72
Allen Iverson 2.0,2,40,59,limp,0.05,0.0,0.15000000000000002,estimated,687,72
Allen Iverson 2.0,2,40,59,aggression,0.55,0.0,0.55,estimated,164,49
Allen Iverson 2.0,2,40,59,cbet,0.0,0.0,0.2,estimated,41,28
Allen Iverson 2.0,2,40,59,bluff,0.2,0.0,0.6000000000000001,estimated,164,49
Allen Iverson 2.0,2,40,59,stickiness,0.89,0.59,1.0,estimated,101,44
Allen Iverson 2.0,2,40,59,size,0.78,0.367375,1.025,estimated,41,26
Allen Iverson 2.0,2,40,59,adaptive,0.0,0.0,1.0,model_comparison_only,265,57
Allen Iverson 2.0,2,60,79,vpip,0.13,0.09,0.16,estimated,685,72
Allen Iverson 2.0,2,60,79,pfr,0.13,0.09,0.15524999999999978,estimated,694,72
Allen Iverson 2.0,2,60,79,threebet,0.03,0.03,0.03,grid_limited,675,72
Allen Iverson 2.0,2,60,79,limp,0.05,0.0,0.15000000000000002,estimated,694,72
Allen Iverson 2.0,2,60,79,aggression,0.55,0.2,0.55,estimated,200,55
Allen Iverson 2.0,2,60,79,cbet,0.0,0.0,0.35000000000000003,estimated,47,37
Allen Iverson 2.0,2,60,79,bluff,0.2,0.05,0.45,estimated,200,55
Allen Iverson 2.0,2,60,79,stickiness,0.99,0.79,0.99,estimated,100,46
Allen Iverson 2.0,2,60,79,size,0.775,0.375,1.0228749999999998,estimated,49,26
Allen Iverson 2.0,2,60,79,adaptive,0.0,0.0,1.0,model_comparison_only,300,60
Allen Iverson 2.0,2,80,99,vpip,0.13,0.1,0.14,estimated,678,72
Allen Iverson 2.0,2,80,99,pfr,0.13,0.1,0.14,estimated,684,72
Allen Iverson 2.0,2,80,99,threebet,0.03,0.01,0.04,estimated,672,72
Allen Iverson 2.0,2,80,99,limp,0.15000000000000002,0.0,0.2,estimated,684,72
Allen Iverson 2.0,2,80,99,aggression,0.55,0.0,0.55,estimated,177,51
Allen Iverson 2.0,2,80,99,cbet,0.0,0.0,0.35000000000000003,estimated,48,36
Allen Iverson 2.0,2,80,99,bluff,0.35000000000000003,0.15000000000000002,0.55,estimated,177,51
Allen Iverson 2.0,2,80,99,stickiness,0.99,0.91,1.0,estimated,90,40
Allen Iverson 2.0,2,80,99,size,0.38,0.335,0.7528749999999996,estimated,39,25
Allen Iverson 2.0,2,80,99,adaptive,0.0,0.0,1.0,model_comparison_only,267,54
Althaf Productions v1,3,0,19,vpip,0.15,0.1,0.17,estimated,734,79
Althaf Productions v1,3,0,19,pfr,0.15,0.1,0.17,estimated,742,79
Althaf Productions v1,3,0,19,threebet,0.05,0.02,0.06,estimated,757,79
Althaf Productions v1,3,0,19,limp,0.15000000000000002,0.05,0.2,estimated,742,79
Althaf Productions v1,3,0,19,aggression,0.7000000000000001,0.6000000000000001,1.0,estimated,311,73
Althaf Productions v1,3,0,19,cbet,0.7000000000000001,0.45,0.9,estimated,79,48
Althaf Productions v1,3,0,19,bluff,1.0,1.0,1.0,grid_limited,311,73
Althaf Productions v1,3,0,19,stickiness,0.16,0.08,0.5179999999999928,estimated,147,61
Althaf Productions v1,3,0,19,size,0.35,0.33999999999999997,0.6699999999999999,estimated,168,61
Althaf Productions v1,3,0,19,adaptive,0.0,0.0,0.0,model_comparison_only,458,74
Althaf Productions v1,3,20,39,vpip,0.13,0.13,0.22,estimated,691,79
Althaf Productions v1,3,20,39,pfr,0.13,0.13,0.22,estimated,695,79
Althaf Productions v1,3,20,39,threebet,0.03,0.03,0.06,estimated,815,79
Althaf Productions v1,3,20,39,limp,0.1,0.05,0.30000000000000004,estimated,695,79
Althaf Productions v1,3,20,39,aggression,0.9500000000000001,0.5,1.0,estimated,361,74
Althaf Productions v1,3,20,39,cbet,0.8500000000000001,0.7000000000000001,1.0,estimated,69,43
Althaf Productions v1,3,20,39,bluff,1.0,1.0,1.0,grid_limited,361,74
Althaf Productions v1,3,20,39,stickiness,0.4,0.17,0.45,estimated,116,59
Althaf Productions v1,3,20,39,size,0.975,0.65,1.1176249999999999,estimated,208,67
Althaf Productions v1,3,20,39,adaptive,0.0,0.0,0.0,model_comparison_only,477,78
Althaf Productions v1,3,40,59,vpip,0.13,0.1,0.15,estimated,690,79
Althaf Productions v1,3,40,59,pfr,0.13,0.1,0.15,estimated,693,79
Althaf Productions v1,3,40,59,threebet,0.05,0.03,0.06,estimated,810,79
Althaf Productions v1,3,40,59,limp,0.1,0.0,0.15000000000000002,estimated,693,79
Althaf Productions v1,3,40,59,aggression,1.0,0.55,1.0,estimated,319,73
Althaf Productions v1,3,40,59,cbet,1.0,1.0,1.0,grid_limited,69,45
Althaf Productions v1,3,40,59,bluff,1.0,1.0,1.0,grid_limited,319,73
Althaf Productions v1,3,40,59,stickiness,0.07,0.0,0.42049999999999954,estimated,137,62
Althaf Productions v1,3,40,59,size,0.6699999999999999,0.345,0.9604999999999996,estimated,183,64
Althaf Productions v1,3,40,59,adaptive,1.0,0.0,1.0,model_comparison_only,456,74
Althaf Productions v1,3,60,79,vpip,0.13,0.1,0.15,estimated,693,79
Althaf Productions v1,3,60,79,pfr,0.13,0.1,0.15,estimated,693,79
Althaf Productions v1,3,60,79,threebet,0.03,0.02,0.05,estimated,813,79
Althaf Productions v1,3,60,79,limp,0.15000000000000002,0.0,0.2,estimated,693,79
Althaf Productions v1,3,60,79,aggression,0.9500000000000001,0.7000000000000001,1.0,estimated,324,72
Althaf Productions v1,3,60,79,cbet,0.8500000000000001,0.65,1.0,estimated,60,43
Althaf Productions v1,3,60,79,bluff,1.0,1.0,1.0,grid_limited,324,72
Althaf Productions v1,3,60,79,stickiness,0.06,0.0,0.48,estimated,111,55
Althaf Productions v1,3,60,79,size,1.08,0.355,1.12,estimated,205,66
Althaf Productions v1,3,60,79,adaptive,0.0,0.0,1.0,model_comparison_only,435,76
Althaf Productions v1,3,80,99,vpip,0.13,0.1,0.22,estimated,699,79
Althaf Productions v1,3,80,99,pfr,0.13,0.1,0.22,estimated,701,79
Althaf Productions v1,3,80,99,threebet,0.03,0.03,0.06,estimated,786,79
Althaf Productions v1,3,80,99,limp,0.1,0.0,0.30000000000000004,estimated,701,79
Althaf Productions v1,3,80,99,aggression,0.30000000000000004,0.2,1.0,estimated,352,76
Althaf Productions v1,3,80,99,cbet,0.9,0.75,1.0,estimated,81,54
Althaf Productions v1,3,80,99,bluff,1.0,1.0,1.0,grid_limited,352,76
Althaf Productions v1,3,80,99,stickiness,0.12,0.12,0.19,estimated,137,62
Althaf Productions v1,3,80,99,size,0.35,0.345,0.9476249999999999,estimated,193,67
Althaf Productions v1,3,80,99,adaptive,0.0,0.0,0.0,model_comparison_only,489,77
BigBaller,6,0,19,vpip,0.2,0.18,0.22,estimated,210,20
BigBaller,6,0,19,pfr,0.2,0.18,0.21,estimated,215,20
BigBaller,6,0,19,threebet,0.06,0.03,0.08574999999999933,estimated,173,20
BigBaller,6,0,19,limp,0.1,0.0,0.15000000000000002,estimated,215,20
BigBaller,6,0,19,aggression,0.5,0.2,0.65,estimated,113,20
BigBaller,6,0,19,cbet,0.0,0.0,0.25,estimated,21,15
BigBaller,6,0,19,bluff,0.45,0.12375000000000035,0.65,estimated,113,20
BigBaller,6,0,19,stickiness,0.9400000000000001,0.6295000000000002,1.0,estimated,48,17
BigBaller,6,0,19,size,0.625,0.37,0.65,estimated,37,18
BigBaller,6,0,19,adaptive,1.0,0.0,1.0,model_comparison_only,161,20
BigBaller,6,20,39,vpip,0.19,0.19,0.26,estimated,184,20
BigBaller,6,20,39,pfr,0.18,0.18,0.26,estimated,184,20
BigBaller,6,20,39,threebet,0.11,0.07,0.11,estimated,191,20
BigBaller,6,20,39,limp,0.0,0.0,0.2,estimated,184,20
BigBaller,6,20,39,aggression,0.30000000000000004,0.2,0.6000000000000001,estimated,90,17
BigBaller,6,20,39,cbet,0.0,0.0,0.2,estimated,23,14
BigBaller,6,20,39,bluff,0.35000000000000003,0.0,0.65,estimated,90,17
BigBaller,6,20,39,stickiness,0.54,0.19,0.8200000000000001,estimated,62,17
BigBaller,6,20,39,size,0.35,0.335,0.65,estimated,26,11
BigBaller,6,20,39,adaptive,1.0,0.0,1.0,model_comparison_only,152,18
BigBaller,6,40,59,vpip,0.24,0.22,0.28,estimated,207,20
BigBaller,6,40,59,pfr,0.24,0.22,0.28,estimated,208,20
BigBaller,6,40,59,threebet,0.07,0.07,0.1,estimated,169,20
BigBaller,6,40,59,limp,0.05,0.0,0.15000000000000002,estimated,208,20
BigBaller,6,40,59,aggression,0.2,0.0,0.55,estimated,110,20
BigBaller,6,40,59,cbet,0.0,0.0,0.15000000000000002,estimated,25,13
BigBaller,6,40,59,bluff,0.55,0.30000000000000004,0.75,estimated,110,20
BigBaller,6,40,59,stickiness,0.32,0.14,1.0,estimated,65,19
BigBaller,6,40,59,size,0.5900000000000001,0.33999999999999997,0.615,estimated,32,15
BigBaller,6,40,59,adaptive,0.0,0.0,0.0,model_comparison_only,175,20
BigBaller,6,60,79,vpip,0.23,0.18,0.24049999999999955,estimated,192,20
BigBaller,6,60,79,pfr,0.23,0.18,0.24049999999999955,estimated,194,20
BigBaller,6,60,79,threebet,0.07,0.07,0.07,grid_limited,186,20
BigBaller,6,60,79,limp,0.0,0.0,0.05,estimated,194,20
BigBaller,6,60,79,aggression,0.6000000000000001,0.2,0.7000000000000001,estimated,117,20
BigBaller,6,60,79,cbet,0.0,0.0,0.0,grid_limited,24,14
BigBaller,6,60,79,bluff,0.1,0.0,0.37624999999999886,estimated,117,20
BigBaller,6,60,79,stickiness,0.8,0.54,0.96,estimated,68,18
BigBaller,6,60,79,size,0.62,0.345,0.6699999999999999,estimated,29,12
BigBaller,6,60,79,adaptive,0.0,0.0,1.0,model_comparison_only,185,20
BigBaller,6,80,99,vpip,0.24,0.18,0.34,estimated,208,20
BigBaller,6,80,99,pfr,0.24,0.18,0.34,estimated,208,20
BigBaller,6,80,99,threebet,0.07,0.05,0.10524999999999977,estimated,178,20
BigBaller,6,80,99,limp,0.05,0.0,0.15000000000000002,estimated,208,20
BigBaller,6,80,99,aggression,0.35000000000000003,0.2,0.65,estimated,144,19
BigBaller,6,80,99,cbet,0.0,0.0,0.25,estimated,33,17
BigBaller,6,80,99,bluff,0.55,0.05,0.75,estimated,144,19
BigBaller,6,80,99,stickiness,0.5,0.18,0.79,estimated,59,17
BigBaller,6,80,99,size,0.605,0.36,0.655,estimated,44,16
BigBaller,6,80,99,adaptive,0.0,0.0,1.0,model_comparison_only,203,19
Gladiator,9,0,19,vpip,0.48,0.17,0.61,estimated,83,8
Gladiator,9,0,19,pfr,0.14,0.07,0.2,estimated,83,8
Gladiator,9,0,19,threebet,0.07,0.07,0.1,estimated,85,8
Gladiator,9,0,19,limp,0.15000000000000002,0.0,0.35000000000000003,estimated,83,8
Gladiator,9,0,19,aggression,0.55,0.16625000000000237,0.7000000000000001,estimated,78,8
Gladiator,9,0,19,cbet,0.7000000000000001,0.4,1.0,insufficient_data,7,6
Gladiator,9,0,19,bluff,0.35000000000000003,0.17375000000000035,0.8262499999999989,estimated,78,8
Gladiator,9,0,19,stickiness,0.97,0.08,0.97,estimated,40,7
Gladiator,9,0,19,size,0.62,0.4,0.975,estimated,26,8
Gladiator,9,0,19,adaptive,0.0,0.0,0.5249999999999773,model_comparison_only,118,8
Gladiator,9,20,39,vpip,0.19,0.19,0.58,estimated,63,8
Gladiator,9,20,39,pfr,0.19,0.08375000000000034,0.35000000000000003,estimated,63,8
Gladiator,9,20,39,threebet,0.05,0.05,0.13,estimated,98,8
Gladiator,9,20,39,limp,0.4,0.0,0.6000000000000001,estimated,63,8
Gladiator,9,20,39,aggression,0.35000000000000003,0.0,1.0,estimated,70,8
Gladiator,9,20,39,cbet,0.65,0.0,1.0,insufficient_data,7,3
Gladiator,9,20,39,bluff,0.45,0.05,1.0,estimated,70,8
Gladiator,9,20,39,stickiness,1.0,0.16,1.0,estimated,29,7
Gladiator,9,20,39,size,0.61,0.515,0.995,estimated,23,6
Gladiator,9,20,39,adaptive,0.0,0.0,0.0,model_comparison_only,99,8
Gladiator,9,40,59,vpip,0.25,0.22,0.73,estimated,81,8
Gladiator,9,40,59,pfr,0.21,0.11,0.38,estimated,81,8
Gladiator,9,40,59,threebet,0.06,0.05,0.07,estimated,80,8
Gladiator,9,40,59,limp,0.2,0.0,0.55,estimated,81,8
Gladiator,9,40,59,aggression,0.2,0.0,0.7000000000000001,estimated,73,8
Gladiator,9,40,59,cbet,1.0,0.8500000000000001,1.0,insufficient_data,7,5
Gladiator,9,40,59,bluff,0.25,0.0,0.5262499999999989,estimated,73,8
Gladiator,9,40,59,stickiness,0.71,0.45,0.99,estimated,38,8
Gladiator,9,40,59,size,0.625,0.52,0.915,insufficient_data,14,6
Gladiator,9,40,59,adaptive,0.0,0.0,1.0,model_comparison_only,111,8
Gladiator,9,60,79,vpip,0.34,0.22,0.6309999999999991,estimated,68,8
Gladiator,9,60,79,pfr,0.29,0.16,0.33,estimated,68,8
Gladiator,9,60,79,threebet,0.06,0.04,0.07,estimated,86,8
Gladiator,9,60,79,limp,0.25,0.0,0.5,weakly_identified,68,8
Gladiator,9,60,79,aggression,0.55,0.12375000000000035,0.55,estimated,97,8
Gladiator,9,60,79,cbet,0.8,0.2737500000000004,1.0,insufficient_data,10,6
Gladiator,9,60,79,bluff,0.35000000000000003,0.15000000000000002,1.0,estimated,97,8
Gladiator,9,60,79,stickiness,0.85,0.45,0.97,estimated,32,6
Gladiator,9,60,79,size,0.615,0.345,1.175,estimated,33,8
Gladiator,9,60,79,adaptive,0.0,0.0,0.0,model_comparison_only,129,8
Gladiator,9,80,99,vpip,0.32,0.22,0.5,estimated,69,8
Gladiator,9,80,99,pfr,0.18,0.18,0.18,grid_limited,69,8
Gladiator,9,80,99,threebet,0.1,0.02,0.1,estimated,94,8
Gladiator,9,80,99,limp,0.0,0.0,0.0,grid_limited,69,8
Gladiator,9,80,99,aggression,0.55,0.0,1.0,estimated,71,7
Gladiator,9,80,99,cbet,1.0,0.65,1.0,insufficient_data,5,3
Gladiator,9,80,99,bluff,0.35000000000000003,0.05,0.7000000000000001,estimated,71,7
Gladiator,9,80,99,stickiness,0.46,0.16,0.92,estimated,27,5
Gladiator,9,80,99,size,0.62,0.365,0.9500000000000001,estimated,24,7
Gladiator,9,80,99,adaptive,0.0,0.0,0.0,model_comparison_only,98,7
Gladiator_v3,14,0,19,vpip,0.52,0.52,0.55,estimated,136,15
Gladiator_v3,14,0,19,pfr,0.47000000000000003,0.17,0.52,estimated,136,15
Gladiator_v3,14,0,19,threebet,0.02,0.02,0.04,estimated,186,15
Gladiator_v3,14,0,19,limp,0.6000000000000001,0.12375000000000035,0.7000000000000001,estimated,136,15
Gladiator_v3,14,0,19,aggression,0.0,0.0,0.55,estimated,70,11
Gladiator_v3,14,0,19,cbet,0.45,0.0,0.9,insufficient_data,14,7
Gladiator_v3,14,0,19,bluff,1.0,0.55,1.0,estimated,70,11
Gladiator_v3,14,0,19,stickiness,0.43,0.43,0.6652499999999907,estimated,40,15
Gladiator_v3,14,0,19,size,1.165,0.98,1.2149999999999999,estimated,30,11
Gladiator_v3,14,0,19,adaptive,0.0,0.0,0.0,model_comparison_only,110,15
Gladiator_v3,14,20,39,vpip,0.52,0.51,0.64,estimated,131,15
Gladiator_v3,14,20,39,pfr,0.49,0.17475000000000007,0.64,estimated,131,15
Gladiator_v3,14,20,39,threebet,0.02,0.02,0.04,estimated,183,15
Gladiator_v3,14,20,39,limp,0.45,0.1,0.6000000000000001,estimated,131,15
Gladiator_v3,14,20,39,aggression,0.0,0.0,0.9049999999999955,weakly_identified,79,13
Gladiator_v3,14,20,39,cbet,0.65,0.0,0.9500000000000001,weakly_identified,22,10
Gladiator_v3,14,20,39,bluff,1.0,1.0,1.0,grid_limited,79,13
Gladiator_v3,14,20,39,stickiness,0.64,0.41000000000000003,0.9400000000000001,estimated,36,11
Gladiator_v3,14,20,39,size,1.025,0.63,1.275,estimated,40,12
Gladiator_v3,14,20,39,adaptive,0.0,0.0,1.0,model_comparison_only,115,14
Gladiator_v3,14,40,59,vpip,0.52,0.49,0.55,estimated,132,15
Gladiator_v3,14,40,59,pfr,0.44,0.17,0.55,estimated,133,15
Gladiator_v3,14,40,59,threebet,0.02,0.02,0.04,estimated,180,15
Gladiator_v3,14,40,59,limp,0.5,0.05,0.65,estimated,133,15
Gladiator_v3,14,40,59,aggression,1.0,0.2475000000000007,1.0,estimated,59,12
Gladiator_v3,14,40,59,cbet,0.65,0.05,1.0,insufficient_data,14,9
Gladiator_v3,14,40,59,bluff,0.7000000000000001,0.0,1.0,weakly_identified,59,12
Gladiator_v3,14,40,59,stickiness,0.41000000000000003,0.41000000000000003,0.75,estimated,38,11
Gladiator_v3,14,40,59,size,1.0,0.97,1.155,estimated,30,9
Gladiator_v3,14,40,59,adaptive,1.0,0.0,1.0,model_comparison_only,97,14
Gladiator_v3,14,60,79,vpip,0.52,0.49,0.52,estimated,116,15
Gladiator_v3,14,60,79,pfr,0.52,0.21,0.52,estimated,116,15
Gladiator_v3,14,60,79,threebet,0.02,0.02,0.05,estimated,193,15
Gladiator_v3,14,60,79,limp,0.45,0.15000000000000002,0.55,estimated,116,15
Gladiator_v3,14,60,79,aggression,0.7000000000000001,0.0,0.7000000000000001,estimated,50,14
Gladiator_v3,14,60,79,cbet,0.75,0.0,1.0,insufficient_data,8,6
Gladiator_v3,14,60,79,bluff,0.9500000000000001,0.6000000000000001,1.0,estimated,50,14
Gladiator_v3,14,60,79,stickiness,0.41000000000000003,0.41000000000000003,0.52,estimated,47,14
Gladiator_v3,14,60,79,size,1.165,0.565,1.22,estimated,27,13
Gladiator_v3,14,60,79,adaptive,0.0,0.0,0.0,model_comparison_only,97,15
Gladiator_v3,14,80,99,vpip,0.52,0.52,0.59,estimated,134,15
Gladiator_v3,14,80,99,pfr,0.52,0.46,0.59,estimated,134,15
Gladiator_v3,14,80,99,threebet,0.02,0.02,0.04,estimated,166,15
Gladiator_v3,14,80,99,limp,0.4,0.2,0.55,estimated,134,15
Gladiator_v3,14,80,99,aggression,0.65,0.4,1.0,estimated,73,14
Gladiator_v3,14,80,99,cbet,0.15000000000000002,0.0,0.42624999999999885,insufficient_data,15,7
Gladiator_v3,14,80,99,bluff,0.9,0.55,1.0,estimated,73,14
Gladiator_v3,14,80,99,stickiness,0.67,0.63,1.0,estimated,40,12
Gladiator_v3,14,80,99,size,1.2650000000000001,1.025,1.275,estimated,33,10
Gladiator_v3,14,80,99,adaptive,0.0,0.0,1.0,model_comparison_only,113,14
Gladiators,16,0,19,vpip,0.52,0.52,0.52,grid_limited,769,77
Gladiators,16,0,19,pfr,0.51,0.35000000000000003,0.51,estimated,776,77
Gladiators,16,0,19,threebet,0.02,0.02,0.02,grid_limited,869,77
Gladiators,16,0,19,limp,0.55,0.4,0.6000000000000001,estimated,776,77
Gladiators,16,0,19,aggression,0.7000000000000001,0.2,1.0,estimated,331,73
Gladiators,16,0,19,cbet,0.75,0.5,0.9500000000000001,estimated,76,47
Gladiators,16,0,19,bluff,1.0,1.0,1.0,grid_limited,331,73
Gladiators,16,0,19,stickiness,0.43,0.27,0.86,estimated,166,65
Gladiators,16,0,19,size,1.165,1.07,1.22,estimated,177,68
Gladiators,16,0,19,adaptive,0.0,0.0,1.0,model_comparison_only,497,76
Gladiators,16,20,39,vpip,0.52,0.52,0.52,grid_limited,751,77
Gladiators,16,20,39,pfr,0.46,0.35475000000000007,0.5152499999999998,estimated,757,77
Gladiators,16,20,39,threebet,0.02,0.02,0.03,estimated,867,77
Gladiators,16,20,39,limp,0.45,0.35000000000000003,0.55,estimated,757,77
Gladiators,16,20,39,aggression,1.0,0.15000000000000002,1.0,estimated,272,69
Gladiators,16,20,39,cbet,0.65,0.30000000000000004,0.9500000000000001,estimated,64,42
Gladiators,16,20,39,bluff,1.0,1.0,1.0,grid_limited,272,69
Gladiators,16,20,39,stickiness,0.55,0.42,0.61,estimated,157,52
Gladiators,16,20,39,size,1.155,1.012375,1.26,estimated,153,57
Gladiators,16,20,39,adaptive,0.0,0.0,1.0,model_comparison_only,429,72
Gladiators,16,40,59,vpip,0.52,0.52,0.52,grid_limited,728,77
Gladiators,16,40,59,pfr,0.52,0.27,0.52,estimated,733,77
Gladiators,16,40,59,threebet,0.02,0.02,0.02,grid_limited,896,77
Gladiators,16,40,59,limp,0.5,0.25,0.55,estimated,733,77
Gladiators,16,40,59,aggression,0.5,0.30000000000000004,1.0,weakly_identified,290,70
Gladiators,16,40,59,cbet,0.75,0.5,0.9,estimated,72,48
Gladiators,16,40,59,bluff,1.0,1.0,1.0,grid_limited,290,70
Gladiators,16,40,59,stickiness,0.81,0.46,0.81,estimated,136,60
Gladiators,16,40,59,size,1.23,0.985,1.26,estimated,153,56
Gladiators,16,40,59,adaptive,0.0,0.0,1.0,model_comparison_only,426,73
Gladiators,16,60,79,vpip,0.52,0.52,0.52,grid_limited,711,77
Gladiators,16,60,79,pfr,0.52,0.45,0.52,estimated,715,77
Gladiators,16,60,79,threebet,0.02,0.02,0.02,grid_limited,918,77
Gladiators,16,60,79,limp,0.5,0.4,0.55,estimated,715,77
Gladiators,16,60,79,aggression,1.0,0.65,1.0,estimated,301,69
Gladiators,16,60,79,cbet,0.7000000000000001,0.45,0.9,estimated,92,55
Gladiators,16,60,79,bluff,1.0,1.0,1.0,grid_limited,301,69
Gladiators,16,60,79,stickiness,0.45,0.27,0.6804999999999995,estimated,134,51
Gladiators,16,60,79,size,1.17,1.155,1.26,estimated,168,61
Gladiators,16,60,79,adaptive,0.0,0.0,1.0,model_comparison_only,435,72
Gladiators,16,80,99,vpip,0.52,0.51,0.52,estimated,713,77
Gladiators,16,80,99,pfr,0.52,0.28,0.52,estimated,717,77
Gladiators,16,80,99,threebet,0.02,0.02,0.02,grid_limited,891,77
Gladiators,16,80,99,limp,0.55,0.25,0.6000000000000001,estimated,717,77
Gladiators,16,80,99,aggression,1.0,0.7000000000000001,1.0,estimated,268,71
Gladiators,16,80,99,cbet,0.65,0.35000000000000003,0.8762499999999989,estimated,71,44
Gladiators,16,80,99,bluff,1.0,0.9737500000000003,1.0,estimated,268,71
Gladiators,16,80,99,stickiness,0.66,0.41000000000000003,0.86,estimated,127,60
Gladiators,16,80,99,size,1.1600000000000001,1.12,1.22,estimated,147,60
Gladiators,16,80,99,adaptive,0.0,0.0,1.0,model_comparison_only,395,74
Halliday,20,0,19,vpip,0.18,0.14,0.23,estimated,783,81
Halliday,20,0,19,pfr,0.18,0.14,0.23,estimated,795,81
Halliday,20,0,19,threebet,0.03,0.03,0.04,estimated,751,81
Halliday,20,0,19,limp,0.15000000000000002,0.0,0.2,estimated,795,81
Halliday,20,0,19,aggression,0.2,0.2,0.55,estimated,303,73
Halliday,20,0,19,cbet,0.65,0.5,0.8,estimated,82,54
Halliday,20,0,19,bluff,0.65,0.35000000000000003,0.75,estimated,303,73
Halliday,20,0,19,stickiness,0.91,0.67,0.91,estimated,152,65
Halliday,20,0,19,size,0.91,0.895,0.935,estimated,89,47
Halliday,20,0,19,adaptive,0.0,0.0,0.0,model_comparison_only,455,77
Halliday,20,20,39,vpip,0.21,0.14,0.23,estimated,785,81
Halliday,20,20,39,pfr,0.21,0.14,0.23,estimated,790,81
Halliday,20,20,39,threebet,0.04,0.03,0.04,estimated,763,81
Halliday,20,20,39,limp,0.15000000000000002,0.0,0.2,estimated,790,81
Halliday,20,20,39,aggression,0.0,0.0,0.55,estimated,301,77
Halliday,20,20,39,cbet,0.8,0.5,0.9,estimated,73,45
Halliday,20,20,39,bluff,0.7000000000000001,0.35000000000000003,0.8,estimated,301,77
Halliday,20,20,39,stickiness,0.47000000000000003,0.15,0.98,estimated,146,67
Halliday,20,20,39,size,0.895,0.895,0.97,estimated,94,56
Halliday,20,20,39,adaptive,0.0,0.0,1.0,model_comparison_only,447,79
Halliday,20,40,59,vpip,0.17,0.15,0.23,estimated,770,81
Halliday,20,40,59,pfr,0.17,0.15,0.23,estimated,776,81
Halliday,20,40,59,threebet,0.04,0.03,0.04,estimated,770,81
Halliday,20,40,59,limp,0.1,0.05,0.25,estimated,776,81
Halliday,20,40,59,aggression,0.35000000000000003,0.1,0.65,estimated,307,73
Halliday,20,40,59,cbet,0.65,0.45,0.8,estimated,76,45
Halliday,20,40,59,bluff,0.6000000000000001,0.30000000000000004,0.75,estimated,307,73
Halliday,20,40,59,stickiness,0.41000000000000003,0.31,0.68,estimated,159,60
Halliday,20,40,59,size,0.895,0.895,0.9450000000000001,estimated,91,54
Halliday,20,40,59,adaptive,0.0,0.0,0.0,model_comparison_only,466,75
Halliday,20,60,79,vpip,0.16,0.16,0.24,estimated,782,81
Halliday,20,60,79,pfr,0.16,0.16,0.24,estimated,783,81
Halliday,20,60,79,threebet,0.04,0.03,0.06,estimated,772,81
Halliday,20,60,79,limp,0.1,0.05,0.2,estimated,783,81
Halliday,20,60,79,aggression,0.2,0.0,0.7762499999999989,estimated,273,75
Halliday,20,60,79,cbet,0.55,0.35000000000000003,0.8500000000000001,estimated,64,51
Halliday,20,60,79,bluff,0.55,0.30000000000000004,0.75,estimated,273,75
Halliday,20,60,79,stickiness,0.44,0.34,0.97,estimated,131,57
Halliday,20,60,79,size,0.9,0.895,0.905,estimated,87,48
Halliday,20,60,79,adaptive,1.0,0.0,1.0,model_comparison_only,404,76
Halliday,20,80,99,vpip,0.16,0.12475000000000007,0.22,estimated,791,81
Halliday,20,80,99,pfr,0.16,0.12475000000000007,0.22,estimated,792,81
Halliday,20,80,99,threebet,0.04,0.03,0.05524999999999977,estimated,749,81
Halliday,20,80,99,limp,0.1,0.0,0.22624999999999887,estimated,792,81
Halliday,20,80,99,aggression,0.30000000000000004,0.15000000000000002,0.75,estimated,275,65
Halliday,20,80,99,cbet,0.65,0.45,0.8,estimated,71,47
Halliday,20,80,99,bluff,0.6000000000000001,0.25,0.7000000000000001,estimated,275,65
Halliday,20,80,99,stickiness,0.39,0.17,0.87,estimated,143,64
Halliday,20,80,99,size,0.895,0.895,0.9252499999999998,estimated,83,42
Halliday,20,80,99,adaptive,0.0,0.0,1.0,model_comparison_only,418,72
Invoker,0,0,19,vpip,0.96,,,insufficient_data,9,1
Invoker,0,0,19,pfr,0.96,,,insufficient_data,9,1
Invoker,0,0,19,threebet,0.07,,,insufficient_data,5,1
Invoker,0,0,19,limp,0.2,,,insufficient_data,9,1
Invoker,0,0,19,aggression,,,,insufficient_data,0,0
Invoker,0,0,19,cbet,,,,insufficient_data,0,0
Invoker,0,0,19,bluff,,,,insufficient_data,0,0
Invoker,0,0,19,stickiness,,,,insufficient_data,0,0
Invoker,0,0,19,size,,,,insufficient_data,0,0
Invoker,0,0,19,adaptive,,,,insufficient_data,0,0
Invoker,0,20,39,vpip,0.96,,,insufficient_data,11,1
Invoker,0,20,39,pfr,0.96,,,insufficient_data,11,1
Invoker,0,20,39,threebet,0.07,,,insufficient_data,2,1
Invoker,0,20,39,limp,0.15000000000000002,,,insufficient_data,11,1
Invoker,0,20,39,aggression,,,,insufficient_data,0,0
Invoker,0,20,39,cbet,,,,insufficient_data,0,0
Invoker,0,20,39,bluff,,,,insufficient_data,0,0
Invoker,0,20,39,stickiness,,,,insufficient_data,0,0
Invoker,0,20,39,size,,,,insufficient_data,0,0
Invoker,0,20,39,adaptive,,,,insufficient_data,0,0
Invoker,0,40,59,vpip,0.9500000000000001,,,insufficient_data,11,1
Invoker,0,40,59,pfr,0.8300000000000001,,,insufficient_data,11,1
Invoker,0,40,59,threebet,0.07,,,insufficient_data,2,1
Invoker,0,40,59,limp,0.1,,,insufficient_data,11,1
Invoker,0,40,59,aggression,,,,insufficient_data,0,0
Invoker,0,40,59,cbet,,,,insufficient_data,0,0
Invoker,0,40,59,bluff,,,,insufficient_data,0,0
Invoker,0,40,59,stickiness,,,,insufficient_data,0,0
Invoker,0,40,59,size,,,,insufficient_data,0,0
Invoker,0,40,59,adaptive,,,,insufficient_data,0,0
Invoker,0,60,79,vpip,0.4,,,insufficient_data,12,1
Invoker,0,60,79,pfr,0.28,,,insufficient_data,12,1
Invoker,0,60,79,threebet,0.07,,,insufficient_data,3,1
Invoker,0,60,79,limp,0.0,,,insufficient_data,12,1
Invoker,0,60,79,aggression,,,,insufficient_data,0,0
Invoker,0,60,79,cbet,,,,insufficient_data,0,0
Invoker,0,60,79,bluff,,,,insufficient_data,0,0
Invoker,0,60,79,stickiness,,,,insufficient_data,0,0
Invoker,0,60,79,size,,,,insufficient_data,0,0
Invoker,0,60,79,adaptive,,,,insufficient_data,0,0
Invoker,0,80,99,vpip,0.67,,,insufficient_data,8,1
Invoker,0,80,99,pfr,0.61,,,insufficient_data,8,1
Invoker,0,80,99,threebet,0.07,,,insufficient_data,4,1
Invoker,0,80,99,limp,0.0,,,insufficient_data,8,1
Invoker,0,80,99,aggression,,,,insufficient_data,0,0
Invoker,0,80,99,cbet,,,,insufficient_data,0,0
Invoker,0,80,99,bluff,,,,insufficient_data,0,0
Invoker,0,80,99,stickiness,,,,insufficient_data,0,0
Invoker,0,80,99,size,,,,insufficient_data,0,0
Invoker,0,80,99,adaptive,,,,insufficient_data,0,0
Invokerv2,21,0,19,vpip,0.9500000000000001,0.9347500000000001,0.9500000000000001,estimated,115,15
Invokerv2,21,0,19,pfr,0.9500000000000001,0.93,0.9500000000000001,estimated,117,15
Invokerv2,21,0,19,threebet,0.02,0.0,0.08,estimated,134,14
Invokerv2,21,0,19,limp,0.15000000000000002,0.1,0.25,estimated,117,15
Invokerv2,21,0,19,aggression,0.9500000000000001,0.55,1.0,estimated,96,10
Invokerv2,21,0,19,cbet,1.0,1.0,1.0,grid_limited,20,6
Invokerv2,21,0,19,bluff,1.0,1.0,1.0,grid_limited,96,10
Invokerv2,21,0,19,stickiness,0.24,0.15,0.27,estimated,35,6
Invokerv2,21,0,19,size,0.33999999999999997,0.33,0.935,estimated,61,10
Invokerv2,21,0,19,adaptive,0.0,0.0,0.0,model_comparison_only,131,10
Invokerv2,21,20,39,vpip,0.91,0.86,0.97,estimated,108,15
Invokerv2,21,20,39,pfr,0.91,0.8295000000000001,0.97,estimated,109,15
Invokerv2,21,20,39,threebet,0.01,0.01,0.03,estimated,133,15
Invokerv2,21,20,39,limp,0.2,0.12375000000000035,0.30000000000000004,estimated,109,15
Invokerv2,21,20,39,aggression,1.0,0.7000000000000001,1.0,estimated,80,9
Invokerv2,21,20,39,cbet,0.8,0.02375000000000034,1.0,insufficient_data,14,5
Invokerv2,21,20,39,bluff,1.0,1.0,1.0,grid_limited,80,9
Invokerv2,21,20,39,stickiness,0.4,0.4,0.45,estimated,42,6
Invokerv2,21,20,39,size,0.335,0.33,0.935,estimated,51,9
Invokerv2,21,20,39,adaptive,0.0,0.0,0.0,model_comparison_only,122,9
Invokerv2,21,40,59,vpip,0.9400000000000001,0.61,0.96,estimated,108,15
Invokerv2,21,40,59,pfr,0.92,0.61,0.96,estimated,109,15
Invokerv2,21,40,59,threebet,0.03,0.03,0.08,estimated,138,15
Invokerv2,21,40,59,limp,0.25,0.02375000000000034,0.30000000000000004,estimated,109,15
Invokerv2,21,40,59,aggression,1.0,0.6000000000000001,1.0,estimated,83,9
Invokerv2,21,40,59,cbet,0.9,0.0,1.0,insufficient_data,13,5
Invokerv2,21,40,59,bluff,1.0,1.0,1.0,grid_limited,83,9
Invokerv2,21,40,59,stickiness,0.27,0.07,0.45,estimated,30,6
Invokerv2,21,40,59,size,0.345,0.33999999999999997,0.935,estimated,56,9
Invokerv2,21,40,59,adaptive,0.0,0.0,0.0,model_comparison_only,113,9
Invokerv2,21,60,79,vpip,0.92,0.6927500000000006,0.99,estimated,98,15
Invokerv2,21,60,79,pfr,0.92,0.6927500000000006,0.99,estimated,98,15
Invokerv2,21,60,79,threebet,0.05,0.01,0.08,estimated,140,15
Invokerv2,21,60,79,limp,0.2,0.1,0.25,estimated,98,15
Invokerv2,21,60,79,aggression,1.0,0.55,1.0,estimated,58,8
Invokerv2,21,60,79,cbet,0.65,0.0,1.0,insufficient_data,11,5
Invokerv2,21,60,79,bluff,1.0,1.0,1.0,grid_limited,58,8
Invokerv2,21,60,79,stickiness,0.49,0.09,0.91,estimated,31,6
Invokerv2,21,60,79,size,0.935,0.335,0.96,estimated,40,8
Invokerv2,21,60,79,adaptive,0.0,0.0,0.0,model_comparison_only,89,8
Invokerv2,21,80,99,vpip,0.91,0.7985000000000004,0.9400000000000001,estimated,105,15
Invokerv2,21,80,99,pfr,0.91,0.7595000000000002,0.9400000000000001,estimated,106,15
Invokerv2,21,80,99,threebet,0.03,0.0,0.1,estimated,138,14
Invokerv2,21,80,99,limp,0.15000000000000002,0.05,0.2,estimated,106,15
Invokerv2,21,80,99,aggression,1.0,0.7237500000000003,1.0,estimated,79,10
Invokerv2,21,80,99,cbet,1.0,0.8500000000000001,1.0,insufficient_data,17,6
Invokerv2,21,80,99,bluff,1.0,1.0,1.0,grid_limited,79,10
Invokerv2,21,80,99,stickiness,0.33,0.24,0.75,estimated,28,6
Invokerv2,21,80,99,size,0.335,0.33,0.345,estimated,46,10
Invokerv2,21,80,99,adaptive,0.0,0.0,1.0,model_comparison_only,107,10
Jason_idea,23,0,19,vpip,0.22,,,insufficient_data,8,1
Jason_idea,23,0,19,pfr,0.18,,,insufficient_data,8,1
Jason_idea,23,0,19,threebet,0.01,,,insufficient_data,11,1
Jason_idea,23,0,19,limp,0.0,,,insufficient_data,8,1
Jason_idea,23,0,19,aggression,,,,insufficient_data,0,0
Jason_idea,23,0,19,cbet,,,,insufficient_data,0,0
Jason_idea,23,0,19,bluff,,,,insufficient_data,0,0
Jason_idea,23,0,19,stickiness,0.43,,,insufficient_data,1,1
Jason_idea,23,0,19,size,,,,insufficient_data,0,0
Jason_idea,23,0,19,adaptive,0.0,,,insufficient_data,1,1
Jason_idea,23,20,39,vpip,0.12,,,insufficient_data,13,1
Jason_idea,23,20,39,pfr,0.12,,,insufficient_data,13,1
Jason_idea,23,20,39,threebet,0.07,,,insufficient_data,5,1
Jason_idea,23,20,39,limp,0.0,,,insufficient_data,13,1
Jason_idea,23,20,39,aggression,0.55,,,insufficient_data,8,1
Jason_idea,23,20,39,cbet,0.0,,,insufficient_data,3,1
Jason_idea,23,20,39,bluff,0.0,,,insufficient_data,8,1
Jason_idea,23,20,39,stickiness,0.92,,,insufficient_data,3,1
Jason_idea,23,20,39,size,0.395,,,insufficient_data,3,1
Jason_idea,23,20,39,adaptive,0.0,,,insufficient_data,11,1
Jason_idea,23,40,59,vpip,0.23,,,insufficient_data,12,1
Jason_idea,23,40,59,pfr,0.23,,,insufficient_data,12,1
Jason_idea,23,40,59,threebet,0.07,,,insufficient_data,6,1
Jason_idea,23,40,59,limp,0.0,,,insufficient_data,12,1
Jason_idea,23,40,59,aggression,0.6000000000000001,,,insufficient_data,1,1
Jason_idea,23,40,59,cbet,0.65,,,insufficient_data,1,1
Jason_idea,23,40,59,bluff,0.15000000000000002,,,insufficient_data,1,1
Jason_idea,23,40,59,stickiness,,,,insufficient_data,0,0
Jason_idea,23,40,59,size,,,,insufficient_data,0,0
Jason_idea,23,40,59,adaptive,0.0,,,insufficient_data,1,1
Jason_idea,23,60,79,vpip,0.15,,,insufficient_data,9,1
Jason_idea,23,60,79,pfr,0.15,,,insufficient_data,9,1
Jason_idea,23,60,79,threebet,0.07,,,insufficient_data,9,1
Jason_idea,23,60,79,limp,0.0,,,insufficient_data,9,1
Jason_idea,23,60,79,aggression,0.6000000000000001,,,insufficient_data,2,1
Jason_idea,23,60,79,cbet,1.0,,,insufficient_data,2,1
Jason_idea,23,60,79,bluff,0.15000000000000002,,,insufficient_data,2,1
Jason_idea,23,60,79,stickiness,,,,insufficient_data,0,0
Jason_idea,23,60,79,size,,,,insufficient_data,0,0
Jason_idea,23,60,79,adaptive,0.0,,,insufficient_data,2,1
Jason_idea,23,80,99,vpip,0.17,,,insufficient_data,9,1
Jason_idea,23,80,99,pfr,0.17,,,insufficient_data,9,1
Jason_idea,23,80,99,threebet,0.07,,,insufficient_data,11,1
Jason_idea,23,80,99,limp,0.0,,,insufficient_data,9,1
Jason_idea,23,80,99,aggression,0.6000000000000001,,,insufficient_data,5,1
Jason_idea,23,80,99,cbet,0.0,,,insufficient_data,2,1
Jason_idea,23,80,99,bluff,0.0,,,insufficient_data,5,1
Jason_idea,23,80,99,stickiness,0.45,,,insufficient_data,3,1
Jason_idea,23,80,99,size,,,,insufficient_data,0,0
Jason_idea,23,80,99,adaptive,0.0,,,insufficient_data,8,1
LF5,0,0,19,vpip,0.04,0.04,0.07,estimated,78,10
LF5,0,0,19,pfr,0.04,0.04,0.07,estimated,78,10
LF5,0,0,19,threebet,0.04,0.04,0.06,estimated,85,10
LF5,0,0,19,limp,0.0,0.0,0.05,weakly_identified,78,10
LF5,0,0,19,aggression,0.6000000000000001,0.6000000000000001,0.6000000000000001,insufficient_data,4,3
LF5,0,0,19,cbet,,,,insufficient_data,0,0
LF5,0,0,19,bluff,0.0,0.0,0.15000000000000002,insufficient_data,4,3
LF5,0,0,19,stickiness,0.45,0.45,0.45,insufficient_data,3,3
LF5,0,0,19,size,0.64,,,insufficient_data,2,1
LF5,0,0,19,adaptive,0.0,0.0,0.0,insufficient_data,7,3
LF5,0,20,39,vpip,0.04,0.01,0.06,estimated,72,10
LF5,0,20,39,pfr,0.04,0.01,0.06,estimated,73,10
LF5,0,20,39,threebet,0.04,0.01,0.05,estimated,91,10
LF5,0,20,39,limp,0.25,0.0,0.5,weakly_identified,73,10
LF5,0,20,39,aggression,0.6000000000000001,0.6000000000000001,0.6000000000000001,insufficient_data,7,3
LF5,0,20,39,cbet,0.0,0.0,0.65,insufficient_data,2,2
LF5,0,20,39,bluff,0.0,0.0,0.15000000000000002,insufficient_data,7,3
LF5,0,20,39,stickiness,0.45,0.45,0.45,insufficient_data,2,2
LF5,0,20,39,size,0.53,,,insufficient_data,2,1
LF5,0,20,39,adaptive,0.0,0.0,0.0,insufficient_data,9,4
LF5,0,40,59,vpip,0.04,0.04,0.1467499999999984,estimated,71,10
LF5,0,40,59,pfr,0.04,0.04,0.1467499999999984,estimated,71,10
LF5,0,40,59,threebet,0.03,0.02,0.06,estimated,97,10
LF5,0,40,59,limp,0.0,0.0,0.05,weakly_identified,71,10
LF5,0,40,59,aggression,0.8500000000000001,0.0,1.0,insufficient_data,7,3
LF5,0,40,59,cbet,,,,insufficient_data,0,0
LF5,0,40,59,bluff,0.0,0.0,0.30000000000000004,insufficient_data,7,3
LF5,0,40,59,stickiness,0.43,0.25,0.45,insufficient_data,11,5
LF5,0,40,59,size,0.475,,,insufficient_data,2,1
LF5,0,40,59,adaptive,0.0,0.0,0.0,insufficient_data,18,5
LF5,0,60,79,vpip,0.03,0.03,0.14,estimated,69,10
LF5,0,60,79,pfr,0.03,0.03,0.14,estimated,69,10
LF5,0,60,79,threebet,0.03,0.01,0.07,estimated,99,10
LF5,0,60,79,limp,0.05,0.05,0.05,not_identified,69,10
LF5,0,60,79,aggression,0.6000000000000001,0.6000000000000001,0.6000000000000001,insufficient_data,2,2
LF5,0,60,79,cbet,0.65,,,insufficient_data,1,1
LF5,0,60,79,bluff,0.0,0.0,0.15000000000000002,insufficient_data,2,2
LF5,0,60,79,stickiness,0.45,0.45,0.45,insufficient_data,3,3
LF5,0,60,79,size,,,,insufficient_data,0,0
LF5,0,60,79,adaptive,0.0,0.0,0.0,insufficient_data,5,4
LF5,0,80,99,vpip,0.05,0.05,0.09,estimated,67,10
LF5,0,80,99,pfr,0.05,0.05,0.09,estimated,67,10
LF5,0,80,99,threebet,0.03,0.02,0.06,estimated,97,10
LF5,0,80,99,limp,0.0,0.0,0.05,weakly_identified,67,10
LF5,0,80,99,aggression,0.6000000000000001,0.6000000000000001,0.6000000000000001,insufficient_data,3,3
LF5,0,80,99,cbet,,,,insufficient_data,0,0
LF5,0,80,99,bluff,0.0,0.0,0.15000000000000002,insufficient_data,3,3
LF5,0,80,99,stickiness,0.45,0.45,0.45,insufficient_data,13,7
LF5,0,80,99,size,0.44,,,insufficient_data,1,1
LF5,0,80,99,adaptive,0.0,0.0,0.0,insufficient_data,16,7
MAC Projects Team,0,0,19,vpip,0.04,0.04,0.06,estimated,61,10
MAC Projects Team,0,0,19,pfr,0.04,0.04,0.050499999999999545,estimated,61,10
MAC Projects Team,0,0,19,threebet,0.04,0.04,0.050499999999999545,insufficient_data,6,3
MAC Projects Team,0,0,19,limp,0.05,0.05,0.05,not_identified,61,10
MAC Projects Team,0,0,19,aggression,,,,insufficient_data,0,0
MAC Projects Team,0,0,19,cbet,,,,insufficient_data,0,0
MAC Projects Team,0,0,19,bluff,,,,insufficient_data,0,0
MAC Projects Team,0,0,19,stickiness,,,,insufficient_data,0,0
MAC Projects Team,0,0,19,size,,,,insufficient_data,0,0
MAC Projects Team,0,0,19,adaptive,,,,insufficient_data,0,0
MAC Projects Team,0,20,39,vpip,0.02,0.02,0.04,estimated,46,10
MAC Projects Team,0,20,39,pfr,0.02,0.02,0.02,grid_limited,46,10
MAC Projects Team,0,20,39,threebet,0.02,0.02,0.02,insufficient_data,9,2
MAC Projects Team,0,20,39,limp,0.05,0.05,0.05,not_identified,46,10
MAC Projects Team,0,20,39,aggression,,,,insufficient_data,0,0
MAC Projects Team,0,20,39,cbet,,,,insufficient_data,0,0
MAC Projects Team,0,20,39,bluff,,,,insufficient_data,0,0
MAC Projects Team,0,20,39,stickiness,,,,insufficient_data,0,0
MAC Projects Team,0,20,39,size,,,,insufficient_data,0,0
MAC Projects Team,0,20,39,adaptive,,,,insufficient_data,0,0
MAC Projects Team,0,40,59,vpip,0.02,0.02,0.13,estimated,60,10
MAC Projects Team,0,40,59,pfr,0.02,0.02,0.12,estimated,60,10
MAC Projects Team,0,40,59,threebet,0.02,0.02,0.07,insufficient_data,8,2
MAC Projects Team,0,40,59,limp,0.05,0.05,0.05,not_identified,60,10
MAC Projects Team,0,40,59,aggression,,,,insufficient_data,0,0
MAC Projects Team,0,40,59,cbet,,,,insufficient_data,0,0
MAC Projects Team,0,40,59,bluff,,,,insufficient_data,0,0
MAC Projects Team,0,40,59,stickiness,,,,insufficient_data,0,0
MAC Projects Team,0,40,59,size,,,,insufficient_data,0,0
MAC Projects Team,0,40,59,adaptive,,,,insufficient_data,0,0
MAC Projects Team,0,60,79,vpip,0.07,0.07,0.14,estimated,50,10
MAC Projects Team,0,60,79,pfr,0.0,0.0,0.14,estimated,50,10
MAC Projects Team,0,60,79,threebet,0.0,0.0,0.07,insufficient_data,5,2
MAC Projects Team,0,60,79,limp,0.05,0.05,0.05,not_identified,50,10
MAC Projects Team,0,60,79,aggression,,,,insufficient_data,0,0
MAC Projects Team,0,60,79,cbet,,,,insufficient_data,0,0
MAC Projects Team,0,60,79,bluff,,,,insufficient_data,0,0
MAC Projects Team,0,60,79,stickiness,,,,insufficient_data,0,0
MAC Projects Team,0,60,79,size,,,,insufficient_data,0,0
MAC Projects Team,0,60,79,adaptive,,,,insufficient_data,0,0
MAC Projects Team,0,80,99,vpip,0.01,0.01,0.07,estimated,63,10
MAC Projects Team,0,80,99,pfr,0.01,0.01,0.02,estimated,63,10
MAC Projects Team,0,80,99,threebet,0.01,0.01,0.02,insufficient_data,4,2
MAC Projects Team,0,80,99,limp,0.05,0.05,0.05,not_identified,63,10
MAC Projects Team,0,80,99,aggression,,,,insufficient_data,0,0
MAC Projects Team,0,80,99,cbet,,,,insufficient_data,0,0
MAC Projects Team,0,80,99,bluff,,,,insufficient_data,0,0
MAC Projects Team,0,80,99,stickiness,,,,insufficient_data,0,0
MAC Projects Team,0,80,99,size,,,,insufficient_data,0,0
MAC Projects Team,0,80,99,adaptive,,,,insufficient_data,0,0
MAC Projects Team Testing Bot,24,0,19,vpip,0.3,0.16,0.35000000000000003,estimated,552,51
MAC Projects Team Testing Bot,24,0,19,pfr,0.3,0.16,0.35000000000000003,estimated,559,51
MAC Projects Team Testing Bot,24,0,19,threebet,0.04,0.03,0.09,estimated,417,51
MAC Projects Team Testing Bot,24,0,19,limp,0.30000000000000004,0.05,0.35000000000000003,estimated,559,51
MAC Projects Team Testing Bot,24,0,19,aggression,0.7000000000000001,0.55,1.0,estimated,151,44
MAC Projects Team Testing Bot,24,0,19,cbet,0.5,0.15000000000000002,0.7762499999999989,estimated,57,35
MAC Projects Team Testing Bot,24,0,19,bluff,0.75,0.45,1.0,estimated,151,44
MAC Projects Team Testing Bot,24,0,19,stickiness,0.12,0.02,0.7957499999999994,estimated,69,38
MAC Projects Team Testing Bot,24,0,19,size,0.37,0.35,0.91,estimated,53,30
MAC Projects Team Testing Bot,24,0,19,adaptive,0.0,0.0,1.0,model_comparison_only,220,48
MAC Projects Team Testing Bot,24,20,39,vpip,0.23,0.17,0.31,estimated,503,51
MAC Projects Team Testing Bot,24,20,39,pfr,0.23,0.17,0.31,estimated,507,51
MAC Projects Team Testing Bot,24,20,39,threebet,0.04,0.02,0.05,estimated,477,51
MAC Projects Team Testing Bot,24,20,39,limp,0.15000000000000002,0.05,0.25,estimated,507,51
MAC Projects Team Testing Bot,24,20,39,aggression,0.15000000000000002,0.15000000000000002,1.0,estimated,200,48
MAC Projects Team Testing Bot,24,20,39,cbet,0.55,0.4,0.8500000000000001,estimated,66,40
MAC Projects Team Testing Bot,24,20,39,bluff,0.9,0.45,1.0,estimated,200,48
MAC Projects Team Testing Bot,24,20,39,stickiness,0.2,0.2,0.87,estimated,80,35
MAC Projects Team Testing Bot,24,20,39,size,0.365,0.35,0.375,estimated,79,35
MAC Projects Team Testing Bot,24,20,39,adaptive,1.0,0.0,1.0,model_comparison_only,280,49
MAC Projects Team Testing Bot,24,40,59,vpip,0.17,0.17,0.26674999999999843,estimated,498,51
MAC Projects Team Testing Bot,24,40,59,pfr,0.17,0.17,0.26674999999999843,estimated,500,51
MAC Projects Team Testing Bot,24,40,59,threebet,0.04,0.02,0.06,estimated,465,51
MAC Projects Team Testing Bot,24,40,59,limp,0.0,0.0,0.2,estimated,500,51
MAC Projects Team Testing Bot,24,40,59,aggression,0.15000000000000002,0.0,0.9262499999999989,estimated,173,44
MAC Projects Team Testing Bot,24,40,59,cbet,0.8,0.55,1.0,estimated,48,32
MAC Projects Team Testing Bot,24,40,59,bluff,1.0,0.8500000000000001,1.0,estimated,173,44
MAC Projects Team Testing Bot,24,40,59,stickiness,0.1,0.1,0.38,estimated,82,38
MAC Projects Team Testing Bot,24,40,59,size,0.365,0.35,0.37,estimated,76,31
MAC Projects Team Testing Bot,24,40,59,adaptive,0.0,0.0,1.0,model_comparison_only,255,50
MAC Projects Team Testing Bot,24,60,79,vpip,0.23,0.22,0.25,estimated,502,51
MAC Projects Team Testing Bot,24,60,79,pfr,0.23,0.22,0.25,estimated,507,51
MAC Projects Team Testing Bot,24,60,79,threebet,0.05,0.02,0.06,estimated,468,51
MAC Projects Team Testing Bot,24,60,79,limp,0.1,0.05,0.15000000000000002,estimated,507,51
MAC Projects Team Testing Bot,24,60,79,aggression,0.55,0.30000000000000004,1.0,estimated,203,45
MAC Projects Team Testing Bot,24,60,79,cbet,0.9,0.5237500000000004,1.0,estimated,41,25
MAC Projects Team Testing Bot,24,60,79,bluff,1.0,1.0,1.0,grid_limited,203,45
MAC Projects Team Testing Bot,24,60,79,stickiness,0.41000000000000003,0.09,0.71,estimated,93,40
MAC Projects Team Testing Bot,24,60,79,size,0.36,0.35,0.365,estimated,115,43
MAC Projects Team Testing Bot,24,60,79,adaptive,0.0,0.0,1.0,model_comparison_only,296,48
MAC Projects Team Testing Bot,24,80,99,vpip,0.22,0.17,0.25,estimated,528,51
MAC Projects Team Testing Bot,24,80,99,pfr,0.21,0.17,0.25,estimated,534,51
MAC Projects Team Testing Bot,24,80,99,threebet,0.03,0.01,0.06,estimated,452,51
MAC Projects Team Testing Bot,24,80,99,limp,0.1,0.0,0.2,estimated,534,51
MAC Projects Team Testing Bot,24,80,99,aggression,0.15000000000000002,0.0,0.8500000000000001,estimated,164,45
MAC Projects Team Testing Bot,24,80,99,cbet,0.75,0.5,0.9,estimated,56,34
MAC Projects Team Testing Bot,24,80,99,bluff,1.0,0.75,1.0,estimated,164,45
MAC Projects Team Testing Bot,24,80,99,stickiness,0.09,0.09,0.45,estimated,97,42
MAC Projects Team Testing Bot,24,80,99,size,0.365,0.36,0.375,estimated,60,30
MAC Projects Team Testing Bot,24,80,99,adaptive,0.0,0.0,0.0,model_comparison_only,261,50
MAC Projects Team Testing Bot 2,26,0,19,vpip,0.22,0.17,0.3,estimated,620,63
MAC Projects Team Testing Bot 2,26,0,19,pfr,0.22,0.17,0.3,estimated,626,63
MAC Projects Team Testing Bot 2,26,0,19,threebet,0.06,0.03,0.08,estimated,583,63
MAC Projects Team Testing Bot 2,26,0,19,limp,0.15000000000000002,0.05,0.25,estimated,626,63
MAC Projects Team Testing Bot 2,26,0,19,aggression,0.30000000000000004,0.30000000000000004,1.0,estimated,263,57
MAC Projects Team Testing Bot 2,26,0,19,cbet,0.7000000000000001,0.47375000000000034,0.9,estimated,91,50
MAC Projects Team Testing Bot 2,26,0,19,bluff,1.0,0.8237500000000004,1.0,estimated,263,57
MAC Projects Team Testing Bot 2,26,0,19,stickiness,0.0,0.0,0.52,estimated,96,47
MAC Projects Team Testing Bot 2,26,0,19,size,0.365,0.36,0.37,estimated,107,43
MAC Projects Team Testing Bot 2,26,0,19,adaptive,0.0,0.0,1.0,model_comparison_only,359,59
MAC Projects Team Testing Bot 2,26,20,39,vpip,0.22,0.14,0.23,estimated,588,63
MAC Projects Team Testing Bot 2,26,20,39,pfr,0.22,0.14,0.23,estimated,590,63
MAC Projects Team Testing Bot 2,26,20,39,threebet,0.06,0.05,0.06,estimated,600,63
MAC Projects Team Testing Bot 2,26,20,39,limp,0.15000000000000002,0.05,0.2,estimated,590,63
MAC Projects Team Testing Bot 2,26,20,39,aggression,0.30000000000000004,0.15000000000000002,1.0,weakly_identified,236,54
MAC Projects Team Testing Bot 2,26,20,39,cbet,0.7000000000000001,0.5,0.9,estimated,76,39
MAC Projects Team Testing Bot 2,26,20,39,bluff,0.9,0.5,1.0,estimated,236,54
MAC Projects Team Testing Bot 2,26,20,39,stickiness,0.0,0.0,0.58,estimated,84,45
MAC Projects Team Testing Bot 2,26,20,39,size,0.36,0.345,0.365,estimated,80,32
MAC Projects Team Testing Bot 2,26,20,39,adaptive,0.0,0.0,1.0,model_comparison_only,320,56
MAC Projects Team Testing Bot 2,26,40,59,vpip,0.29,0.17,0.31,estimated,582,63
MAC Projects Team Testing Bot 2,26,40,59,pfr,0.29,0.17,0.31,estimated,585,63
MAC Projects Team Testing Bot 2,26,40,59,threebet,0.03,0.03,0.06,estimated,610,63
MAC Projects Team Testing Bot 2,26,40,59,limp,0.2,0.05,0.25,estimated,585,63
MAC Projects Team Testing Bot 2,26,40,59,aggression,0.5,0.15000000000000002,1.0,estimated,231,54
MAC Projects Team Testing Bot 2,26,40,59,cbet,0.75,0.55,0.9500000000000001,estimated,70,40
MAC Projects Team Testing Bot 2,26,40,59,bluff,1.0,0.9737500000000003,1.0,estimated,231,54
MAC Projects Team Testing Bot 2,26,40,59,stickiness,0.21,0.11,0.5014999999999986,estimated,88,44
MAC Projects Team Testing Bot 2,26,40,59,size,0.35,0.33999999999999997,0.36,estimated,103,46
MAC Projects Team Testing Bot 2,26,40,59,adaptive,0.0,0.0,0.0,model_comparison_only,319,57
MAC Projects Team Testing Bot 2,26,60,79,vpip,0.22,0.17,0.29,estimated,584,63
MAC Projects Team Testing Bot 2,26,60,79,pfr,0.22,0.17,0.29,estimated,588,63
MAC Projects Team Testing Bot 2,26,60,79,threebet,0.03,0.02,0.07524999999999978,estimated,612,63
MAC Projects Team Testing Bot 2,26,60,79,limp,0.15000000000000002,0.05,0.22624999999999887,estimated,588,63
MAC Projects Team Testing Bot 2,26,60,79,aggression,0.5,0.42375000000000035,1.0,estimated,202,55
MAC Projects Team Testing Bot 2,26,60,79,cbet,0.55,0.30000000000000004,0.8500000000000001,estimated,65,42
MAC Projects Team Testing Bot 2,26,60,79,bluff,1.0,0.8237500000000004,1.0,estimated,202,55
MAC Projects Team Testing Bot 2,26,60,79,stickiness,0.43,0.1,0.6339999999999963,estimated,96,40
MAC Projects Team Testing Bot 2,26,60,79,size,0.345,0.335,0.355,estimated,85,41
MAC Projects Team Testing Bot 2,26,60,79,adaptive,0.0,0.0,0.0,model_comparison_only,298,57
MAC Projects Team Testing Bot 2,26,80,99,vpip,0.17,0.17,0.24,estimated,584,63
MAC Projects Team Testing Bot 2,26,80,99,pfr,0.17,0.17,0.24,estimated,586,63
MAC Projects Team Testing Bot 2,26,80,99,threebet,0.06,0.02,0.07,estimated,609,63
MAC Projects Team Testing Bot 2,26,80,99,limp,0.1,0.05,0.2,estimated,586,63
MAC Projects Team Testing Bot 2,26,80,99,aggression,0.5,0.2,0.5,estimated,197,52
MAC Projects Team Testing Bot 2,26,80,99,cbet,0.75,0.55,0.9500000000000001,estimated,60,35
MAC Projects Team Testing Bot 2,26,80,99,bluff,1.0,0.9237500000000004,1.0,estimated,197,52
MAC Projects Team Testing Bot 2,26,80,99,stickiness,0.16,0.16,0.38,estimated,66,37
MAC Projects Team Testing Bot 2,26,80,99,size,0.36,0.347375,0.365,estimated,82,37
MAC Projects Team Testing Bot 2,26,80,99,adaptive,0.0,0.0,0.0,model_comparison_only,263,55
MAC Projects Team Testing Bot 3,27,0,19,vpip,0.23,0.22,0.29,estimated,700,72
MAC Projects Team Testing Bot 3,27,0,19,pfr,0.23,0.22,0.29,estimated,700,72
MAC Projects Team Testing Bot 3,27,0,19,threebet,0.06,0.03,0.08,estimated,675,72
MAC Projects Team Testing Bot 3,27,0,19,limp,0.1,0.05,0.2,estimated,700,72
MAC Projects Team Testing Bot 3,27,0,19,aggression,0.65,0.30000000000000004,1.0,estimated,329,65
MAC Projects Team Testing Bot 3,27,0,19,cbet,0.9500000000000001,0.8500000000000001,1.0,estimated,119,53
MAC Projects Team Testing Bot 3,27,0,19,bluff,1.0,0.8500000000000001,1.0,estimated,329,65
MAC Projects Team Testing Bot 3,27,0,19,stickiness,0.14,0.09,0.3057499999999993,estimated,136,54
MAC Projects Team Testing Bot 3,27,0,19,size,0.35,0.345,0.36,estimated,142,56
MAC Projects Team Testing Bot 3,27,0,19,adaptive,1.0,0.0,1.0,model_comparison_only,465,68
MAC Projects Team Testing Bot 3,27,20,39,vpip,0.23,0.17,0.32,estimated,669,72
MAC Projects Team Testing Bot 3,27,20,39,pfr,0.23,0.17,0.32,estimated,671,72
MAC Projects Team Testing Bot 3,27,20,39,threebet,0.05,0.04,0.06524999999999978,estimated,694,72
MAC Projects Team Testing Bot 3,27,20,39,limp,0.2,0.05,0.25,estimated,671,72
MAC Projects Team Testing Bot 3,27,20,39,aggression,0.30000000000000004,0.2,1.0,estimated,240,61
MAC Projects Team Testing Bot 3,27,20,39,cbet,0.8500000000000001,0.8,1.0,estimated,83,46
MAC Projects Team Testing Bot 3,27,20,39,bluff,1.0,0.8500000000000001,1.0,estimated,240,61
MAC Projects Team Testing Bot 3,27,20,39,stickiness,0.0,0.0,0.45,estimated,91,52
MAC Projects Team Testing Bot 3,27,20,39,size,0.37,0.36,0.375,estimated,94,40
MAC Projects Team Testing Bot 3,27,20,39,adaptive,1.0,0.0,1.0,model_comparison_only,331,70
MAC Projects Team Testing Bot 3,27,40,59,vpip,0.23,0.15475000000000005,0.23,estimated,668,72
MAC Projects Team Testing Bot 3,27,40,59,pfr,0.23,0.15475000000000005,0.23,estimated,670,72
MAC Projects Team Testing Bot 3,27,40,59,threebet,0.06,0.03,0.08,estimated,695,72
MAC Projects Team Testing Bot 3,27,40,59,limp,0.15000000000000002,0.05,0.22624999999999887,estimated,670,72
MAC Projects Team Testing Bot 3,27,40,59,aggression,0.35000000000000003,0.0,0.55,estimated,234,65
MAC Projects Team Testing Bot 3,27,40,59,cbet,0.8500000000000001,0.7000000000000001,1.0,estimated,74,51
MAC Projects Team Testing Bot 3,27,40,59,bluff,1.0,0.9,1.0,estimated,234,65
MAC Projects Team Testing Bot 3,27,40,59,stickiness,0.34,0.08,0.4,estimated,107,58
MAC Projects Team Testing Bot 3,27,40,59,size,0.375,0.365,0.38,estimated,95,49
MAC Projects Team Testing Bot 3,27,40,59,adaptive,0.0,0.0,1.0,model_comparison_only,341,69
MAC Projects Team Testing Bot 3,27,60,79,vpip,0.23,0.15,0.23,estimated,684,72
MAC Projects Team Testing Bot 3,27,60,79,pfr,0.23,0.15,0.23,estimated,686,72
MAC Projects Team Testing Bot 3,27,60,79,threebet,0.06,0.06,0.09,estimated,681,72
MAC Projects Team Testing Bot 3,27,60,79,limp,0.2,0.05,0.25,estimated,686,72
MAC Projects Team Testing Bot 3,27,60,79,aggression,0.35000000000000003,0.04750000000000068,1.0,estimated,216,55
MAC Projects Team Testing Bot 3,27,60,79,cbet,0.75,0.6000000000000001,1.0,estimated,66,46
MAC Projects Team Testing Bot 3,27,60,79,bluff,1.0,0.65,1.0,estimated,216,55
MAC Projects Team Testing Bot 3,27,60,79,stickiness,0.07,0.0,0.42624999999999885,estimated,99,50
MAC Projects Team Testing Bot 3,27,60,79,size,0.38,0.352375,0.39,estimated,87,45
MAC Projects Team Testing Bot 3,27,60,79,adaptive,1.0,0.0,1.0,model_comparison_only,315,64
MAC Projects Team Testing Bot 3,27,80,99,vpip,0.17,0.17,0.23,estimated,679,72
MAC Projects Team Testing Bot 3,27,80,99,pfr,0.17,0.17,0.23,estimated,681,72
MAC Projects Team Testing Bot 3,27,80,99,threebet,0.06,0.03,0.08049999999999954,estimated,684,72
MAC Projects Team Testing Bot 3,27,80,99,limp,0.1,0.05,0.2,estimated,681,72
MAC Projects Team Testing Bot 3,27,80,99,aggression,0.15000000000000002,0.07375000000000034,0.5,estimated,219,58
MAC Projects Team Testing Bot 3,27,80,99,cbet,0.75,0.55,0.9262499999999989,estimated,78,46
MAC Projects Team Testing Bot 3,27,80,99,bluff,1.0,0.8,1.0,estimated,219,58
MAC Projects Team Testing Bot 3,27,80,99,stickiness,0.27,0.01,0.33,estimated,100,48
MAC Projects Team Testing Bot 3,27,80,99,size,0.36,0.355,0.37,estimated,74,43
MAC Projects Team Testing Bot 3,27,80,99,adaptive,0.0,0.0,0.0,model_comparison_only,319,65
McSmart Meal,28,0,19,vpip,0.59,0.45,0.62,estimated,812,79
McSmart Meal,28,0,19,pfr,0.59,0.45,0.62,estimated,825,79
McSmart Meal,28,0,19,threebet,0.05,0.03,0.05,estimated,687,79
McSmart Meal,28,0,19,limp,0.2,0.1,0.2,estimated,825,79
McSmart Meal,28,0,19,aggression,0.55,0.55,0.7000000000000001,estimated,593,79
McSmart Meal,28,0,19,cbet,0.45,0.35000000000000003,0.55,estimated,165,67
McSmart Meal,28,0,19,bluff,0.1,0.0,0.2,estimated,593,79
McSmart Meal,28,0,19,stickiness,0.35000000000000003,0.22,0.43,estimated,331,76
McSmart Meal,28,0,19,size,0.64,0.635,0.655,estimated,111,47
McSmart Meal,28,0,19,adaptive,0.0,0.0,1.0,model_comparison_only,924,79
McSmart Meal,28,20,39,vpip,0.6,0.38,0.62,estimated,787,79
McSmart Meal,28,20,39,pfr,0.6,0.38,0.62,estimated,796,79
McSmart Meal,28,20,39,threebet,0.05,0.03,0.05,estimated,710,79
McSmart Meal,28,20,39,limp,0.25,0.05,0.25,estimated,796,79
McSmart Meal,28,20,39,aggression,0.2,0.0,0.7000000000000001,estimated,561,79
McSmart Meal,28,20,39,cbet,0.6000000000000001,0.4,0.65,estimated,132,62
McSmart Meal,28,20,39,bluff,0.30000000000000004,0.0,0.35000000000000003,estimated,561,79
McSmart Meal,28,20,39,stickiness,0.2,0.12,0.61,estimated,269,75
McSmart Meal,28,20,39,size,0.635,0.63,0.645,estimated,116,55
McSmart Meal,28,20,39,adaptive,0.0,0.0,1.0,model_comparison_only,830,79
McSmart Meal,28,40,59,vpip,0.6,0.48,0.62,estimated,795,79
McSmart Meal,28,40,59,pfr,0.6,0.48,0.62,estimated,806,79
McSmart Meal,28,40,59,threebet,0.04,0.03,0.05,estimated,701,79
McSmart Meal,28,40,59,limp,0.2,0.1,0.2,estimated,806,79
McSmart Meal,28,40,59,aggression,0.55,0.2,0.55,estimated,574,77
McSmart Meal,28,40,59,cbet,0.5,0.30000000000000004,0.6000000000000001,estimated,146,67
McSmart Meal,28,40,59,bluff,0.05,0.0,0.30000000000000004,estimated,574,77
McSmart Meal,28,40,59,stickiness,0.48,0.06,0.49,estimated,291,72
McSmart Meal,28,40,59,size,0.645,0.64,0.66,estimated,97,48
McSmart Meal,28,40,59,adaptive,0.0,0.0,1.0,model_comparison_only,865,78
McSmart Meal,28,60,79,vpip,0.6,0.46,0.62,estimated,802,79
McSmart Meal,28,60,79,pfr,0.6,0.46,0.62,estimated,812,79
McSmart Meal,28,60,79,threebet,0.04,0.02,0.05,estimated,690,79
McSmart Meal,28,60,79,limp,0.2,0.1,0.25,estimated,812,79
McSmart Meal,28,60,79,aggression,0.7000000000000001,0.0,0.7000000000000001,estimated,562,79
McSmart Meal,28,60,79,cbet,0.55,0.35000000000000003,0.65,estimated,140,66
McSmart Meal,28,60,79,bluff,0.05,0.0,0.3262499999999989,estimated,562,79
McSmart Meal,28,60,79,stickiness,0.16,0.11,0.6352499999999998,estimated,325,79
McSmart Meal,28,60,79,size,0.64,0.635,0.69,estimated,121,53
McSmart Meal,28,60,79,adaptive,0.0,0.0,1.0,model_comparison_only,887,79
McSmart Meal,28,80,99,vpip,0.61,0.46,0.62,estimated,793,79
McSmart Meal,28,80,99,pfr,0.61,0.46,0.62,estimated,799,79
McSmart Meal,28,80,99,threebet,0.03,0.03,0.05,estimated,707,79
McSmart Meal,28,80,99,limp,0.2,0.1,0.2,estimated,799,79
McSmart Meal,28,80,99,aggression,0.55,0.2,0.7000000000000001,estimated,567,79
McSmart Meal,28,80,99,cbet,0.5,0.30000000000000004,0.6000000000000001,estimated,142,66
McSmart Meal,28,80,99,bluff,0.15000000000000002,0.0,0.35000000000000003,estimated,567,79
McSmart Meal,28,80,99,stickiness,0.44,0.1342500000000002,0.91,estimated,281,78
McSmart Meal,28,80,99,size,0.635,0.63,0.64,estimated,124,57
McSmart Meal,28,80,99,adaptive,0.0,0.0,1.0,model_comparison_only,848,79
Messi,30,0,19,vpip,0.09,0.06,0.11,estimated,823,87
Messi,30,0,19,pfr,0.0,0.0,0.0,grid_limited,826,87
Messi,30,0,19,threebet,0.0,0.0,0.0,grid_limited,904,87
Messi,30,0,19,limp,0.05,0.05,0.05,not_identified,826,87
Messi,30,0,19,aggression,0.0,0.0,0.2,estimated,314,80
Messi,30,0,19,cbet,0.65,0.65,0.65,insufficient_data,2,2
Messi,30,0,19,bluff,0.15000000000000002,0.05,0.25,estimated,314,80
Messi,30,0,19,stickiness,0.0,0.0,0.13,estimated,232,83
Messi,30,0,19,size,0.435,0.435,0.455,estimated,51,25
Messi,30,0,19,adaptive,0.0,0.0,0.0,model_comparison_only,546,85
Messi,30,20,39,vpip,0.11,0.06,0.11,estimated,834,87
Messi,30,20,39,pfr,0.01,0.0,0.01,estimated,838,87
Messi,30,20,39,threebet,0.0,0.0,0.01,estimated,869,87
Messi,30,20,39,limp,0.75,0.05,0.9,estimated,838,87
Messi,30,20,39,aggression,0.0,0.0,0.2,estimated,283,77
Messi,30,20,39,cbet,0.25,0.0,1.0,insufficient_data,3,3
Messi,30,20,39,bluff,0.15000000000000002,0.05,0.2,estimated,283,77
Messi,30,20,39,stickiness,0.01,0.01,0.07,estimated,251,85
Messi,30,20,39,size,0.46499999999999997,0.435,0.475,estimated,56,25
Messi,30,20,39,adaptive,0.0,0.0,0.0,model_comparison_only,534,86
Messi,30,40,59,vpip,0.1,0.09,0.11,estimated,811,87
Messi,30,40,59,pfr,0.0,0.0,0.0,grid_limited,814,87
Messi,30,40,59,threebet,0.0,0.0,0.0,grid_limited,895,87
Messi,30,40,59,limp,0.05,0.05,0.05,not_identified,814,87
Messi,30,40,59,aggression,0.2,0.0,0.35000000000000003,estimated,266,76
Messi,30,40,59,cbet,0.45,0.0,1.0,insufficient_data,2,2
Messi,30,40,59,bluff,0.15000000000000002,0.05,0.30000000000000004,estimated,266,76
Messi,30,40,59,stickiness,0.03,0.0,0.06,estimated,243,79
Messi,30,40,59,size,0.445,0.435,0.47,estimated,53,29
Messi,30,40,59,adaptive,0.0,0.0,1.0,model_comparison_only,509,83
Messi,30,60,79,vpip,0.1,0.04,0.12,estimated,822,87
Messi,30,60,79,pfr,0.0,0.0,0.0,grid_limited,828,87
Messi,30,60,79,threebet,0.0,0.0,0.0,grid_limited,874,87
Messi,30,60,79,limp,0.05,0.05,0.05,not_identified,828,87
Messi,30,60,79,aggression,0.0,0.0,0.2,estimated,274,77
Messi,30,60,79,cbet,0.0,0.0,0.65,insufficient_data,2,2
Messi,30,60,79,bluff,0.1,0.05,0.2,estimated,274,77
Messi,30,60,79,stickiness,0.0,0.0,0.11,estimated,253,83
Messi,30,60,79,size,0.435,0.435,0.45,estimated,54,30
Messi,30,60,79,adaptive,0.0,0.0,0.0,model_comparison_only,527,84
Messi,30,80,99,vpip,0.11,0.09,0.13,estimated,813,87
Messi,30,80,99,pfr,0.0,0.0,0.0,grid_limited,814,87
Messi,30,80,99,threebet,0.0,0.0,0.0,grid_limited,914,87
Messi,30,80,99,limp,0.05,0.05,0.05,not_identified,814,87
Messi,30,80,99,aggression,0.2,0.0,0.2,estimated,286,80
Messi,30,80,99,cbet,0.0,0.0,0.65,insufficient_data,2,2
Messi,30,80,99,bluff,0.2,0.1,0.30000000000000004,estimated,286,80
Messi,30,80,99,stickiness,0.07,0.07,0.13,estimated,254,83
Messi,30,80,99,size,0.435,0.435,0.44,estimated,61,31
Messi,30,80,99,adaptive,0.0,0.0,0.0,model_comparison_only,540,84
Phil_Ivey_GOAT,33,0,19,vpip,0.06,0.06,0.11,estimated,320,35
Phil_Ivey_GOAT,33,0,19,pfr,0.06,0.06,0.11,estimated,320,35
Phil_Ivey_GOAT,33,0,19,threebet,0.01,0.01,0.04,estimated,341,35
Phil_Ivey_GOAT,33,0,19,limp,0.0,0.0,0.15000000000000002,estimated,320,35
Phil_Ivey_GOAT,33,0,19,aggression,0.55,0.55,0.55,grid_limited,62,22
Phil_Ivey_GOAT,33,0,19,cbet,0.0,0.0,0.05,insufficient_data,17,12
Phil_Ivey_GOAT,33,0,19,bluff,0.75,0.30000000000000004,1.0,weakly_identified,62,22
Phil_Ivey_GOAT,33,0,19,stickiness,0.5700000000000001,0.36,0.68,estimated,31,17
Phil_Ivey_GOAT,33,0,19,size,0.7,0.6799999999999999,0.72,estimated,28,13
Phil_Ivey_GOAT,33,0,19,adaptive,0.0,0.0,1.0,model_comparison_only,93,23
Phil_Ivey_GOAT,33,20,39,vpip,0.07,0.07,0.11,estimated,306,35
Phil_Ivey_GOAT,33,20,39,pfr,0.07,0.07,0.11,estimated,308,35
Phil_Ivey_GOAT,33,20,39,threebet,0.02,0.01,0.02,estimated,351,35
Phil_Ivey_GOAT,33,20,39,limp,0.0,0.0,0.15000000000000002,estimated,308,35
Phil_Ivey_GOAT,33,20,39,aggression,0.7000000000000001,0.55,0.7000000000000001,estimated,65,26
Phil_Ivey_GOAT,33,20,39,cbet,0.05,0.0,0.55,insufficient_data,12,10
Phil_Ivey_GOAT,33,20,39,bluff,0.7000000000000001,0.22375000000000034,1.0,weakly_identified,65,26
Phil_Ivey_GOAT,33,20,39,stickiness,0.62,0.36,0.7000000000000001,estimated,34,20
Phil_Ivey_GOAT,33,20,39,size,0.69,0.6799999999999999,0.71,estimated,36,18
Phil_Ivey_GOAT,33,20,39,adaptive,0.0,0.0,1.0,model_comparison_only,99,29
Phil_Ivey_GOAT,33,40,59,vpip,0.07,0.07,0.07,grid_limited,289,35
Phil_Ivey_GOAT,33,40,59,pfr,0.07,0.07,0.07,grid_limited,290,35
Phil_Ivey_GOAT,33,40,59,threebet,0.01,0.01,0.01,grid_limited,365,35
Phil_Ivey_GOAT,33,40,59,limp,0.0,0.0,0.1,estimated,290,35
Phil_Ivey_GOAT,33,40,59,aggression,0.55,0.55,1.0,estimated,74,22
Phil_Ivey_GOAT,33,40,59,cbet,0.0,0.0,0.6262499999999989,insufficient_data,10,10
Phil_Ivey_GOAT,33,40,59,bluff,1.0,0.65,1.0,estimated,74,22
Phil_Ivey_GOAT,33,40,59,stickiness,0.03,0.03,0.47000000000000003,estimated,37,20
Phil_Ivey_GOAT,33,40,59,size,0.7,0.685,0.73,estimated,41,18
Phil_Ivey_GOAT,33,40,59,adaptive,1.0,0.0,1.0,model_comparison_only,111,27
Phil_Ivey_GOAT,33,60,79,vpip,0.08,0.06,0.18,estimated,300,35
Phil_Ivey_GOAT,33,60,79,pfr,0.08,0.06,0.18,estimated,302,35
Phil_Ivey_GOAT,33,60,79,threebet,0.02,0.01,0.02,estimated,364,35
Phil_Ivey_GOAT,33,60,79,limp,0.15000000000000002,0.0,0.35000000000000003,estimated,302,35
Phil_Ivey_GOAT,33,60,79,aggression,0.55,0.55,1.0,estimated,66,24
Phil_Ivey_GOAT,33,60,79,cbet,0.0,0.0,0.65,insufficient_data,8,7
Phil_Ivey_GOAT,33,60,79,bluff,0.6000000000000001,0.17375000000000035,1.0,weakly_identified,66,24
Phil_Ivey_GOAT,33,60,79,stickiness,0.31,0.31,0.45,estimated,27,18
Phil_Ivey_GOAT,33,60,79,size,0.6950000000000001,0.655,0.7376249999999999,estimated,37,19
Phil_Ivey_GOAT,33,60,79,adaptive,0.0,0.0,0.0,model_comparison_only,93,26
Phil_Ivey_GOAT,33,80,99,vpip,0.11,0.06,0.17,estimated,327,35
Phil_Ivey_GOAT,33,80,99,pfr,0.11,0.06,0.17,estimated,328,35
Phil_Ivey_GOAT,33,80,99,threebet,0.01,0.01,0.02,estimated,316,35
Phil_Ivey_GOAT,33,80,99,limp,0.1,0.0,0.2,estimated,328,35
Phil_Ivey_GOAT,33,80,99,aggression,0.55,0.55,0.6000000000000001,estimated,83,25
Phil_Ivey_GOAT,33,80,99,cbet,0.0,0.0,0.4,insufficient_data,13,11
Phil_Ivey_GOAT,33,80,99,bluff,0.8,0.42375000000000035,1.0,estimated,83,25
Phil_Ivey_GOAT,33,80,99,stickiness,0.41000000000000003,0.18,0.75,estimated,41,24
Phil_Ivey_GOAT,33,80,99,size,0.6950000000000001,0.69,0.7326249999999999,estimated,43,17
Phil_Ivey_GOAT,33,80,99,adaptive,0.0,0.0,0.0,model_comparison_only,124,26
RaiseYourEdge,34,0,19,vpip,0.15,0.13,0.22,estimated,724,72
RaiseYourEdge,34,0,19,pfr,0.15,0.13,0.22,estimated,728,72
RaiseYourEdge,34,0,19,threebet,0.05,0.02,0.05,estimated,640,72
RaiseYourEdge,34,0,19,limp,0.05,0.0,0.2,estimated,728,72
RaiseYourEdge,34,0,19,aggression,0.55,0.0,0.55,estimated,274,67
RaiseYourEdge,34,0,19,cbet,0.15000000000000002,0.0,0.30000000000000004,estimated,106,59
RaiseYourEdge,34,0,19,bluff,0.25,0.1,0.55,estimated,274,67
RaiseYourEdge,34,0,19,stickiness,0.16,0.08,0.47049999999999953,estimated,161,58
RaiseYourEdge,34,0,19,size,0.885,0.36,0.9,estimated,63,36
RaiseYourEdge,34,0,19,adaptive,0.0,0.0,1.0,model_comparison_only,435,69
RaiseYourEdge,34,20,39,vpip,0.15,0.1,0.23,estimated,700,72
RaiseYourEdge,34,20,39,pfr,0.15,0.1,0.23,estimated,704,72
RaiseYourEdge,34,20,39,threebet,0.05,0.05,0.05,grid_limited,668,72
RaiseYourEdge,34,20,39,limp,0.15000000000000002,0.0,0.25,estimated,704,72
RaiseYourEdge,34,20,39,aggression,0.1,0.0,0.7000000000000001,estimated,282,61
RaiseYourEdge,34,20,39,cbet,0.2,0.0,0.30000000000000004,estimated,96,49
RaiseYourEdge,34,20,39,bluff,0.65,0.25,0.8,estimated,282,61
RaiseYourEdge,34,20,39,stickiness,0.08,0.08,0.49,estimated,152,60
RaiseYourEdge,34,20,39,size,0.885,0.352375,0.89,estimated,70,40
RaiseYourEdge,34,20,39,adaptive,0.0,0.0,1.0,model_comparison_only,434,68
RaiseYourEdge,34,40,59,vpip,0.23,0.13,0.24,estimated,711,72
RaiseYourEdge,34,40,59,pfr,0.23,0.13,0.24,estimated,716,72
RaiseYourEdge,34,40,59,threebet,0.05,0.02,0.07,estimated,650,72
RaiseYourEdge,34,40,59,limp,0.25,0.05,0.25,estimated,716,72
RaiseYourEdge,34,40,59,aggression,0.35000000000000003,0.35000000000000003,0.7000000000000001,estimated,266,64
RaiseYourEdge,34,40,59,cbet,0.25,0.05,0.4,estimated,94,53
RaiseYourEdge,34,40,59,bluff,0.55,0.32375000000000037,0.7000000000000001,estimated,266,64
RaiseYourEdge,34,40,59,stickiness,0.33,0.11,0.5804999999999905,estimated,126,53
RaiseYourEdge,34,40,59,size,0.37,0.365,0.895,estimated,64,36
RaiseYourEdge,34,40,59,adaptive,0.0,0.0,1.0,model_comparison_only,392,65
RaiseYourEdge,34,60,79,vpip,0.13,0.1,0.17,estimated,696,72
RaiseYourEdge,34,60,79,pfr,0.13,0.1,0.17,estimated,700,72
RaiseYourEdge,34,60,79,threebet,0.05,0.05,0.05,grid_limited,661,72
RaiseYourEdge,34,60,79,limp,0.1,0.0,0.2,estimated,700,72
RaiseYourEdge,34,60,79,aggression,0.2,0.0,0.8787499999999967,estimated,233,60
RaiseYourEdge,34,60,79,cbet,0.4,0.05,0.5,estimated,78,42
RaiseYourEdge,34,60,79,bluff,0.6000000000000001,0.22375000000000034,0.8,estimated,233,60
RaiseYourEdge,34,60,79,stickiness,0.21,0.06,0.67,estimated,119,54
RaiseYourEdge,34,60,79,size,0.44,0.355,0.5493749999999983,estimated,57,31
RaiseYourEdge,34,60,79,adaptive,0.0,0.0,0.0,model_comparison_only,352,62
RaiseYourEdge,34,80,99,vpip,0.13,0.1,0.15,estimated,714,72
RaiseYourEdge,34,80,99,pfr,0.13,0.1,0.15,estimated,717,72
RaiseYourEdge,34,80,99,threebet,0.05,0.05,0.07,estimated,652,72
RaiseYourEdge,34,80,99,limp,0.05,0.0,0.15000000000000002,estimated,717,72
RaiseYourEdge,34,80,99,aggression,0.2,0.0,0.7000000000000001,estimated,198,60
RaiseYourEdge,34,80,99,cbet,0.2,0.0,0.45,estimated,71,46
RaiseYourEdge,34,80,99,bluff,0.75,0.45,0.9500000000000001,estimated,198,60
RaiseYourEdge,34,80,99,stickiness,0.17,0.11,0.37,estimated,112,48
RaiseYourEdge,34,80,99,size,0.36,0.33999999999999997,0.7092499999999916,estimated,58,34
RaiseYourEdge,34,80,99,adaptive,0.0,0.0,0.0,model_comparison_only,310,63
RiverForge,37,0,19,vpip,0.22,0.17,0.22,estimated,649,73
RiverForge,37,0,19,pfr,0.22,0.17,0.22,estimated,649,73
RiverForge,37,0,19,threebet,0.03,0.03,0.03,grid_limited,748,73
RiverForge,37,0,19,limp,0.05,0.0,0.1,estimated,649,73
RiverForge,37,0,19,aggression,0.0,0.0,0.35000000000000003,estimated,229,59
RiverForge,37,0,19,cbet,0.1,0.0,0.25,estimated,64,42
RiverForge,37,0,19,bluff,0.30000000000000004,0.1,0.4,estimated,229,59
RiverForge,37,0,19,stickiness,0.01,0.01,0.6919999999999982,estimated,145,55
RiverForge,37,0,19,size,0.585,0.45999999999999996,0.597625,estimated,44,29
RiverForge,37,0,19,adaptive,1.0,0.0,1.0,model_comparison_only,374,63
RiverForge,37,20,39,vpip,0.22,0.22,0.22,grid_limited,662,73
RiverForge,37,20,39,pfr,0.22,0.21,0.22,estimated,662,73
RiverForge,37,20,39,threebet,0.03,0.03,0.04,estimated,722,73
RiverForge,37,20,39,limp,0.05,0.0,0.1,estimated,662,73
RiverForge,37,20,39,aggression,0.15000000000000002,0.0,0.2,estimated,227,51
RiverForge,37,20,39,cbet,0.1,0.0,0.2,estimated,60,38
RiverForge,37,20,39,bluff,0.15000000000000002,0.02375000000000034,0.25,estimated,227,51
RiverForge,37,20,39,stickiness,0.22,0.22,0.71,estimated,144,48
RiverForge,37,20,39,size,0.47,0.46499999999999997,0.6000000000000001,estimated,32,22
RiverForge,37,20,39,adaptive,0.0,0.0,1.0,model_comparison_only,371,57
RiverForge,37,40,59,vpip,0.22,0.17,0.22,estimated,638,73
RiverForge,37,40,59,pfr,0.22,0.17,0.22,estimated,638,73
RiverForge,37,40,59,threebet,0.03,0.01,0.03,estimated,751,73
RiverForge,37,40,59,limp,0.1,0.0,0.15000000000000002,estimated,638,73
RiverForge,37,40,59,aggression,0.0,0.0,0.55,estimated,215,57
RiverForge,37,40,59,cbet,0.1,0.0,0.25,estimated,50,34
RiverForge,37,40,59,bluff,0.30000000000000004,0.0,0.45,estimated,215,57
RiverForge,37,40,59,stickiness,0.46,0.11,0.67,estimated,142,51
RiverForge,37,40,59,size,0.46499999999999997,0.45999999999999996,0.47,estimated,38,27
RiverForge,37,40,59,adaptive,0.0,0.0,1.0,model_comparison_only,357,62
RiverForge,37,60,79,vpip,0.17,0.17,0.22,estimated,650,73
RiverForge,37,60,79,pfr,0.17,0.17,0.22,estimated,650,73
RiverForge,37,60,79,threebet,0.03,0.02,0.03,estimated,742,73
RiverForge,37,60,79,limp,0.0,0.0,0.15000000000000002,estimated,650,73
RiverForge,37,60,79,aggression,0.2,0.0,0.55,estimated,223,60
RiverForge,37,60,79,cbet,0.1,0.0,0.30000000000000004,estimated,48,35
RiverForge,37,60,79,bluff,0.2,0.0,0.35000000000000003,estimated,223,60
RiverForge,37,60,79,stickiness,0.33,0.17,0.47000000000000003,estimated,122,49
RiverForge,37,60,79,size,0.585,0.47,0.585,estimated,52,29
RiverForge,37,60,79,adaptive,1.0,0.0,1.0,model_comparison_only,345,64
RiverForge,37,80,99,vpip,0.17,0.17,0.3,estimated,641,73
RiverForge,37,80,99,pfr,0.17,0.17,0.3,estimated,641,73
RiverForge,37,80,99,threebet,0.03,0.01,0.04,estimated,732,73
RiverForge,37,80,99,limp,0.0,0.0,0.2,estimated,641,73
RiverForge,37,80,99,aggression,0.55,0.35000000000000003,0.55,estimated,246,61
RiverForge,37,80,99,cbet,0.0,0.0,0.05,estimated,66,47
RiverForge,37,80,99,bluff,0.0,0.0,0.15000000000000002,estimated,246,61
RiverForge,37,80,99,stickiness,0.47000000000000003,0.34,0.76,estimated,120,51
RiverForge,37,80,99,size,0.54,0.435,0.585,estimated,41,23
RiverForge,37,80,99,adaptive,0.0,0.0,1.0,model_comparison_only,366,63
Sus bot,40,0,19,vpip,0.22,0.22,0.27,estimated,756,76
Sus bot,40,0,19,pfr,0.21,0.21,0.27,estimated,766,76
Sus bot,40,0,19,threebet,0.03,0.01,0.04,estimated,703,76
Sus bot,40,0,19,limp,0.05,0.0,0.1,estimated,766,76
Sus bot,40,0,19,aggression,0.05,0.0,0.8,weakly_identified,357,71
Sus bot,40,0,19,cbet,0.30000000000000004,0.15000000000000002,0.5,estimated,111,60
Sus bot,40,0,19,bluff,0.75,0.4,0.9,estimated,357,71
Sus bot,40,0,19,stickiness,0.39,0.28,0.98,estimated,172,61
Sus bot,40,0,19,size,0.32,0.315,0.76,estimated,118,54
Sus bot,40,0,19,adaptive,1.0,0.0,1.0,model_comparison_only,529,72
Sus bot,40,20,39,vpip,0.22,0.17,0.24574999999999933,estimated,720,76
Sus bot,40,20,39,pfr,0.22,0.17,0.24574999999999933,estimated,727,76
Sus bot,40,20,39,threebet,0.03,0.01,0.04,estimated,729,76
Sus bot,40,20,39,limp,0.05,0.0,0.1,estimated,727,76
Sus bot,40,20,39,aggression,0.8,0.35000000000000003,1.0,estimated,314,70
Sus bot,40,20,39,cbet,0.4,0.25,0.6762499999999989,estimated,95,53
Sus bot,40,20,39,bluff,0.65,0.5,1.0,estimated,314,70
Sus bot,40,20,39,stickiness,0.17,0.17,0.61,estimated,153,60
Sus bot,40,20,39,size,0.75,0.315,0.755,estimated,126,54
Sus bot,40,20,39,adaptive,1.0,0.0,1.0,model_comparison_only,467,74
Sus bot,40,40,59,vpip,0.23,0.22,0.23524999999999976,estimated,727,76
Sus bot,40,40,59,pfr,0.23,0.22,0.23524999999999976,estimated,732,76
Sus bot,40,40,59,threebet,0.03,0.03,0.06,estimated,724,76
Sus bot,40,40,59,limp,0.05,0.0,0.1,estimated,732,76
Sus bot,40,40,59,aggression,0.6000000000000001,0.17375000000000035,0.7000000000000001,estimated,366,74
Sus bot,40,40,59,cbet,0.6000000000000001,0.4,0.8,estimated,101,59
Sus bot,40,40,59,bluff,0.65,0.45,0.9262499999999989,estimated,366,74
Sus bot,40,40,59,stickiness,0.3,0.06,0.7604999999999995,estimated,141,60
Sus bot,40,40,59,size,0.33,0.325,0.765,estimated,132,57
Sus bot,40,40,59,adaptive,0.0,0.0,1.0,model_comparison_only,507,74
Sus bot,40,60,79,vpip,0.22,0.22,0.26,estimated,717,76
Sus bot,40,60,79,pfr,0.22,0.21,0.26,estimated,722,76
Sus bot,40,60,79,threebet,0.03,0.02,0.04,estimated,731,76
Sus bot,40,60,79,limp,0.05,0.0,0.1,estimated,722,76
Sus bot,40,60,79,aggression,0.55,0.09500000000000136,0.7000000000000001,estimated,340,71
Sus bot,40,60,79,cbet,0.4,0.25,0.7000000000000001,estimated,87,55
Sus bot,40,60,79,bluff,0.55,0.35000000000000003,0.9,estimated,340,71
Sus bot,40,60,79,stickiness,0.87,0.2,0.97,estimated,176,64
Sus bot,40,60,79,size,0.315,0.31,0.755,estimated,123,54
Sus bot,40,60,79,adaptive,1.0,0.0,1.0,model_comparison_only,516,73
Sus bot,40,80,99,vpip,0.22,0.17,0.26,estimated,717,76
Sus bot,40,80,99,pfr,0.22,0.17,0.26,estimated,722,76
Sus bot,40,80,99,threebet,0.03,0.03,0.06,estimated,727,76
Sus bot,40,80,99,limp,0.05,0.0,0.1,estimated,722,76
Sus bot,40,80,99,aggression,0.7000000000000001,0.15000000000000002,0.7000000000000001,estimated,337,71
Sus bot,40,80,99,cbet,0.2,0.05,0.5,estimated,88,53
Sus bot,40,80,99,bluff,0.45,0.30000000000000004,0.9,estimated,337,71
Sus bot,40,80,99,stickiness,0.61,0.16,0.8300000000000001,estimated,152,59
Sus bot,40,80,99,size,0.75,0.315,0.755,estimated,118,54
Sus bot,40,80,99,adaptive,1.0,0.0,1.0,model_comparison_only,489,74
Tester67,41,0,19,vpip,0.24,0.17,0.24,estimated,760,84
Tester67,41,0,19,pfr,0.24,0.17,0.24,estimated,764,84
Tester67,41,0,19,threebet,0.05,0.05,0.05,grid_limited,848,84
Tester67,41,0,19,limp,0.2,0.05,0.25,estimated,764,84
Tester67,41,0,19,aggression,0.7000000000000001,0.55,0.7000000000000001,estimated,381,82
Tester67,41,0,19,cbet,0.5,0.35000000000000003,0.75,estimated,86,57
Tester67,41,0,19,bluff,0.4,0.25,0.55,estimated,381,82
Tester67,41,0,19,stickiness,0.61,0.44,1.0,estimated,185,71
Tester67,41,0,19,size,0.645,0.64,0.655,estimated,135,57
Tester67,41,0,19,adaptive,1.0,0.0,1.0,model_comparison_only,566,84
Tester67,41,20,39,vpip,0.18,0.18,0.25,estimated,750,84
Tester67,41,20,39,pfr,0.18,0.18,0.25,estimated,754,84
Tester67,41,20,39,threebet,0.05,0.04,0.08,estimated,854,84
Tester67,41,20,39,limp,0.1,0.05,0.2,estimated,754,84
Tester67,41,20,39,aggression,0.7000000000000001,0.55,0.8500000000000001,estimated,332,77
Tester67,41,20,39,cbet,0.45,0.2,0.65,estimated,79,53
Tester67,41,20,39,bluff,0.25,0.15000000000000002,0.45,estimated,332,77
Tester67,41,20,39,stickiness,0.8200000000000001,0.6,1.0,estimated,174,65
Tester67,41,20,39,size,0.645,0.635,0.66,estimated,101,50
Tester67,41,20,39,adaptive,1.0,1.0,1.0,model_comparison_only,506,81
Tester67,41,40,59,vpip,0.18,0.15,0.24,estimated,732,84
Tester67,41,40,59,pfr,0.18,0.15,0.24,estimated,736,84
Tester67,41,40,59,threebet,0.05,0.05,0.07,estimated,858,84
Tester67,41,40,59,limp,0.1,0.05,0.2,estimated,736,84
Tester67,41,40,59,aggression,0.55,0.35000000000000003,0.7000000000000001,estimated,348,78
Tester67,41,40,59,cbet,0.45,0.25,0.65,estimated,90,58
Tester67,41,40,59,bluff,0.4,0.25,0.55,estimated,348,78
Tester67,41,40,59,stickiness,0.65,0.37,0.85,estimated,189,67
Tester67,41,40,59,size,0.645,0.635,0.655,estimated,93,52
Tester67,41,40,59,adaptive,1.0,1.0,1.0,model_comparison_only,537,80
Tester67,41,60,79,vpip,0.18,0.18,0.23,estimated,746,84
Tester67,41,60,79,pfr,0.18,0.18,0.23,estimated,754,84
Tester67,41,60,79,threebet,0.06,0.05,0.09,estimated,862,84
Tester67,41,60,79,limp,0.1,0.05,0.2,estimated,754,84
Tester67,41,60,79,aggression,0.7000000000000001,0.35000000000000003,0.7000000000000001,estimated,432,80
Tester67,41,60,79,cbet,0.25,0.05,0.5,estimated,91,54
Tester67,41,60,79,bluff,0.25,0.15000000000000002,0.55,estimated,432,80
Tester67,41,60,79,stickiness,0.96,0.44,0.96,estimated,220,66
Tester67,41,60,79,size,0.66,0.645,0.7,estimated,124,56
Tester67,41,60,79,adaptive,1.0,1.0,1.0,model_comparison_only,652,81
Tester67,41,80,99,vpip,0.17,0.11,0.2,estimated,739,84
Tester67,41,80,99,pfr,0.17,0.11,0.2,estimated,746,84
Tester67,41,80,99,threebet,0.05,0.04,0.06,estimated,840,84
Tester67,41,80,99,limp,0.1,0.0,0.15000000000000002,estimated,746,84
Tester67,41,80,99,aggression,0.7000000000000001,0.55,0.7000000000000001,estimated,398,74
Tester67,41,80,99,cbet,0.35000000000000003,0.2,0.55,estimated,91,54
Tester67,41,80,99,bluff,0.25,0.12375000000000035,0.42624999999999885,estimated,398,74
Tester67,41,80,99,stickiness,0.93,0.7937500000000004,0.99,estimated,186,65
Tester67,41,80,99,size,0.675,0.64,0.6799999999999999,estimated,108,51
Tester67,41,80,99,adaptive,1.0,1.0,1.0,model_comparison_only,584,76
Thanos,42,0,19,vpip,0.2,0.18,0.27,estimated,167,18
Thanos,42,0,19,pfr,0.19,0.18,0.27,estimated,168,18
Thanos,42,0,19,threebet,0.07,0.07,0.08,estimated,154,18
Thanos,42,0,19,limp,0.1,0.0,0.2,estimated,168,18
Thanos,42,0,19,aggression,0.2,0.0,1.0,estimated,80,15
Thanos,42,0,19,cbet,0.05,0.0,0.35000000000000003,insufficient_data,17,10
Thanos,42,0,19,bluff,0.5,0.05,0.8500000000000001,estimated,80,15
Thanos,42,0,19,stickiness,0.87,0.58,0.87,estimated,44,13
Thanos,42,0,19,size,0.36,0.325,0.6699999999999999,estimated,22,11
Thanos,42,0,19,adaptive,0.0,0.0,0.0,model_comparison_only,124,15
Thanos,42,20,39,vpip,0.23,0.19,0.27,estimated,148,18
Thanos,42,20,39,pfr,0.23,0.18,0.27,estimated,150,18
Thanos,42,20,39,threebet,0.07,0.06,0.07,estimated,173,17
Thanos,42,20,39,limp,0.05,0.0,0.15000000000000002,estimated,150,18
Thanos,42,20,39,aggression,0.55,0.05,1.0,estimated,104,16
Thanos,42,20,39,cbet,0.35000000000000003,0.0,0.9524999999999977,insufficient_data,18,11
Thanos,42,20,39,bluff,0.4,0.2,0.75,estimated,104,16
Thanos,42,20,39,stickiness,1.0,0.68,1.0,estimated,54,16
Thanos,42,20,39,size,0.655,0.435,0.6699999999999999,estimated,36,15
Thanos,42,20,39,adaptive,0.0,0.0,0.0,model_comparison_only,158,16
Thanos,42,40,59,vpip,0.22,0.2,0.3,estimated,170,18
Thanos,42,40,59,pfr,0.22,0.19,0.22,estimated,172,18
Thanos,42,40,59,threebet,0.08,0.02,0.11,estimated,156,17
Thanos,42,40,59,limp,0.0,0.0,0.05,estimated,172,18
Thanos,42,40,59,aggression,0.55,0.4,1.0,estimated,102,16
Thanos,42,40,59,cbet,0.2,0.0,0.55,estimated,23,11
Thanos,42,40,59,bluff,0.30000000000000004,0.05,0.6262499999999989,estimated,102,16
Thanos,42,40,59,stickiness,0.6900000000000001,0.62,1.0,estimated,58,14
Thanos,42,40,59,size,0.755,0.46062500000000184,0.9002499999999998,estimated,37,11
Thanos,42,40,59,adaptive,1.0,0.0,1.0,model_comparison_only,160,16
Thanos,42,60,79,vpip,0.19,0.19,0.3,estimated,169,18
Thanos,42,60,79,pfr,0.18,0.18,0.3,estimated,172,18
Thanos,42,60,79,threebet,0.04,0.04,0.07,estimated,164,17
Thanos,42,60,79,limp,0.05,0.0,0.30000000000000004,estimated,172,18
Thanos,42,60,79,aggression,0.35000000000000003,0.0,0.9262499999999989,estimated,85,15
Thanos,42,60,79,cbet,0.30000000000000004,0.0,0.6000000000000001,insufficient_data,17,10
Thanos,42,60,79,bluff,0.30000000000000004,0.0,0.5262499999999989,estimated,85,15
Thanos,42,60,79,stickiness,0.78,0.62,0.78,estimated,57,15
Thanos,42,60,79,size,0.925,0.33999999999999997,0.93,weakly_identified,22,10
Thanos,42,60,79,adaptive,0.0,0.0,0.0,model_comparison_only,142,15
Thanos,42,80,99,vpip,0.25,0.18,0.27,estimated,165,18
Thanos,42,80,99,pfr,0.25,0.18,0.27,estimated,167,18
Thanos,42,80,99,threebet,0.05,0.05,0.1,estimated,154,17
Thanos,42,80,99,limp,0.2,0.0,0.25,estimated,167,18
Thanos,42,80,99,aggression,0.55,0.55,0.7000000000000001,estimated,105,16
Thanos,42,80,99,cbet,0.0,0.0,0.3262499999999989,estimated,22,11
Thanos,42,80,99,bluff,0.45,0.1,0.7000000000000001,estimated,105,16
Thanos,42,80,99,stickiness,1.0,0.5700000000000001,1.0,estimated,56,14
Thanos,42,80,99,size,0.36,0.33999999999999997,0.63,estimated,33,14
Thanos,42,80,99,adaptive,0.0,0.0,1.0,model_comparison_only,161,16
Tilted_Towers_2,43,0,19,vpip,0.11,0.09,0.14,estimated,702,70
Tilted_Towers_2,43,0,19,pfr,0.11,0.09,0.14,estimated,705,70
Tilted_Towers_2,43,0,19,threebet,0.03,0.03,0.03,grid_limited,612,70
Tilted_Towers_2,43,0,19,limp,0.05,0.0,0.2,estimated,705,70
Tilted_Towers_2,43,0,19,aggression,0.55,0.0,0.8,estimated,151,47
Tilted_Towers_2,43,0,19,cbet,0.0,0.0,0.15000000000000002,estimated,40,30
Tilted_Towers_2,43,0,19,bluff,0.45,0.22375000000000034,0.7762499999999989,estimated,151,47
Tilted_Towers_2,43,0,19,stickiness,0.97,0.9,0.97,estimated,86,44
Tilted_Towers_2,43,0,19,size,0.65,0.365,0.665,estimated,48,29
Tilted_Towers_2,43,0,19,adaptive,0.0,0.0,1.0,model_comparison_only,237,55
Tilted_Towers_2,43,20,39,vpip,0.13,0.1,0.17,estimated,697,70
Tilted_Towers_2,43,20,39,pfr,0.13,0.1,0.17,estimated,704,70
Tilted_Towers_2,43,20,39,threebet,0.03,0.02,0.04,estimated,631,70
Tilted_Towers_2,43,20,39,limp,0.1,0.0,0.2,estimated,704,70
Tilted_Towers_2,43,20,39,aggression,0.35000000000000003,0.0,0.55,weakly_identified,164,53
Tilted_Towers_2,43,20,39,cbet,0.0,0.0,0.2,estimated,44,33
Tilted_Towers_2,43,20,39,bluff,0.45,0.2,0.55,estimated,164,53
Tilted_Towers_2,43,20,39,stickiness,1.0,0.84475,1.0,estimated,89,42
Tilted_Towers_2,43,20,39,size,0.355,0.325,0.9450000000000001,estimated,39,28
Tilted_Towers_2,43,20,39,adaptive,0.0,0.0,0.0,model_comparison_only,253,55
Tilted_Towers_2,43,40,59,vpip,0.1,0.1,0.13,estimated,678,70
Tilted_Towers_2,43,40,59,pfr,0.1,0.1,0.13,estimated,681,70
Tilted_Towers_2,43,40,59,threebet,0.03,0.01,0.03,estimated,647,70
Tilted_Towers_2,43,40,59,limp,0.0,0.0,0.1,estimated,681,70
Tilted_Towers_2,43,40,59,aggression,0.7000000000000001,0.55,0.7000000000000001,estimated,180,46
Tilted_Towers_2,43,40,59,cbet,0.0,0.0,0.0,grid_limited,50,31
Tilted_Towers_2,43,40,59,bluff,0.25,0.05,0.4,estimated,180,46
Tilted_Towers_2,43,40,59,stickiness,0.87,0.65,1.0,estimated,97,35
Tilted_Towers_2,43,40,59,size,0.36,0.335,0.9500000000000001,estimated,56,30
Tilted_Towers_2,43,40,59,adaptive,0.0,0.0,1.0,model_comparison_only,277,48
Tilted_Towers_2,43,60,79,vpip,0.13,0.09,0.14,estimated,644,70
Tilted_Towers_2,43,60,79,pfr,0.13,0.09,0.14,estimated,649,70
Tilted_Towers_2,43,60,79,threebet,0.03,0.03,0.04,estimated,687,70
Tilted_Towers_2,43,60,79,limp,0.2,0.0,0.22624999999999887,estimated,649,70
Tilted_Towers_2,43,60,79,aggression,0.55,0.55,0.55,grid_limited,178,54
Tilted_Towers_2,43,60,79,cbet,0.0,0.0,0.1,estimated,45,31
Tilted_Towers_2,43,60,79,bluff,0.15000000000000002,0.0,0.30000000000000004,estimated,178,54
Tilted_Towers_2,43,60,79,stickiness,1.0,0.87,1.0,estimated,104,43
Tilted_Towers_2,43,60,79,size,0.38,0.335,1.0302499999999999,estimated,39,24
Tilted_Towers_2,43,60,79,adaptive,0.0,0.0,0.0,model_comparison_only,282,58
Tilted_Towers_2,43,80,99,vpip,0.1,0.1,0.18,estimated,679,70
Tilted_Towers_2,43,80,99,pfr,0.1,0.1,0.18,estimated,682,70
Tilted_Towers_2,43,80,99,threebet,0.03,0.01,0.04,estimated,644,70
Tilted_Towers_2,43,80,99,limp,0.0,0.0,0.2,estimated,682,70
Tilted_Towers_2,43,80,99,aggression,0.6000000000000001,0.0,0.7000000000000001,estimated,168,47
Tilted_Towers_2,43,80,99,cbet,0.0,0.0,0.15000000000000002,estimated,47,33
Tilted_Towers_2,43,80,99,bluff,0.15000000000000002,0.05,0.47624999999999884,estimated,168,47
Tilted_Towers_2,43,80,99,stickiness,0.98,0.84,0.98,estimated,96,33
Tilted_Towers_2,43,80,99,size,0.36,0.32,0.7731249999999948,estimated,33,21
Tilted_Towers_2,43,80,99,adaptive,0.0,0.0,0.0,model_comparison_only,264,50
Tilted_towers_1,0,0,19,vpip,0.15,0.09,0.2,estimated,95,12
Tilted_towers_1,0,0,19,pfr,0.15,0.09,0.18,estimated,97,12
Tilted_towers_1,0,0,19,threebet,0.0,0.0,0.07,estimated,123,12
Tilted_towers_1,0,0,19,limp,0.1,0.0,0.2,estimated,97,12
Tilted_towers_1,0,0,19,aggression,0.2,0.0,0.6000000000000001,insufficient_data,15,5
Tilted_towers_1,0,0,19,cbet,0.6000000000000001,0.30000000000000004,1.0,insufficient_data,3,2
Tilted_towers_1,0,0,19,bluff,0.4,0.0,1.0,insufficient_data,15,5
Tilted_towers_1,0,0,19,stickiness,0.45,0.45,0.45,insufficient_data,2,2
Tilted_towers_1,0,0,19,size,0.925,0.32,0.925,insufficient_data,5,4
Tilted_towers_1,0,0,19,adaptive,0.0,0.0,0.0,insufficient_data,17,5
Tilted_towers_1,0,20,39,vpip,0.14,0.14,0.15,estimated,99,12
Tilted_towers_1,0,20,39,pfr,0.14,0.14,0.15,estimated,99,12
Tilted_towers_1,0,20,39,threebet,0.02,0.02,0.05,estimated,116,12
Tilted_towers_1,0,20,39,limp,0.05,0.0,0.2,estimated,99,12
Tilted_towers_1,0,20,39,aggression,0.0,0.0,0.6000000000000001,insufficient_data,12,5
Tilted_towers_1,0,20,39,cbet,0.0,0.0,0.65,insufficient_data,2,2
Tilted_towers_1,0,20,39,bluff,0.45,0.0,0.8762499999999989,insufficient_data,12,5
Tilted_towers_1,0,20,39,stickiness,0.73,0.53,0.73,insufficient_data,16,7
Tilted_towers_1,0,20,39,size,0.325,0.315,0.66,insufficient_data,3,2
Tilted_towers_1,0,20,39,adaptive,0.0,0.0,1.0,model_comparison_only,28,7
Tilted_towers_1,0,40,59,vpip,0.14,0.1,0.17,estimated,86,12
Tilted_towers_1,0,40,59,pfr,0.14,0.1,0.17,estimated,87,12
Tilted_towers_1,0,40,59,threebet,0.01,0.01,0.06,estimated,127,12
Tilted_towers_1,0,40,59,limp,0.05,0.0,0.15000000000000002,estimated,87,12
Tilted_towers_1,0,40,59,aggression,0.35000000000000003,0.0,1.0,weakly_identified,21,5
Tilted_towers_1,0,40,59,cbet,0.15000000000000002,0.0,1.0,insufficient_data,4,3
Tilted_towers_1,0,40,59,bluff,0.45,0.0,1.0,weakly_identified,21,5
Tilted_towers_1,0,40,59,stickiness,0.64,0.45,0.64,insufficient_data,10,5
Tilted_towers_1,0,40,59,size,1.0550000000000002,0.365,1.07,insufficient_data,9,5
Tilted_towers_1,0,40,59,adaptive,0.0,0.0,0.0,model_comparison_only,31,5
Tilted_towers_1,0,60,79,vpip,0.1,0.1,0.2,estimated,110,12
Tilted_towers_1,0,60,79,pfr,0.1,0.1,0.2,estimated,110,12
Tilted_towers_1,0,60,79,threebet,0.01,0.01,0.04,estimated,105,12
Tilted_towers_1,0,60,79,limp,0.0,0.0,0.4,estimated,110,12
Tilted_towers_1,0,60,79,aggression,0.35000000000000003,0.0,0.6000000000000001,insufficient_data,12,6
Tilted_towers_1,0,60,79,cbet,1.0,0.65,1.0,insufficient_data,2,2
Tilted_towers_1,0,60,79,bluff,1.0,0.0,1.0,insufficient_data,12,6
Tilted_towers_1,0,60,79,stickiness,0.67,0.45,0.67,insufficient_data,4,4
Tilted_towers_1,0,60,79,size,0.36,0.36,0.9,insufficient_data,7,3
Tilted_towers_1,0,60,79,adaptive,0.0,0.0,0.0,insufficient_data,16,6
Tilted_towers_1,0,80,99,vpip,0.15,0.15,0.32,estimated,92,12
Tilted_towers_1,0,80,99,pfr,0.15,0.15,0.32,estimated,92,12
Tilted_towers_1,0,80,99,threebet,0.03,0.02,0.04,estimated,123,12
Tilted_towers_1,0,80,99,limp,0.1,0.0,0.30000000000000004,estimated,92,12
Tilted_towers_1,0,80,99,aggression,0.55,0.55,0.6000000000000001,insufficient_data,16,6
Tilted_towers_1,0,80,99,cbet,0.65,,,insufficient_data,1,1
Tilted_towers_1,0,80,99,bluff,0.75,0.0,1.0,insufficient_data,16,6
Tilted_towers_1,0,80,99,stickiness,0.84,0.59,0.84,insufficient_data,15,5
Tilted_towers_1,0,80,99,size,0.64,0.305,0.64,insufficient_data,7,4
Tilted_towers_1,0,80,99,adaptive,0.0,0.0,0.0,model_comparison_only,31,7
axiom,44,0,19,vpip,0.22,0.11,0.3,estimated,350,37
axiom,44,0,19,pfr,0.22,0.11,0.3,estimated,353,37
axiom,44,0,19,threebet,0.06,0.06,0.09,estimated,353,37
axiom,44,0,19,limp,0.2,0.05,0.30000000000000004,estimated,353,37
axiom,44,0,19,aggression,0.8500000000000001,0.55,1.0,estimated,172,37
axiom,44,0,19,cbet,0.25,0.1,0.47624999999999884,estimated,34,25
axiom,44,0,19,bluff,0.1,0.0,0.25,estimated,172,37
axiom,44,0,19,stickiness,0.32,0.16,0.8200000000000001,estimated,108,37
axiom,44,0,19,size,0.915,0.875,0.9426249999999999,estimated,44,26
axiom,44,0,19,adaptive,0.0,0.0,1.0,model_comparison_only,280,37
axiom,44,20,39,vpip,0.22,0.1,0.3057499999999993,estimated,360,37
axiom,44,20,39,pfr,0.22,0.1,0.29,estimated,362,37
axiom,44,20,39,threebet,0.06,0.06,0.1,estimated,339,37
axiom,44,20,39,limp,0.2,0.05,0.30000000000000004,estimated,362,37
axiom,44,20,39,aggression,0.55,0.55,0.7262499999999988,estimated,180,34
axiom,44,20,39,cbet,0.05,0.0,0.25,estimated,43,24
axiom,44,20,39,bluff,0.05,0.0,0.22624999999999887,estimated,180,34
axiom,44,20,39,stickiness,0.43,0.10225000000000074,0.84,estimated,89,32
axiom,44,20,39,size,0.915,0.87,0.93,estimated,45,25
axiom,44,20,39,adaptive,1.0,0.0,1.0,model_comparison_only,269,36
axiom,44,40,59,vpip,0.22,0.13,0.29,estimated,351,37
axiom,44,40,59,pfr,0.21,0.13,0.29,estimated,355,37
axiom,44,40,59,threebet,0.06,0.04,0.1,estimated,351,37
axiom,44,40,59,limp,0.2,0.1,0.30000000000000004,estimated,355,37
axiom,44,40,59,aggression,0.7000000000000001,0.1,1.0,estimated,193,36
axiom,44,40,59,cbet,0.0,0.0,0.25,estimated,42,22
axiom,44,40,59,bluff,0.05,0.0,0.6000000000000001,estimated,193,36
axiom,44,40,59,stickiness,0.66,0.31,0.88,estimated,87,31
axiom,44,40,59,size,0.9,0.89,0.925,estimated,54,26
axiom,44,40,59,adaptive,1.0,0.0,1.0,model_comparison_only,280,37
axiom,44,60,79,vpip,0.22,0.1,0.22,estimated,347,37
axiom,44,60,79,pfr,0.21,0.1,0.21,estimated,348,37
axiom,44,60,79,threebet,0.09,0.05,0.09,estimated,351,37
axiom,44,60,79,limp,0.25,0.0,0.30000000000000004,estimated,348,37
axiom,44,60,79,aggression,0.8,0.35000000000000003,1.0,estimated,157,34
axiom,44,60,79,cbet,0.0,0.0,0.2,estimated,36,22
axiom,44,60,79,bluff,0.2,0.05,0.4,estimated,157,34
axiom,44,60,79,stickiness,0.34,0.14,0.65,estimated,70,33
axiom,44,60,79,size,0.93,0.87,0.9450000000000001,estimated,45,19
axiom,44,60,79,adaptive,0.0,0.0,1.0,model_comparison_only,227,36
axiom,44,80,99,vpip,0.22,0.17,0.23,estimated,336,37
axiom,44,80,99,pfr,0.21,0.17,0.23,estimated,341,37
axiom,44,80,99,threebet,0.04,0.04,0.08,estimated,372,37
axiom,44,80,99,limp,0.1,0.0,0.15000000000000002,estimated,341,37
axiom,44,80,99,aggression,1.0,0.5,1.0,estimated,159,32
axiom,44,80,99,cbet,0.1,0.0,0.47624999999999884,estimated,36,21
axiom,44,80,99,bluff,0.05,0.0,0.4,estimated,159,32
axiom,44,80,99,stickiness,0.23,0.16,0.47000000000000003,estimated,77,32
axiom,44,80,99,size,0.92,0.87,0.935,estimated,37,18
axiom,44,80,99,adaptive,1.0,0.0,1.0,model_comparison_only,236,35
best-bot,47,0,19,vpip,0.23,0.23,0.29,estimated,732,77
best-bot,47,0,19,pfr,0.23,0.23,0.29,estimated,736,77
best-bot,47,0,19,threebet,0.07,0.05,0.07,estimated,736,77
best-bot,47,0,19,limp,0.1,0.1,0.2,estimated,736,77
best-bot,47,0,19,aggression,0.65,0.55,1.0,estimated,277,69
best-bot,47,0,19,cbet,0.65,0.47375000000000034,0.8,estimated,99,57
best-bot,47,0,19,bluff,0.8,0.6000000000000001,1.0,estimated,277,69
best-bot,47,0,19,stickiness,0.4,0.23,1.0,weakly_identified,144,60
best-bot,47,0,19,size,0.75,0.72,0.905,estimated,101,50
best-bot,47,0,19,adaptive,0.0,0.0,1.0,model_comparison_only,421,74
best-bot,47,20,39,vpip,0.23,0.22,0.2709999999999991,estimated,652,77
best-bot,47,20,39,pfr,0.23,0.22,0.2709999999999991,estimated,653,77
best-bot,47,20,39,threebet,0.06,0.06,0.08,estimated,781,77
best-bot,47,20,39,limp,0.15000000000000002,0.1,0.2,estimated,653,77
best-bot,47,20,39,aggression,0.55,0.55,0.8500000000000001,estimated,225,68
best-bot,47,20,39,cbet,0.6000000000000001,0.35000000000000003,0.8,estimated,88,51
best-bot,47,20,39,bluff,0.9,0.6000000000000001,1.0,estimated,225,68
best-bot,47,20,39,stickiness,0.16,0.16,0.97,estimated,139,61
best-bot,47,20,39,size,0.905,0.745,0.915,estimated,84,47
best-bot,47,20,39,adaptive,0.0,0.0,1.0,model_comparison_only,364,71
best-bot,47,40,59,vpip,0.23,0.23,0.24,estimated,662,77
best-bot,47,40,59,pfr,0.23,0.23,0.24,estimated,662,77
best-bot,47,40,59,threebet,0.08,0.05,0.09049999999999955,estimated,768,77
best-bot,47,40,59,limp,0.15000000000000002,0.1,0.2,estimated,662,77
best-bot,47,40,59,aggression,0.55,0.55,0.7000000000000001,estimated,223,66
best-bot,47,40,59,cbet,0.5,0.30000000000000004,0.65,estimated,79,46
best-bot,47,40,59,bluff,0.9,0.7000000000000001,1.0,estimated,223,66
best-bot,47,40,59,stickiness,0.58,0.47000000000000003,0.85,estimated,154,58
best-bot,47,40,59,size,0.77,0.745,0.875,estimated,88,45
best-bot,47,40,59,adaptive,0.0,0.0,1.0,model_comparison_only,377,74
best-bot,47,60,79,vpip,0.23,0.17,0.24,estimated,648,77
best-bot,47,60,79,pfr,0.23,0.17,0.24,estimated,651,77
best-bot,47,60,79,threebet,0.05,0.05,0.1,estimated,784,77
best-bot,47,60,79,limp,0.15000000000000002,0.05,0.2,estimated,651,77
best-bot,47,60,79,aggression,0.6000000000000001,0.35000000000000003,1.0,weakly_identified,215,66
best-bot,47,60,79,cbet,0.5,0.25,0.75,estimated,80,52
best-bot,47,60,79,bluff,0.9500000000000001,0.75,1.0,estimated,215,66
best-bot,47,60,79,stickiness,0.9,0.62,1.0,estimated,171,63
best-bot,47,60,79,size,0.745,0.73,0.915,estimated,86,48
best-bot,47,60,79,adaptive,0.0,0.0,1.0,model_comparison_only,386,72
best-bot,47,80,99,vpip,0.23,0.17,0.23,estimated,696,77
best-bot,47,80,99,pfr,0.23,0.17,0.23,estimated,698,77
best-bot,47,80,99,threebet,0.05,0.05,0.1,estimated,729,77
best-bot,47,80,99,limp,0.15000000000000002,0.05,0.2,estimated,698,77
best-bot,47,80,99,aggression,0.7000000000000001,0.15000000000000002,1.0,estimated,239,69
best-bot,47,80,99,cbet,0.55,0.35000000000000003,0.8,estimated,82,53
best-bot,47,80,99,bluff,1.0,0.75,1.0,estimated,239,69
best-bot,47,80,99,stickiness,0.8200000000000001,0.28,0.87,estimated,135,56
best-bot,47,80,99,size,0.915,0.79,0.925,estimated,101,50
best-bot,47,80,99,adaptive,0.0,0.0,1.0,model_comparison_only,374,72
big dog,0,0,19,vpip,0.22,0.22,0.22,insufficient_data,19,2
big dog,0,0,19,pfr,0.18,0.18,0.18,insufficient_data,19,2
big dog,0,0,19,threebet,0.07,0.07,0.07,insufficient_data,17,2
big dog,0,0,19,limp,0.0,0.0,0.0,insufficient_data,19,2
big dog,0,0,19,aggression,1.0,0.6000000000000001,1.0,insufficient_data,5,2
big dog,0,0,19,cbet,0.1,0.0,1.0,insufficient_data,3,2
big dog,0,0,19,bluff,0.15000000000000002,0.0,0.15000000000000002,insufficient_data,5,2
big dog,0,0,19,stickiness,0.62,0.45,0.62,insufficient_data,7,2
big dog,0,0,19,size,0.745,0.635,0.745,insufficient_data,2,2
big dog,0,0,19,adaptive,0.0,0.0,0.0,insufficient_data,12,2
big dog,0,20,39,vpip,0.25,0.22,0.25,insufficient_data,18,2
big dog,0,20,39,pfr,0.11,0.11,0.21,insufficient_data,18,2
big dog,0,20,39,threebet,0.06,0.06,0.07,insufficient_data,19,2
big dog,0,20,39,limp,0.0,0.0,0.25,insufficient_data,18,2
big dog,0,20,39,aggression,1.0,0.6000000000000001,1.0,insufficient_data,5,2
big dog,0,20,39,cbet,,,,insufficient_data,0,0
big dog,0,20,39,bluff,0.0,0.0,0.15000000000000002,insufficient_data,5,2
big dog,0,20,39,stickiness,0.45,0.45,0.45,insufficient_data,8,2
big dog,0,20,39,size,0.635,,,insufficient_data,3,1
big dog,0,20,39,adaptive,0.0,0.0,0.0,insufficient_data,13,2
big dog,0,40,59,vpip,0.32,0.22,0.32,insufficient_data,16,2
big dog,0,40,59,pfr,0.32,0.18,0.32,insufficient_data,16,2
big dog,0,40,59,threebet,0.07,0.07,0.07,insufficient_data,22,2
big dog,0,40,59,limp,0.0,0.0,0.0,insufficient_data,16,2
big dog,0,40,59,aggression,0.6000000000000001,0.6000000000000001,0.6000000000000001,insufficient_data,10,2
big dog,0,40,59,cbet,0.0,,,insufficient_data,2,1
big dog,0,40,59,bluff,0.0,0.0,0.0,insufficient_data,10,2
big dog,0,40,59,stickiness,0.88,0.65,0.88,insufficient_data,4,2
big dog,0,40,59,size,0.66,,,insufficient_data,1,1
big dog,0,40,59,adaptive,0.0,0.0,0.0,insufficient_data,14,2
big dog,0,60,79,vpip,0.22,0.22,0.22,insufficient_data,12,2
big dog,0,60,79,pfr,0.18,0.18,0.18,insufficient_data,12,2
big dog,0,60,79,threebet,0.06,0.06,0.07,insufficient_data,24,2
big dog,0,60,79,limp,0.05,0.05,0.05,insufficient_data,12,2
big dog,0,60,79,aggression,0.6000000000000001,0.6000000000000001,0.6000000000000001,insufficient_data,2,2
big dog,0,60,79,cbet,0.65,,,insufficient_data,1,1
big dog,0,60,79,bluff,0.15000000000000002,0.15000000000000002,0.15000000000000002,insufficient_data,2,2
big dog,0,60,79,stickiness,0.45,,,insufficient_data,2,1
big dog,0,60,79,size,1.4000000000000001,,,insufficient_data,1,1
big dog,0,60,79,adaptive,0.0,0.0,0.0,insufficient_data,4,2
big dog,0,80,99,vpip,0.22,0.22,0.22,insufficient_data,15,2
big dog,0,80,99,pfr,0.21,0.18,0.21,insufficient_data,15,2
big dog,0,80,99,threebet,0.06,0.06,0.07,insufficient_data,21,2
big dog,0,80,99,limp,0.0,0.0,0.0,insufficient_data,15,2
big dog,0,80,99,aggression,0.6000000000000001,0.0,1.0,insufficient_data,8,2
big dog,0,80,99,cbet,,,,insufficient_data,0,0
big dog,0,80,99,bluff,0.45,0.0,0.45,insufficient_data,8,2
big dog,0,80,99,stickiness,0.3,0.3,0.75,insufficient_data,9,2
big dog,0,80,99,size,0.76,0.66,0.76,insufficient_data,4,2
big dog,0,80,99,adaptive,0.0,0.0,0.0,insufficient_data,17,2
catherine,54,0,19,vpip,0.23,0.18,0.25,estimated,743,78
catherine,54,0,19,pfr,0.23,0.18,0.25,estimated,743,78
catherine,54,0,19,threebet,0.09,0.03,0.09,estimated,748,78
catherine,54,0,19,limp,0.1,0.0,0.15000000000000002,estimated,743,78
catherine,54,0,19,aggression,0.7000000000000001,0.55,0.7000000000000001,estimated,618,78
catherine,54,0,19,cbet,0.75,0.65,0.8500000000000001,estimated,149,64
catherine,54,0,19,bluff,0.1,0.0,0.2,estimated,618,78
catherine,54,0,19,stickiness,0.34,0.2027500000000006,0.59,estimated,396,77
catherine,54,0,19,size,1.185,1.1800000000000002,1.445,estimated,136,60
catherine,54,0,19,adaptive,1.0,0.0,1.0,model_comparison_only,1014,78
catherine,54,20,39,vpip,0.23,0.18,0.3,estimated,735,78
catherine,54,20,39,pfr,0.23,0.18,0.3,estimated,736,78
catherine,54,20,39,threebet,0.05,0.04,0.1,estimated,772,78
catherine,54,20,39,limp,0.15000000000000002,0.1,0.25,estimated,736,78
catherine,54,20,39,aggression,0.7000000000000001,0.7000000000000001,0.8,estimated,467,77
catherine,54,20,39,cbet,0.55,0.4,0.7000000000000001,estimated,123,59
catherine,54,20,39,bluff,0.15000000000000002,0.0,0.25,estimated,467,77
catherine,54,20,39,stickiness,0.61,0.24,0.61,estimated,341,77
catherine,54,20,39,size,1.1800000000000002,1.175,1.185,estimated,124,65
catherine,54,20,39,adaptive,0.0,0.0,1.0,model_comparison_only,808,78
catherine,54,40,59,vpip,0.25,0.18,0.27,estimated,721,78
catherine,54,40,59,pfr,0.25,0.18,0.27,estimated,721,78
catherine,54,40,59,threebet,0.03,0.03,0.06,estimated,752,78
catherine,54,40,59,limp,0.15000000000000002,0.05,0.2,estimated,721,78
catherine,54,40,59,aggression,0.7000000000000001,0.55,0.8500000000000001,estimated,509,77
catherine,54,40,59,cbet,0.6000000000000001,0.42375000000000035,0.75,estimated,116,57
catherine,54,40,59,bluff,0.15000000000000002,0.0,0.25,estimated,509,77
catherine,54,40,59,stickiness,0.51,0.23,0.58,estimated,391,77
catherine,54,40,59,size,1.185,1.177375,1.185,estimated,129,53
catherine,54,40,59,adaptive,1.0,0.0,1.0,model_comparison_only,900,78
catherine,54,60,79,vpip,0.22,0.17,0.27,estimated,726,78
catherine,54,60,79,pfr,0.22,0.17,0.27,estimated,726,78
catherine,54,60,79,threebet,0.03,0.03,0.06,estimated,752,78
catherine,54,60,79,limp,0.2,0.05,0.25,estimated,726,78
catherine,54,60,79,aggression,0.7000000000000001,0.55,0.7000000000000001,estimated,497,77
catherine,54,60,79,cbet,0.6000000000000001,0.45,0.75,estimated,112,58
catherine,54,60,79,bluff,0.2,0.1,0.30000000000000004,estimated,497,77
catherine,54,60,79,stickiness,0.38,0.2,0.67,estimated,330,77
catherine,54,60,79,size,1.185,1.155,1.185,estimated,139,59
catherine,54,60,79,adaptive,0.0,0.0,1.0,model_comparison_only,827,78
catherine,54,80,99,vpip,0.23,0.18,0.2752499999999998,estimated,714,78
catherine,54,80,99,pfr,0.23,0.18,0.2752499999999998,estimated,715,78
catherine,54,80,99,threebet,0.03,0.03,0.03,grid_limited,757,78
catherine,54,80,99,limp,0.15000000000000002,0.05,0.2,estimated,715,78
catherine,54,80,99,aggression,0.7000000000000001,0.22375000000000034,0.7000000000000001,estimated,468,74
catherine,54,80,99,cbet,0.6000000000000001,0.4,0.75,estimated,114,58
catherine,54,80,99,bluff,0.15000000000000002,0.07375000000000034,0.4,estimated,468,74
catherine,54,80,99,stickiness,0.36,0.18,0.56,estimated,300,73
catherine,54,80,99,size,1.185,1.1800000000000002,1.21,estimated,106,51
catherine,54,80,99,adaptive,0.0,0.0,1.0,model_comparison_only,768,76
dan_negreanu_on_ket,57,0,19,vpip,0.28,0.2,0.3,estimated,148,16
dan_negreanu_on_ket,57,0,19,pfr,0.28,0.18,0.3,estimated,148,16
dan_negreanu_on_ket,57,0,19,threebet,0.06,0.05,0.12,estimated,154,16
dan_negreanu_on_ket,57,0,19,limp,0.15000000000000002,0.0,0.15000000000000002,estimated,148,16
dan_negreanu_on_ket,57,0,19,aggression,0.5,0.2,0.65,estimated,86,15
dan_negreanu_on_ket,57,0,19,cbet,0.55,0.25,0.8,insufficient_data,19,12
dan_negreanu_on_ket,57,0,19,bluff,0.1,0.0,0.25,estimated,86,15
dan_negreanu_on_ket,57,0,19,stickiness,0.27,0.27,0.84,estimated,59,15
dan_negreanu_on_ket,57,0,19,size,0.33999999999999997,0.33237500000000003,0.63,insufficient_data,17,8
dan_negreanu_on_ket,57,0,19,adaptive,0.0,0.0,0.0,model_comparison_only,145,15
dan_negreanu_on_ket,57,20,39,vpip,0.27,0.22,0.33,estimated,152,16
dan_negreanu_on_ket,57,20,39,pfr,0.27,0.22,0.33,estimated,152,16
dan_negreanu_on_ket,57,20,39,threebet,0.07,0.05,0.07,estimated,158,16
dan_negreanu_on_ket,57,20,39,limp,0.05,0.0,0.2,estimated,152,16
dan_negreanu_on_ket,57,20,39,aggression,0.7000000000000001,0.15000000000000002,0.7000000000000001,estimated,100,16
dan_negreanu_on_ket,57,20,39,cbet,0.25,0.0,0.6262499999999989,estimated,24,14
dan_negreanu_on_ket,57,20,39,bluff,0.1,0.0,0.55,estimated,100,16
dan_negreanu_on_ket,57,20,39,stickiness,0.33,0.33,0.9400000000000001,estimated,57,14
dan_negreanu_on_ket,57,20,39,size,0.655,0.5900000000000001,0.6950000000000001,estimated,27,15
dan_negreanu_on_ket,57,20,39,adaptive,0.0,0.0,0.0,model_comparison_only,157,16
dan_negreanu_on_ket,57,40,59,vpip,0.22,0.22,0.27,estimated,146,16
dan_negreanu_on_ket,57,40,59,pfr,0.22,0.18,0.27,estimated,146,16
dan_negreanu_on_ket,57,40,59,threebet,0.05,0.05,0.08,estimated,161,16
dan_negreanu_on_ket,57,40,59,limp,0.0,0.0,0.15000000000000002,estimated,146,16
dan_negreanu_on_ket,57,40,59,aggression,0.2,0.0,0.6000000000000001,estimated,83,15
dan_negreanu_on_ket,57,40,59,cbet,0.4,0.0,0.9,insufficient_data,17,11
dan_negreanu_on_ket,57,40,59,bluff,0.4,0.12375000000000035,0.7000000000000001,estimated,83,15
dan_negreanu_on_ket,57,40,59,stickiness,0.52,0.45,0.75,estimated,51,16
dan_negreanu_on_ket,57,40,59,size,0.38,0.32,0.655,estimated,20,11
dan_negreanu_on_ket,57,40,59,adaptive,1.0,0.0,1.0,model_comparison_only,134,16
dan_negreanu_on_ket,57,60,79,vpip,0.25,0.20950000000000013,0.28,estimated,149,16
dan_negreanu_on_ket,57,60,79,pfr,0.25,0.20475000000000007,0.28,estimated,149,16
dan_negreanu_on_ket,57,60,79,threebet,0.06,0.06,0.07,estimated,151,16
dan_negreanu_on_ket,57,60,79,limp,0.15000000000000002,0.0,0.25,estimated,149,16
dan_negreanu_on_ket,57,60,79,aggression,0.5,0.45,1.0,estimated,86,14
dan_negreanu_on_ket,57,60,79,cbet,0.1,0.0,0.6000000000000001,insufficient_data,18,11
dan_negreanu_on_ket,57,60,79,bluff,0.5,0.1,0.65,estimated,86,14
dan_negreanu_on_ket,57,60,79,stickiness,0.45,0.15,0.73,estimated,40,15
dan_negreanu_on_ket,57,60,79,size,0.605,0.372375,0.6426249999999999,estimated,35,13
dan_negreanu_on_ket,57,60,79,adaptive,0.0,0.0,1.0,model_comparison_only,126,16
dan_negreanu_on_ket,57,80,99,vpip,0.25,0.23,0.29,estimated,142,16
dan_negreanu_on_ket,57,80,99,pfr,0.25,0.23,0.29,estimated,142,16
dan_negreanu_on_ket,57,80,99,threebet,0.07,0.02,0.07,estimated,157,16
dan_negreanu_on_ket,57,80,99,limp,0.1,0.0,0.15000000000000002,estimated,142,16
dan_negreanu_on_ket,57,80,99,aggression,0.8,0.22375000000000034,1.0,estimated,83,16
dan_negreanu_on_ket,57,80,99,cbet,0.0,0.0,0.35000000000000003,estimated,20,12
dan_negreanu_on_ket,57,80,99,bluff,0.2,0.0,0.6000000000000001,estimated,83,16
dan_negreanu_on_ket,57,80,99,stickiness,0.74,0.33,0.85,estimated,65,15
dan_negreanu_on_ket,57,80,99,size,0.365,0.33999999999999997,0.65,estimated,24,11
dan_negreanu_on_ket,57,80,99,adaptive,1.0,0.0,1.0,model_comparison_only,148,16
data,59,0,19,vpip,0.36,0.36,0.76,estimated,29,3
data,59,0,19,pfr,0.15,0.15,0.51,estimated,29,3
data,59,0,19,threebet,0.12,0.07475000000000007,0.12,estimated,35,3
data,59,0,19,limp,0.0,0.0,0.55,weakly_identified,29,3
data,59,0,19,aggression,0.55,0.55,1.0,insufficient_data,19,3
data,59,0,19,cbet,0.55,0.0,1.0,insufficient_data,4,3
data,59,0,19,bluff,0.8,0.0,1.0,insufficient_data,19,3
data,59,0,19,stickiness,0.41000000000000003,0.41000000000000003,0.4357499999999993,insufficient_data,11,3
data,59,0,19,size,0.92,0.48,0.925,insufficient_data,10,3
data,59,0,19,adaptive,0.0,0.0,0.0,model_comparison_only,30,3
data,59,20,39,vpip,0.45,0.4,0.96,estimated,33,3
data,59,20,39,pfr,0.3,0.18,0.88,estimated,33,3
data,59,20,39,threebet,0.07,0.07,0.23,estimated,32,3
data,59,20,39,limp,0.0,0.0,0.4,estimated,33,3
data,59,20,39,aggression,0.55,0.35000000000000003,0.6000000000000001,weakly_identified,30,3
data,59,20,39,cbet,0.8,0.65,1.0,insufficient_data,12,2
data,59,20,39,bluff,1.0,0.65,1.0,estimated,30,3
data,59,20,39,stickiness,0.41000000000000003,0.41000000000000003,0.45,insufficient_data,17,3
data,59,20,39,size,0.55,0.475,0.5549999999999999,insufficient_data,11,3
data,59,20,39,adaptive,0.0,0.0,0.0,model_comparison_only,47,3
data,59,40,59,vpip,0.44,0.22,0.78,estimated,23,3
data,59,40,59,pfr,0.44,0.1,0.78,estimated,23,3
data,59,40,59,threebet,0.11,0.07,0.29449999999999593,estimated,39,3
data,59,40,59,limp,0.35000000000000003,0.0,0.5,estimated,23,3
data,59,40,59,aggression,0.6000000000000001,0.6000000000000001,0.6000000000000001,grid_limited,21,3
data,59,40,59,cbet,0.65,0.37375000000000036,1.0,insufficient_data,7,3
data,59,40,59,bluff,0.35000000000000003,0.0,0.5,weakly_identified,21,3
data,59,40,59,stickiness,0.31,0.31,0.45,insufficient_data,17,3
data,59,40,59,size,0.995,0.66,0.995,insufficient_data,5,2
data,59,40,59,adaptive,0.0,0.0,0.0,model_comparison_only,38,3
data,59,60,79,vpip,0.5700000000000001,0.22,0.65,estimated,28,3
data,59,60,79,pfr,0.5700000000000001,0.21,0.65,estimated,29,3
data,59,60,79,threebet,0.07,0.07,0.07,grid_limited,33,3
data,59,60,79,limp,0.4,0.07125000000000102,0.7000000000000001,estimated,29,3
data,59,60,79,aggression,1.0,0.2,1.0,estimated,29,3
data,59,60,79,cbet,0.8500000000000001,0.26125000000000376,1.0,insufficient_data,8,3
data,59,60,79,bluff,0.25,0.0,1.0,weakly_identified,29,3
data,59,60,79,stickiness,0.11,0.11,0.45,insufficient_data,17,3
data,59,60,79,size,1.0150000000000001,0.505,1.045,insufficient_data,12,3
data,59,60,79,adaptive,0.0,0.0,0.0,model_comparison_only,46,3
data,59,80,99,vpip,0.5700000000000001,0.22,0.5700000000000001,estimated,37,3
data,59,80,99,pfr,0.5700000000000001,0.18,0.5700000000000001,estimated,37,3
data,59,80,99,threebet,0.08,0.07,0.08,estimated,23,3
data,59,80,99,limp,0.35000000000000003,0.0,0.5,estimated,37,3
data,59,80,99,aggression,0.5,0.5,0.8500000000000001,estimated,26,3
data,59,80,99,cbet,0.55,0.32375000000000037,1.0,insufficient_data,11,3
data,59,80,99,bluff,0.15000000000000002,0.0,0.45,weakly_identified,26,3
data,59,80,99,stickiness,0.43,0.02,0.45,estimated,20,3
data,59,80,99,size,0.995,0.45999999999999996,0.995,insufficient_data,5,3
data,59,80,99,adaptive,0.0,0.0,0.0,model_comparison_only,46,3
finian sucks,60,0,19,vpip,0.03,0.02,0.03,estimated,1018,109
finian sucks,60,0,19,pfr,0.0,0.0,0.03,estimated,1024,109
finian sucks,60,0,19,threebet,0.0,0.0,0.03,estimated,1018,107
finian sucks,60,0,19,limp,0.05,0.05,0.9500000000000001,not_identified,1024,109
finian sucks,60,0,19,aggression,0.65,0.55,1.0,estimated,111,49
finian sucks,60,0,19,cbet,0.0,0.0,0.0,insufficient_data,12,10
finian sucks,60,0,19,bluff,0.30000000000000004,0.05,0.6000000000000001,estimated,111,49
finian sucks,60,0,19,stickiness,0.19,0.04,0.49,estimated,82,53
finian sucks,60,0,19,size,0.535,0.53,0.5449999999999999,estimated,44,23
finian sucks,60,0,19,adaptive,0.0,0.0,1.0,model_comparison_only,193,63
finian sucks,60,20,39,vpip,0.03,0.03,0.03,grid_limited,994,109
finian sucks,60,20,39,pfr,0.01,0.0,0.01,estimated,999,109
finian sucks,60,20,39,threebet,0.01,0.0,0.01,estimated,1029,108
finian sucks,60,20,39,limp,0.8500000000000001,0.05,0.9500000000000001,estimated,999,109
finian sucks,60,20,39,aggression,0.65,0.5,1.0,estimated,140,61
finian sucks,60,20,39,cbet,0.0,0.0,0.22624999999999887,insufficient_data,14,12
finian sucks,60,20,39,bluff,0.30000000000000004,0.0,0.65,estimated,140,61
finian sucks,60,20,39,stickiness,0.18,0.01,0.27,estimated,79,51
finian sucks,60,20,39,size,0.565,0.54,0.5700000000000001,estimated,64,36
finian sucks,60,20,39,adaptive,0.0,0.0,1.0,model_comparison_only,219,71
finian sucks,60,40,59,vpip,0.03,0.03,0.03,grid_limited,986,109
finian sucks,60,40,59,pfr,0.02,0.0,0.02,estimated,992,109
finian sucks,60,40,59,threebet,0.02,0.0,0.02,estimated,1038,107
finian sucks,60,40,59,limp,0.8500000000000001,0.05,0.9500000000000001,estimated,992,109
finian sucks,60,40,59,aggression,1.0,0.7475000000000007,1.0,estimated,116,44
finian sucks,60,40,59,cbet,0.0,0.0,0.0,insufficient_data,15,14
finian sucks,60,40,59,bluff,0.05,0.0,0.4,estimated,116,44
finian sucks,60,40,59,stickiness,0.13,0.13,0.5700000000000001,estimated,70,41
finian sucks,60,40,59,size,0.54,0.525,0.5449999999999999,estimated,48,25
finian sucks,60,40,59,adaptive,1.0,0.0,1.0,model_comparison_only,186,56
finian sucks,60,60,79,vpip,0.03,0.02,0.04,estimated,963,109
finian sucks,60,60,79,pfr,0.01,0.0,0.04,estimated,968,109
finian sucks,60,60,79,threebet,0.01,0.0,0.03,estimated,1050,107
finian sucks,60,60,79,limp,0.8,0.05,0.9500000000000001,estimated,968,109
finian sucks,60,60,79,aggression,0.9500000000000001,0.9500000000000001,1.0,estimated,121,55
finian sucks,60,60,79,cbet,0.30000000000000004,0.0,1.0,insufficient_data,9,9
finian sucks,60,60,79,bluff,0.2,0.05,0.4,estimated,121,55
finian sucks,60,60,79,stickiness,0.1,0.1,0.3,estimated,74,55
finian sucks,60,60,79,size,0.54,0.527375,0.585,estimated,60,37
finian sucks,60,60,79,adaptive,0.0,0.0,0.0,model_comparison_only,195,67
finian sucks,60,80,99,vpip,0.03,0.01,0.04,estimated,954,109
finian sucks,60,80,99,pfr,0.02,0.0,0.04,estimated,958,109
finian sucks,60,80,99,threebet,0.02,0.0,0.03,estimated,1076,107
finian sucks,60,80,99,limp,0.9500000000000001,0.05,0.9500000000000001,weakly_identified,958,109
finian sucks,60,80,99,aggression,0.65,0.5,1.0,estimated,147,61
finian sucks,60,80,99,cbet,0.0,0.0,0.35000000000000003,insufficient_data,14,14
finian sucks,60,80,99,bluff,0.25,0.05,0.45,estimated,147,61
finian sucks,60,80,99,stickiness,0.45,0.11,0.67,estimated,81,48
finian sucks,60,80,99,size,0.5449999999999999,0.535,0.5549999999999999,estimated,65,37
finian sucks,60,80,99,adaptive,0.0,0.0,0.5249999999999773,model_comparison_only,228,70
fold-a2,61,0,19,vpip,0.01,0.01,0.02,estimated,167,20
fold-a2,61,0,19,pfr,0.01,0.01,0.02,estimated,168,20
fold-a2,61,0,19,threebet,0.0,0.0,0.01,estimated,195,20
fold-a2,61,0,19,limp,0.05,0.05,0.05,not_identified,168,20
fold-a2,61,0,19,aggression,0.0,0.0,0.0,grid_limited,112,16
fold-a2,61,0,19,cbet,,,,insufficient_data,0,0
fold-a2,61,0,19,bluff,0.0,0.0,0.0,grid_limited,112,16
fold-a2,61,0,19,stickiness,1.0,0.38,1.0,estimated,74,15
fold-a2,61,0,19,size,,,,insufficient_data,0,0
fold-a2,61,0,19,adaptive,0.0,0.0,0.0,model_comparison_only,186,16
fold-a2,61,20,39,vpip,0.0,0.0,0.02,estimated,172,20
fold-a2,61,20,39,pfr,0.0,0.0,0.02,estimated,174,20
fold-a2,61,20,39,threebet,0.0,0.0,0.01,estimated,182,19
fold-a2,61,20,39,limp,0.05,0.05,0.05,not_identified,174,20
fold-a2,61,20,39,aggression,0.0,0.0,0.0,grid_limited,92,16
fold-a2,61,20,39,cbet,,,,insufficient_data,0,0
fold-a2,61,20,39,bluff,0.0,0.0,0.0,grid_limited,92,16
fold-a2,61,20,39,stickiness,0.91,0.4127500000000006,0.91,estimated,78,15
fold-a2,61,20,39,size,,,,insufficient_data,0,0
fold-a2,61,20,39,adaptive,0.0,0.0,0.0,model_comparison_only,170,16
fold-a2,61,40,59,vpip,0.02,0.02,0.06,estimated,163,20
fold-a2,61,40,59,pfr,0.0,0.0,0.04,estimated,163,20
fold-a2,61,40,59,threebet,0.0,0.0,0.0,grid_limited,200,19
fold-a2,61,40,59,limp,0.05,0.05,0.05,not_identified,163,20
fold-a2,61,40,59,aggression,0.0,0.0,0.0,grid_limited,116,16
fold-a2,61,40,59,cbet,,,,insufficient_data,0,0
fold-a2,61,40,59,bluff,0.0,0.0,0.0,grid_limited,116,16
fold-a2,61,40,59,stickiness,1.0,0.45,1.0,estimated,100,15
fold-a2,61,40,59,size,,,,insufficient_data,0,0
fold-a2,61,40,59,adaptive,0.0,0.0,0.0,model_comparison_only,216,16
fold-a2,61,60,79,vpip,0.01,0.0,0.05,estimated,178,20
fold-a2,61,60,79,pfr,0.0,0.0,0.01,estimated,179,20
fold-a2,61,60,79,threebet,0.0,0.0,0.0,grid_limited,197,19
fold-a2,61,60,79,limp,0.05,0.05,0.05,not_identified,179,20
fold-a2,61,60,79,aggression,0.0,0.0,0.0,grid_limited,102,16
fold-a2,61,60,79,cbet,,,,insufficient_data,0,0
fold-a2,61,60,79,bluff,0.0,0.0,0.0,grid_limited,102,16
fold-a2,61,60,79,stickiness,1.0,0.22,1.0,estimated,73,16
fold-a2,61,60,79,size,,,,insufficient_data,0,0
fold-a2,61,60,79,adaptive,0.0,0.0,0.0,model_comparison_only,175,16
fold-a2,61,80,99,vpip,0.0,0.0,0.0,grid_limited,173,20
fold-a2,61,80,99,pfr,0.0,0.0,0.0,grid_limited,177,20
fold-a2,61,80,99,threebet,0.0,0.0,0.0,grid_limited,186,19
fold-a2,61,80,99,limp,0.05,0.05,0.05,not_identified,177,20
fold-a2,61,80,99,aggression,0.0,0.0,0.0,grid_limited,113,16
fold-a2,61,80,99,cbet,,,,insufficient_data,0,0
fold-a2,61,80,99,bluff,0.0,0.0,0.0,grid_limited,113,16
fold-a2,61,80,99,stickiness,1.0,1.0,1.0,grid_limited,89,16
fold-a2,61,80,99,size,,,,insufficient_data,0,0
fold-a2,61,80,99,adaptive,0.0,0.0,0.0,model_comparison_only,202,16
fullhouse,62,0,19,vpip,0.25,0.11,0.25,estimated,198,21
fullhouse,62,0,19,pfr,0.11,0.1,0.21,estimated,198,21
fullhouse,62,0,19,threebet,0.03,0.01,0.04,estimated,236,21
fullhouse,62,0,19,limp,0.6000000000000001,0.35000000000000003,0.8500000000000001,estimated,198,21
fullhouse,62,0,19,aggression,0.55,0.0,0.7762499999999989,weakly_identified,70,18
fullhouse,62,0,19,cbet,0.7000000000000001,0.0,1.0,insufficient_data,8,6
fullhouse,62,0,19,bluff,0.6000000000000001,0.35000000000000003,1.0,weakly_identified,70,18
fullhouse,62,0,19,stickiness,0.41000000000000003,0.25,0.62,estimated,38,15
fullhouse,62,0,19,size,1.195,0.485,1.2149999999999999,estimated,32,15
fullhouse,62,0,19,adaptive,0.0,0.0,0.0,model_comparison_only,108,20
fullhouse,62,20,39,vpip,0.1,0.06,0.21,estimated,195,21
fullhouse,62,20,39,pfr,0.1,0.01,0.21,estimated,198,21
fullhouse,62,20,39,threebet,0.03,0.01,0.09,estimated,221,21
fullhouse,62,20,39,limp,0.8,0.0,0.9500000000000001,estimated,198,21
fullhouse,62,20,39,aggression,0.30000000000000004,0.2,1.0,estimated,67,18
fullhouse,62,20,39,cbet,0.6000000000000001,0.17375000000000035,1.0,insufficient_data,10,7
fullhouse,62,20,39,bluff,1.0,0.65,1.0,estimated,67,18
fullhouse,62,20,39,stickiness,0.29,0.29,0.81,weakly_identified,30,16
fullhouse,62,20,39,size,1.435,0.5449999999999999,1.44,estimated,38,15
fullhouse,62,20,39,adaptive,0.0,0.0,1.0,model_comparison_only,97,20
fullhouse,62,40,59,vpip,0.17,0.06,0.22,estimated,188,21
fullhouse,62,40,59,pfr,0.17,0.05,0.21,estimated,188,21
fullhouse,62,40,59,threebet,0.03,0.01,0.05,estimated,223,21
fullhouse,62,40,59,limp,0.65,0.35000000000000003,0.8,estimated,188,21
fullhouse,62,40,59,aggression,0.35000000000000003,0.0,1.0,weakly_identified,59,19
fullhouse,62,40,59,cbet,1.0,1.0,1.0,insufficient_data,8,7
fullhouse,62,40,59,bluff,1.0,0.5,1.0,estimated,59,19
fullhouse,62,40,59,stickiness,0.39,0.12,0.45,estimated,25,13
fullhouse,62,40,59,size,1.245,0.505,1.41,estimated,29,12
fullhouse,62,40,59,adaptive,0.0,0.0,0.0,model_comparison_only,84,19
fullhouse,62,60,79,vpip,0.04,0.04,0.22,estimated,191,21
fullhouse,62,60,79,pfr,0.02,0.01,0.2,estimated,192,21
fullhouse,62,60,79,threebet,0.02,0.01,0.06,estimated,236,21
fullhouse,62,60,79,limp,0.4,0.0,0.8500000000000001,weakly_identified,192,21
fullhouse,62,60,79,aggression,0.2,0.0,0.5262499999999989,estimated,53,17
fullhouse,62,60,79,cbet,0.65,0.0,1.0,insufficient_data,11,8
fullhouse,62,60,79,bluff,1.0,0.75,1.0,estimated,53,17
fullhouse,62,60,79,stickiness,0.4,0.23,0.75,estimated,29,15
fullhouse,62,60,79,size,0.585,0.51,1.2149999999999999,estimated,24,13
fullhouse,62,60,79,adaptive,0.0,0.0,1.0,model_comparison_only,82,20
fullhouse,62,80,99,vpip,0.22,0.07,0.36,estimated,188,21
fullhouse,62,80,99,pfr,0.21,0.07,0.36,estimated,189,21
fullhouse,62,80,99,threebet,0.05,0.02,0.07,estimated,222,21
fullhouse,62,80,99,limp,0.6000000000000001,0.0,0.7000000000000001,estimated,189,21
fullhouse,62,80,99,aggression,0.55,0.0,0.65,estimated,53,16
fullhouse,62,80,99,cbet,0.7000000000000001,0.0,1.0,insufficient_data,7,5
fullhouse,62,80,99,bluff,0.55,0.25,0.9500000000000001,weakly_identified,53,16
fullhouse,62,80,99,stickiness,0.12,0.12,0.65,estimated,33,15
fullhouse,62,80,99,size,0.535,0.505,1.1400000000000001,estimated,20,14
fullhouse,62,80,99,adaptive,0.0,0.0,0.0,model_comparison_only,86,17
guaguanco 5,66,0,19,vpip,0.16,0.16,0.22,estimated,690,70
guaguanco 5,66,0,19,pfr,0.16,0.16,0.22,estimated,696,70
guaguanco 5,66,0,19,threebet,0.05,0.02,0.08,estimated,641,70
guaguanco 5,66,0,19,limp,0.05,0.0,0.15000000000000002,estimated,696,70
guaguanco 5,66,0,19,aggression,0.7000000000000001,0.55,1.0,estimated,263,63
guaguanco 5,66,0,19,cbet,0.05,0.0,0.35000000000000003,estimated,87,49
guaguanco 5,66,0,19,bluff,1.0,0.8500000000000001,1.0,estimated,263,63
guaguanco 5,66,0,19,stickiness,0.36,0.06,0.43,estimated,111,53
guaguanco 5,66,0,19,size,0.875,0.845,0.88,estimated,126,50
guaguanco 5,66,0,19,adaptive,0.0,0.0,1.0,model_comparison_only,374,68
guaguanco 5,66,20,39,vpip,0.17,0.16,0.22,estimated,692,70
guaguanco 5,66,20,39,pfr,0.17,0.16,0.22,estimated,700,70
guaguanco 5,66,20,39,threebet,0.05,0.02,0.05,estimated,624,70
guaguanco 5,66,20,39,limp,0.05,0.0,0.15000000000000002,estimated,700,70
guaguanco 5,66,20,39,aggression,0.9500000000000001,0.55,1.0,estimated,226,57
guaguanco 5,66,20,39,cbet,0.25,0.0,0.6000000000000001,estimated,72,44
guaguanco 5,66,20,39,bluff,1.0,1.0,1.0,grid_limited,226,57
guaguanco 5,66,20,39,stickiness,0.5,0.0727500000000006,0.52,estimated,107,47
guaguanco 5,66,20,39,size,0.84,0.83,0.865,estimated,121,50
guaguanco 5,66,20,39,adaptive,0.0,0.0,1.0,model_comparison_only,333,61
guaguanco 5,66,40,59,vpip,0.17,0.16,0.32,estimated,659,70
guaguanco 5,66,40,59,pfr,0.17,0.16,0.32,estimated,664,70
guaguanco 5,66,40,59,threebet,0.05,0.02,0.05,estimated,651,70
guaguanco 5,66,40,59,limp,0.1,0.05,0.30000000000000004,estimated,664,70
guaguanco 5,66,40,59,aggression,0.8,0.55,1.0,estimated,224,61
guaguanco 5,66,40,59,cbet,0.65,0.4,0.9,estimated,75,42
guaguanco 5,66,40,59,bluff,1.0,1.0,1.0,grid_limited,224,61
guaguanco 5,66,40,59,stickiness,0.67,0.27,0.717249999999998,estimated,96,47
guaguanco 5,66,40,59,size,0.875,0.845,1.045,estimated,124,52
guaguanco 5,66,40,59,adaptive,0.0,0.0,0.0,model_comparison_only,320,64
guaguanco 5,66,60,79,vpip,0.17,0.16,0.35000000000000003,estimated,688,70
guaguanco 5,66,60,79,pfr,0.17,0.16,0.35000000000000003,estimated,694,70
guaguanco 5,66,60,79,threebet,0.02,0.02,0.05,estimated,637,70
guaguanco 5,66,60,79,limp,0.1,0.05,0.30000000000000004,estimated,694,70
guaguanco 5,66,60,79,aggression,0.75,0.55,1.0,estimated,245,57
guaguanco 5,66,60,79,cbet,0.5,0.30000000000000004,0.7000000000000001,estimated,84,45
guaguanco 5,66,60,79,bluff,1.0,1.0,1.0,grid_limited,245,57
guaguanco 5,66,60,79,stickiness,0.34,0.31,0.87,estimated,85,39
guaguanco 5,66,60,79,size,0.875,0.87,0.89,estimated,118,40
guaguanco 5,66,60,79,adaptive,0.0,0.0,1.0,model_comparison_only,330,58
guaguanco 5,66,80,99,vpip,0.22,0.16,0.22,estimated,685,70
guaguanco 5,66,80,99,pfr,0.22,0.16,0.22,estimated,693,70
guaguanco 5,66,80,99,threebet,0.02,0.02,0.05,estimated,636,70
guaguanco 5,66,80,99,limp,0.1,0.0,0.15000000000000002,estimated,693,70
guaguanco 5,66,80,99,aggression,0.7000000000000001,0.55,1.0,estimated,231,61
guaguanco 5,66,80,99,cbet,0.6000000000000001,0.30000000000000004,0.75,estimated,83,46
guaguanco 5,66,80,99,bluff,1.0,1.0,1.0,grid_limited,231,61
guaguanco 5,66,80,99,stickiness,0.99,0.34,0.99,estimated,111,51
guaguanco 5,66,80,99,size,0.87,0.845,0.87,estimated,115,53
guaguanco 5,66,80,99,adaptive,0.0,0.0,1.0,model_comparison_only,342,66
idc,76,0,19,vpip,0.17,0.11,0.24,estimated,669,72
idc,76,0,19,pfr,0.17,0.11,0.24,estimated,677,72
idc,76,0,19,threebet,0.02,0.02,0.1,estimated,699,72
idc,76,0,19,limp,0.15000000000000002,0.0,0.25,estimated,677,72
idc,76,0,19,aggression,0.55,0.55,0.7000000000000001,estimated,253,60
idc,76,0,19,cbet,0.5,0.32375000000000037,0.6000000000000001,estimated,75,46
idc,76,0,19,bluff,0.15000000000000002,0.05,0.25,estimated,253,60
idc,76,0,19,stickiness,0.85,0.38,1.0,estimated,142,52
idc,76,0,19,size,0.93,0.875,0.96,estimated,57,32
idc,76,0,19,adaptive,1.0,0.0,1.0,model_comparison_only,395,66
idc,76,20,39,vpip,0.13,0.1,0.15,estimated,630,72
idc,76,20,39,pfr,0.13,0.1,0.15,estimated,634,72
idc,76,20,39,threebet,0.04,0.03,0.1,estimated,722,72
idc,76,20,39,limp,0.05,0.0,0.15000000000000002,estimated,634,72
idc,76,20,39,aggression,0.6000000000000001,0.0,0.6000000000000001,estimated,216,60
idc,76,20,39,cbet,0.45,0.2,0.65,estimated,53,34
idc,76,20,39,bluff,0.4,0.25,0.7262499999999988,estimated,216,60
idc,76,20,39,stickiness,0.8200000000000001,0.31,1.0,estimated,152,61
idc,76,20,39,size,0.74,0.5900000000000001,0.9576249999999998,estimated,60,35
idc,76,20,39,adaptive,0.0,0.0,1.0,model_comparison_only,368,66
idc,76,40,59,vpip,0.15,0.1,0.23,estimated,635,72
idc,76,40,59,pfr,0.15,0.1,0.23,estimated,637,72
idc,76,40,59,threebet,0.05,0.05,0.1,estimated,730,72
idc,76,40,59,limp,0.2,0.0,0.30000000000000004,estimated,637,72
idc,76,40,59,aggression,0.55,0.35000000000000003,0.6262499999999989,estimated,251,61
idc,76,40,59,cbet,0.45,0.25,0.6762499999999989,estimated,73,46
idc,76,40,59,bluff,0.4,0.25,0.6000000000000001,estimated,251,61
idc,76,40,59,stickiness,0.97,0.6900000000000001,1.0,estimated,151,53
idc,76,40,59,size,0.7,0.575,0.9026249999999999,estimated,62,39
idc,76,40,59,adaptive,0.0,0.0,1.0,model_comparison_only,402,65
idc,76,60,79,vpip,0.15,0.13,0.16,estimated,643,72
idc,76,60,79,pfr,0.15,0.13,0.16,estimated,648,72
idc,76,60,79,threebet,0.06,0.03,0.08049999999999954,estimated,720,72
idc,76,60,79,limp,0.2,0.05,0.25,estimated,648,72
idc,76,60,79,aggression,0.7000000000000001,0.2,1.0,estimated,238,56
idc,76,60,79,cbet,0.45,0.2,0.75,estimated,49,37
idc,76,60,79,bluff,0.30000000000000004,0.2,0.8,estimated,238,56
idc,76,60,79,stickiness,0.8200000000000001,0.29,1.0,estimated,147,56
idc,76,60,79,size,0.625,0.5900000000000001,0.7426249999999999,estimated,75,39
idc,76,60,79,adaptive,1.0,0.0,1.0,model_comparison_only,385,64
idc,76,80,99,vpip,0.11,0.09,0.17,estimated,647,72
idc,76,80,99,pfr,0.11,0.09,0.17,estimated,650,72
idc,76,80,99,threebet,0.04,0.02,0.08,estimated,705,72
idc,76,80,99,limp,0.05,0.0,0.25,estimated,650,72
idc,76,80,99,aggression,0.55,0.55,0.7000000000000001,estimated,208,63
idc,76,80,99,cbet,0.45,0.30000000000000004,0.7000000000000001,estimated,51,41
idc,76,80,99,bluff,0.25,0.1,0.4,estimated,208,63
idc,76,80,99,stickiness,0.76,0.36,0.89,estimated,140,54
idc,76,80,99,size,0.64,0.5700000000000001,0.8826249999999999,estimated,52,31
idc,76,80,99,adaptive,1.0,0.0,1.0,model_comparison_only,348,64
jongwon,85,0,19,vpip,0.38,0.35000000000000003,0.54,estimated,36,4
jongwon,85,0,19,pfr,0.38,0.35000000000000003,0.54,estimated,36,4
jongwon,85,0,19,threebet,0.09,0.07,0.09,estimated,42,4
jongwon,85,0,19,limp,0.1,0.0,0.30000000000000004,estimated,36,4
jongwon,85,0,19,aggression,1.0,0.55,1.0,estimated,27,4
jongwon,85,0,19,cbet,0.5,0.0,1.0,insufficient_data,3,3
jongwon,85,0,19,bluff,0.7000000000000001,0.0,0.9500000000000001,weakly_identified,27,4
jongwon,85,0,19,stickiness,0.99,0.45,0.99,insufficient_data,19,4
jongwon,85,0,19,size,0.9500000000000001,0.315,0.955,insufficient_data,17,4
jongwon,85,0,19,adaptive,0.0,0.0,0.0,model_comparison_only,46,4
jongwon,85,20,39,vpip,0.37,0.22,0.53,estimated,35,4
jongwon,85,20,39,pfr,0.37,0.22,0.53,estimated,35,4
jongwon,85,20,39,threebet,0.07,0.07,0.07,grid_limited,46,4
jongwon,85,20,39,limp,0.0,0.0,0.1,estimated,35,4
jongwon,85,20,39,aggression,1.0,1.0,1.0,weakly_identified,32,4
jongwon,85,20,39,cbet,0.6000000000000001,0.15000000000000002,1.0,insufficient_data,6,4
jongwon,85,20,39,bluff,0.9500000000000001,0.5,1.0,estimated,32,4
jongwon,85,20,39,stickiness,0.45,0.45,0.45,insufficient_data,11,4
jongwon,85,20,39,size,1.3900000000000001,0.6699999999999999,1.395,insufficient_data,17,4
jongwon,85,20,39,adaptive,0.0,0.0,0.0,model_comparison_only,43,4
jongwon,85,40,59,vpip,0.54,0.24,0.54,estimated,35,4
jongwon,85,40,59,pfr,0.54,0.2,0.54,estimated,36,4
jongwon,85,40,59,threebet,0.07,0.07,0.07,grid_limited,44,4
jongwon,85,40,59,limp,0.35000000000000003,0.0,0.4,estimated,36,4
jongwon,85,40,59,aggression,0.30000000000000004,0.0,0.6000000000000001,insufficient_data,19,4
jongwon,85,40,59,cbet,0.6000000000000001,0.0,1.0,insufficient_data,5,4
jongwon,85,40,59,bluff,0.8,0.15000000000000002,1.0,insufficient_data,19,4
jongwon,85,40,59,stickiness,0.11,0.11,0.45,insufficient_data,12,4
jongwon,85,40,59,size,0.91,0.895,0.93,insufficient_data,7,3
jongwon,85,40,59,adaptive,0.0,0.0,1.0,model_comparison_only,31,4
jongwon,85,60,79,vpip,0.38,0.32,0.44,estimated,32,4
jongwon,85,60,79,pfr,0.38,0.32,0.44,estimated,36,4
jongwon,85,60,79,threebet,0.08,0.07,0.21,estimated,43,4
jongwon,85,60,79,limp,0.0,0.0,0.05,estimated,36,4
jongwon,85,60,79,aggression,0.7000000000000001,0.6000000000000001,0.7000000000000001,estimated,27,4
jongwon,85,60,79,cbet,1.0,0.65,1.0,insufficient_data,6,2
jongwon,85,60,79,bluff,0.9,0.30000000000000004,1.0,weakly_identified,27,4
jongwon,85,60,79,stickiness,0.11,0.11,0.45,insufficient_data,17,4
jongwon,85,60,79,size,0.335,0.335,1.355,insufficient_data,13,3
jongwon,85,60,79,adaptive,0.0,0.0,1.0,model_comparison_only,44,4
jongwon,85,80,99,vpip,0.35000000000000003,0.35000000000000003,0.55,estimated,35,4
jongwon,85,80,99,pfr,0.35000000000000003,0.35000000000000003,0.55,estimated,37,4
jongwon,85,80,99,threebet,0.07,0.07,0.07,grid_limited,40,4
jongwon,85,80,99,limp,0.15000000000000002,0.05,0.35000000000000003,estimated,37,4
jongwon,85,80,99,aggression,0.6000000000000001,0.6000000000000001,0.6000000000000001,weakly_identified,20,4
jongwon,85,80,99,cbet,1.0,,,insufficient_data,3,1
jongwon,85,80,99,bluff,0.65,0.0,1.0,weakly_identified,20,4
jongwon,85,80,99,stickiness,0.89,0.51,0.89,insufficient_data,18,4
jongwon,85,80,99,size,0.88,0.875,1.355,insufficient_data,9,3
jongwon,85,80,99,adaptive,0.0,0.0,0.0,model_comparison_only,38,4
kurimanju,87,0,19,vpip,0.38,0.34,0.39,estimated,720,77
kurimanju,87,0,19,pfr,0.38,0.34,0.38524999999999976,estimated,728,77
kurimanju,87,0,19,threebet,0.02,0.02,0.05,estimated,762,77
kurimanju,87,0,19,limp,0.25,0.2,0.30000000000000004,estimated,728,77
kurimanju,87,0,19,aggression,0.55,0.2,0.7000000000000001,estimated,553,76
kurimanju,87,0,19,cbet,0.30000000000000004,0.2,0.5,estimated,91,56
kurimanju,87,0,19,bluff,0.05,0.0,0.35000000000000003,estimated,553,76
kurimanju,87,0,19,stickiness,0.32,0.18,0.39524999999999977,estimated,393,75
kurimanju,87,0,19,size,0.71,0.7050000000000001,0.7150000000000001,estimated,134,55
kurimanju,87,0,19,adaptive,0.0,0.0,1.0,model_comparison_only,946,76
kurimanju,87,20,39,vpip,0.34,0.23,0.38,estimated,727,77
kurimanju,87,20,39,pfr,0.34,0.23,0.38,estimated,735,77
kurimanju,87,20,39,threebet,0.02,0.02,0.05,estimated,742,77
kurimanju,87,20,39,limp,0.2,0.05,0.25,estimated,735,77
kurimanju,87,20,39,aggression,0.2,0.0,0.30000000000000004,estimated,506,76
kurimanju,87,20,39,cbet,0.55,0.4,0.6762499999999989,estimated,84,47
kurimanju,87,20,39,bluff,0.15000000000000002,0.05,0.25,estimated,506,76
kurimanju,87,20,39,stickiness,0.36,0.13950000000000012,0.53,estimated,399,77
kurimanju,87,20,39,size,0.7050000000000001,0.7,0.7150000000000001,estimated,92,45
kurimanju,87,20,39,adaptive,0.0,0.0,1.0,model_comparison_only,905,77
kurimanju,87,40,59,vpip,0.35000000000000003,0.23,0.36,estimated,718,77
kurimanju,87,40,59,pfr,0.35000000000000003,0.23,0.36,estimated,721,77
kurimanju,87,40,59,threebet,0.02,0.02,0.05,estimated,742,77
kurimanju,87,40,59,limp,0.25,0.1,0.30000000000000004,estimated,721,77
kurimanju,87,40,59,aggression,0.55,0.04750000000000068,0.55,estimated,507,77
kurimanju,87,40,59,cbet,0.35000000000000003,0.1,0.45,estimated,93,59
kurimanju,87,40,59,bluff,0.0,0.0,0.2,estimated,507,77
kurimanju,87,40,59,stickiness,0.33,0.13,0.4604999999999996,estimated,432,76
kurimanju,87,40,59,size,0.71,0.7050000000000001,0.7150000000000001,estimated,89,47
kurimanju,87,40,59,adaptive,0.0,0.0,1.0,model_comparison_only,939,77
kurimanju,87,60,79,vpip,0.36,0.23,0.39,estimated,735,77
kurimanju,87,60,79,pfr,0.36,0.23,0.39,estimated,737,77
kurimanju,87,60,79,threebet,0.05,0.02,0.07,estimated,724,77
kurimanju,87,60,79,limp,0.2,0.05,0.25,estimated,737,77
kurimanju,87,60,79,aggression,0.2,0.1,0.35000000000000003,estimated,511,75
kurimanju,87,60,79,cbet,0.55,0.30000000000000004,0.65,estimated,100,52
kurimanju,87,60,79,bluff,0.1,0.0,0.15000000000000002,estimated,511,75
kurimanju,87,60,79,stickiness,0.09,0.05,0.58,estimated,426,76
kurimanju,87,60,79,size,0.7050000000000001,0.7050000000000001,0.71,estimated,74,41
kurimanju,87,60,79,adaptive,0.0,0.0,1.0,model_comparison_only,937,77
kurimanju,87,80,99,vpip,0.35000000000000003,0.33,0.38,estimated,704,77
kurimanju,87,80,99,pfr,0.35000000000000003,0.33,0.38,estimated,710,77
kurimanju,87,80,99,threebet,0.02,0.02,0.07,estimated,741,77
kurimanju,87,80,99,limp,0.2,0.15000000000000002,0.25,estimated,710,77
kurimanju,87,80,99,aggression,0.35000000000000003,0.05,0.45,estimated,559,75
kurimanju,87,80,99,cbet,0.2,0.15000000000000002,0.5,estimated,96,53
kurimanju,87,80,99,bluff,0.15000000000000002,0.0,0.35000000000000003,estimated,559,75
kurimanju,87,80,99,stickiness,0.27,0.06,0.6,estimated,388,77
kurimanju,87,80,99,size,0.7050000000000001,0.69,0.71,estimated,105,53
kurimanju,87,80,99,adaptive,1.0,0.0,1.0,model_comparison_only,947,77
larp larp sahur,91,0,19,vpip,0.17,0.15,0.22,estimated,662,71
larp larp sahur,91,0,19,pfr,0.17,0.15,0.22,estimated,664,71
larp larp sahur,91,0,19,threebet,0.03,0.03,0.03,grid_limited,694,71
larp larp sahur,91,0,19,limp,0.1,0.05,0.2,estimated,664,71
larp larp sahur,91,0,19,aggression,0.7000000000000001,0.2,0.8,estimated,247,58
larp larp sahur,91,0,19,cbet,0.6000000000000001,0.42375000000000035,0.8,estimated,57,38
larp larp sahur,91,0,19,bluff,0.4,0.2737500000000004,0.7000000000000001,estimated,247,58
larp larp sahur,91,0,19,stickiness,0.36,0.21,0.8200000000000001,estimated,153,61
larp larp sahur,91,0,19,size,0.745,0.745,0.755,estimated,80,39
larp larp sahur,91,0,19,adaptive,0.0,0.0,1.0,model_comparison_only,400,64
larp larp sahur,91,20,39,vpip,0.17,0.15,0.17,estimated,696,71
larp larp sahur,91,20,39,pfr,0.17,0.15,0.17,estimated,697,71
larp larp sahur,91,20,39,threebet,0.03,0.03,0.05,estimated,649,71
larp larp sahur,91,20,39,limp,0.1,0.05,0.15000000000000002,estimated,697,71
larp larp sahur,91,20,39,aggression,0.55,0.35000000000000003,0.8500000000000001,estimated,233,63
larp larp sahur,91,20,39,cbet,0.7000000000000001,0.45,0.8500000000000001,estimated,72,45
larp larp sahur,91,20,39,bluff,0.65,0.45,0.8500000000000001,estimated,233,63
larp larp sahur,91,20,39,stickiness,0.26,0.06,0.36,estimated,150,60
larp larp sahur,91,20,39,size,0.755,0.742375,0.76,estimated,76,43
larp larp sahur,91,20,39,adaptive,0.0,0.0,1.0,model_comparison_only,383,68
larp larp sahur,91,40,59,vpip,0.15,0.15,0.17,estimated,702,71
larp larp sahur,91,40,59,pfr,0.15,0.15,0.17,estimated,704,71
larp larp sahur,91,40,59,threebet,0.03,0.03,0.04,estimated,630,71
larp larp sahur,91,40,59,limp,0.05,0.0,0.15000000000000002,estimated,704,71
larp larp sahur,91,40,59,aggression,0.55,0.0,0.7000000000000001,weakly_identified,204,63
larp larp sahur,91,40,59,cbet,0.6000000000000001,0.35000000000000003,0.9,weakly_identified,66,42
larp larp sahur,91,40,59,bluff,0.9500000000000001,0.75,1.0,estimated,204,63
larp larp sahur,91,40,59,stickiness,0.31,0.27,0.41000000000000003,estimated,140,60
larp larp sahur,91,40,59,size,0.63,0.62,0.755,estimated,85,46
larp larp sahur,91,40,59,adaptive,0.0,0.0,0.0,model_comparison_only,344,70
larp larp sahur,91,60,79,vpip,0.15,0.13,0.23,estimated,669,71
larp larp sahur,91,60,79,pfr,0.15,0.13,0.23,estimated,673,71
larp larp sahur,91,60,79,threebet,0.03,0.03,0.05,estimated,687,71
larp larp sahur,91,60,79,limp,0.1,0.05,0.25,estimated,673,71
larp larp sahur,91,60,79,aggression,0.7000000000000001,0.0,0.7000000000000001,estimated,231,59
larp larp sahur,91,60,79,cbet,0.55,0.35000000000000003,0.7000000000000001,estimated,69,46
larp larp sahur,91,60,79,bluff,0.6000000000000001,0.4,1.0,estimated,231,59
larp larp sahur,91,60,79,stickiness,0.03,0.03,0.68,estimated,149,50
larp larp sahur,91,60,79,size,0.755,0.625,0.76,estimated,86,44
larp larp sahur,91,60,79,adaptive,0.0,0.0,1.0,model_comparison_only,380,62
larp larp sahur,91,80,99,vpip,0.17,0.13,0.17,estimated,659,71
larp larp sahur,91,80,99,pfr,0.17,0.13,0.17,estimated,667,71
larp larp sahur,91,80,99,threebet,0.03,0.03,0.05,estimated,671,71
larp larp sahur,91,80,99,limp,0.15000000000000002,0.05,0.2,estimated,667,71
larp larp sahur,91,80,99,aggression,0.7000000000000001,0.0,0.7000000000000001,estimated,196,57
larp larp sahur,91,80,99,cbet,0.65,0.5,0.9,estimated,46,31
larp larp sahur,91,80,99,bluff,0.6000000000000001,0.4,1.0,estimated,196,57
larp larp sahur,91,80,99,stickiness,0.23,0.23,0.33,estimated,113,56
larp larp sahur,91,80,99,size,0.745,0.615,0.755,estimated,81,41
larp larp sahur,91,80,99,adaptive,0.0,0.0,1.0,model_comparison_only,309,64
let it go,92,0,19,vpip,0.07,0.05,0.13,estimated,317,32
let it go,92,0,19,pfr,0.0,0.0,0.0,grid_limited,318,32
let it go,92,0,19,threebet,0.0,0.0,0.0,grid_limited,322,32
let it go,92,0,19,limp,0.05,0.05,0.05,not_identified,318,32
let it go,92,0,19,aggression,0.2,0.2,0.2,grid_limited,121,30
let it go,92,0,19,cbet,0.0,,,insufficient_data,1,1
let it go,92,0,19,bluff,0.2,0.0,0.35000000000000003,estimated,121,30
let it go,92,0,19,stickiness,0.02,0.02,0.24,estimated,97,32
let it go,92,0,19,size,0.435,0.42000000000000004,0.435,estimated,27,14
let it go,92,0,19,adaptive,0.0,0.0,1.0,model_comparison_only,218,32
let it go,92,20,39,vpip,0.06,0.04,0.11,estimated,302,32
let it go,92,20,39,pfr,0.0,0.0,0.0,grid_limited,303,32
let it go,92,20,39,threebet,0.0,0.0,0.0,grid_limited,326,32
let it go,92,20,39,limp,0.05,0.05,0.05,not_identified,303,32
let it go,92,20,39,aggression,0.0,0.0,0.35000000000000003,estimated,108,29
let it go,92,20,39,cbet,0.0,,,insufficient_data,1,1
let it go,92,20,39,bluff,0.2,0.05,0.42624999999999885,estimated,108,29
let it go,92,20,39,stickiness,0.0,0.0,0.13,estimated,80,28
let it go,92,20,39,size,0.435,0.42500000000000004,0.4576249999999999,estimated,21,12
let it go,92,20,39,adaptive,0.0,0.0,0.0,model_comparison_only,188,31
let it go,92,40,59,vpip,0.11,0.06,0.14,estimated,279,32
let it go,92,40,59,pfr,0.0,0.0,0.0,grid_limited,279,32
let it go,92,40,59,threebet,0.0,0.0,0.0,grid_limited,364,32
let it go,92,40,59,limp,0.05,0.05,0.05,not_identified,279,32
let it go,92,40,59,aggression,0.2,0.0,0.2,estimated,112,32
let it go,92,40,59,cbet,0.0,0.0,0.65,insufficient_data,3,3
let it go,92,40,59,bluff,0.0,0.0,0.1,estimated,112,32
let it go,92,40,59,stickiness,0.07,0.07,0.12,estimated,104,32
let it go,92,40,59,size,0.43,0.41500000000000004,0.435,insufficient_data,15,11
let it go,92,40,59,adaptive,0.0,0.0,0.0,model_comparison_only,216,32
let it go,92,60,79,vpip,0.11,0.04,0.12,estimated,284,32
let it go,92,60,79,pfr,0.0,0.0,0.01,estimated,285,32
let it go,92,60,79,threebet,0.0,0.0,0.0,grid_limited,355,32
let it go,92,60,79,limp,0.05,0.05,0.05,not_identified,285,32
let it go,92,60,79,aggression,0.0,0.0,0.1,estimated,112,31
let it go,92,60,79,cbet,0.0,0.0,0.65,insufficient_data,2,2
let it go,92,60,79,bluff,0.15000000000000002,0.0,0.4,estimated,112,31
let it go,92,60,79,stickiness,0.11,0.11,0.35000000000000003,estimated,81,30
let it go,92,60,79,size,0.45,0.43,0.475,estimated,25,17
let it go,92,60,79,adaptive,1.0,0.0,1.0,model_comparison_only,193,31
let it go,92,80,99,vpip,0.06,0.04,0.12,estimated,297,32
let it go,92,80,99,pfr,0.0,0.0,0.02,estimated,297,32
let it go,92,80,99,threebet,0.0,0.0,0.0,grid_limited,331,32
let it go,92,80,99,limp,0.05,0.05,0.05,not_identified,297,32
let it go,92,80,99,aggression,0.2,0.0,0.2,estimated,99,28
let it go,92,80,99,cbet,,,,insufficient_data,0,0
let it go,92,80,99,bluff,0.0,0.0,0.2,estimated,99,28
let it go,92,80,99,stickiness,0.0,0.0,0.14574999999999932,estimated,75,29
let it go,92,80,99,size,0.435,0.435,0.435,insufficient_data,13,7
let it go,92,80,99,adaptive,0.0,0.0,0.0,model_comparison_only,174,30
love-of-da-game,100,0,19,vpip,0.17,0.17,0.22,estimated,648,70
love-of-da-game,100,0,19,pfr,0.17,0.17,0.22,estimated,655,70
love-of-da-game,100,0,19,threebet,0.04,0.04,0.05,estimated,665,70
love-of-da-game,100,0,19,limp,0.05,0.0,0.2,estimated,655,70
love-of-da-game,100,0,19,aggression,0.15000000000000002,0.0,0.6287499999999967,estimated,224,64
love-of-da-game,100,0,19,cbet,0.30000000000000004,0.05,0.5,estimated,68,48
love-of-da-game,100,0,19,bluff,0.8,0.6000000000000001,0.9500000000000001,estimated,224,64
love-of-da-game,100,0,19,stickiness,0.33,0.07,0.36,estimated,117,48
love-of-da-game,100,0,19,size,0.885,0.305,0.905,estimated,71,41
love-of-da-game,100,0,19,adaptive,0.0,0.0,1.0,model_comparison_only,341,66
love-of-da-game,100,20,39,vpip,0.17,0.15,0.19,estimated,658,70
love-of-da-game,100,20,39,pfr,0.17,0.15,0.19,estimated,664,70
love-of-da-game,100,20,39,threebet,0.03,0.02,0.04,estimated,659,70
love-of-da-game,100,20,39,limp,0.05,0.0,0.1,estimated,664,70
love-of-da-game,100,20,39,aggression,0.30000000000000004,0.0,0.5,estimated,212,63
love-of-da-game,100,20,39,cbet,0.2,0.0,0.42624999999999885,estimated,48,36
love-of-da-game,100,20,39,bluff,0.75,0.5,0.9,estimated,212,63
love-of-da-game,100,20,39,stickiness,0.17,0.17,0.78,estimated,148,57
love-of-da-game,100,20,39,size,0.89,0.88,0.9,estimated,68,38
love-of-da-game,100,20,39,adaptive,0.0,0.0,1.0,model_comparison_only,360,65
love-of-da-game,100,40,59,vpip,0.17,0.17,0.22,estimated,639,70
love-of-da-game,100,40,59,pfr,0.17,0.17,0.21,estimated,643,70
love-of-da-game,100,40,59,threebet,0.03,0.03,0.03,grid_limited,682,70
love-of-da-game,100,40,59,limp,0.05,0.0,0.15000000000000002,estimated,643,70
love-of-da-game,100,40,59,aggression,0.2,0.0,0.55,estimated,231,61
love-of-da-game,100,40,59,cbet,0.30000000000000004,0.1,0.5,estimated,63,37
love-of-da-game,100,40,59,bluff,0.65,0.35000000000000003,0.8,estimated,231,61
love-of-da-game,100,40,59,stickiness,0.45,0.19,0.8200000000000001,estimated,121,52
love-of-da-game,100,40,59,size,0.89,0.88,0.8976249999999999,estimated,63,36
love-of-da-game,100,40,59,adaptive,0.0,0.0,1.0,model_comparison_only,352,63
love-of-da-game,100,60,79,vpip,0.17,0.17,0.23,estimated,634,70
love-of-da-game,100,60,79,pfr,0.17,0.17,0.23,estimated,637,70
love-of-da-game,100,60,79,threebet,0.04,0.04,0.05524999999999977,estimated,675,70
love-of-da-game,100,60,79,limp,0.0,0.0,0.2,estimated,637,70
love-of-da-game,100,60,79,aggression,0.0,0.0,0.2,estimated,208,59
love-of-da-game,100,60,79,cbet,0.35000000000000003,0.15000000000000002,0.6000000000000001,estimated,53,38
love-of-da-game,100,60,79,bluff,0.65,0.5,0.9,estimated,208,59
love-of-da-game,100,60,79,stickiness,0.27,0.24,0.98,estimated,98,49
love-of-da-game,100,60,79,size,0.895,0.89,0.9,estimated,62,36
love-of-da-game,100,60,79,adaptive,1.0,0.0,1.0,model_comparison_only,306,64
love-of-da-game,100,80,99,vpip,0.23,0.17,0.23,estimated,646,70
love-of-da-game,100,80,99,pfr,0.23,0.17,0.23,estimated,649,70
love-of-da-game,100,80,99,threebet,0.03,0.03,0.06,estimated,648,70
love-of-da-game,100,80,99,limp,0.1,0.05,0.15000000000000002,estimated,649,70
love-of-da-game,100,80,99,aggression,0.1,0.1,0.15000000000000002,estimated,186,55
love-of-da-game,100,80,99,cbet,0.0,0.0,0.25,estimated,50,38
love-of-da-game,100,80,99,bluff,0.65,0.35000000000000003,0.75,estimated,186,55
love-of-da-game,100,80,99,stickiness,1.0,0.29425000000000023,1.0,estimated,120,61
love-of-da-game,100,80,99,size,0.895,0.887375,0.9376249999999999,estimated,47,29
love-of-da-game,100,80,99,adaptive,0.0,0.0,1.0,model_comparison_only,306,65
luck is all u need,110,0,19,vpip,0.1,0.1,0.21,estimated,745,75
luck is all u need,110,0,19,pfr,0.1,0.1,0.21,estimated,753,75
luck is all u need,110,0,19,threebet,0.03,0.01,0.03,estimated,691,75
luck is all u need,110,0,19,limp,0.05,0.0,0.30000000000000004,estimated,753,75
luck is all u need,110,0,19,aggression,0.55,0.2,0.55,estimated,479,72
luck is all u need,110,0,19,cbet,0.1,0.0,0.35000000000000003,estimated,54,37
luck is all u need,110,0,19,bluff,0.0,0.0,0.30000000000000004,estimated,479,72
luck is all u need,110,0,19,stickiness,0.1,0.09,0.38,estimated,325,72
luck is all u need,110,0,19,size,0.625,0.595,0.65,estimated,112,52
luck is all u need,110,0,19,adaptive,0.0,0.0,1.0,model_comparison_only,804,73
luck is all u need,110,20,39,vpip,0.13,0.11,0.14,estimated,736,75
luck is all u need,110,20,39,pfr,0.13,0.11,0.1352499999999998,estimated,742,75
luck is all u need,110,20,39,threebet,0.02,0.01,0.02,estimated,700,75
luck is all u need,110,20,39,limp,0.05,0.0,0.1,estimated,742,75
luck is all u need,110,20,39,aggression,0.0,0.0,0.55,estimated,456,74
luck is all u need,110,20,39,cbet,0.25,0.0,0.45,estimated,53,39
luck is all u need,110,20,39,bluff,0.25,0.0,0.30000000000000004,estimated,456,74
luck is all u need,110,20,39,stickiness,0.16,0.05,0.42,estimated,308,73
luck is all u need,110,20,39,size,0.625,0.4,0.645,estimated,85,44
luck is all u need,110,20,39,adaptive,0.0,0.0,1.0,model_comparison_only,764,74
luck is all u need,110,40,59,vpip,0.14,0.1,0.21,estimated,761,75
luck is all u need,110,40,59,pfr,0.13,0.1,0.21,estimated,768,75
luck is all u need,110,40,59,threebet,0.03,0.01,0.04,estimated,661,75
luck is all u need,110,40,59,limp,0.05,0.0,0.25,estimated,768,75
luck is all u need,110,40,59,aggression,0.55,0.0,0.55,estimated,456,72
luck is all u need,110,40,59,cbet,0.25,0.1,0.4,estimated,54,32
luck is all u need,110,40,59,bluff,0.0,0.0,0.3262499999999989,estimated,456,72
luck is all u need,110,40,59,stickiness,0.25,0.04,0.45524999999999977,estimated,303,73
luck is all u need,110,40,59,size,0.665,0.5800000000000001,0.69,estimated,100,48
luck is all u need,110,40,59,adaptive,0.0,0.0,1.0,model_comparison_only,759,74
luck is all u need,110,60,79,vpip,0.13,0.1,0.1909999999999991,estimated,733,75
luck is all u need,110,60,79,pfr,0.13,0.1,0.1909999999999991,estimated,735,75
luck is all u need,110,60,79,threebet,0.03,0.02,0.03,estimated,691,75
luck is all u need,110,60,79,limp,0.1,0.0,0.17624999999999888,estimated,735,75
luck is all u need,110,60,79,aggression,0.2,0.0,0.55,estimated,475,74
luck is all u need,110,60,79,cbet,0.35000000000000003,0.1,0.45,estimated,69,38
luck is all u need,110,60,79,bluff,0.30000000000000004,0.0,0.4,estimated,475,74
luck is all u need,110,60,79,stickiness,0.41000000000000003,0.05,0.52,estimated,305,73
luck is all u need,110,60,79,size,0.61,0.6000000000000001,0.62,estimated,112,55
luck is all u need,110,60,79,adaptive,0.0,0.0,1.0,model_comparison_only,780,75
luck is all u need,110,80,99,vpip,0.1,0.1,0.14,estimated,793,75
luck is all u need,110,80,99,pfr,0.1,0.1,0.14,estimated,799,75
luck is all u need,110,80,99,threebet,0.02,0.01,0.03,estimated,625,75
luck is all u need,110,80,99,limp,0.0,0.0,0.15000000000000002,estimated,799,75
luck is all u need,110,80,99,aggression,0.55,0.35000000000000003,0.7000000000000001,estimated,442,72
luck is all u need,110,80,99,cbet,0.15000000000000002,0.0,0.35000000000000003,estimated,54,39
luck is all u need,110,80,99,bluff,0.05,0.0,0.2,estimated,442,72
luck is all u need,110,80,99,stickiness,0.5,0.36,0.55,estimated,300,71
luck is all u need,110,80,99,size,0.62,0.61,0.63,estimated,104,47
luck is all u need,110,80,99,adaptive,0.0,0.0,1.0,model_comparison_only,742,73
merch where,120,0,19,vpip,0.91,,,insufficient_data,12,1
merch where,120,0,19,pfr,0.91,,,insufficient_data,12,1
merch where,120,0,19,threebet,0.33,,,insufficient_data,8,1
merch where,120,0,19,limp,0.0,,,insufficient_data,12,1
merch where,120,0,19,aggression,0.55,,,insufficient_data,16,1
merch where,120,0,19,cbet,0.15000000000000002,,,insufficient_data,6,1
merch where,120,0,19,bluff,0.0,,,insufficient_data,16,1
merch where,120,0,19,stickiness,0.3,,,insufficient_data,11,1
merch where,120,0,19,size,1.395,,,insufficient_data,3,1
merch where,120,0,19,adaptive,0.0,,,insufficient_data,27,1
merch where,120,20,39,vpip,0.8,,,insufficient_data,9,1
merch where,120,20,39,pfr,0.8,,,insufficient_data,9,1
merch where,120,20,39,threebet,0.08,,,insufficient_data,10,1
merch where,120,20,39,limp,0.0,,,insufficient_data,9,1
merch where,120,20,39,aggression,0.55,,,insufficient_data,19,1
merch where,120,20,39,cbet,0.25,,,insufficient_data,9,1
merch where,120,20,39,bluff,0.0,,,insufficient_data,19,1
merch where,120,20,39,stickiness,0.45,,,insufficient_data,9,1
merch where,120,20,39,size,1.355,,,insufficient_data,1,1
merch where,120,20,39,adaptive,0.0,,,insufficient_data,28,1
merch where,120,40,59,vpip,0.92,,,insufficient_data,12,1
merch where,120,40,59,pfr,0.92,,,insufficient_data,12,1
merch where,120,40,59,threebet,0.07,,,insufficient_data,6,1
merch where,120,40,59,limp,0.05,,,insufficient_data,12,1
merch where,120,40,59,aggression,1.0,,,insufficient_data,14,1
merch where,120,40,59,cbet,0.5,,,insufficient_data,4,1
merch where,120,40,59,bluff,0.8500000000000001,,,insufficient_data,14,1
merch where,120,40,59,stickiness,0.45,,,insufficient_data,10,1
merch where,120,40,59,size,1.5,,,insufficient_data,7,1
merch where,120,40,59,adaptive,0.0,,,insufficient_data,24,1
merch where,120,60,79,vpip,0.74,,,insufficient_data,12,1
merch where,120,60,79,pfr,0.74,,,insufficient_data,12,1
merch where,120,60,79,threebet,0.15,,,insufficient_data,8,1
merch where,120,60,79,limp,0.05,,,insufficient_data,12,1
merch where,120,60,79,aggression,1.0,,,insufficient_data,19,1
merch where,120,60,79,cbet,0.15000000000000002,,,insufficient_data,7,1
merch where,120,60,79,bluff,0.30000000000000004,,,insufficient_data,19,1
merch where,120,60,79,stickiness,0.45,,,insufficient_data,16,1
merch where,120,60,79,size,1.5,,,insufficient_data,6,1
merch where,120,60,79,adaptive,0.0,,,insufficient_data,35,1
merch where,120,80,99,vpip,0.87,,,insufficient_data,9,1
merch where,120,80,99,pfr,0.84,,,insufficient_data,9,1
merch where,120,80,99,threebet,0.2,,,insufficient_data,10,1
merch where,120,80,99,limp,0.0,,,insufficient_data,9,1
merch where,120,80,99,aggression,0.0,,,insufficient_data,11,1
merch where,120,80,99,cbet,0.7000000000000001,,,insufficient_data,7,1
merch where,120,80,99,bluff,1.0,,,insufficient_data,11,1
merch where,120,80,99,stickiness,0.45,,,insufficient_data,8,1
merch where,120,80,99,size,0.29,,,insufficient_data,2,1
merch where,120,80,99,adaptive,0.0,,,insufficient_data,19,1
netanyahu,124,0,19,vpip,0.23,0.23,0.3357499999999993,estimated,693,76
netanyahu,124,0,19,pfr,0.23,0.23,0.3357499999999993,estimated,694,76
netanyahu,124,0,19,threebet,0.03,0.02,0.06,estimated,746,76
netanyahu,124,0,19,limp,0.05,0.0,0.2,estimated,694,76
netanyahu,124,0,19,aggression,0.7000000000000001,0.55,1.0,estimated,319,70
netanyahu,124,0,19,cbet,0.55,0.35000000000000003,0.7262499999999988,estimated,90,49
netanyahu,124,0,19,bluff,0.9500000000000001,0.7737500000000004,1.0,estimated,319,70
netanyahu,124,0,19,stickiness,0.42,0.06,0.8222499999999934,estimated,163,61
netanyahu,124,0,19,size,0.365,0.35,0.37,estimated,141,54
netanyahu,124,0,19,adaptive,0.0,0.0,1.0,model_comparison_only,482,74
netanyahu,124,20,39,vpip,0.23,0.23,0.23,grid_limited,632,76
netanyahu,124,20,39,pfr,0.23,0.23,0.23,grid_limited,633,76
netanyahu,124,20,39,threebet,0.04,0.03,0.06,estimated,825,76
netanyahu,124,20,39,limp,0.1,0.05,0.15000000000000002,estimated,633,76
netanyahu,124,20,39,aggression,0.55,0.55,0.8,estimated,294,70
netanyahu,124,20,39,cbet,0.30000000000000004,0.0,0.6000000000000001,estimated,81,44
netanyahu,124,20,39,bluff,1.0,0.75,1.0,estimated,294,70
netanyahu,124,20,39,stickiness,0.21,0.0,0.92,estimated,175,64
netanyahu,124,20,39,size,0.365,0.35,0.375,estimated,131,56
netanyahu,124,20,39,adaptive,0.0,0.0,1.0,model_comparison_only,469,71
netanyahu,124,40,59,vpip,0.23,0.17,0.2662499999999988,estimated,620,76
netanyahu,124,40,59,pfr,0.23,0.17,0.2662499999999988,estimated,623,76
netanyahu,124,40,59,threebet,0.03,0.03,0.03,grid_limited,809,76
netanyahu,124,40,59,limp,0.1,0.0,0.15000000000000002,estimated,623,76
netanyahu,124,40,59,aggression,0.7000000000000001,0.55,1.0,estimated,315,70
netanyahu,124,40,59,cbet,0.55,0.30000000000000004,0.8,estimated,72,46
netanyahu,124,40,59,bluff,1.0,0.8500000000000001,1.0,estimated,315,70
netanyahu,124,40,59,stickiness,0.21,0.14,0.6557499999999994,estimated,162,65
netanyahu,124,40,59,size,0.36,0.35,0.385,estimated,164,61
netanyahu,124,40,59,adaptive,0.0,0.0,1.0,model_comparison_only,477,73
netanyahu,124,60,79,vpip,0.23,0.23,0.3,estimated,620,76
netanyahu,124,60,79,pfr,0.23,0.23,0.3,estimated,621,76
netanyahu,124,60,79,threebet,0.05,0.03,0.06,estimated,804,76
netanyahu,124,60,79,limp,0.15000000000000002,0.05,0.25,estimated,621,76
netanyahu,124,60,79,aggression,0.7000000000000001,0.55,1.0,estimated,300,69
netanyahu,124,60,79,cbet,0.45,0.2,0.7262499999999988,estimated,77,47
netanyahu,124,60,79,bluff,0.8,0.6000000000000001,1.0,estimated,300,69
netanyahu,124,60,79,stickiness,0.42,0.04,0.8300000000000001,estimated,193,67
netanyahu,124,60,79,size,0.355,0.342375,0.365,estimated,119,54
netanyahu,124,60,79,adaptive,0.0,0.0,1.0,model_comparison_only,493,74
netanyahu,124,80,99,vpip,0.23,0.23,0.31524999999999975,estimated,643,76
netanyahu,124,80,99,pfr,0.23,0.23,0.31524999999999975,estimated,646,76
netanyahu,124,80,99,threebet,0.03,0.02,0.05,estimated,772,76
netanyahu,124,80,99,limp,0.1,0.05,0.2,estimated,646,76
netanyahu,124,80,99,aggression,0.7000000000000001,0.55,0.8,estimated,271,67
netanyahu,124,80,99,cbet,0.45,0.25,0.7000000000000001,estimated,74,43
netanyahu,124,80,99,bluff,0.9,0.7000000000000001,1.0,estimated,271,67
netanyahu,124,80,99,stickiness,0.19,0.05,0.81,estimated,179,64
netanyahu,124,80,99,size,0.36,0.345,0.365,estimated,118,53
netanyahu,124,80,99,adaptive,0.0,0.0,0.0,model_comparison_only,450,73
orcabot,125,0,19,vpip,0.38,0.22,0.39,estimated,744,79
orcabot,125,0,19,pfr,0.35000000000000003,0.21,0.38,estimated,747,79
orcabot,125,0,19,threebet,0.03,0.02,0.04,estimated,898,79
orcabot,125,0,19,limp,0.8,0.7000000000000001,0.8500000000000001,estimated,747,79
orcabot,125,0,19,aggression,0.35000000000000003,0.2,0.6762499999999989,estimated,384,77
orcabot,125,0,19,cbet,0.30000000000000004,0.0,0.7762499999999989,weakly_identified,26,23
orcabot,125,0,19,bluff,0.75,0.45,0.8500000000000001,estimated,384,77
orcabot,125,0,19,stickiness,0.08,0.08,0.21,estimated,257,77
orcabot,125,0,19,size,1.155,0.525,1.165,estimated,158,61
orcabot,125,0,19,adaptive,0.0,0.0,1.0,model_comparison_only,641,79
orcabot,125,20,39,vpip,0.23,0.15,0.37,estimated,739,79
orcabot,125,20,39,pfr,0.23,0.13475000000000006,0.37,estimated,741,79
orcabot,125,20,39,threebet,0.03,0.03,0.05524999999999977,estimated,873,79
orcabot,125,20,39,limp,0.75,0.55,0.8500000000000001,estimated,741,79
orcabot,125,20,39,aggression,0.55,0.55,0.8,estimated,318,73
orcabot,125,20,39,cbet,0.45,0.15000000000000002,0.7000000000000001,weakly_identified,42,30
orcabot,125,20,39,bluff,0.55,0.35000000000000003,0.7000000000000001,estimated,318,73
orcabot,125,20,39,stickiness,0.16,0.11,0.84,estimated,208,65
orcabot,125,20,39,size,1.355,1.15,1.41,estimated,141,62
orcabot,125,20,39,adaptive,0.0,0.0,1.0,model_comparison_only,526,76
orcabot,125,40,59,vpip,0.17,0.17,0.21,estimated,729,79
orcabot,125,40,59,pfr,0.17,0.11,0.21,estimated,729,79
orcabot,125,40,59,threebet,0.05,0.03,0.06,estimated,827,79
orcabot,125,40,59,limp,0.65,0.5237500000000004,0.75,estimated,729,79
orcabot,125,40,59,aggression,0.2,0.2,0.55,estimated,265,71
orcabot,125,40,59,cbet,0.25,0.0,0.65,weakly_identified,31,25
orcabot,125,40,59,bluff,0.9500000000000001,0.6737500000000004,1.0,estimated,265,71
orcabot,125,40,59,stickiness,0.1,0.1,0.74,estimated,166,63
orcabot,125,40,59,size,0.5449999999999999,0.54,1.190999999999999,estimated,121,56
orcabot,125,40,59,adaptive,0.0,0.0,1.0,model_comparison_only,431,76
orcabot,125,60,79,vpip,0.16,0.09475000000000007,0.23,estimated,710,79
orcabot,125,60,79,pfr,0.15,0.08,0.23,estimated,711,79
orcabot,125,60,79,threebet,0.03,0.03,0.045249999999999777,estimated,850,79
orcabot,125,60,79,limp,0.7000000000000001,0.55,0.8,estimated,711,79
orcabot,125,60,79,aggression,0.55,0.35000000000000003,0.7000000000000001,estimated,277,68
orcabot,125,60,79,cbet,0.5,0.07375000000000034,0.8500000000000001,weakly_identified,28,24
orcabot,125,60,79,bluff,0.75,0.5,0.9500000000000001,estimated,277,68
orcabot,125,60,79,stickiness,0.33,0.33,0.44,estimated,155,56
orcabot,125,60,79,size,1.17,0.54,1.2650000000000001,estimated,129,57
orcabot,125,60,79,adaptive,0.0,0.0,0.0,model_comparison_only,432,72
orcabot,125,80,99,vpip,0.16,0.1,0.22524999999999978,estimated,722,79
orcabot,125,80,99,pfr,0.16,0.04,0.22049999999999956,estimated,725,79
orcabot,125,80,99,threebet,0.03,0.03,0.06,estimated,831,79
orcabot,125,80,99,limp,0.65,0.25,0.7000000000000001,estimated,725,79
orcabot,125,80,99,aggression,0.30000000000000004,0.2,0.5,estimated,259,65
orcabot,125,80,99,cbet,0.55,0.12375000000000035,0.8,estimated,49,38
orcabot,125,80,99,bluff,0.8,0.55,1.0,estimated,259,65
orcabot,125,80,99,stickiness,0.39,0.16,0.84,estimated,145,60
orcabot,125,80,99,size,1.1600000000000001,0.517375,1.41,estimated,100,46
orcabot,125,80,99,adaptive,0.0,0.0,1.0,model_comparison_only,404,71
percy-perc-filet,130,0,19,vpip,0.52,0.42,0.52,estimated,550,56
percy-perc-filet,130,0,19,pfr,0.51,0.42,0.52,estimated,551,56
percy-perc-filet,130,0,19,threebet,0.07,0.05,0.11,estimated,511,56
percy-perc-filet,130,0,19,limp,0.15000000000000002,0.05,0.2,estimated,551,56
percy-perc-filet,130,0,19,aggression,0.4,0.2,0.55,estimated,468,55
percy-perc-filet,130,0,19,cbet,0.0,0.0,0.15000000000000002,estimated,87,42
percy-perc-filet,130,0,19,bluff,0.35000000000000003,0.25,0.45,estimated,468,55
percy-perc-filet,130,0,19,stickiness,0.46,0.27950000000000014,0.9504999999999996,estimated,226,52
percy-perc-filet,130,0,19,size,0.605,0.595,0.63,estimated,112,49
percy-perc-filet,130,0,19,adaptive,1.0,0.0,1.0,model_comparison_only,694,56
percy-perc-filet,130,20,39,vpip,0.48,0.41000000000000003,0.53,estimated,548,56
percy-perc-filet,130,20,39,pfr,0.48,0.41000000000000003,0.53,estimated,548,56
percy-perc-filet,130,20,39,threebet,0.07,0.07,0.15,estimated,516,56
percy-perc-filet,130,20,39,limp,0.1,0.05,0.15000000000000002,estimated,548,56
percy-perc-filet,130,20,39,aggression,0.5,0.15000000000000002,0.55,estimated,417,54
percy-perc-filet,130,20,39,cbet,0.0,0.0,0.15000000000000002,estimated,95,42
percy-perc-filet,130,20,39,bluff,0.45,0.25,0.55,estimated,417,54
percy-perc-filet,130,20,39,stickiness,0.37,0.28,0.96,estimated,192,50
percy-perc-filet,130,20,39,size,0.61,0.365,0.615,estimated,119,45
percy-perc-filet,130,20,39,adaptive,0.0,0.0,0.0,model_comparison_only,609,55
percy-perc-filet,130,40,59,vpip,0.49,0.44,0.53,estimated,549,56
percy-perc-filet,130,40,59,pfr,0.49,0.44,0.53,estimated,550,56
percy-perc-filet,130,40,59,threebet,0.11,0.1,0.11,estimated,513,56
percy-perc-filet,130,40,59,limp,0.1,0.05,0.15000000000000002,estimated,550,56
percy-perc-filet,130,40,59,aggression,0.6000000000000001,0.15000000000000002,0.7000000000000001,estimated,545,56
percy-perc-filet,130,40,59,cbet,0.0,0.0,0.1,estimated,130,48
percy-perc-filet,130,40,59,bluff,0.35000000000000003,0.22375000000000034,0.65,estimated,545,56
percy-perc-filet,130,40,59,stickiness,0.77,0.38375000000000037,0.96,estimated,192,52
percy-perc-filet,130,40,59,size,0.61,0.605,0.615,estimated,148,50
percy-perc-filet,130,40,59,adaptive,0.0,0.0,1.0,model_comparison_only,737,56
percy-perc-filet,130,60,79,vpip,0.45,0.43,0.51,estimated,550,56
percy-perc-filet,130,60,79,pfr,0.45,0.43,0.5,estimated,551,56
percy-perc-filet,130,60,79,threebet,0.11,0.09,0.11,estimated,509,56
percy-perc-filet,130,60,79,limp,0.05,0.05,0.1262499999999989,estimated,551,56
percy-perc-filet,130,60,79,aggression,0.25,0.2,0.7000000000000001,estimated,437,55
percy-perc-filet,130,60,79,cbet,0.0,0.0,0.1,estimated,99,46
percy-perc-filet,130,60,79,bluff,0.5,0.25,0.6000000000000001,estimated,437,55
percy-perc-filet,130,60,79,stickiness,0.9400000000000001,0.38,0.97,estimated,203,51
percy-perc-filet,130,60,79,size,0.605,0.6000000000000001,0.63,estimated,125,48
percy-perc-filet,130,60,79,adaptive,0.0,0.0,1.0,model_comparison_only,640,56
percy-perc-filet,130,80,99,vpip,0.47000000000000003,0.45,0.51,estimated,560,56
percy-perc-filet,130,80,99,pfr,0.47000000000000003,0.45,0.51,estimated,560,56
percy-perc-filet,130,80,99,threebet,0.11,0.06,0.11,estimated,506,56
percy-perc-filet,130,80,99,limp,0.1,0.05,0.15000000000000002,estimated,560,56
percy-perc-filet,130,80,99,aggression,0.1,0.0,0.5,estimated,513,56
percy-perc-filet,130,80,99,cbet,0.15000000000000002,0.0,0.2762499999999989,estimated,104,51
percy-perc-filet,130,80,99,bluff,0.5,0.30000000000000004,0.6000000000000001,estimated,513,56
percy-perc-filet,130,80,99,stickiness,0.9400000000000001,0.41900000000000026,0.9400000000000001,estimated,228,55
percy-perc-filet,130,80,99,size,0.605,0.36,0.61,estimated,129,43
percy-perc-filet,130,80,99,adaptive,0.0,0.0,1.0,model_comparison_only,741,56
pocket-nuts,131,0,19,vpip,0.17,0.16,0.23,estimated,1099,110
pocket-nuts,131,0,19,pfr,0.17,0.16,0.23,estimated,1105,110
pocket-nuts,131,0,19,threebet,0.06,0.03,0.08,estimated,937,106
pocket-nuts,131,0,19,limp,0.1,0.05,0.2,estimated,1105,110
pocket-nuts,131,0,19,aggression,0.7000000000000001,0.2,0.8,estimated,414,91
pocket-nuts,131,0,19,cbet,0.30000000000000004,0.0,0.5,estimated,114,69
pocket-nuts,131,0,19,bluff,0.8500000000000001,0.7000000000000001,1.0,estimated,414,91
pocket-nuts,131,0,19,stickiness,0.92,0.36,0.92,estimated,187,76
pocket-nuts,131,0,19,size,0.885,0.5449999999999999,0.89,estimated,174,70
pocket-nuts,131,0,19,adaptive,0.0,0.0,1.0,model_comparison_only,601,92
pocket-nuts,131,20,39,vpip,0.17,0.17,0.23,estimated,1035,110
pocket-nuts,131,20,39,pfr,0.17,0.17,0.23,estimated,1043,110
pocket-nuts,131,20,39,threebet,0.06,0.03,0.08,estimated,979,108
pocket-nuts,131,20,39,limp,0.1,0.05,0.25,estimated,1043,110
pocket-nuts,131,20,39,aggression,0.7000000000000001,0.15000000000000002,1.0,estimated,329,92
pocket-nuts,131,20,39,cbet,0.35000000000000003,0.05,0.6000000000000001,estimated,88,58
pocket-nuts,131,20,39,bluff,0.7000000000000001,0.5,1.0,estimated,329,92
pocket-nuts,131,20,39,stickiness,0.45,0.3932500000000005,0.9,estimated,163,73
pocket-nuts,131,20,39,size,0.885,0.515,0.885,estimated,127,68
pocket-nuts,131,20,39,adaptive,0.0,0.0,1.0,model_comparison_only,492,96
pocket-nuts,131,40,59,vpip,0.16,0.16,0.23,estimated,1017,110
pocket-nuts,131,40,59,pfr,0.16,0.16,0.23,estimated,1021,110
pocket-nuts,131,40,59,threebet,0.06,0.05,0.08,estimated,1004,108
pocket-nuts,131,40,59,limp,0.05,0.0,0.2,estimated,1021,110
pocket-nuts,131,40,59,aggression,0.55,0.35000000000000003,0.8,estimated,381,92
pocket-nuts,131,40,59,cbet,0.55,0.30000000000000004,0.75,estimated,104,70
pocket-nuts,131,40,59,bluff,0.65,0.45,0.8500000000000001,estimated,381,92
pocket-nuts,131,40,59,stickiness,0.87,0.26,1.0,estimated,171,75
pocket-nuts,131,40,59,size,0.885,0.525,0.9,estimated,135,67
pocket-nuts,131,40,59,adaptive,0.0,0.0,1.0,model_comparison_only,552,96
pocket-nuts,131,60,79,vpip,0.17,0.15,0.23,estimated,996,110
pocket-nuts,131,60,79,pfr,0.17,0.15,0.23,estimated,1000,110
pocket-nuts,131,60,79,threebet,0.06,0.03,0.1,estimated,1029,107
pocket-nuts,131,60,79,limp,0.1,0.05,0.2,estimated,1000,110
pocket-nuts,131,60,79,aggression,0.65,0.5,0.8500000000000001,estimated,399,93
pocket-nuts,131,60,79,cbet,0.45,0.2,0.6000000000000001,estimated,113,65
pocket-nuts,131,60,79,bluff,0.6000000000000001,0.45,0.75,estimated,399,93
pocket-nuts,131,60,79,stickiness,0.36,0.23325000000000048,0.74,estimated,177,81
pocket-nuts,131,60,79,size,0.5449999999999999,0.525,0.55,estimated,141,65
pocket-nuts,131,60,79,adaptive,0.0,0.0,1.0,model_comparison_only,576,96
pocket-nuts,131,80,99,vpip,0.23,0.17,0.23,estimated,1002,110
pocket-nuts,131,80,99,pfr,0.23,0.17,0.23,estimated,1012,110
pocket-nuts,131,80,99,threebet,0.06,0.03,0.06,estimated,1033,108
pocket-nuts,131,80,99,limp,0.2,0.1,0.25,estimated,1012,110
pocket-nuts,131,80,99,aggression,0.30000000000000004,0.15000000000000002,0.30000000000000004,estimated,381,93
pocket-nuts,131,80,99,cbet,0.5,0.30000000000000004,0.7000000000000001,estimated,90,57
pocket-nuts,131,80,99,bluff,0.8,0.65,1.0,estimated,381,93
pocket-nuts,131,80,99,stickiness,0.87,0.23,0.91,estimated,160,72
pocket-nuts,131,80,99,size,0.5449999999999999,0.53,0.55,estimated,137,73
pocket-nuts,131,80,99,adaptive,0.0,0.0,1.0,model_comparison_only,541,95
poke-bowl,0,0,19,vpip,0.22,0.16475000000000006,0.23,estimated,849,93
poke-bowl,0,0,19,pfr,0.22,0.16,0.23,estimated,854,93
poke-bowl,0,0,19,threebet,0.06,0.03,0.06,estimated,824,91
poke-bowl,0,0,19,limp,0.15000000000000002,0.05,0.2,estimated,854,93
poke-bowl,0,0,19,aggression,0.2,0.0,0.7000000000000001,estimated,449,80
poke-bowl,0,0,19,cbet,0.4,0.05,0.6000000000000001,estimated,67,43
poke-bowl,0,0,19,bluff,0.75,0.45,0.8,estimated,449,80
poke-bowl,0,0,19,stickiness,0.5,0.27,0.7000000000000001,estimated,277,79
poke-bowl,0,0,19,size,0.655,0.64,0.7150000000000001,estimated,168,67
poke-bowl,0,0,19,adaptive,0.0,0.0,1.0,model_comparison_only,726,81
poke-bowl,0,20,39,vpip,0.17,0.17,0.3,estimated,842,93
poke-bowl,0,20,39,pfr,0.17,0.17,0.3,estimated,848,93
poke-bowl,0,20,39,threebet,0.05,0.02,0.06,estimated,820,91
poke-bowl,0,20,39,limp,0.0,0.0,0.2,estimated,848,93
poke-bowl,0,20,39,aggression,0.55,0.2,0.7000000000000001,estimated,432,82
poke-bowl,0,20,39,cbet,0.25,0.07375000000000034,0.6000000000000001,estimated,64,48
poke-bowl,0,20,39,bluff,0.4,0.25,0.7000000000000001,estimated,432,82
poke-bowl,0,20,39,stickiness,0.37,0.04,0.59,estimated,246,68
poke-bowl,0,20,39,size,0.645,0.625,0.75,estimated,155,65
poke-bowl,0,20,39,adaptive,1.0,0.0,1.0,model_comparison_only,678,83
poke-bowl,0,40,59,vpip,0.22,0.16,0.23,estimated,852,93
poke-bowl,0,40,59,pfr,0.22,0.16,0.23,estimated,859,93
poke-bowl,0,40,59,threebet,0.03,0.03,0.04,estimated,807,91
poke-bowl,0,40,59,limp,0.2,0.05,0.25,estimated,859,93
poke-bowl,0,40,59,aggression,0.2,0.0,0.7000000000000001,estimated,465,81
poke-bowl,0,40,59,cbet,0.2,0.0,0.35000000000000003,estimated,91,53
poke-bowl,0,40,59,bluff,1.0,0.65,1.0,estimated,465,81
poke-bowl,0,40,59,stickiness,0.21,0.0,0.55,estimated,253,75
poke-bowl,0,40,59,size,0.64,0.625,0.66,estimated,205,69
poke-bowl,0,40,59,adaptive,0.0,0.0,1.0,model_comparison_only,718,82
poke-bowl,0,60,79,vpip,0.17,0.16,0.33,estimated,860,93
poke-bowl,0,60,79,pfr,0.17,0.16,0.33,estimated,866,93
poke-bowl,0,60,79,threebet,0.05,0.02,0.06,estimated,821,91
poke-bowl,0,60,79,limp,0.05,0.0,0.30000000000000004,estimated,866,93
poke-bowl,0,60,79,aggression,0.7000000000000001,0.35000000000000003,0.8,estimated,465,82
poke-bowl,0,60,79,cbet,0.15000000000000002,0.0,0.4,estimated,79,52
poke-bowl,0,60,79,bluff,0.6000000000000001,0.4,0.9,estimated,465,82
poke-bowl,0,60,79,stickiness,0.4,0.17,0.81,estimated,275,76
poke-bowl,0,60,79,size,0.645,0.63,0.755,estimated,209,72
poke-bowl,0,60,79,adaptive,0.0,0.0,1.0,model_comparison_only,740,83
poke-bowl,0,80,99,vpip,0.22,0.17,0.23,estimated,848,93
poke-bowl,0,80,99,pfr,0.22,0.17,0.23,estimated,862,93
poke-bowl,0,80,99,threebet,0.05,0.01,0.05,estimated,789,91
poke-bowl,0,80,99,limp,0.15000000000000002,0.05,0.2,estimated,862,93
poke-bowl,0,80,99,aggression,0.7000000000000001,0.7000000000000001,0.7000000000000001,grid_limited,458,82
poke-bowl,0,80,99,cbet,0.15000000000000002,0.05,0.4,estimated,79,49
poke-bowl,0,80,99,bluff,0.4,0.25,0.65,estimated,458,82
poke-bowl,0,80,99,stickiness,0.27,0.09,0.59,estimated,280,78
poke-bowl,0,80,99,size,0.64,0.635,0.75,estimated,174,70
poke-bowl,0,80,99,adaptive,1.0,0.0,1.0,model_comparison_only,738,83
polygamous lavender marriage,136,0,19,vpip,0.22,0.16,0.22,estimated,670,68
polygamous lavender marriage,136,0,19,pfr,0.21,0.16,0.21,estimated,672,68
polygamous lavender marriage,136,0,19,threebet,0.03,0.03,0.05,estimated,618,68
polygamous lavender marriage,136,0,19,limp,0.1,0.0,0.1,estimated,672,68
polygamous lavender marriage,136,0,19,aggression,0.2,0.0,0.55,estimated,273,66
polygamous lavender marriage,136,0,19,cbet,0.7000000000000001,0.5,0.8500000000000001,estimated,78,45
polygamous lavender marriage,136,0,19,bluff,0.8500000000000001,0.65,1.0,estimated,273,66
polygamous lavender marriage,136,0,19,stickiness,0.03,0.03,0.15,estimated,119,57
polygamous lavender marriage,136,0,19,size,0.525,0.52,0.54,estimated,96,52
polygamous lavender marriage,136,0,19,adaptive,0.0,0.0,0.0,model_comparison_only,392,67
polygamous lavender marriage,136,20,39,vpip,0.21,0.17,0.23,estimated,664,68
polygamous lavender marriage,136,20,39,pfr,0.21,0.17,0.23,estimated,665,68
polygamous lavender marriage,136,20,39,threebet,0.03,0.03,0.04,estimated,627,68
polygamous lavender marriage,136,20,39,limp,0.1,0.0,0.15000000000000002,estimated,665,68
polygamous lavender marriage,136,20,39,aggression,0.1,0.0,0.7000000000000001,estimated,216,62
polygamous lavender marriage,136,20,39,cbet,0.55,0.30000000000000004,0.8,estimated,57,41
polygamous lavender marriage,136,20,39,bluff,1.0,0.45,1.0,estimated,216,62
polygamous lavender marriage,136,20,39,stickiness,0.0,0.0,0.11,estimated,108,53
polygamous lavender marriage,136,20,39,size,0.54,0.525,0.5449999999999999,estimated,77,44
polygamous lavender marriage,136,20,39,adaptive,1.0,0.0,1.0,model_comparison_only,324,66
polygamous lavender marriage,136,40,59,vpip,0.23,0.2,0.26,estimated,654,68
polygamous lavender marriage,136,40,59,pfr,0.23,0.2,0.26,estimated,660,68
polygamous lavender marriage,136,40,59,threebet,0.03,0.03,0.03,grid_limited,616,68
polygamous lavender marriage,136,40,59,limp,0.1,0.0,0.17624999999999888,estimated,660,68
polygamous lavender marriage,136,40,59,aggression,0.2,0.0,0.7000000000000001,estimated,243,60
polygamous lavender marriage,136,40,59,cbet,0.9,0.8,1.0,estimated,66,42
polygamous lavender marriage,136,40,59,bluff,0.9,0.55,1.0,estimated,243,60
polygamous lavender marriage,136,40,59,stickiness,0.03,0.03,0.44,estimated,111,53
polygamous lavender marriage,136,40,59,size,0.535,0.525,0.5900000000000001,estimated,90,47
polygamous lavender marriage,136,40,59,adaptive,0.0,0.0,1.0,model_comparison_only,354,64
polygamous lavender marriage,136,60,79,vpip,0.22,0.22,0.23,estimated,674,68
polygamous lavender marriage,136,60,79,pfr,0.22,0.21,0.23,estimated,675,68
polygamous lavender marriage,136,60,79,threebet,0.04,0.03,0.04,estimated,613,68
polygamous lavender marriage,136,60,79,limp,0.05,0.0,0.15000000000000002,estimated,675,68
polygamous lavender marriage,136,60,79,aggression,0.2,0.0,0.35000000000000003,estimated,223,61
polygamous lavender marriage,136,60,79,cbet,0.7000000000000001,0.55,0.9,estimated,76,42
polygamous lavender marriage,136,60,79,bluff,0.8500000000000001,0.6000000000000001,1.0,estimated,223,61
polygamous lavender marriage,136,60,79,stickiness,0.15,0.0,0.31,estimated,115,54
polygamous lavender marriage,136,60,79,size,0.54,0.53,0.55,estimated,75,44
polygamous lavender marriage,136,60,79,adaptive,0.0,0.0,1.0,model_comparison_only,338,64
polygamous lavender marriage,136,80,99,vpip,0.22,0.22,0.2804999999999995,estimated,659,68
polygamous lavender marriage,136,80,99,pfr,0.22,0.22,0.2804999999999995,estimated,663,68
polygamous lavender marriage,136,80,99,threebet,0.03,0.03,0.06,estimated,618,68
polygamous lavender marriage,136,80,99,limp,0.1,0.05,0.2,estimated,663,68
polygamous lavender marriage,136,80,99,aggression,0.2,0.2,0.55,estimated,232,62
polygamous lavender marriage,136,80,99,cbet,0.9,0.8,1.0,estimated,64,42
polygamous lavender marriage,136,80,99,bluff,0.8,0.6000000000000001,0.9762499999999988,estimated,232,62
polygamous lavender marriage,136,80,99,stickiness,0.14,0.11,0.35000000000000003,estimated,97,49
polygamous lavender marriage,136,80,99,size,0.5449999999999999,0.525,0.5800000000000001,estimated,81,40
polygamous lavender marriage,136,80,99,adaptive,0.0,0.0,0.0,model_comparison_only,329,62
preflop-warrior,145,0,19,vpip,0.26,0.26,0.27,estimated,436,55
preflop-warrior,145,0,19,pfr,0.26,0.26,0.27,estimated,439,55
preflop-warrior,145,0,19,threebet,0.03,0.03,0.03,grid_limited,621,55
preflop-warrior,145,0,19,limp,0.05,0.0,0.15000000000000002,estimated,439,55
preflop-warrior,145,0,19,aggression,0.8,0.30000000000000004,1.0,estimated,388,55
preflop-warrior,145,0,19,cbet,0.45,0.25,0.65,estimated,49,27
preflop-warrior,145,0,19,bluff,0.1,0.0,0.30000000000000004,estimated,388,55
preflop-warrior,145,0,19,stickiness,0.31,0.15,0.35000000000000003,estimated,377,55
preflop-warrior,145,0,19,size,0.635,0.625,0.65,estimated,127,40
preflop-warrior,145,0,19,adaptive,0.0,0.0,0.0,model_comparison_only,765,55
preflop-warrior,145,20,39,vpip,0.28,0.22,0.44049999999999956,estimated,414,55
preflop-warrior,145,20,39,pfr,0.28,0.21475000000000005,0.44049999999999956,estimated,418,55
preflop-warrior,145,20,39,threebet,0.03,0.01,0.03,estimated,648,55
preflop-warrior,145,20,39,limp,0.15000000000000002,0.05,0.25,estimated,418,55
preflop-warrior,145,20,39,aggression,0.65,0.30000000000000004,1.0,estimated,415,55
preflop-warrior,145,20,39,cbet,0.4,0.1,0.65,estimated,37,25
preflop-warrior,145,20,39,bluff,0.25,0.1,0.6000000000000001,estimated,415,55
preflop-warrior,145,20,39,stickiness,0.31,0.15,0.36,estimated,438,55
preflop-warrior,145,20,39,size,0.6000000000000001,0.6000000000000001,0.625,estimated,165,49
preflop-warrior,145,20,39,adaptive,0.0,0.0,1.0,model_comparison_only,853,55
preflop-warrior,145,40,59,vpip,0.23,0.22,0.31,estimated,388,55
preflop-warrior,145,40,59,pfr,0.23,0.21,0.31,estimated,399,55
preflop-warrior,145,40,59,threebet,0.03,0.01,0.03,estimated,657,55
preflop-warrior,145,40,59,limp,0.1,0.05,0.2,estimated,399,55
preflop-warrior,145,40,59,aggression,0.7000000000000001,0.30000000000000004,0.9262499999999989,estimated,418,55
preflop-warrior,145,40,59,cbet,0.5,0.25,0.8,weakly_identified,30,20
preflop-warrior,145,40,59,bluff,0.45,0.30000000000000004,0.8,estimated,418,55
preflop-warrior,145,40,59,stickiness,0.24,0.14,0.36,estimated,392,55
preflop-warrior,145,40,59,size,0.595,0.595,0.61,estimated,188,50
preflop-warrior,145,40,59,adaptive,0.0,0.0,0.0,model_comparison_only,810,55
preflop-warrior,145,60,79,vpip,0.28,0.22,0.31,estimated,405,55
preflop-warrior,145,60,79,pfr,0.28,0.20475000000000007,0.31,estimated,417,55
preflop-warrior,145,60,79,threebet,0.03,0.02,0.04,estimated,635,55
preflop-warrior,145,60,79,limp,0.15000000000000002,0.0,0.15000000000000002,estimated,417,55
preflop-warrior,145,60,79,aggression,0.8,0.22125000000000106,1.0,estimated,432,54
preflop-warrior,145,60,79,cbet,0.7000000000000001,0.32375000000000037,0.9500000000000001,estimated,32,19
preflop-warrior,145,60,79,bluff,0.5,0.35000000000000003,0.8762499999999989,estimated,432,54
preflop-warrior,145,60,79,stickiness,0.24,0.24,0.3552499999999998,estimated,421,54
preflop-warrior,145,60,79,size,0.595,0.5900000000000001,0.6000000000000001,estimated,205,49
preflop-warrior,145,60,79,adaptive,0.0,0.0,0.0,model_comparison_only,853,55
preflop-warrior,145,80,99,vpip,0.23,0.2,0.37,estimated,408,55
preflop-warrior,145,80,99,pfr,0.23,0.2,0.37,estimated,423,55
preflop-warrior,145,80,99,threebet,0.03,0.02,0.03,estimated,601,55
preflop-warrior,145,80,99,limp,0.1,0.0,0.30000000000000004,estimated,423,55
preflop-warrior,145,80,99,aggression,0.8500000000000001,0.30000000000000004,1.0,estimated,436,54
preflop-warrior,145,80,99,cbet,0.65,0.35000000000000003,0.9500000000000001,weakly_identified,25,20
preflop-warrior,145,80,99,bluff,0.55,0.35000000000000003,0.7762499999999989,estimated,436,54
preflop-warrior,145,80,99,stickiness,0.36,0.14,0.39,estimated,334,54
preflop-warrior,145,80,99,size,0.6000000000000001,0.595,0.605,estimated,206,48
preflop-warrior,145,80,99,adaptive,0.0,0.0,0.0,model_comparison_only,770,55
pressure,0,0,19,vpip,0.23,0.1,0.3,estimated,408,40
pressure,0,0,19,pfr,0.04,0.04,0.21,estimated,413,40
pressure,0,0,19,threebet,0.04,0.02,0.06,estimated,421,40
pressure,0,0,19,limp,0.5,0.30000000000000004,0.8500000000000001,estimated,413,40
pressure,0,0,19,aggression,0.30000000000000004,0.1,0.9500000000000001,estimated,141,37
pressure,0,0,19,cbet,0.75,0.25,1.0,insufficient_data,16,11
pressure,0,0,19,bluff,0.9,0.5,1.0,estimated,141,37
pressure,0,0,19,stickiness,0.46,0.01,0.46,estimated,60,29
pressure,0,0,19,size,1.165,0.5449999999999999,1.425,estimated,63,33
pressure,0,0,19,adaptive,0.0,0.0,1.0,model_comparison_only,201,37
pressure,0,20,39,vpip,0.1,0.08425000000000021,0.13,estimated,382,40
pressure,0,20,39,pfr,0.09,0.02,0.1,estimated,383,40
pressure,0,20,39,threebet,0.02,0.01,0.06,estimated,416,40
pressure,0,20,39,limp,0.75,0.2737500000000004,0.8500000000000001,estimated,383,40
pressure,0,20,39,aggression,0.55,0.0,0.7000000000000001,estimated,130,32
pressure,0,20,39,cbet,0.35000000000000003,0.0,1.0,insufficient_data,14,11
pressure,0,20,39,bluff,1.0,0.55,1.0,estimated,130,32
pressure,0,20,39,stickiness,0.59,0.27,0.98,estimated,57,23
pressure,0,20,39,size,0.55,0.525,1.305,estimated,65,28
pressure,0,20,39,adaptive,1.0,0.0,1.0,model_comparison_only,187,33
pressure,0,40,59,vpip,0.14,0.1,0.21,estimated,364,40
pressure,0,40,59,pfr,0.14,0.1,0.15,estimated,365,40
pressure,0,40,59,threebet,0.06,0.02,0.06,estimated,428,40
pressure,0,40,59,limp,0.6000000000000001,0.5,0.7000000000000001,estimated,365,40
pressure,0,40,59,aggression,0.35000000000000003,0.0,1.0,estimated,107,31
pressure,0,40,59,cbet,0.30000000000000004,0.0,0.8500000000000001,insufficient_data,19,14
pressure,0,40,59,bluff,1.0,0.6000000000000001,1.0,estimated,107,31
pressure,0,40,59,stickiness,0.45,0.17,0.45,estimated,50,26
pressure,0,40,59,size,1.305,0.54,1.305,estimated,54,22
pressure,0,40,59,adaptive,0.0,0.0,0.0,model_comparison_only,157,33
pressure,0,60,79,vpip,0.17,0.04,0.21,estimated,399,40
pressure,0,60,79,pfr,0.17,0.04,0.21,estimated,400,40
pressure,0,60,79,threebet,0.03,0.02,0.06,estimated,400,40
pressure,0,60,79,limp,0.7000000000000001,0.30000000000000004,0.7762499999999989,estimated,400,40
pressure,0,60,79,aggression,0.7000000000000001,0.0,1.0,estimated,113,33
pressure,0,60,79,cbet,1.0,0.7000000000000001,1.0,insufficient_data,19,17
pressure,0,60,79,bluff,0.8,0.4,1.0,estimated,113,33
pressure,0,60,79,stickiness,0.03,0.03,0.86,estimated,51,25
pressure,0,60,79,size,1.145,0.51,1.22,estimated,52,24
pressure,0,60,79,adaptive,0.0,0.0,1.0,model_comparison_only,164,33
pressure,0,80,99,vpip,0.11,0.06,0.15,estimated,376,40
pressure,0,80,99,pfr,0.11,0.06,0.1352499999999998,estimated,380,40
pressure,0,80,99,threebet,0.03,0.02,0.06,estimated,400,40
pressure,0,80,99,limp,0.6000000000000001,0.4,0.7000000000000001,estimated,380,40
pressure,0,80,99,aggression,0.55,0.35000000000000003,0.75,estimated,120,32
pressure,0,80,99,cbet,0.7000000000000001,0.25,1.0,insufficient_data,17,16
pressure,0,80,99,bluff,0.9,0.65,1.0,estimated,120,32
pressure,0,80,99,stickiness,0.07,0.07,0.8877499999999976,estimated,48,21
pressure,0,80,99,size,1.135,0.505,1.46,estimated,61,29
pressure,0,80,99,adaptive,0.0,0.0,1.0,model_comparison_only,168,32
radishv1,0,0,19,vpip,0.37,0.23475000000000007,0.55,estimated,71,11
radishv1,0,0,19,pfr,0.35000000000000003,0.06850000000000041,0.44,estimated,71,11
radishv1,0,0,19,threebet,0.07,0.05425000000000021,0.07,estimated,25,5
radishv1,0,0,19,limp,0.75,0.05,0.9262499999999989,estimated,71,11
radishv1,0,0,19,aggression,0.2,,,insufficient_data,13,1
radishv1,0,0,19,cbet,,,,insufficient_data,0,0
radishv1,0,0,19,bluff,0.15000000000000002,,,insufficient_data,13,1
radishv1,0,0,19,stickiness,0.86,,,insufficient_data,11,1
radishv1,0,0,19,size,0.81,,,insufficient_data,4,1
radishv1,0,0,19,adaptive,0.0,,,insufficient_data,24,1
radishv1,0,20,39,vpip,0.36,0.24,0.36,estimated,51,11
radishv1,0,20,39,pfr,0.31,0.0,0.31,estimated,51,11
radishv1,0,20,39,threebet,0.02,0.0,0.07,estimated,34,6
radishv1,0,20,39,limp,0.9,0.05,0.9,estimated,51,11
radishv1,0,20,39,aggression,0.55,,,insufficient_data,7,1
radishv1,0,20,39,cbet,0.0,,,insufficient_data,1,1
radishv1,0,20,39,bluff,0.0,,,insufficient_data,7,1
radishv1,0,20,39,stickiness,0.45,,,insufficient_data,8,1
radishv1,0,20,39,size,0.5549999999999999,,,insufficient_data,2,1
radishv1,0,20,39,adaptive,0.0,,,insufficient_data,15,1
radishv1,0,40,59,vpip,0.36,0.22,0.54,estimated,65,11
radishv1,0,40,59,pfr,0.36,0.01,0.36,estimated,65,11
radishv1,0,40,59,threebet,0.07,0.01,0.07,estimated,31,6
radishv1,0,40,59,limp,0.9500000000000001,0.05,0.9500000000000001,weakly_identified,65,11
radishv1,0,40,59,aggression,0.0,,,insufficient_data,4,1
radishv1,0,40,59,cbet,,,,insufficient_data,0,0
radishv1,0,40,59,bluff,0.0,,,insufficient_data,4,1
radishv1,0,40,59,stickiness,0.62,,,insufficient_data,6,1
radishv1,0,40,59,size,,,,insufficient_data,0,0
radishv1,0,40,59,adaptive,0.0,,,insufficient_data,10,1
radishv1,0,60,79,vpip,0.38,0.19,0.54,estimated,60,11
radishv1,0,60,79,pfr,0.29,0.01,0.29,estimated,60,11
radishv1,0,60,79,threebet,0.07,0.01,0.07,estimated,27,5
radishv1,0,60,79,limp,0.9,0.05,0.9500000000000001,weakly_identified,60,11
radishv1,0,60,79,aggression,0.0,,,insufficient_data,10,1
radishv1,0,60,79,cbet,0.0,,,insufficient_data,3,1
radishv1,0,60,79,bluff,0.0,,,insufficient_data,10,1
radishv1,0,60,79,stickiness,0.36,,,insufficient_data,10,1
radishv1,0,60,79,size,,,,insufficient_data,0,0
radishv1,0,60,79,adaptive,0.0,,,insufficient_data,20,1
radishv1,0,80,99,vpip,0.38,0.22,0.54,estimated,71,11
radishv1,0,80,99,pfr,0.32,0.0,0.32,estimated,71,11
radishv1,0,80,99,threebet,0.07,0.0,0.07,estimated,24,5
radishv1,0,80,99,limp,0.9500000000000001,0.05,0.9500000000000001,weakly_identified,71,11
radishv1,0,80,99,aggression,0.6000000000000001,,,insufficient_data,3,1
radishv1,0,80,99,cbet,0.0,,,insufficient_data,2,1
radishv1,0,80,99,bluff,0.0,,,insufficient_data,3,1
radishv1,0,80,99,stickiness,0.33,,,insufficient_data,5,1
radishv1,0,80,99,size,,,,insufficient_data,0,0
radishv1,0,80,99,adaptive,0.0,,,insufficient_data,8,1
radishv2,146,0,19,vpip,0.34,0.23,0.38,estimated,771,76
radishv2,146,0,19,pfr,0.34,0.23,0.38,estimated,778,76
radishv2,146,0,19,threebet,0.02,0.02,0.05,estimated,680,76
radishv2,146,0,19,limp,0.2,0.15000000000000002,0.25,estimated,778,76
radishv2,146,0,19,aggression,0.2,0.0,0.55,estimated,525,76
radishv2,146,0,19,cbet,0.45,0.22375000000000034,0.55,estimated,94,63
radishv2,146,0,19,bluff,0.25,0.05,0.4,estimated,525,76
radishv2,146,0,19,stickiness,0.33,0.18,0.7000000000000001,estimated,370,76
radishv2,146,0,19,size,0.71,0.435,0.7150000000000001,estimated,94,49
radishv2,146,0,19,adaptive,0.0,0.0,1.0,model_comparison_only,895,76
radishv2,146,20,39,vpip,0.38,0.34,0.39,estimated,746,76
radishv2,146,20,39,pfr,0.38,0.34,0.39,estimated,752,76
radishv2,146,20,39,threebet,0.02,0.02,0.07,estimated,706,76
radishv2,146,20,39,limp,0.2,0.15000000000000002,0.25,estimated,752,76
radishv2,146,20,39,aggression,0.0,0.0,0.2762499999999989,estimated,599,76
radishv2,146,20,39,cbet,0.4,0.15000000000000002,0.5,estimated,106,56
radishv2,146,20,39,bluff,0.35000000000000003,0.15000000000000002,0.45,estimated,599,76
radishv2,146,20,39,stickiness,0.74,0.2842500000000002,0.81,estimated,363,75
radishv2,146,20,39,size,0.71,0.7050000000000001,0.7150000000000001,estimated,117,52
radishv2,146,20,39,adaptive,0.0,0.0,1.0,model_comparison_only,962,76
radishv2,146,40,59,vpip,0.38,0.32,0.38,estimated,753,76
radishv2,146,40,59,pfr,0.38,0.32,0.38,estimated,755,76
radishv2,146,40,59,threebet,0.02,0.02,0.02,grid_limited,693,76
radishv2,146,40,59,limp,0.2,0.15000000000000002,0.25,estimated,755,76
radishv2,146,40,59,aggression,0.35000000000000003,0.05,0.55,estimated,532,74
radishv2,146,40,59,cbet,0.15000000000000002,0.05,0.35000000000000003,estimated,93,54
radishv2,146,40,59,bluff,0.2,0.0,0.45,estimated,532,74
radishv2,146,40,59,stickiness,0.33,0.2,0.6152499999999997,estimated,366,72
radishv2,146,40,59,size,0.7150000000000001,0.7073750000000001,0.72,estimated,124,57
radishv2,146,40,59,adaptive,1.0,0.0,1.0,model_comparison_only,898,76
radishv2,146,60,79,vpip,0.38,0.35000000000000003,0.38,estimated,736,76
radishv2,146,60,79,pfr,0.38,0.35000000000000003,0.38,estimated,740,76
radishv2,146,60,79,threebet,0.02,0.02,0.05,estimated,710,76
radishv2,146,60,79,limp,0.2,0.15000000000000002,0.25,estimated,740,76
radishv2,146,60,79,aggression,0.1,0.0,0.55,estimated,530,74
radishv2,146,60,79,cbet,0.45,0.2,0.6000000000000001,estimated,85,52
radishv2,146,60,79,bluff,0.2,0.0,0.25,estimated,530,74
radishv2,146,60,79,stickiness,0.43,0.37,0.66,estimated,357,74
radishv2,146,60,79,size,0.71,0.7050000000000001,0.7150000000000001,estimated,84,44
radishv2,146,60,79,adaptive,0.0,0.0,1.0,model_comparison_only,887,76
radishv2,146,80,99,vpip,0.38,0.38,0.38,grid_limited,763,76
radishv2,146,80,99,pfr,0.38,0.38,0.38,grid_limited,767,76
radishv2,146,80,99,threebet,0.02,0.02,0.02,grid_limited,663,76
radishv2,146,80,99,limp,0.2,0.15000000000000002,0.25,estimated,767,76
radishv2,146,80,99,aggression,0.2,0.0,0.55,estimated,530,75
radishv2,146,80,99,cbet,0.4,0.2,0.5,estimated,98,58
radishv2,146,80,99,bluff,0.30000000000000004,0.0,0.37624999999999886,estimated,530,75
radishv2,146,80,99,stickiness,0.23,0.04,0.53,estimated,364,74
radishv2,146,80,99,size,0.7150000000000001,0.7050000000000001,0.72,estimated,104,48
radishv2,146,80,99,adaptive,0.0,0.0,1.0,model_comparison_only,894,76
renbot,147,0,19,vpip,0.3,0.29,0.37,estimated,90,10
renbot,147,0,19,pfr,0.3,0.29,0.37,estimated,90,10
renbot,147,0,19,threebet,0.07,0.05,0.07,estimated,104,10
renbot,147,0,19,limp,0.0,0.0,0.1,estimated,90,10
renbot,147,0,19,aggression,1.0,1.0,1.0,grid_limited,39,10
renbot,147,0,19,cbet,1.0,1.0,1.0,insufficient_data,14,7
renbot,147,0,19,bluff,1.0,1.0,1.0,grid_limited,39,10
renbot,147,0,19,stickiness,0.81,0.26,0.81,insufficient_data,14,5
renbot,147,0,19,size,0.85,0.8250000000000001,1.22,insufficient_data,19,9
renbot,147,0,19,adaptive,0.0,0.0,1.0,model_comparison_only,53,10
renbot,147,20,39,vpip,0.32,0.17,0.44,estimated,94,10
renbot,147,20,39,pfr,0.32,0.17,0.44,estimated,94,10
renbot,147,20,39,threebet,0.06,0.06,0.07,estimated,96,10
renbot,147,20,39,limp,0.30000000000000004,0.0,0.45,estimated,94,10
renbot,147,20,39,aggression,0.5,0.5,1.0,weakly_identified,29,9
renbot,147,20,39,cbet,1.0,1.0,1.0,insufficient_data,11,5
renbot,147,20,39,bluff,1.0,1.0,1.0,grid_limited,29,9
renbot,147,20,39,stickiness,0.45,0.45,0.45,insufficient_data,9,4
renbot,147,20,39,size,1.5,0.395,1.5,insufficient_data,15,7
renbot,147,20,39,adaptive,0.0,0.0,0.0,model_comparison_only,38,9
renbot,147,40,59,vpip,0.23,0.22,0.29,estimated,100,10
renbot,147,40,59,pfr,0.23,0.22,0.29,estimated,100,10
renbot,147,40,59,threebet,0.03,0.02,0.14,estimated,87,10
renbot,147,40,59,limp,0.05,0.0,0.2,estimated,100,10
renbot,147,40,59,aggression,1.0,0.6000000000000001,1.0,estimated,28,9
renbot,147,40,59,cbet,1.0,1.0,1.0,insufficient_data,11,7
renbot,147,40,59,bluff,1.0,1.0,1.0,grid_limited,28,9
renbot,147,40,59,stickiness,0.41000000000000003,0.41000000000000003,0.45,insufficient_data,7,6
renbot,147,40,59,size,0.635,0.63,1.19,insufficient_data,14,6
renbot,147,40,59,adaptive,0.0,0.0,0.0,model_comparison_only,35,9
renbot,147,60,79,vpip,0.23,0.19,0.23,estimated,95,10
renbot,147,60,79,pfr,0.23,0.18475000000000005,0.23,estimated,95,10
renbot,147,60,79,threebet,0.02,0.01,0.07,estimated,99,10
renbot,147,60,79,limp,0.05,0.0,0.15000000000000002,estimated,95,10
renbot,147,60,79,aggression,1.0,0.6000000000000001,1.0,weakly_identified,28,10
renbot,147,60,79,cbet,1.0,1.0,1.0,insufficient_data,10,7
renbot,147,60,79,bluff,1.0,1.0,1.0,grid_limited,28,10
renbot,147,60,79,stickiness,0.9400000000000001,0.2,0.9400000000000001,insufficient_data,9,4
renbot,147,60,79,size,1.165,0.36,1.3278749999999997,insufficient_data,17,8
renbot,147,60,79,adaptive,0.0,0.0,0.0,model_comparison_only,37,10
renbot,147,80,99,vpip,0.18,0.18,0.22,estimated,109,10
renbot,147,80,99,pfr,0.18,0.18,0.21,estimated,109,10
renbot,147,80,99,threebet,0.03,0.03,0.04,estimated,85,10
renbot,147,80,99,limp,0.1,0.0,0.2762499999999989,estimated,109,10
renbot,147,80,99,aggression,1.0,1.0,1.0,grid_limited,40,9
renbot,147,80,99,cbet,1.0,1.0,1.0,insufficient_data,9,6
renbot,147,80,99,bluff,1.0,0.9737500000000003,1.0,estimated,40,9
renbot,147,80,99,stickiness,0.45,0.45,0.45,insufficient_data,12,7
renbot,147,80,99,size,0.605,0.325,1.2349999999999999,estimated,25,9
renbot,147,80,99,adaptive,0.0,0.0,0.0,model_comparison_only,52,10
samith pai is lowkey leng,149,0,19,vpip,0.25,0.23,0.28,estimated,47,4
samith pai is lowkey leng,149,0,19,pfr,0.25,0.23,0.28,estimated,47,4
samith pai is lowkey leng,149,0,19,threebet,0.07,0.07,0.07,grid_limited,29,4
samith pai is lowkey leng,149,0,19,limp,0.05,0.0,0.2,estimated,47,4
samith pai is lowkey leng,149,0,19,aggression,0.75,0.0,1.0,insufficient_data,17,3
samith pai is lowkey leng,149,0,19,cbet,0.8,0.35000000000000003,1.0,insufficient_data,7,2
samith pai is lowkey leng,149,0,19,bluff,0.30000000000000004,0.0,1.0,insufficient_data,17,3
samith pai is lowkey leng,149,0,19,stickiness,0.84,0.45,0.84,insufficient_data,12,4
samith pai is lowkey leng,149,0,19,size,0.51,0.505,0.75,insufficient_data,4,3
samith pai is lowkey leng,149,0,19,adaptive,0.0,0.0,0.0,model_comparison_only,29,4
samith pai is lowkey leng,149,20,39,vpip,0.13,0.13,0.22,estimated,33,4
samith pai is lowkey leng,149,20,39,pfr,0.13,0.13,0.18,estimated,33,4
samith pai is lowkey leng,149,20,39,threebet,0.04,0.04,0.07,estimated,44,4
samith pai is lowkey leng,149,20,39,limp,0.15000000000000002,0.0,0.2762499999999989,estimated,33,4
samith pai is lowkey leng,149,20,39,aggression,0.7000000000000001,0.35000000000000003,0.7000000000000001,weakly_identified,24,4
samith pai is lowkey leng,149,20,39,cbet,1.0,0.65,1.0,insufficient_data,4,4
samith pai is lowkey leng,149,20,39,bluff,0.25,0.0,0.8,weakly_identified,24,4
samith pai is lowkey leng,149,20,39,stickiness,0.51,0.45,0.51,insufficient_data,9,2
samith pai is lowkey leng,149,20,39,size,0.5800000000000001,0.5800000000000001,0.66,insufficient_data,8,3
samith pai is lowkey leng,149,20,39,adaptive,0.0,0.0,0.0,model_comparison_only,33,4
samith pai is lowkey leng,149,40,59,vpip,0.17,0.15,0.22,estimated,44,4
samith pai is lowkey leng,149,40,59,pfr,0.17,0.15,0.18,estimated,44,4
samith pai is lowkey leng,149,40,59,threebet,0.07,0.07,0.07,grid_limited,33,4
samith pai is lowkey leng,149,40,59,limp,0.15000000000000002,0.0,0.15000000000000002,estimated,44,4
samith pai is lowkey leng,149,40,59,aggression,0.55,0.0,0.6000000000000001,estimated,24,3
samith pai is lowkey leng,149,40,59,cbet,1.0,1.0,1.0,insufficient_data,6,3
samith pai is lowkey leng,149,40,59,bluff,0.25,0.0,0.45,weakly_identified,24,3
samith pai is lowkey leng,149,40,59,stickiness,0.87,0.0,0.87,insufficient_data,11,3
samith pai is lowkey leng,149,40,59,size,0.515,0.505,0.75,insufficient_data,5,3
samith pai is lowkey leng,149,40,59,adaptive,0.0,0.0,0.0,model_comparison_only,35,3
samith pai is lowkey leng,149,60,79,vpip,0.22,0.11,0.53,estimated,40,4
samith pai is lowkey leng,149,60,79,pfr,0.21,0.11,0.53,estimated,40,4
samith pai is lowkey leng,149,60,79,threebet,0.07,0.07,0.07,grid_limited,37,4
samith pai is lowkey leng,149,60,79,limp,0.2,0.0,0.30000000000000004,estimated,40,4
samith pai is lowkey leng,149,60,79,aggression,0.55,0.55,0.6000000000000001,insufficient_data,17,4
samith pai is lowkey leng,149,60,79,cbet,0.55,0.0,1.0,insufficient_data,3,2
samith pai is lowkey leng,149,60,79,bluff,0.35000000000000003,0.0,1.0,insufficient_data,17,4
samith pai is lowkey leng,149,60,79,stickiness,0.88,0.45,0.88,insufficient_data,8,3
samith pai is lowkey leng,149,60,79,size,0.745,0.5549999999999999,0.76,insufficient_data,6,3
samith pai is lowkey leng,149,60,79,adaptive,0.0,0.0,0.0,model_comparison_only,25,4
samith pai is lowkey leng,149,80,99,vpip,0.22,0.22,0.22,grid_limited,43,4
samith pai is lowkey leng,149,80,99,pfr,0.22,0.18,0.22,estimated,43,4
samith pai is lowkey leng,149,80,99,threebet,0.07,0.07,0.2,estimated,33,4
samith pai is lowkey leng,149,80,99,limp,0.25,0.0,0.5,estimated,43,4
samith pai is lowkey leng,149,80,99,aggression,0.7000000000000001,0.55,0.7000000000000001,insufficient_data,12,3
samith pai is lowkey leng,149,80,99,cbet,1.0,1.0,1.0,insufficient_data,4,3
samith pai is lowkey leng,149,80,99,bluff,0.0,0.0,0.15000000000000002,insufficient_data,12,3
samith pai is lowkey leng,149,80,99,stickiness,0.71,0.45,0.71,insufficient_data,9,3
samith pai is lowkey leng,149,80,99,size,0.75,0.635,0.75,insufficient_data,2,2
samith pai is lowkey leng,149,80,99,adaptive,0.0,0.0,0.0,model_comparison_only,21,3
testQ,155,0,19,vpip,0.24,0.22,0.41000000000000003,estimated,37,4
testQ,155,0,19,pfr,0.24,0.18,0.41000000000000003,estimated,37,4
testQ,155,0,19,threebet,0.07,0.07,0.07,grid_limited,41,4
testQ,155,0,19,limp,0.0,0.0,0.026249999999998865,estimated,37,4
testQ,155,0,19,aggression,0.7000000000000001,0.35000000000000003,0.7000000000000001,insufficient_data,19,4
testQ,155,0,19,cbet,0.4,0.0,1.0,insufficient_data,6,3
testQ,155,0,19,bluff,0.35000000000000003,0.0,1.0,insufficient_data,19,4
testQ,155,0,19,stickiness,0.45,0.45,0.45,insufficient_data,10,4
testQ,155,0,19,size,0.635,0.335,0.635,insufficient_data,5,3
testQ,155,0,19,adaptive,0.0,0.0,0.0,model_comparison_only,29,4
testQ,155,20,39,vpip,0.22,0.22,0.22,grid_limited,39,4
testQ,155,20,39,pfr,0.21,0.18,0.21,estimated,39,4
testQ,155,20,39,threebet,0.05,0.05,0.07,estimated,34,4
testQ,155,20,39,limp,0.0,0.0,0.0,grid_limited,39,4
testQ,155,20,39,aggression,0.6000000000000001,0.6000000000000001,0.6000000000000001,insufficient_data,17,4
testQ,155,20,39,cbet,0.55,0.0,1.0,insufficient_data,6,4
testQ,155,20,39,bluff,1.0,0.0,1.0,insufficient_data,17,4
testQ,155,20,39,stickiness,0.45,0.45,0.45,insufficient_data,7,4
testQ,155,20,39,size,0.62,0.29,0.62,insufficient_data,9,3
testQ,155,20,39,adaptive,0.0,0.0,0.0,model_comparison_only,24,4
testQ,155,40,59,vpip,0.42,0.22,0.42,estimated,39,4
testQ,155,40,59,pfr,0.42,0.18,0.42,estimated,39,4
testQ,155,40,59,threebet,0.07,0.07,0.07,grid_limited,35,4
testQ,155,40,59,limp,0.15000000000000002,0.0,0.15000000000000002,estimated,39,4
testQ,155,40,59,aggression,0.6000000000000001,0.6000000000000001,0.6000000000000001,insufficient_data,10,4
testQ,155,40,59,cbet,0.5,0.0,1.0,insufficient_data,7,4
testQ,155,40,59,bluff,0.65,0.0,1.0,insufficient_data,10,4
testQ,155,40,59,stickiness,0.03,0.03,0.45,insufficient_data,11,4
testQ,155,40,59,size,0.295,,,insufficient_data,1,1
testQ,155,40,59,adaptive,0.0,0.0,0.0,model_comparison_only,21,4
testQ,155,60,79,vpip,0.22,0.17,0.26,estimated,43,4
testQ,155,60,79,pfr,0.21,0.17,0.26,estimated,43,4
testQ,155,60,79,threebet,0.07,0.07,0.07,grid_limited,28,4
testQ,155,60,79,limp,0.15000000000000002,0.0,0.25,estimated,43,4
testQ,155,60,79,aggression,0.0,0.0,1.0,insufficient_data,11,3
testQ,155,60,79,cbet,0.75,0.0,1.0,insufficient_data,4,2
testQ,155,60,79,bluff,0.25,0.0,0.65,insufficient_data,11,3
testQ,155,60,79,stickiness,0.45,0.45,0.45,insufficient_data,4,2
testQ,155,60,79,size,0.29,,,insufficient_data,1,1
testQ,155,60,79,adaptive,0.0,0.0,0.0,insufficient_data,15,3
testQ,155,80,99,vpip,0.22,0.17,0.28,estimated,46,4
testQ,155,80,99,pfr,0.18,0.17,0.28,estimated,46,4
testQ,155,80,99,threebet,0.03,0.03,0.07,estimated,25,4
testQ,155,80,99,limp,0.05,0.0,0.1,estimated,46,4
testQ,155,80,99,aggression,0.0,0.0,0.6000000000000001,insufficient_data,10,3
testQ,155,80,99,cbet,0.4,0.2,0.65,insufficient_data,4,2
testQ,155,80,99,bluff,0.30000000000000004,0.0,0.45,insufficient_data,10,3
testQ,155,80,99,stickiness,0.24,0.24,0.8,insufficient_data,13,4
testQ,155,80,99,size,0.3,,,insufficient_data,1,1
testQ,155,80,99,adaptive,0.0,0.0,1.0,model_comparison_only,23,4
the GOON,165,0,19,vpip,0.16,0.16,0.24524999999999977,estimated,726,76
the GOON,165,0,19,pfr,0.16,0.16,0.24524999999999977,estimated,728,76
the GOON,165,0,19,threebet,0.05,0.05,0.08,estimated,736,76
the GOON,165,0,19,limp,0.1,0.05,0.2,estimated,728,76
the GOON,165,0,19,aggression,0.75,0.30000000000000004,1.0,estimated,238,64
the GOON,165,0,19,cbet,0.45,0.25,0.7000000000000001,estimated,90,51
the GOON,165,0,19,bluff,0.9500000000000001,0.75,1.0,estimated,238,64
the GOON,165,0,19,stickiness,0.15,0.0,0.43,estimated,121,61
the GOON,165,0,19,size,0.365,0.347375,0.37,estimated,86,43
the GOON,165,0,19,adaptive,1.0,0.0,1.0,model_comparison_only,359,69
the GOON,165,20,39,vpip,0.23,0.13,0.23,estimated,687,76
the GOON,165,20,39,pfr,0.23,0.13,0.23,estimated,691,76
the GOON,165,20,39,threebet,0.05,0.03950000000000014,0.07,estimated,750,76
the GOON,165,20,39,limp,0.2,0.05,0.25,estimated,691,76
the GOON,165,20,39,aggression,0.15000000000000002,0.15000000000000002,0.5,estimated,280,66
the GOON,165,20,39,cbet,0.65,0.45,0.8500000000000001,estimated,92,50
the GOON,165,20,39,bluff,1.0,0.9,1.0,estimated,280,66
the GOON,165,20,39,stickiness,0.02,0.02,0.308249999999997,estimated,85,49
the GOON,165,20,39,size,0.365,0.36,0.3726249999999999,estimated,108,53
the GOON,165,20,39,adaptive,0.0,0.0,0.5249999999999773,model_comparison_only,365,70
the GOON,165,40,59,vpip,0.22,0.17,0.22,estimated,689,76
the GOON,165,40,59,pfr,0.22,0.17,0.22,estimated,691,76
the GOON,165,40,59,threebet,0.06,0.03,0.06,estimated,749,76
the GOON,165,40,59,limp,0.2,0.05,0.25,estimated,691,76
the GOON,165,40,59,aggression,0.7000000000000001,0.15000000000000002,1.0,weakly_identified,254,63
the GOON,165,40,59,cbet,0.65,0.4,0.8,estimated,74,48
the GOON,165,40,59,bluff,1.0,1.0,1.0,grid_limited,254,63
the GOON,165,40,59,stickiness,0.24,0.0,0.45,estimated,94,51
the GOON,165,40,59,size,0.36,0.35,0.365,estimated,124,50
the GOON,165,40,59,adaptive,0.0,0.0,0.5249999999999773,model_comparison_only,348,71
the GOON,165,60,79,vpip,0.16,0.16,0.25,estimated,700,76
the GOON,165,60,79,pfr,0.16,0.16,0.25,estimated,704,76
the GOON,165,60,79,threebet,0.05,0.02,0.1,estimated,734,76
the GOON,165,60,79,limp,0.05,0.0,0.2,estimated,704,76
the GOON,165,60,79,aggression,0.30000000000000004,0.2,0.7000000000000001,estimated,238,60
the GOON,165,60,79,cbet,0.9,0.7000000000000001,1.0,estimated,81,48
the GOON,165,60,79,bluff,1.0,0.8500000000000001,1.0,estimated,238,60
the GOON,165,60,79,stickiness,0.02,0.02,0.45,estimated,92,50
the GOON,165,60,79,size,0.35,0.33999999999999997,0.36,estimated,95,42
the GOON,165,60,79,adaptive,0.0,0.0,1.0,model_comparison_only,330,68
the GOON,165,80,99,vpip,0.17,0.15,0.22,estimated,708,76
the GOON,165,80,99,pfr,0.17,0.15,0.22,estimated,709,76
the GOON,165,80,99,threebet,0.06,0.05,0.06,estimated,721,76
the GOON,165,80,99,limp,0.15000000000000002,0.05,0.25,estimated,709,76
the GOON,165,80,99,aggression,0.15000000000000002,0.15000000000000002,0.5,estimated,249,68
the GOON,165,80,99,cbet,0.65,0.35000000000000003,0.8500000000000001,estimated,74,47
the GOON,165,80,99,bluff,1.0,1.0,1.0,grid_limited,249,68
the GOON,165,80,99,stickiness,0.01,0.01,0.8200000000000001,estimated,85,48
the GOON,165,80,99,size,0.36,0.355,0.39,estimated,109,48
the GOON,165,80,99,adaptive,0.0,0.0,0.0,model_comparison_only,334,72
the big dog,167,0,19,vpip,0.23,0.13,0.23,estimated,421,44
the big dog,167,0,19,pfr,0.23,0.13,0.23,estimated,422,44
the big dog,167,0,19,threebet,0.04,0.03,0.05,estimated,339,42
the big dog,167,0,19,limp,0.2,0.05,0.25,estimated,422,44
the big dog,167,0,19,aggression,0.55,0.55,0.55,grid_limited,138,31
the big dog,167,0,19,cbet,0.75,0.55,0.9500000000000001,estimated,27,20
the big dog,167,0,19,bluff,0.15000000000000002,0.0,0.4,estimated,138,31
the big dog,167,0,19,stickiness,0.5,0.27,0.87,estimated,73,26
the big dog,167,0,19,size,0.745,0.6000000000000001,0.7526249999999999,estimated,37,15
the big dog,167,0,19,adaptive,1.0,0.0,1.0,model_comparison_only,211,32
the big dog,167,20,39,vpip,0.16,0.13475000000000006,0.22,estimated,410,44
the big dog,167,20,39,pfr,0.16,0.13,0.22,estimated,415,44
the big dog,167,20,39,threebet,0.05,0.05,0.05,grid_limited,359,42
the big dog,167,20,39,limp,0.2,0.05,0.30000000000000004,estimated,415,44
the big dog,167,20,39,aggression,0.55,0.0,1.0,estimated,114,33
the big dog,167,20,39,cbet,0.55,0.30000000000000004,0.8,estimated,25,18
the big dog,167,20,39,bluff,0.05,0.0,0.6762499999999989,estimated,114,33
the big dog,167,20,39,stickiness,0.63,0.16,0.8692499999999962,estimated,80,31
the big dog,167,20,39,size,0.625,0.6000000000000001,0.745,estimated,33,20
the big dog,167,20,39,adaptive,1.0,0.0,1.0,model_comparison_only,194,35
the big dog,167,40,59,vpip,0.23,0.1,0.23,estimated,402,44
the big dog,167,40,59,pfr,0.23,0.1,0.23,estimated,406,44
the big dog,167,40,59,threebet,0.03,0.03,0.05,estimated,344,42
the big dog,167,40,59,limp,0.30000000000000004,0.0,0.35000000000000003,estimated,406,44
the big dog,167,40,59,aggression,0.2,0.0,0.55,estimated,134,31
the big dog,167,40,59,cbet,0.55,0.2,0.8500000000000001,weakly_identified,21,18
the big dog,167,40,59,bluff,0.45,0.05,0.55,weakly_identified,134,31
the big dog,167,40,59,stickiness,0.75,0.42,0.92,estimated,50,22
the big dog,167,40,59,size,0.745,0.595,0.765,estimated,37,17
the big dog,167,40,59,adaptive,0.0,0.0,1.0,model_comparison_only,184,32
the big dog,167,60,79,vpip,0.17,0.11,0.23,estimated,408,44
the big dog,167,60,79,pfr,0.17,0.11,0.23,estimated,412,44
the big dog,167,60,79,threebet,0.03,0.03,0.05,estimated,364,42
the big dog,167,60,79,limp,0.2,0.0,0.25,estimated,412,44
the big dog,167,60,79,aggression,0.7000000000000001,0.55,1.0,estimated,139,33
the big dog,167,60,79,cbet,0.6000000000000001,0.4,0.8500000000000001,estimated,33,25
the big dog,167,60,79,bluff,0.25,0.05,0.45,estimated,139,33
the big dog,167,60,79,stickiness,0.8300000000000001,0.42,0.98,estimated,64,22
the big dog,167,60,79,size,0.755,0.75,0.76,estimated,56,23
the big dog,167,60,79,adaptive,0.0,0.0,0.0,model_comparison_only,203,33
the big dog,167,80,99,vpip,0.15,0.15,0.22,estimated,404,44
the big dog,167,80,99,pfr,0.15,0.11,0.22,estimated,407,44
the big dog,167,80,99,threebet,0.03,0.03,0.07,estimated,364,42
the big dog,167,80,99,limp,0.05,0.0,0.22624999999999887,estimated,407,44
the big dog,167,80,99,aggression,0.7000000000000001,0.0,0.7000000000000001,estimated,128,31
the big dog,167,80,99,cbet,0.6000000000000001,0.32375000000000037,0.8,estimated,29,18
the big dog,167,80,99,bluff,0.2,0.0,0.55,estimated,128,31
the big dog,167,80,99,stickiness,0.71,0.31,0.98,estimated,76,31
the big dog,167,80,99,size,0.61,0.595,0.74,estimated,31,17
the big dog,167,80,99,adaptive,0.0,0.0,1.0,model_comparison_only,204,33
the notorious,168,0,19,vpip,0.16,0.14,0.17,estimated,641,70
the notorious,168,0,19,pfr,0.16,0.14,0.17,estimated,644,70
the notorious,168,0,19,threebet,0.07,0.06,0.07,estimated,682,70
the notorious,168,0,19,limp,0.05,0.0,0.15000000000000002,estimated,644,70
the notorious,168,0,19,aggression,0.0,0.0,0.15000000000000002,estimated,266,60
the notorious,168,0,19,cbet,0.4,0.2,0.6000000000000001,estimated,57,40
the notorious,168,0,19,bluff,0.35000000000000003,0.25,0.5,estimated,266,60
the notorious,168,0,19,stickiness,0.13,0.02,0.93,estimated,184,59
the notorious,168,0,19,size,0.35,0.33237500000000003,1.175,estimated,42,30
the notorious,168,0,19,adaptive,0.0,0.0,0.0,model_comparison_only,450,68
the notorious,168,20,39,vpip,0.14,0.14,0.17,estimated,614,70
the notorious,168,20,39,pfr,0.14,0.14,0.17,estimated,618,70
the notorious,168,20,39,threebet,0.09,0.07,0.09,estimated,711,70
the notorious,168,20,39,limp,0.05,0.0,0.15000000000000002,estimated,618,70
the notorious,168,20,39,aggression,0.1,0.0,0.30000000000000004,estimated,227,59
the notorious,168,20,39,cbet,0.4,0.2,0.55,estimated,59,42
the notorious,168,20,39,bluff,0.35000000000000003,0.2,0.5,estimated,227,59
the notorious,168,20,39,stickiness,0.71,0.24,0.8,estimated,174,57
the notorious,168,20,39,size,0.455,0.45,1.175,estimated,42,27
the notorious,168,20,39,adaptive,0.0,0.0,1.0,model_comparison_only,401,66
the notorious,168,40,59,vpip,0.14,0.14,0.15,estimated,605,70
the notorious,168,40,59,pfr,0.14,0.14,0.15,estimated,607,70
the notorious,168,40,59,threebet,0.06,0.06,0.1,estimated,703,70
the notorious,168,40,59,limp,0.0,0.0,0.05,estimated,607,70
the notorious,168,40,59,aggression,0.15000000000000002,0.0,0.30000000000000004,estimated,301,62
the notorious,168,40,59,cbet,0.45,0.30000000000000004,0.6762499999999989,estimated,68,46
the notorious,168,40,59,bluff,0.2,0.1,0.4,estimated,301,62
the notorious,168,40,59,stickiness,0.45,0.12,0.86,estimated,177,63
the notorious,168,40,59,size,1.1800000000000002,0.445,1.36,estimated,50,30
the notorious,168,40,59,adaptive,1.0,0.0,1.0,model_comparison_only,478,69
the notorious,168,60,79,vpip,0.15,0.14,0.15,estimated,618,70
the notorious,168,60,79,pfr,0.15,0.14,0.15,estimated,621,70
the notorious,168,60,79,threebet,0.07,0.06,0.07,estimated,710,70
the notorious,168,60,79,limp,0.1,0.0,0.15000000000000002,estimated,621,70
the notorious,168,60,79,aggression,0.05,0.0,0.2,estimated,262,61
the notorious,168,60,79,cbet,0.5,0.4,0.65,estimated,67,38
the notorious,168,60,79,bluff,0.30000000000000004,0.15000000000000002,0.4,estimated,262,61
the notorious,168,60,79,stickiness,0.45,0.0,0.52,estimated,175,62
the notorious,168,60,79,size,0.45,0.33999999999999997,1.1800000000000002,estimated,36,28
the notorious,168,60,79,adaptive,0.0,0.0,0.0,model_comparison_only,437,65
the notorious,168,80,99,vpip,0.14,0.14,0.15,estimated,631,70
the notorious,168,80,99,pfr,0.14,0.14,0.15,estimated,634,70
the notorious,168,80,99,threebet,0.09,0.05950000000000014,0.09,estimated,673,70
the notorious,168,80,99,limp,0.0,0.0,0.1,estimated,634,70
the notorious,168,80,99,aggression,0.0,0.0,0.15000000000000002,estimated,242,59
the notorious,168,80,99,cbet,0.35000000000000003,0.2,0.55,estimated,63,45
the notorious,168,80,99,bluff,0.2,0.1,0.30000000000000004,estimated,242,59
the notorious,168,80,99,stickiness,0.58,0.16,0.73,estimated,158,57
the notorious,168,80,99,size,1.1800000000000002,0.335,1.185,estimated,33,27
the notorious,168,80,99,adaptive,1.0,0.0,1.0,model_comparison_only,400,65
tripi tropi,169,0,19,vpip,0.23,0.17,0.24,estimated,340,30
tripi tropi,169,0,19,pfr,0.23,0.17,0.24,estimated,343,30
tripi tropi,169,0,19,threebet,0.04,0.04,0.05,estimated,234,30
tripi tropi,169,0,19,limp,0.1,0.05,0.15000000000000002,estimated,343,30
tripi tropi,169,0,19,aggression,0.55,0.55,0.65,estimated,111,23
tripi tropi,169,0,19,cbet,0.35000000000000003,0.05,0.6000000000000001,weakly_identified,26,17
tripi tropi,169,0,19,bluff,0.2,0.0,0.4,estimated,111,23
tripi tropi,169,0,19,stickiness,0.84,0.23,1.0,estimated,63,19
tripi tropi,169,0,19,size,0.745,0.5900000000000001,0.76,estimated,26,12
tripi tropi,169,0,19,adaptive,0.0,0.0,1.0,model_comparison_only,174,25
tripi tropi,169,20,39,vpip,0.17,0.13,0.24,estimated,296,30
tripi tropi,169,20,39,pfr,0.17,0.13,0.24,estimated,300,30
tripi tropi,169,20,39,threebet,0.04,0.04,0.06,estimated,265,30
tripi tropi,169,20,39,limp,0.1,0.05,0.30000000000000004,estimated,300,30
tripi tropi,169,20,39,aggression,0.7000000000000001,0.35000000000000003,0.7000000000000001,estimated,98,25
tripi tropi,169,20,39,cbet,1.0,0.8500000000000001,1.0,estimated,27,17
tripi tropi,169,20,39,bluff,0.15000000000000002,0.0,0.4,estimated,98,25
tripi tropi,169,20,39,stickiness,0.84,0.1,0.84,estimated,46,17
tripi tropi,169,20,39,size,0.75,0.6000000000000001,0.76,estimated,24,11
tripi tropi,169,20,39,adaptive,0.0,0.0,1.0,model_comparison_only,144,26
tripi tropi,169,40,59,vpip,0.17,0.13,0.17,estimated,313,30
tripi tropi,169,40,59,pfr,0.17,0.13,0.17,estimated,313,30
tripi tropi,169,40,59,threebet,0.03,0.03,0.05,estimated,261,30
tripi tropi,169,40,59,limp,0.1,0.0,0.2,estimated,313,30
tripi tropi,169,40,59,aggression,0.7000000000000001,0.0,0.9262499999999989,estimated,87,23
tripi tropi,169,40,59,cbet,0.45,0.2,0.75,estimated,28,17
tripi tropi,169,40,59,bluff,0.25,0.05,0.6762499999999989,estimated,87,23
tripi tropi,169,40,59,stickiness,0.62,0.45,0.84,estimated,49,22
tripi tropi,169,40,59,size,0.605,0.5900000000000001,0.63,estimated,20,14
tripi tropi,169,40,59,adaptive,0.0,0.0,0.0,model_comparison_only,136,26
tripi tropi,169,60,79,vpip,0.17,0.14,0.17,estimated,302,30
tripi tropi,169,60,79,pfr,0.17,0.14,0.17,estimated,302,30
tripi tropi,169,60,79,threebet,0.03,0.03,0.06,estimated,271,30
tripi tropi,169,60,79,limp,0.05,0.0,0.1,estimated,302,30
tripi tropi,169,60,79,aggression,0.55,0.0,0.55,estimated,71,23
tripi tropi,169,60,79,cbet,0.8,0.5,1.0,insufficient_data,16,10
tripi tropi,169,60,79,bluff,0.25,0.05,0.75,estimated,71,23
tripi tropi,169,60,79,stickiness,0.6900000000000001,0.14,1.0,estimated,59,21
tripi tropi,169,60,79,size,0.745,0.6023750000000001,0.765,insufficient_data,19,11
tripi tropi,169,60,79,adaptive,0.0,0.0,1.0,model_comparison_only,130,26
tripi tropi,169,80,99,vpip,0.16,0.11,0.24049999999999955,estimated,326,30
tripi tropi,169,80,99,pfr,0.16,0.11,0.24049999999999955,estimated,328,30
tripi tropi,169,80,99,threebet,0.03,0.03,0.04,estimated,249,30
tripi tropi,169,80,99,limp,0.15000000000000002,0.0,0.25,estimated,328,30
tripi tropi,169,80,99,aggression,0.75,0.55,1.0,estimated,92,28
tripi tropi,169,80,99,cbet,0.6000000000000001,0.2,0.9262499999999989,weakly_identified,25,18
tripi tropi,169,80,99,bluff,0.35000000000000003,0.1,0.6000000000000001,estimated,92,28
tripi tropi,169,80,99,stickiness,0.86,0.41000000000000003,0.86,estimated,38,20
tripi tropi,169,80,99,size,0.745,0.585,0.765,estimated,34,21
tripi tropi,169,80,99,adaptive,0.0,0.0,0.0,model_comparison_only,130,28
tungbot,171,0,19,vpip,0.23,0.17,0.29,estimated,922,91
tungbot,171,0,19,pfr,0.23,0.17,0.29,estimated,928,91
tungbot,171,0,19,threebet,0.08,0.06,0.09,estimated,821,91
tungbot,171,0,19,limp,0.15000000000000002,0.1,0.25,estimated,928,91
tungbot,171,0,19,aggression,0.2,0.2,0.7000000000000001,estimated,465,85
tungbot,171,0,19,cbet,0.55,0.35000000000000003,0.7000000000000001,estimated,131,66
tungbot,171,0,19,bluff,0.8500000000000001,0.55,1.0,estimated,465,85
tungbot,171,0,19,stickiness,0.0,0.0,0.45,estimated,219,79
tungbot,171,0,19,size,0.37,0.365,0.375,estimated,158,65
tungbot,171,0,19,adaptive,0.0,0.0,0.0,model_comparison_only,684,91
tungbot,171,20,39,vpip,0.22,0.17,0.24,estimated,880,91
tungbot,171,20,39,pfr,0.22,0.17,0.24,estimated,888,91
tungbot,171,20,39,threebet,0.06,0.05475000000000007,0.08,estimated,831,91
tungbot,171,20,39,limp,0.15000000000000002,0.05,0.2,estimated,888,91
tungbot,171,20,39,aggression,0.6000000000000001,0.15000000000000002,0.8500000000000001,estimated,500,88
tungbot,171,20,39,cbet,0.7000000000000001,0.5,0.8500000000000001,estimated,128,72
tungbot,171,20,39,bluff,0.9,0.7000000000000001,1.0,estimated,500,88
tungbot,171,20,39,stickiness,0.1,0.0,0.8304999999999996,estimated,214,83
tungbot,171,20,39,size,0.365,0.36,0.37,estimated,212,77
tungbot,171,20,39,adaptive,0.0,0.0,1.0,model_comparison_only,714,91
tungbot,171,40,59,vpip,0.22,0.17,0.23,estimated,871,91
tungbot,171,40,59,pfr,0.22,0.17,0.23,estimated,874,91
tungbot,171,40,59,threebet,0.06,0.05,0.06,estimated,843,91
tungbot,171,40,59,limp,0.2,0.05,0.22624999999999887,estimated,874,91
tungbot,171,40,59,aggression,0.15000000000000002,0.0,0.30000000000000004,estimated,440,86
tungbot,171,40,59,cbet,0.55,0.4,0.7762499999999989,estimated,113,63
tungbot,171,40,59,bluff,1.0,0.8500000000000001,1.0,estimated,440,86
tungbot,171,40,59,stickiness,0.28,0.1,0.43,estimated,214,79
tungbot,171,40,59,size,0.365,0.36,0.37,estimated,183,73
tungbot,171,40,59,adaptive,1.0,0.0,1.0,model_comparison_only,654,88
tungbot,171,60,79,vpip,0.22,0.15,0.24,estimated,858,91
tungbot,171,60,79,pfr,0.22,0.15,0.24,estimated,864,91
tungbot,171,60,79,threebet,0.06,0.05,0.06,estimated,861,91
tungbot,171,60,79,limp,0.25,0.05,0.2762499999999989,estimated,864,91
tungbot,171,60,79,aggression,0.5,0.15000000000000002,0.9500000000000001,estimated,405,85
tungbot,171,60,79,cbet,0.75,0.5,0.8500000000000001,estimated,108,62
tungbot,171,60,79,bluff,0.8500000000000001,0.65,1.0,estimated,405,85
tungbot,171,60,79,stickiness,0.06,0.04,0.24,estimated,193,79
tungbot,171,60,79,size,0.36,0.35,0.37,estimated,154,67
tungbot,171,60,79,adaptive,0.0,0.0,1.0,model_comparison_only,598,88
tungbot,171,80,99,vpip,0.23,0.16,0.24,estimated,869,91
tungbot,171,80,99,pfr,0.23,0.16,0.24,estimated,877,91
tungbot,171,80,99,threebet,0.06,0.06,0.08,estimated,851,91
tungbot,171,80,99,limp,0.25,0.1,0.25,estimated,877,91
tungbot,171,80,99,aggression,0.30000000000000004,0.15000000000000002,1.0,weakly_identified,418,83
tungbot,171,80,99,cbet,0.7000000000000001,0.4,0.8500000000000001,estimated,103,59
tungbot,171,80,99,bluff,1.0,0.7000000000000001,1.0,estimated,418,83
tungbot,171,80,99,stickiness,0.26,0.03,0.28,estimated,183,80
tungbot,171,80,99,size,0.36,0.355,0.365,estimated,182,71
tungbot,171,80,99,adaptive,0.0,0.0,1.0,model_comparison_only,601,86
tutududu,173,0,19,vpip,0.2,0.18,0.2,estimated,520,51
tutududu,173,0,19,pfr,0.18,0.18,0.2,estimated,526,51
tutududu,173,0,19,threebet,0.04,0.04,0.05,estimated,445,51
tutududu,173,0,19,limp,0.05,0.0,0.1,estimated,526,51
tutududu,173,0,19,aggression,1.0,0.32375000000000037,1.0,estimated,247,47
tutududu,173,0,19,cbet,0.8,0.6000000000000001,1.0,estimated,61,31
tutududu,173,0,19,bluff,0.25,0.1,0.6000000000000001,estimated,247,47
tutududu,173,0,19,stickiness,0.89,0.5700000000000001,1.0,estimated,116,38
tutududu,173,0,19,size,0.575,0.45,0.5800000000000001,estimated,70,33
tutududu,173,0,19,adaptive,0.0,0.0,1.0,model_comparison_only,363,47
tutududu,173,20,39,vpip,0.18,0.18,0.23,estimated,499,51
tutududu,173,20,39,pfr,0.18,0.18,0.18,grid_limited,506,51
tutududu,173,20,39,threebet,0.05,0.04,0.05,estimated,465,51
tutududu,173,20,39,limp,0.0,0.0,0.0,grid_limited,506,51
tutududu,173,20,39,aggression,0.55,0.55,0.7000000000000001,estimated,251,49
tutududu,173,20,39,cbet,0.6000000000000001,0.30000000000000004,0.8500000000000001,estimated,56,33
tutududu,173,20,39,bluff,0.6000000000000001,0.35000000000000003,0.75,estimated,251,49
tutududu,173,20,39,stickiness,1.0,0.6900000000000001,1.0,estimated,95,40
tutududu,173,20,39,size,0.45,0.445,0.575,estimated,82,38
tutududu,173,20,39,adaptive,0.0,0.0,1.0,model_comparison_only,346,49
tutududu,173,40,59,vpip,0.2,0.18,0.2,estimated,504,51
tutududu,173,40,59,pfr,0.2,0.18,0.2,estimated,509,51
tutududu,173,40,59,threebet,0.05,0.05,0.06,estimated,467,51
tutududu,173,40,59,limp,0.0,0.0,0.05,estimated,509,51
tutududu,173,40,59,aggression,0.6000000000000001,0.15000000000000002,1.0,estimated,218,47
tutududu,173,40,59,cbet,0.6000000000000001,0.30000000000000004,0.8500000000000001,estimated,46,30
tutududu,173,40,59,bluff,0.5,0.25,0.9762499999999988,estimated,218,47
tutududu,173,40,59,stickiness,0.9400000000000001,0.84,0.96,estimated,106,41
tutududu,173,40,59,size,0.575,0.445,0.5800000000000001,estimated,87,35
tutududu,173,40,59,adaptive,0.0,0.0,0.0,model_comparison_only,324,49
tutududu,173,60,79,vpip,0.18,0.18,0.22,estimated,506,51
tutududu,173,60,79,pfr,0.18,0.18,0.21,estimated,512,51
tutududu,173,60,79,threebet,0.04,0.04,0.05,estimated,453,51
tutududu,173,60,79,limp,0.05,0.0,0.1,estimated,512,51
tutududu,173,60,79,aggression,0.55,0.0,1.0,estimated,236,48
tutududu,173,60,79,cbet,0.7000000000000001,0.55,0.9,estimated,58,34
tutududu,173,60,79,bluff,0.4,0.2,0.7762499999999989,estimated,236,48
tutududu,173,60,79,stickiness,0.41000000000000003,0.41000000000000003,1.0,estimated,92,41
tutududu,173,60,79,size,0.5800000000000001,0.445,0.5800000000000001,estimated,77,32
tutududu,173,60,79,adaptive,0.0,0.0,0.0,model_comparison_only,328,48
tutududu,173,80,99,vpip,0.18,0.18,0.18,grid_limited,494,51
tutududu,173,80,99,pfr,0.18,0.18,0.18,grid_limited,497,51
tutududu,173,80,99,threebet,0.04,0.04,0.05,estimated,480,51
tutududu,173,80,99,limp,0.0,0.0,0.05,estimated,497,51
tutududu,173,80,99,aggression,0.9,0.5975000000000007,1.0,estimated,220,44
tutududu,173,80,99,cbet,0.7000000000000001,0.45,0.8762499999999989,estimated,44,29
tutududu,173,80,99,bluff,0.35000000000000003,0.17375000000000035,0.5762499999999989,estimated,220,44
tutududu,173,80,99,stickiness,0.8300000000000001,0.67,0.93,estimated,81,37
tutududu,173,80,99,size,0.445,0.44,0.5800000000000001,estimated,75,34
tutududu,173,80,99,adaptive,0.0,0.0,1.0,model_comparison_only,301,46
wicked wings combo,175,0,19,vpip,0.8300000000000001,0.76,0.8300000000000001,estimated,77,7
wicked wings combo,175,0,19,pfr,0.8300000000000001,0.76,0.8300000000000001,estimated,78,7
wicked wings combo,175,0,19,threebet,0.03,0.03,0.05,estimated,43,7
wicked wings combo,175,0,19,limp,0.1,0.05,0.15000000000000002,estimated,78,7
wicked wings combo,175,0,19,aggression,0.7000000000000001,0.0,0.7000000000000001,estimated,124,7
wicked wings combo,175,0,19,cbet,0.55,0.35000000000000003,0.8262499999999989,insufficient_data,14,6
wicked wings combo,175,0,19,bluff,0.2,0.0,0.45,estimated,124,7
wicked wings combo,175,0,19,stickiness,0.26,0.0,0.36,estimated,28,7
wicked wings combo,175,0,19,size,0.655,0.635,0.6902499999999998,estimated,33,7
wicked wings combo,175,0,19,adaptive,0.0,0.0,0.0,model_comparison_only,152,7
wicked wings combo,175,20,39,vpip,0.84,0.8200000000000001,0.84,estimated,82,7
wicked wings combo,175,20,39,pfr,0.84,0.8200000000000001,0.84,estimated,83,7
wicked wings combo,175,20,39,threebet,0.03,0.03,0.06524999999999978,estimated,38,7
wicked wings combo,175,20,39,limp,0.1,0.05,0.15000000000000002,estimated,83,7
wicked wings combo,175,20,39,aggression,0.2,0.15000000000000002,0.55,estimated,85,7
wicked wings combo,175,20,39,cbet,0.8500000000000001,0.37375000000000036,1.0,insufficient_data,12,7
wicked wings combo,175,20,39,bluff,0.2,0.0,0.35000000000000003,estimated,85,7
wicked wings combo,175,20,39,stickiness,0.61,0.02,0.61,estimated,35,7
wicked wings combo,175,20,39,size,0.97,0.65,1.1278749999999997,estimated,25,7
wicked wings combo,175,20,39,adaptive,0.0,0.0,1.0,model_comparison_only,120,7
wicked wings combo,175,40,59,vpip,0.92,0.77,0.92,estimated,77,7
wicked wings combo,175,40,59,pfr,0.92,0.77,0.92,estimated,78,7
wicked wings combo,175,40,59,threebet,0.07,0.04,0.13,estimated,45,7
wicked wings combo,175,40,59,limp,0.1,0.05,0.2,estimated,78,7
wicked wings combo,175,40,59,aggression,0.05,0.0,0.5262499999999989,estimated,91,7
wicked wings combo,175,40,59,cbet,0.8500000000000001,0.7000000000000001,1.0,insufficient_data,16,5
wicked wings combo,175,40,59,bluff,0.05,0.0,0.15000000000000002,estimated,91,7
wicked wings combo,175,40,59,stickiness,0.2,0.17,0.3,estimated,42,7
wicked wings combo,175,40,59,size,0.65,0.64,0.655,insufficient_data,9,5
wicked wings combo,175,40,59,adaptive,0.0,0.0,1.0,model_comparison_only,133,7
wicked wings combo,175,60,79,vpip,0.84,0.61,0.9,estimated,77,7
wicked wings combo,175,60,79,pfr,0.84,0.61,0.9,estimated,78,7
wicked wings combo,175,60,79,threebet,0.07,0.07,0.07,grid_limited,40,7
wicked wings combo,175,60,79,limp,0.1,0.0,0.15000000000000002,estimated,78,7
wicked wings combo,175,60,79,aggression,0.7000000000000001,0.0,0.7000000000000001,estimated,103,7
wicked wings combo,175,60,79,cbet,0.30000000000000004,0.0,0.7000000000000001,insufficient_data,15,6
wicked wings combo,175,60,79,bluff,0.15000000000000002,0.0,0.5,estimated,103,7
wicked wings combo,175,60,79,stickiness,0.36,0.1,0.43,estimated,31,7
wicked wings combo,175,60,79,size,0.65,0.635,0.655,estimated,25,7
wicked wings combo,175,60,79,adaptive,0.0,0.0,0.0,model_comparison_only,134,7
wicked wings combo,175,80,99,vpip,0.87,0.8300000000000001,0.9500000000000001,estimated,83,7
wicked wings combo,175,80,99,pfr,0.87,0.8300000000000001,0.9500000000000001,estimated,84,7
wicked wings combo,175,80,99,threebet,0.07,0.05,0.07,estimated,36,7
wicked wings combo,175,80,99,limp,0.05,0.0,0.15000000000000002,estimated,84,7
wicked wings combo,175,80,99,aggression,0.2,0.0,0.55,estimated,77,7
wicked wings combo,175,80,99,cbet,0.4,0.05,0.75,insufficient_data,13,6
wicked wings combo,175,80,99,bluff,0.30000000000000004,0.05,0.45,estimated,77,7
wicked wings combo,175,80,99,stickiness,0.29,0.21,0.3719999999999982,estimated,39,7
wicked wings combo,175,80,99,size,0.655,0.635,0.895,insufficient_data,13,7
wicked wings combo,175,80,99,adaptive,0.0,0.0,0.0,model_comparison_only,116,7
yep,178,0,19,vpip,0.11,0.11,0.19,estimated,84,8
yep,178,0,19,pfr,0.11,0.11,0.18,estimated,87,8
yep,178,0,19,threebet,0.07,0.07,0.07,grid_limited,69,8
yep,178,0,19,limp,0.0,0.0,0.15000000000000002,estimated,87,8
yep,178,0,19,aggression,0.55,0.0,0.6000000000000001,estimated,21,6
yep,178,0,19,cbet,0.65,0.45,1.0,insufficient_data,8,4
yep,178,0,19,bluff,0.1,0.0,0.65,weakly_identified,21,6
yep,178,0,19,stickiness,0.45,0.45,0.87,insufficient_data,13,5
yep,178,0,19,size,0.765,0.66,0.765,insufficient_data,2,2
yep,178,0,19,adaptive,0.0,0.0,1.0,model_comparison_only,34,7
yep,178,20,39,vpip,0.23,0.17,0.23,estimated,81,8
yep,178,20,39,pfr,0.23,0.17,0.23,estimated,81,8
yep,178,20,39,threebet,0.06,0.06,0.07,estimated,72,8
yep,178,20,39,limp,0.15000000000000002,0.0,0.25,estimated,81,8
yep,178,20,39,aggression,0.55,0.0,0.6000000000000001,estimated,28,8
yep,178,20,39,cbet,0.65,0.32375000000000037,1.0,insufficient_data,7,4
yep,178,20,39,bluff,0.1,0.0,0.8500000000000001,weakly_identified,28,8
yep,178,20,39,stickiness,0.24,0.24,0.84,insufficient_data,12,6
yep,178,20,39,size,0.77,0.76,0.805,insufficient_data,8,6
yep,178,20,39,adaptive,0.0,0.0,0.0,model_comparison_only,40,8
yep,178,40,59,vpip,0.11,0.11,0.29,estimated,82,8
yep,178,40,59,pfr,0.11,0.11,0.29,estimated,84,8
yep,178,40,59,threebet,0.05,0.05,0.07,estimated,67,8
yep,178,40,59,limp,0.0,0.0,0.35000000000000003,estimated,84,8
yep,178,40,59,aggression,0.5,0.5,0.6000000000000001,weakly_identified,21,6
yep,178,40,59,cbet,1.0,0.65,1.0,insufficient_data,6,4
yep,178,40,59,bluff,1.0,0.65,1.0,estimated,21,6
yep,178,40,59,stickiness,0.67,0.45,0.67,insufficient_data,15,6
yep,178,40,59,size,0.595,0.5900000000000001,1.5,insufficient_data,11,5
yep,178,40,59,adaptive,0.0,0.0,0.0,model_comparison_only,36,6
yep,178,60,79,vpip,0.22,0.13,0.22,estimated,82,8
yep,178,60,79,pfr,0.22,0.13,0.22,estimated,82,8
yep,178,60,79,threebet,0.05,0.05,0.06,estimated,70,8
yep,178,60,79,limp,0.1,0.0,0.15000000000000002,estimated,82,8
yep,178,60,79,aggression,0.55,0.2,1.0,weakly_identified,30,7
yep,178,60,79,cbet,0.75,0.1,1.0,insufficient_data,11,5
yep,178,60,79,bluff,0.5,0.0,1.0,weakly_identified,30,7
yep,178,60,79,stickiness,0.45,0.45,0.84,insufficient_data,18,6
yep,178,60,79,size,0.61,0.595,0.765,insufficient_data,12,7
yep,178,60,79,adaptive,0.0,0.0,1.0,model_comparison_only,48,7
yep,178,80,99,vpip,0.23,0.11,0.23,estimated,83,8
yep,178,80,99,pfr,0.23,0.11,0.23,estimated,87,8
yep,178,80,99,threebet,0.06,0.06,0.07,estimated,63,8
yep,178,80,99,limp,0.2,0.0,0.30000000000000004,estimated,87,8
yep,178,80,99,aggression,0.55,0.0,0.6000000000000001,weakly_identified,31,7
yep,178,80,99,cbet,0.45,0.02375000000000034,1.0,insufficient_data,8,5
yep,178,80,99,bluff,0.15000000000000002,0.0,0.55,weakly_identified,31,7
yep,178,80,99,stickiness,0.0,0.0,0.67,insufficient_data,14,8
yep,178,80,99,size,0.61,0.52,1.305,insufficient_data,6,5
yep,178,80,99,adaptive,0.0,0.0,0.0,model_comparison_only,45,8
zinger box,179,0,19,vpip,0.38,0.32,0.38524999999999976,estimated,522,54
zinger box,179,0,19,pfr,0.38,0.32,0.38524999999999976,estimated,525,54
zinger box,179,0,19,threebet,0.04,0.04,0.04,grid_limited,512,54
zinger box,179,0,19,limp,0.15000000000000002,0.05,0.2,estimated,525,54
zinger box,179,0,19,aggression,0.7000000000000001,0.2,0.7000000000000001,estimated,419,54
zinger box,179,0,19,cbet,0.4,0.25,0.55,estimated,74,44
zinger box,179,0,19,bluff,0.0,0.0,0.2,estimated,419,54
zinger box,179,0,19,stickiness,0.27,0.11,0.48,estimated,321,54
zinger box,179,0,19,size,0.645,0.635,0.755,estimated,81,38
zinger box,179,0,19,adaptive,0.0,0.0,1.0,model_comparison_only,740,54
zinger box,179,20,39,vpip,0.38,0.32,0.39,estimated,520,54
zinger box,179,20,39,pfr,0.38,0.32,0.39,estimated,521,54
zinger box,179,20,39,threebet,0.03,0.01,0.05,estimated,506,54
zinger box,179,20,39,limp,0.15000000000000002,0.1,0.2,estimated,521,54
zinger box,179,20,39,aggression,0.55,0.0,0.7000000000000001,estimated,430,54
zinger box,179,20,39,cbet,0.55,0.45,0.8,estimated,77,38
zinger box,179,20,39,bluff,0.0,0.0,0.2762499999999989,estimated,430,54
zinger box,179,20,39,stickiness,0.59,0.08,0.6,estimated,328,54
zinger box,179,20,39,size,0.64,0.63,0.665,estimated,70,32
zinger box,179,20,39,adaptive,1.0,0.0,1.0,model_comparison_only,758,54
zinger box,179,40,59,vpip,0.38,0.33,0.39,estimated,546,54
zinger box,179,40,59,pfr,0.38,0.33,0.39,estimated,548,54
zinger box,179,40,59,threebet,0.03,0.03,0.04,estimated,468,54
zinger box,179,40,59,limp,0.15000000000000002,0.1,0.2,estimated,548,54
zinger box,179,40,59,aggression,0.55,0.0,0.7000000000000001,estimated,409,54
zinger box,179,40,59,cbet,0.45,0.25,0.6000000000000001,estimated,75,41
zinger box,179,40,59,bluff,0.05,0.0,0.25,estimated,409,54
zinger box,179,40,59,stickiness,0.25,0.04,0.47000000000000003,estimated,344,54
zinger box,179,40,59,size,0.65,0.64,1.175,estimated,72,37
zinger box,179,40,59,adaptive,0.0,0.0,1.0,model_comparison_only,753,54
zinger box,179,60,79,vpip,0.38,0.36,0.39,estimated,542,54
zinger box,179,60,79,pfr,0.38,0.36,0.39,estimated,546,54
zinger box,179,60,79,threebet,0.04,0.02,0.06,estimated,477,54
zinger box,179,60,79,limp,0.15000000000000002,0.1,0.2,estimated,546,54
zinger box,179,60,79,aggression,0.0,0.0,0.55,estimated,421,54
zinger box,179,60,79,cbet,0.55,0.30000000000000004,0.65,estimated,69,39
zinger box,179,60,79,bluff,0.15000000000000002,0.0,0.2,estimated,421,54
zinger box,179,60,79,stickiness,0.43,0.18,0.7000000000000001,estimated,345,54
zinger box,179,60,79,size,0.645,0.635,0.6699999999999999,estimated,60,32
zinger box,179,60,79,adaptive,0.0,0.0,1.0,model_comparison_only,766,54
zinger box,179,80,99,vpip,0.38,0.35475000000000007,0.48,estimated,554,54
zinger box,179,80,99,pfr,0.38,0.35475000000000007,0.48,estimated,555,54
zinger box,179,80,99,threebet,0.03,0.02,0.04,estimated,457,54
zinger box,179,80,99,limp,0.15000000000000002,0.1,0.25,estimated,555,54
zinger box,179,80,99,aggression,0.55,0.2,0.7000000000000001,estimated,395,54
zinger box,179,80,99,cbet,0.55,0.4,0.7000000000000001,estimated,87,38
zinger box,179,80,99,bluff,0.0,0.0,0.2,estimated,395,54
zinger box,179,80,99,stickiness,0.43,0.02,0.46,estimated,339,53
zinger box,179,80,99,size,0.645,0.635,0.6699999999999999,estimated,63,33
zinger box,179,80,99,adaptive,0.0,0.0,1.0,model_comparison_only,734,54
